[0.116s] DEBUG:colcon:Command line arguments: ['/usr/bin/colcon', 'build']
[0.116s] DEBUG:colcon:Parsed command line arguments: Namespace(log_base=None, log_level=None, verb_name='build', build_base='build', install_base='install', merge_install=False, symlink_install=False, test_result_base=None, continue_on_error=False, executor='parallel', parallel_workers=8, event_handlers=None, ignore_user_meta=False, metas=['./colcon.meta'], base_paths=['.'], packages_ignore=None, packages_ignore_regex=None, paths=None, packages_up_to=None, packages_up_to_regex=None, packages_above=None, packages_above_and_dependencies=None, packages_above_depth=None, packages_select_by_dep=None, packages_skip_by_dep=None, packages_skip_up_to=None, packages_select_build_failed=False, packages_skip_build_finished=False, packages_select_test_failures=False, packages_skip_test_passed=False, packages_select=None, packages_skip=None, packages_select_regex=None, packages_skip_regex=None, packages_start=None, packages_end=None, allow_overriding=[], cmake_args=None, cmake_target=None, cmake_target_skip_unavailable=False, cmake_clean_cache=False, cmake_clean_first=False, cmake_force_configure=False, ament_cmake_args=None, catkin_cmake_args=None, catkin_skip_building_tests=False, verb_parser=<colcon_defaults.argument_parser.defaults.DefaultArgumentsDecorator object at 0x7e49e5523bb0>, verb_extension=<colcon_core.verb.build.BuildVerb object at 0x7e49e5655240>, main=<bound method BuildVerb.main of <colcon_core.verb.build.BuildVerb object at 0x7e49e5655240>>)
[0.301s] Level 1:colcon.colcon_core.package_discovery:discover_packages(colcon_meta) check parameters
[0.302s] Level 1:colcon.colcon_core.package_discovery:discover_packages(recursive) check parameters
[0.302s] Level 1:colcon.colcon_core.package_discovery:discover_packages(ignore) check parameters
[0.302s] Level 1:colcon.colcon_core.package_discovery:discover_packages(path) check parameters
[0.302s] Level 1:colcon.colcon_core.package_discovery:discover_packages(colcon_meta) discover
[0.302s] Level 1:colcon.colcon_core.package_discovery:discover_packages(recursive) discover
[0.302s] INFO:colcon.colcon_core.package_discovery:Crawling recursively for packages in '/home/zheng/carerobot_slam_ros2'
[0.302s] Level 1:colcon.colcon_core.package_identification:_identify(.) by extensions ['ignore', 'ignore_ament_install']
[0.302s] Level 1:colcon.colcon_core.package_identification:_identify(.) by extension 'ignore'
[0.302s] Level 1:colcon.colcon_core.package_identification:_identify(.) by extension 'ignore_ament_install'
[0.302s] Level 1:colcon.colcon_core.package_identification:_identify(.) by extensions ['colcon_pkg']
[0.302s] Level 1:colcon.colcon_core.package_identification:_identify(.) by extension 'colcon_pkg'
[0.302s] Level 1:colcon.colcon_core.package_identification:_identify(.) by extensions ['colcon_meta']
[0.303s] Level 1:colcon.colcon_core.package_identification:_identify(.) by extension 'colcon_meta'
[0.303s] Level 1:colcon.colcon_core.package_identification:_identify(.) by extensions ['ros']
[0.303s] Level 1:colcon.colcon_core.package_identification:_identify(.) by extension 'ros'
[0.314s] Level 1:colcon.colcon_core.package_identification:_identify(.) by extensions ['cmake', 'python']
[0.314s] Level 1:colcon.colcon_core.package_identification:_identify(.) by extension 'cmake'
[0.314s] Level 1:colcon.colcon_core.package_identification:_identify(.) by extension 'python'
[0.314s] Level 1:colcon.colcon_core.package_identification:_identify(.) by extensions ['python_setup_py']
[0.314s] Level 1:colcon.colcon_core.package_identification:_identify(.) by extension 'python_setup_py'
[0.315s] Level 1:colcon.colcon_core.package_identification:_identify(__pycache__) by extensions ['ignore', 'ignore_ament_install']
[0.315s] Level 1:colcon.colcon_core.package_identification:_identify(__pycache__) by extension 'ignore'
[0.315s] Level 1:colcon.colcon_core.package_identification:_identify(__pycache__) by extension 'ignore_ament_install'
[0.315s] Level 1:colcon.colcon_core.package_identification:_identify(__pycache__) by extensions ['colcon_pkg']
[0.315s] Level 1:colcon.colcon_core.package_identification:_identify(__pycache__) by extension 'colcon_pkg'
[0.315s] Level 1:colcon.colcon_core.package_identification:_identify(__pycache__) by extensions ['colcon_meta']
[0.315s] Level 1:colcon.colcon_core.package_identification:_identify(__pycache__) by extension 'colcon_meta'
[0.315s] Level 1:colcon.colcon_core.package_identification:_identify(__pycache__) by extensions ['ros']
[0.315s] Level 1:colcon.colcon_core.package_identification:_identify(__pycache__) by extension 'ros'
[0.315s] Level 1:colcon.colcon_core.package_identification:_identify(__pycache__) by extensions ['cmake', 'python']
[0.315s] Level 1:colcon.colcon_core.package_identification:_identify(__pycache__) by extension 'cmake'
[0.315s] Level 1:colcon.colcon_core.package_identification:_identify(__pycache__) by extension 'python'
[0.316s] Level 1:colcon.colcon_core.package_identification:_identify(__pycache__) by extensions ['python_setup_py']
[0.316s] Level 1:colcon.colcon_core.package_identification:_identify(__pycache__) by extension 'python_setup_py'
[0.316s] Level 1:colcon.colcon_core.package_identification:_identify(build) by extensions ['ignore', 'ignore_ament_install']
[0.316s] Level 1:colcon.colcon_core.package_identification:_identify(build) by extension 'ignore'
[0.316s] Level 1:colcon.colcon_core.package_identification:_identify(build) ignored
[0.316s] Level 1:colcon.colcon_core.package_identification:_identify(install) by extensions ['ignore', 'ignore_ament_install']
[0.316s] Level 1:colcon.colcon_core.package_identification:_identify(install) by extension 'ignore'
[0.317s] Level 1:colcon.colcon_core.package_identification:_identify(install) ignored
[0.317s] Level 1:colcon.colcon_core.package_identification:_identify(log) by extensions ['ignore', 'ignore_ament_install']
[0.317s] Level 1:colcon.colcon_core.package_identification:_identify(log) by extension 'ignore'
[0.317s] Level 1:colcon.colcon_core.package_identification:_identify(log) ignored
[0.317s] Level 1:colcon.colcon_core.package_identification:_identify(src) by extensions ['ignore', 'ignore_ament_install']
[0.317s] Level 1:colcon.colcon_core.package_identification:_identify(src) by extension 'ignore'
[0.317s] Level 1:colcon.colcon_core.package_identification:_identify(src) by extension 'ignore_ament_install'
[0.317s] Level 1:colcon.colcon_core.package_identification:_identify(src) by extensions ['colcon_pkg']
[0.317s] Level 1:colcon.colcon_core.package_identification:_identify(src) by extension 'colcon_pkg'
[0.317s] Level 1:colcon.colcon_core.package_identification:_identify(src) by extensions ['colcon_meta']
[0.318s] Level 1:colcon.colcon_core.package_identification:_identify(src) by extension 'colcon_meta'
[0.318s] Level 1:colcon.colcon_core.package_identification:_identify(src) by extensions ['ros']
[0.318s] Level 1:colcon.colcon_core.package_identification:_identify(src) by extension 'ros'
[0.318s] Level 1:colcon.colcon_core.package_identification:_identify(src) by extensions ['cmake', 'python']
[0.318s] Level 1:colcon.colcon_core.package_identification:_identify(src) by extension 'cmake'
[0.318s] Level 1:colcon.colcon_core.package_identification:_identify(src) by extension 'python'
[0.318s] Level 1:colcon.colcon_core.package_identification:_identify(src) by extensions ['python_setup_py']
[0.318s] Level 1:colcon.colcon_core.package_identification:_identify(src) by extension 'python_setup_py'
[0.318s] Level 1:colcon.colcon_core.package_identification:_identify(src/diff_drive_gazebo) by extensions ['ignore', 'ignore_ament_install']
[0.318s] Level 1:colcon.colcon_core.package_identification:_identify(src/diff_drive_gazebo) by extension 'ignore'
[0.318s] Level 1:colcon.colcon_core.package_identification:_identify(src/diff_drive_gazebo) by extension 'ignore_ament_install'
[0.318s] Level 1:colcon.colcon_core.package_identification:_identify(src/diff_drive_gazebo) by extensions ['colcon_pkg']
[0.318s] Level 1:colcon.colcon_core.package_identification:_identify(src/diff_drive_gazebo) by extension 'colcon_pkg'
[0.318s] Level 1:colcon.colcon_core.package_identification:_identify(src/diff_drive_gazebo) by extensions ['colcon_meta']
[0.319s] Level 1:colcon.colcon_core.package_identification:_identify(src/diff_drive_gazebo) by extension 'colcon_meta'
[0.319s] Level 1:colcon.colcon_core.package_identification:_identify(src/diff_drive_gazebo) by extensions ['ros']
[0.319s] Level 1:colcon.colcon_core.package_identification:_identify(src/diff_drive_gazebo) by extension 'ros'
[0.323s] DEBUG:colcon.colcon_core.package_identification:Package 'src/diff_drive_gazebo' with type 'ros.ament_cmake' and name 'diff_drive_gazebo'
[0.323s] Level 1:colcon.colcon_core.package_identification:_identify(src/keyboard_control) by extensions ['ignore', 'ignore_ament_install']
[0.323s] Level 1:colcon.colcon_core.package_identification:_identify(src/keyboard_control) by extension 'ignore'
[0.323s] Level 1:colcon.colcon_core.package_identification:_identify(src/keyboard_control) by extension 'ignore_ament_install'
[0.323s] Level 1:colcon.colcon_core.package_identification:_identify(src/keyboard_control) by extensions ['colcon_pkg']
[0.323s] Level 1:colcon.colcon_core.package_identification:_identify(src/keyboard_control) by extension 'colcon_pkg'
[0.323s] Level 1:colcon.colcon_core.package_identification:_identify(src/keyboard_control) by extensions ['colcon_meta']
[0.323s] Level 1:colcon.colcon_core.package_identification:_identify(src/keyboard_control) by extension 'colcon_meta'
[0.323s] Level 1:colcon.colcon_core.package_identification:_identify(src/keyboard_control) by extensions ['ros']
[0.323s] Level 1:colcon.colcon_core.package_identification:_identify(src/keyboard_control) by extension 'ros'
[0.324s] DEBUG:colcon.colcon_core.package_identification:Package 'src/keyboard_control' with type 'ros.ament_cmake' and name 'keyboard_control'
[0.324s] Level 1:colcon.colcon_core.package_identification:_identify(src/openslam_gmapping) by extensions ['ignore', 'ignore_ament_install']
[0.324s] Level 1:colcon.colcon_core.package_identification:_identify(src/openslam_gmapping) by extension 'ignore'
[0.324s] Level 1:colcon.colcon_core.package_identification:_identify(src/openslam_gmapping) by extension 'ignore_ament_install'
[0.324s] Level 1:colcon.colcon_core.package_identification:_identify(src/openslam_gmapping) by extensions ['colcon_pkg']
[0.324s] Level 1:colcon.colcon_core.package_identification:_identify(src/openslam_gmapping) by extension 'colcon_pkg'
[0.325s] Level 1:colcon.colcon_core.package_identification:_identify(src/openslam_gmapping) by extensions ['colcon_meta']
[0.325s] Level 1:colcon.colcon_core.package_identification:_identify(src/openslam_gmapping) by extension 'colcon_meta'
[0.325s] Level 1:colcon.colcon_core.package_identification:_identify(src/openslam_gmapping) by extensions ['ros']
[0.325s] Level 1:colcon.colcon_core.package_identification:_identify(src/openslam_gmapping) by extension 'ros'
[0.326s] DEBUG:colcon.colcon_core.package_identification:Package 'src/openslam_gmapping' with type 'ros.ament_cmake' and name 'openslam_gmapping'
[0.326s] Level 1:colcon.colcon_core.package_identification:_identify(src/robot_communication) by extensions ['ignore', 'ignore_ament_install']
[0.326s] Level 1:colcon.colcon_core.package_identification:_identify(src/robot_communication) by extension 'ignore'
[0.326s] Level 1:colcon.colcon_core.package_identification:_identify(src/robot_communication) by extension 'ignore_ament_install'
[0.326s] Level 1:colcon.colcon_core.package_identification:_identify(src/robot_communication) by extensions ['colcon_pkg']
[0.326s] Level 1:colcon.colcon_core.package_identification:_identify(src/robot_communication) by extension 'colcon_pkg'
[0.326s] Level 1:colcon.colcon_core.package_identification:_identify(src/robot_communication) by extensions ['colcon_meta']
[0.326s] Level 1:colcon.colcon_core.package_identification:_identify(src/robot_communication) by extension 'colcon_meta'
[0.326s] Level 1:colcon.colcon_core.package_identification:_identify(src/robot_communication) by extensions ['ros']
[0.326s] Level 1:colcon.colcon_core.package_identification:_identify(src/robot_communication) by extension 'ros'
[0.328s] DEBUG:colcon.colcon_core.package_identification:Package 'src/robot_communication' with type 'ros.ament_cmake' and name 'robot_communication'
[0.328s] Level 1:colcon.colcon_core.package_identification:_identify(src/robot_costmap) by extensions ['ignore', 'ignore_ament_install']
[0.328s] Level 1:colcon.colcon_core.package_identification:_identify(src/robot_costmap) by extension 'ignore'
[0.329s] Level 1:colcon.colcon_core.package_identification:_identify(src/robot_costmap) by extension 'ignore_ament_install'
[0.329s] Level 1:colcon.colcon_core.package_identification:_identify(src/robot_costmap) by extensions ['colcon_pkg']
[0.329s] Level 1:colcon.colcon_core.package_identification:_identify(src/robot_costmap) by extension 'colcon_pkg'
[0.329s] Level 1:colcon.colcon_core.package_identification:_identify(src/robot_costmap) by extensions ['colcon_meta']
[0.329s] Level 1:colcon.colcon_core.package_identification:_identify(src/robot_costmap) by extension 'colcon_meta'
[0.329s] Level 1:colcon.colcon_core.package_identification:_identify(src/robot_costmap) by extensions ['ros']
[0.329s] Level 1:colcon.colcon_core.package_identification:_identify(src/robot_costmap) by extension 'ros'
[0.331s] DEBUG:colcon.colcon_core.package_identification:Package 'src/robot_costmap' with type 'ros.ament_cmake' and name 'robot_costmap'
[0.331s] Level 1:colcon.colcon_core.package_identification:_identify(src/robot_navigation) by extensions ['ignore', 'ignore_ament_install']
[0.332s] Level 1:colcon.colcon_core.package_identification:_identify(src/robot_navigation) by extension 'ignore'
[0.332s] Level 1:colcon.colcon_core.package_identification:_identify(src/robot_navigation) by extension 'ignore_ament_install'
[0.332s] Level 1:colcon.colcon_core.package_identification:_identify(src/robot_navigation) by extensions ['colcon_pkg']
[0.332s] Level 1:colcon.colcon_core.package_identification:_identify(src/robot_navigation) by extension 'colcon_pkg'
[0.332s] Level 1:colcon.colcon_core.package_identification:_identify(src/robot_navigation) by extensions ['colcon_meta']
[0.332s] Level 1:colcon.colcon_core.package_identification:_identify(src/robot_navigation) by extension 'colcon_meta'
[0.332s] Level 1:colcon.colcon_core.package_identification:_identify(src/robot_navigation) by extensions ['ros']
[0.332s] Level 1:colcon.colcon_core.package_identification:_identify(src/robot_navigation) by extension 'ros'
[0.335s] DEBUG:colcon.colcon_core.package_identification:Package 'src/robot_navigation' with type 'ros.ament_cmake' and name 'robot_navigation'
[0.335s] Level 1:colcon.colcon_core.package_identification:_identify(src/robot_pid_local_planner) by extensions ['ignore', 'ignore_ament_install']
[0.335s] Level 1:colcon.colcon_core.package_identification:_identify(src/robot_pid_local_planner) by extension 'ignore'
[0.336s] Level 1:colcon.colcon_core.package_identification:_identify(src/robot_pid_local_planner) by extension 'ignore_ament_install'
[0.336s] Level 1:colcon.colcon_core.package_identification:_identify(src/robot_pid_local_planner) by extensions ['colcon_pkg']
[0.336s] Level 1:colcon.colcon_core.package_identification:_identify(src/robot_pid_local_planner) by extension 'colcon_pkg'
[0.336s] Level 1:colcon.colcon_core.package_identification:_identify(src/robot_pid_local_planner) by extensions ['colcon_meta']
[0.336s] Level 1:colcon.colcon_core.package_identification:_identify(src/robot_pid_local_planner) by extension 'colcon_meta'
[0.336s] Level 1:colcon.colcon_core.package_identification:_identify(src/robot_pid_local_planner) by extensions ['ros']
[0.336s] Level 1:colcon.colcon_core.package_identification:_identify(src/robot_pid_local_planner) by extension 'ros'
[0.338s] DEBUG:colcon.colcon_core.package_identification:Package 'src/robot_pid_local_planner' with type 'ros.ament_cmake' and name 'robot_pid_local_planner'
[0.338s] Level 1:colcon.colcon_core.package_identification:_identify(src/slam_gmapping) by extensions ['ignore', 'ignore_ament_install']
[0.338s] Level 1:colcon.colcon_core.package_identification:_identify(src/slam_gmapping) by extension 'ignore'
[0.338s] Level 1:colcon.colcon_core.package_identification:_identify(src/slam_gmapping) by extension 'ignore_ament_install'
[0.338s] Level 1:colcon.colcon_core.package_identification:_identify(src/slam_gmapping) by extensions ['colcon_pkg']
[0.338s] Level 1:colcon.colcon_core.package_identification:_identify(src/slam_gmapping) by extension 'colcon_pkg'
[0.338s] Level 1:colcon.colcon_core.package_identification:_identify(src/slam_gmapping) by extensions ['colcon_meta']
[0.338s] Level 1:colcon.colcon_core.package_identification:_identify(src/slam_gmapping) by extension 'colcon_meta'
[0.338s] Level 1:colcon.colcon_core.package_identification:_identify(src/slam_gmapping) by extensions ['ros']
[0.338s] Level 1:colcon.colcon_core.package_identification:_identify(src/slam_gmapping) by extension 'ros'
[0.340s] DEBUG:colcon.colcon_core.package_identification:Package 'src/slam_gmapping' with type 'ros.ament_cmake' and name 'slam_gmapping'
[0.340s] Level 1:colcon.colcon_core.package_discovery:discover_packages(recursive) using defaults
[0.340s] Level 1:colcon.colcon_core.package_discovery:discover_packages(ignore) discover
[0.340s] Level 1:colcon.colcon_core.package_discovery:discover_packages(ignore) using defaults
[0.340s] Level 1:colcon.colcon_core.package_discovery:discover_packages(path) discover
[0.340s] Level 1:colcon.colcon_core.package_discovery:discover_packages(path) using defaults
[0.381s] Level 1:colcon.colcon_core.package_discovery:discover_packages(prefix_path) check parameters
[0.381s] Level 1:colcon.colcon_core.package_discovery:discover_packages(prefix_path) discover
[0.383s] DEBUG:colcon.colcon_installed_package_information.package_discovery:Found 8 installed packages in /home/zheng/carerobot_slam_ros2/install
[0.385s] DEBUG:colcon.colcon_installed_package_information.package_discovery:Found 329 installed packages in /opt/ros/humble
[0.387s] Level 1:colcon.colcon_core.package_discovery:discover_packages(prefix_path) using defaults
[0.442s] Level 5:colcon.colcon_core.verb:set package 'diff_drive_gazebo' build argument 'cmake_args' from command line to 'None'
[0.442s] Level 5:colcon.colcon_core.verb:set package 'diff_drive_gazebo' build argument 'cmake_target' from command line to 'None'
[0.442s] Level 5:colcon.colcon_core.verb:set package 'diff_drive_gazebo' build argument 'cmake_target_skip_unavailable' from command line to 'False'
[0.442s] Level 5:colcon.colcon_core.verb:set package 'diff_drive_gazebo' build argument 'cmake_clean_cache' from command line to 'False'
[0.442s] Level 5:colcon.colcon_core.verb:set package 'diff_drive_gazebo' build argument 'cmake_clean_first' from command line to 'False'
[0.442s] Level 5:colcon.colcon_core.verb:set package 'diff_drive_gazebo' build argument 'cmake_force_configure' from command line to 'False'
[0.442s] Level 5:colcon.colcon_core.verb:set package 'diff_drive_gazebo' build argument 'ament_cmake_args' from command line to 'None'
[0.442s] Level 5:colcon.colcon_core.verb:set package 'diff_drive_gazebo' build argument 'catkin_cmake_args' from command line to 'None'
[0.442s] Level 5:colcon.colcon_core.verb:set package 'diff_drive_gazebo' build argument 'catkin_skip_building_tests' from command line to 'False'
[0.442s] DEBUG:colcon.colcon_core.verb:Building package 'diff_drive_gazebo' with the following arguments: {'ament_cmake_args': None, 'build_base': '/home/zheng/carerobot_slam_ros2/build/diff_drive_gazebo', 'catkin_cmake_args': None, 'catkin_skip_building_tests': False, 'cmake_args': None, 'cmake_clean_cache': False, 'cmake_clean_first': False, 'cmake_force_configure': False, 'cmake_target': None, 'cmake_target_skip_unavailable': False, 'install_base': '/home/zheng/carerobot_slam_ros2/install/diff_drive_gazebo', 'merge_install': False, 'path': '/home/zheng/carerobot_slam_ros2/src/diff_drive_gazebo', 'symlink_install': False, 'test_result_base': None}
[0.442s] Level 5:colcon.colcon_core.verb:set package 'keyboard_control' build argument 'cmake_args' from command line to 'None'
[0.442s] Level 5:colcon.colcon_core.verb:set package 'keyboard_control' build argument 'cmake_target' from command line to 'None'
[0.442s] Level 5:colcon.colcon_core.verb:set package 'keyboard_control' build argument 'cmake_target_skip_unavailable' from command line to 'False'
[0.442s] Level 5:colcon.colcon_core.verb:set package 'keyboard_control' build argument 'cmake_clean_cache' from command line to 'False'
[0.442s] Level 5:colcon.colcon_core.verb:set package 'keyboard_control' build argument 'cmake_clean_first' from command line to 'False'
[0.442s] Level 5:colcon.colcon_core.verb:set package 'keyboard_control' build argument 'cmake_force_configure' from command line to 'False'
[0.443s] Level 5:colcon.colcon_core.verb:set package 'keyboard_control' build argument 'ament_cmake_args' from command line to 'None'
[0.443s] Level 5:colcon.colcon_core.verb:set package 'keyboard_control' build argument 'catkin_cmake_args' from command line to 'None'
[0.443s] Level 5:colcon.colcon_core.verb:set package 'keyboard_control' build argument 'catkin_skip_building_tests' from command line to 'False'
[0.443s] DEBUG:colcon.colcon_core.verb:Building package 'keyboard_control' with the following arguments: {'ament_cmake_args': None, 'build_base': '/home/zheng/carerobot_slam_ros2/build/keyboard_control', 'catkin_cmake_args': None, 'catkin_skip_building_tests': False, 'cmake_args': None, 'cmake_clean_cache': False, 'cmake_clean_first': False, 'cmake_force_configure': False, 'cmake_target': None, 'cmake_target_skip_unavailable': False, 'install_base': '/home/zheng/carerobot_slam_ros2/install/keyboard_control', 'merge_install': False, 'path': '/home/zheng/carerobot_slam_ros2/src/keyboard_control', 'symlink_install': False, 'test_result_base': None}
[0.443s] Level 5:colcon.colcon_core.verb:set package 'openslam_gmapping' build argument 'cmake_args' from command line to 'None'
[0.443s] Level 5:colcon.colcon_core.verb:set package 'openslam_gmapping' build argument 'cmake_target' from command line to 'None'
[0.443s] Level 5:colcon.colcon_core.verb:set package 'openslam_gmapping' build argument 'cmake_target_skip_unavailable' from command line to 'False'
[0.443s] Level 5:colcon.colcon_core.verb:set package 'openslam_gmapping' build argument 'cmake_clean_cache' from command line to 'False'
[0.443s] Level 5:colcon.colcon_core.verb:set package 'openslam_gmapping' build argument 'cmake_clean_first' from command line to 'False'
[0.443s] Level 5:colcon.colcon_core.verb:set package 'openslam_gmapping' build argument 'cmake_force_configure' from command line to 'False'
[0.443s] Level 5:colcon.colcon_core.verb:set package 'openslam_gmapping' build argument 'ament_cmake_args' from command line to 'None'
[0.443s] Level 5:colcon.colcon_core.verb:set package 'openslam_gmapping' build argument 'catkin_cmake_args' from command line to 'None'
[0.443s] Level 5:colcon.colcon_core.verb:set package 'openslam_gmapping' build argument 'catkin_skip_building_tests' from command line to 'False'
[0.443s] DEBUG:colcon.colcon_core.verb:Building package 'openslam_gmapping' with the following arguments: {'ament_cmake_args': None, 'build_base': '/home/zheng/carerobot_slam_ros2/build/openslam_gmapping', 'catkin_cmake_args': None, 'catkin_skip_building_tests': False, 'cmake_args': None, 'cmake_clean_cache': False, 'cmake_clean_first': False, 'cmake_force_configure': False, 'cmake_target': None, 'cmake_target_skip_unavailable': False, 'install_base': '/home/zheng/carerobot_slam_ros2/install/openslam_gmapping', 'merge_install': False, 'path': '/home/zheng/carerobot_slam_ros2/src/openslam_gmapping', 'symlink_install': False, 'test_result_base': None}
[0.443s] Level 5:colcon.colcon_core.verb:set package 'robot_communication' build argument 'cmake_args' from command line to 'None'
[0.443s] Level 5:colcon.colcon_core.verb:set package 'robot_communication' build argument 'cmake_target' from command line to 'None'
[0.444s] Level 5:colcon.colcon_core.verb:set package 'robot_communication' build argument 'cmake_target_skip_unavailable' from command line to 'False'
[0.444s] Level 5:colcon.colcon_core.verb:set package 'robot_communication' build argument 'cmake_clean_cache' from command line to 'False'
[0.444s] Level 5:colcon.colcon_core.verb:set package 'robot_communication' build argument 'cmake_clean_first' from command line to 'False'
[0.444s] Level 5:colcon.colcon_core.verb:set package 'robot_communication' build argument 'cmake_force_configure' from command line to 'False'
[0.444s] Level 5:colcon.colcon_core.verb:set package 'robot_communication' build argument 'ament_cmake_args' from command line to 'None'
[0.444s] Level 5:colcon.colcon_core.verb:set package 'robot_communication' build argument 'catkin_cmake_args' from command line to 'None'
[0.444s] Level 5:colcon.colcon_core.verb:set package 'robot_communication' build argument 'catkin_skip_building_tests' from command line to 'False'
[0.444s] DEBUG:colcon.colcon_core.verb:Building package 'robot_communication' with the following arguments: {'ament_cmake_args': None, 'build_base': '/home/zheng/carerobot_slam_ros2/build/robot_communication', 'catkin_cmake_args': None, 'catkin_skip_building_tests': False, 'cmake_args': None, 'cmake_clean_cache': False, 'cmake_clean_first': False, 'cmake_force_configure': False, 'cmake_target': None, 'cmake_target_skip_unavailable': False, 'install_base': '/home/zheng/carerobot_slam_ros2/install/robot_communication', 'merge_install': False, 'path': '/home/zheng/carerobot_slam_ros2/src/robot_communication', 'symlink_install': False, 'test_result_base': None}
[0.444s] Level 5:colcon.colcon_core.verb:set package 'robot_costmap' build argument 'cmake_args' from command line to 'None'
[0.444s] Level 5:colcon.colcon_core.verb:set package 'robot_costmap' build argument 'cmake_target' from command line to 'None'
[0.444s] Level 5:colcon.colcon_core.verb:set package 'robot_costmap' build argument 'cmake_target_skip_unavailable' from command line to 'False'
[0.444s] Level 5:colcon.colcon_core.verb:set package 'robot_costmap' build argument 'cmake_clean_cache' from command line to 'False'
[0.444s] Level 5:colcon.colcon_core.verb:set package 'robot_costmap' build argument 'cmake_clean_first' from command line to 'False'
[0.444s] Level 5:colcon.colcon_core.verb:set package 'robot_costmap' build argument 'cmake_force_configure' from command line to 'False'
[0.444s] Level 5:colcon.colcon_core.verb:set package 'robot_costmap' build argument 'ament_cmake_args' from command line to 'None'
[0.444s] Level 5:colcon.colcon_core.verb:set package 'robot_costmap' build argument 'catkin_cmake_args' from command line to 'None'
[0.444s] Level 5:colcon.colcon_core.verb:set package 'robot_costmap' build argument 'catkin_skip_building_tests' from command line to 'False'
[0.444s] DEBUG:colcon.colcon_core.verb:Building package 'robot_costmap' with the following arguments: {'ament_cmake_args': None, 'build_base': '/home/zheng/carerobot_slam_ros2/build/robot_costmap', 'catkin_cmake_args': None, 'catkin_skip_building_tests': False, 'cmake_args': None, 'cmake_clean_cache': False, 'cmake_clean_first': False, 'cmake_force_configure': False, 'cmake_target': None, 'cmake_target_skip_unavailable': False, 'install_base': '/home/zheng/carerobot_slam_ros2/install/robot_costmap', 'merge_install': False, 'path': '/home/zheng/carerobot_slam_ros2/src/robot_costmap', 'symlink_install': False, 'test_result_base': None}
[0.445s] Level 5:colcon.colcon_core.verb:set package 'robot_pid_local_planner' build argument 'cmake_args' from command line to 'None'
[0.445s] Level 5:colcon.colcon_core.verb:set package 'robot_pid_local_planner' build argument 'cmake_target' from command line to 'None'
[0.445s] Level 5:colcon.colcon_core.verb:set package 'robot_pid_local_planner' build argument 'cmake_target_skip_unavailable' from command line to 'False'
[0.445s] Level 5:colcon.colcon_core.verb:set package 'robot_pid_local_planner' build argument 'cmake_clean_cache' from command line to 'False'
[0.445s] Level 5:colcon.colcon_core.verb:set package 'robot_pid_local_planner' build argument 'cmake_clean_first' from command line to 'False'
[0.445s] Level 5:colcon.colcon_core.verb:set package 'robot_pid_local_planner' build argument 'cmake_force_configure' from command line to 'False'
[0.445s] Level 5:colcon.colcon_core.verb:set package 'robot_pid_local_planner' build argument 'ament_cmake_args' from command line to 'None'
[0.445s] Level 5:colcon.colcon_core.verb:set package 'robot_pid_local_planner' build argument 'catkin_cmake_args' from command line to 'None'
[0.445s] Level 5:colcon.colcon_core.verb:set package 'robot_pid_local_planner' build argument 'catkin_skip_building_tests' from command line to 'False'
[0.445s] DEBUG:colcon.colcon_core.verb:Building package 'robot_pid_local_planner' with the following arguments: {'ament_cmake_args': None, 'build_base': '/home/zheng/carerobot_slam_ros2/build/robot_pid_local_planner', 'catkin_cmake_args': None, 'catkin_skip_building_tests': False, 'cmake_args': None, 'cmake_clean_cache': False, 'cmake_clean_first': False, 'cmake_force_configure': False, 'cmake_target': None, 'cmake_target_skip_unavailable': False, 'install_base': '/home/zheng/carerobot_slam_ros2/install/robot_pid_local_planner', 'merge_install': False, 'path': '/home/zheng/carerobot_slam_ros2/src/robot_pid_local_planner', 'symlink_install': False, 'test_result_base': None}
[0.445s] Level 5:colcon.colcon_core.verb:set package 'slam_gmapping' build argument 'cmake_args' from command line to 'None'
[0.445s] Level 5:colcon.colcon_core.verb:set package 'slam_gmapping' build argument 'cmake_target' from command line to 'None'
[0.445s] Level 5:colcon.colcon_core.verb:set package 'slam_gmapping' build argument 'cmake_target_skip_unavailable' from command line to 'False'
[0.445s] Level 5:colcon.colcon_core.verb:set package 'slam_gmapping' build argument 'cmake_clean_cache' from command line to 'False'
[0.445s] Level 5:colcon.colcon_core.verb:set package 'slam_gmapping' build argument 'cmake_clean_first' from command line to 'False'
[0.445s] Level 5:colcon.colcon_core.verb:set package 'slam_gmapping' build argument 'cmake_force_configure' from command line to 'False'
[0.445s] Level 5:colcon.colcon_core.verb:set package 'slam_gmapping' build argument 'ament_cmake_args' from command line to 'None'
[0.445s] Level 5:colcon.colcon_core.verb:set package 'slam_gmapping' build argument 'catkin_cmake_args' from command line to 'None'
[0.445s] Level 5:colcon.colcon_core.verb:set package 'slam_gmapping' build argument 'catkin_skip_building_tests' from command line to 'False'
[0.445s] DEBUG:colcon.colcon_core.verb:Building package 'slam_gmapping' with the following arguments: {'ament_cmake_args': None, 'build_base': '/home/zheng/carerobot_slam_ros2/build/slam_gmapping', 'catkin_cmake_args': None, 'catkin_skip_building_tests': False, 'cmake_args': None, 'cmake_clean_cache': False, 'cmake_clean_first': False, 'cmake_force_configure': False, 'cmake_target': None, 'cmake_target_skip_unavailable': False, 'install_base': '/home/zheng/carerobot_slam_ros2/install/slam_gmapping', 'merge_install': False, 'path': '/home/zheng/carerobot_slam_ros2/src/slam_gmapping', 'symlink_install': False, 'test_result_base': None}
[0.446s] Level 5:colcon.colcon_core.verb:set package 'robot_navigation' build argument 'cmake_args' from command line to 'None'
[0.446s] Level 5:colcon.colcon_core.verb:set package 'robot_navigation' build argument 'cmake_target' from command line to 'None'
[0.446s] Level 5:colcon.colcon_core.verb:set package 'robot_navigation' build argument 'cmake_target_skip_unavailable' from command line to 'False'
[0.446s] Level 5:colcon.colcon_core.verb:set package 'robot_navigation' build argument 'cmake_clean_cache' from command line to 'False'
[0.446s] Level 5:colcon.colcon_core.verb:set package 'robot_navigation' build argument 'cmake_clean_first' from command line to 'False'
[0.446s] Level 5:colcon.colcon_core.verb:set package 'robot_navigation' build argument 'cmake_force_configure' from command line to 'False'
[0.446s] Level 5:colcon.colcon_core.verb:set package 'robot_navigation' build argument 'ament_cmake_args' from command line to 'None'
[0.446s] Level 5:colcon.colcon_core.verb:set package 'robot_navigation' build argument 'catkin_cmake_args' from command line to 'None'
[0.446s] Level 5:colcon.colcon_core.verb:set package 'robot_navigation' build argument 'catkin_skip_building_tests' from command line to 'False'
[0.446s] DEBUG:colcon.colcon_core.verb:Building package 'robot_navigation' with the following arguments: {'ament_cmake_args': None, 'build_base': '/home/zheng/carerobot_slam_ros2/build/robot_navigation', 'catkin_cmake_args': None, 'catkin_skip_building_tests': False, 'cmake_args': None, 'cmake_clean_cache': False, 'cmake_clean_first': False, 'cmake_force_configure': False, 'cmake_target': None, 'cmake_target_skip_unavailable': False, 'install_base': '/home/zheng/carerobot_slam_ros2/install/robot_navigation', 'merge_install': False, 'path': '/home/zheng/carerobot_slam_ros2/src/robot_navigation', 'symlink_install': False, 'test_result_base': None}
[0.446s] INFO:colcon.colcon_core.executor:Executing jobs using 'parallel' executor
[0.447s] DEBUG:colcon.colcon_parallel_executor.executor.parallel:run_until_complete
[0.447s] INFO:colcon.colcon_ros.task.ament_cmake.build:Building ROS package in '/home/zheng/carerobot_slam_ros2/src/robot_communication' with build type 'ament_cmake'
[0.447s] INFO:colcon.colcon_cmake.task.cmake.build:Building CMake package in '/home/zheng/carerobot_slam_ros2/src/robot_communication'
[0.451s] INFO:colcon.colcon_core.plugin_system:Skipping extension 'colcon_core.shell.bat': Not used on non-Windows systems
[0.451s] INFO:colcon.colcon_core.shell:Skip shell extension 'powershell' for command environment: Not usable outside of PowerShell
[0.451s] DEBUG:colcon.colcon_core.shell:Skip shell extension 'dsv' for command environment
[0.455s] INFO:colcon.colcon_ros.task.ament_cmake.build:Building ROS package in '/home/zheng/carerobot_slam_ros2/src/openslam_gmapping' with build type 'ament_cmake'
[0.455s] INFO:colcon.colcon_cmake.task.cmake.build:Building CMake package in '/home/zheng/carerobot_slam_ros2/src/openslam_gmapping'
[0.456s] INFO:colcon.colcon_core.shell:Skip shell extension 'powershell' for command environment: Not usable outside of PowerShell
[0.456s] DEBUG:colcon.colcon_core.shell:Skip shell extension 'dsv' for command environment
[0.460s] INFO:colcon.colcon_ros.task.ament_cmake.build:Building ROS package in '/home/zheng/carerobot_slam_ros2/src/diff_drive_gazebo' with build type 'ament_cmake'
[0.460s] INFO:colcon.colcon_cmake.task.cmake.build:Building CMake package in '/home/zheng/carerobot_slam_ros2/src/diff_drive_gazebo'
[0.460s] INFO:colcon.colcon_core.shell:Skip shell extension 'powershell' for command environment: Not usable outside of PowerShell
[0.460s] DEBUG:colcon.colcon_core.shell:Skip shell extension 'dsv' for command environment
[0.464s] INFO:colcon.colcon_ros.task.ament_cmake.build:Building ROS package in '/home/zheng/carerobot_slam_ros2/src/keyboard_control' with build type 'ament_cmake'
[0.464s] INFO:colcon.colcon_cmake.task.cmake.build:Building CMake package in '/home/zheng/carerobot_slam_ros2/src/keyboard_control'
[0.465s] INFO:colcon.colcon_core.shell:Skip shell extension 'powershell' for command environment: Not usable outside of PowerShell
[0.465s] DEBUG:colcon.colcon_core.shell:Skip shell extension 'dsv' for command environment
[0.475s] DEBUG:colcon.colcon_core.event_handler.log_command:Invoking command in '/home/zheng/carerobot_slam_ros2/build/robot_communication': CMAKE_PREFIX_PATH=${CMAKE_PREFIX_PATH}:/opt/ros/humble /usr/bin/cmake --build /home/zheng/carerobot_slam_ros2/build/robot_communication -- -j8 -l8
[0.480s] DEBUG:colcon.colcon_core.event_handler.log_command:Invoking command in '/home/zheng/carerobot_slam_ros2/build/openslam_gmapping': CMAKE_PREFIX_PATH=${CMAKE_PREFIX_PATH}:/opt/ros/humble /usr/bin/cmake --build /home/zheng/carerobot_slam_ros2/build/openslam_gmapping -- -j8 -l8
[0.485s] DEBUG:colcon.colcon_core.event_handler.log_command:Invoking command in '/home/zheng/carerobot_slam_ros2/build/diff_drive_gazebo': CMAKE_PREFIX_PATH=${CMAKE_PREFIX_PATH}:/opt/ros/humble /usr/bin/cmake --build /home/zheng/carerobot_slam_ros2/build/diff_drive_gazebo -- -j8 -l8
[0.494s] DEBUG:colcon.colcon_core.event_handler.log_command:Invoking command in '/home/zheng/carerobot_slam_ros2/build/keyboard_control': CMAKE_PREFIX_PATH=${CMAKE_PREFIX_PATH}:/opt/ros/humble /usr/bin/cmake --build /home/zheng/carerobot_slam_ros2/build/keyboard_control -- -j8 -l8
[0.552s] DEBUG:colcon.colcon_core.event_handler.log_command:Invoked command in '/home/zheng/carerobot_slam_ros2/build/diff_drive_gazebo' returned '0': CMAKE_PREFIX_PATH=${CMAKE_PREFIX_PATH}:/opt/ros/humble /usr/bin/cmake --build /home/zheng/carerobot_slam_ros2/build/diff_drive_gazebo -- -j8 -l8
[0.573s] DEBUG:colcon.colcon_core.event_handler.log_command:Invoking command in '/home/zheng/carerobot_slam_ros2/build/diff_drive_gazebo': CMAKE_PREFIX_PATH=${CMAKE_PREFIX_PATH}:/opt/ros/humble /usr/bin/cmake --install /home/zheng/carerobot_slam_ros2/build/diff_drive_gazebo
[0.606s] Level 1:colcon.colcon_core.environment:create_environment_scripts_only(diff_drive_gazebo)
[0.611s] Level 1:colcon.colcon_core.environment:checking '/home/zheng/carerobot_slam_ros2/install/diff_drive_gazebo' for CMake module files
[0.611s] DEBUG:colcon.colcon_core.event_handler.log_command:Invoked command in '/home/zheng/carerobot_slam_ros2/build/diff_drive_gazebo' returned '0': CMAKE_PREFIX_PATH=${CMAKE_PREFIX_PATH}:/opt/ros/humble /usr/bin/cmake --install /home/zheng/carerobot_slam_ros2/build/diff_drive_gazebo
[0.612s] Level 1:colcon.colcon_core.environment:checking '/home/zheng/carerobot_slam_ros2/install/diff_drive_gazebo' for CMake config files
[0.613s] Level 1:colcon.colcon_core.shell:create_environment_hook('diff_drive_gazebo', 'cmake_prefix_path')
[0.614s] INFO:colcon.colcon_core.shell:Creating environment hook '/home/zheng/carerobot_slam_ros2/install/diff_drive_gazebo/share/diff_drive_gazebo/hook/cmake_prefix_path.ps1'
[0.615s] INFO:colcon.colcon_core.shell:Creating environment descriptor '/home/zheng/carerobot_slam_ros2/install/diff_drive_gazebo/share/diff_drive_gazebo/hook/cmake_prefix_path.dsv'
[0.615s] INFO:colcon.colcon_core.shell:Creating environment hook '/home/zheng/carerobot_slam_ros2/install/diff_drive_gazebo/share/diff_drive_gazebo/hook/cmake_prefix_path.sh'
[0.617s] Level 1:colcon.colcon_core.environment:checking '/home/zheng/carerobot_slam_ros2/install/diff_drive_gazebo/bin'
[0.617s] Level 1:colcon.colcon_core.environment:checking '/home/zheng/carerobot_slam_ros2/install/diff_drive_gazebo/lib/pkgconfig/diff_drive_gazebo.pc'
[0.618s] Level 1:colcon.colcon_core.environment:checking '/home/zheng/carerobot_slam_ros2/install/diff_drive_gazebo/lib/python3.10/site-packages'
[0.619s] Level 1:colcon.colcon_core.environment:checking '/home/zheng/carerobot_slam_ros2/install/diff_drive_gazebo/bin'
[0.619s] INFO:colcon.colcon_core.shell:Creating package script '/home/zheng/carerobot_slam_ros2/install/diff_drive_gazebo/share/diff_drive_gazebo/package.ps1'
[0.622s] INFO:colcon.colcon_core.shell:Creating package descriptor '/home/zheng/carerobot_slam_ros2/install/diff_drive_gazebo/share/diff_drive_gazebo/package.dsv'
[0.624s] INFO:colcon.colcon_core.shell:Creating package script '/home/zheng/carerobot_slam_ros2/install/diff_drive_gazebo/share/diff_drive_gazebo/package.sh'
[0.625s] INFO:colcon.colcon_core.shell:Creating package script '/home/zheng/carerobot_slam_ros2/install/diff_drive_gazebo/share/diff_drive_gazebo/package.bash'
[0.627s] INFO:colcon.colcon_core.shell:Creating package script '/home/zheng/carerobot_slam_ros2/install/diff_drive_gazebo/share/diff_drive_gazebo/package.zsh'
[0.628s] Level 1:colcon.colcon_core.environment:create_file_with_runtime_dependencies(/home/zheng/carerobot_slam_ros2/install/diff_drive_gazebo/share/colcon-core/packages/diff_drive_gazebo)
[0.629s] Level 1:colcon.colcon_core.environment:create_environment_scripts_only(diff_drive_gazebo)
[0.630s] Level 1:colcon.colcon_core.environment:checking '/home/zheng/carerobot_slam_ros2/install/diff_drive_gazebo' for CMake module files
[0.631s] Level 1:colcon.colcon_core.environment:checking '/home/zheng/carerobot_slam_ros2/install/diff_drive_gazebo' for CMake config files
[0.631s] Level 1:colcon.colcon_core.shell:create_environment_hook('diff_drive_gazebo', 'cmake_prefix_path')
[0.632s] INFO:colcon.colcon_core.shell:Creating environment hook '/home/zheng/carerobot_slam_ros2/install/diff_drive_gazebo/share/diff_drive_gazebo/hook/cmake_prefix_path.ps1'
[0.633s] INFO:colcon.colcon_core.shell:Creating environment descriptor '/home/zheng/carerobot_slam_ros2/install/diff_drive_gazebo/share/diff_drive_gazebo/hook/cmake_prefix_path.dsv'
[0.633s] INFO:colcon.colcon_core.shell:Creating environment hook '/home/zheng/carerobot_slam_ros2/install/diff_drive_gazebo/share/diff_drive_gazebo/hook/cmake_prefix_path.sh'
[0.634s] Level 1:colcon.colcon_core.environment:checking '/home/zheng/carerobot_slam_ros2/install/diff_drive_gazebo/bin'
[0.634s] Level 1:colcon.colcon_core.environment:checking '/home/zheng/carerobot_slam_ros2/install/diff_drive_gazebo/lib/pkgconfig/diff_drive_gazebo.pc'
[0.634s] Level 1:colcon.colcon_core.environment:checking '/home/zheng/carerobot_slam_ros2/install/diff_drive_gazebo/lib/python3.10/site-packages'
[0.635s] Level 1:colcon.colcon_core.environment:checking '/home/zheng/carerobot_slam_ros2/install/diff_drive_gazebo/bin'
[0.635s] INFO:colcon.colcon_core.shell:Creating package script '/home/zheng/carerobot_slam_ros2/install/diff_drive_gazebo/share/diff_drive_gazebo/package.ps1'
[0.637s] INFO:colcon.colcon_core.shell:Creating package descriptor '/home/zheng/carerobot_slam_ros2/install/diff_drive_gazebo/share/diff_drive_gazebo/package.dsv'
[0.637s] INFO:colcon.colcon_core.shell:Creating package script '/home/zheng/carerobot_slam_ros2/install/diff_drive_gazebo/share/diff_drive_gazebo/package.sh'
[0.638s] INFO:colcon.colcon_core.shell:Creating package script '/home/zheng/carerobot_slam_ros2/install/diff_drive_gazebo/share/diff_drive_gazebo/package.bash'
[0.639s] INFO:colcon.colcon_core.shell:Creating package script '/home/zheng/carerobot_slam_ros2/install/diff_drive_gazebo/share/diff_drive_gazebo/package.zsh'
[0.639s] Level 1:colcon.colcon_core.environment:create_file_with_runtime_dependencies(/home/zheng/carerobot_slam_ros2/install/diff_drive_gazebo/share/colcon-core/packages/diff_drive_gazebo)
[0.647s] DEBUG:colcon.colcon_core.event_handler.log_command:Invoked command in '/home/zheng/carerobot_slam_ros2/build/keyboard_control' returned '0': CMAKE_PREFIX_PATH=${CMAKE_PREFIX_PATH}:/opt/ros/humble /usr/bin/cmake --build /home/zheng/carerobot_slam_ros2/build/keyboard_control -- -j8 -l8
[0.649s] DEBUG:colcon.colcon_core.event_handler.log_command:Invoking command in '/home/zheng/carerobot_slam_ros2/build/keyboard_control': CMAKE_PREFIX_PATH=${CMAKE_PREFIX_PATH}:/opt/ros/humble /usr/bin/cmake --install /home/zheng/carerobot_slam_ros2/build/keyboard_control
[0.660s] Level 1:colcon.colcon_core.environment:create_environment_scripts_only(keyboard_control)
[0.660s] Level 1:colcon.colcon_core.environment:checking '/home/zheng/carerobot_slam_ros2/install/keyboard_control' for CMake module files
[0.661s] Level 1:colcon.colcon_core.environment:checking '/home/zheng/carerobot_slam_ros2/install/keyboard_control' for CMake config files
[0.662s] Level 1:colcon.colcon_core.shell:create_environment_hook('keyboard_control', 'cmake_prefix_path')
[0.662s] INFO:colcon.colcon_core.shell:Creating environment hook '/home/zheng/carerobot_slam_ros2/install/keyboard_control/share/keyboard_control/hook/cmake_prefix_path.ps1'
[0.663s] DEBUG:colcon.colcon_core.event_handler.log_command:Invoked command in '/home/zheng/carerobot_slam_ros2/build/keyboard_control' returned '0': CMAKE_PREFIX_PATH=${CMAKE_PREFIX_PATH}:/opt/ros/humble /usr/bin/cmake --install /home/zheng/carerobot_slam_ros2/build/keyboard_control
[0.664s] INFO:colcon.colcon_core.shell:Creating environment descriptor '/home/zheng/carerobot_slam_ros2/install/keyboard_control/share/keyboard_control/hook/cmake_prefix_path.dsv'
[0.665s] INFO:colcon.colcon_core.shell:Creating environment hook '/home/zheng/carerobot_slam_ros2/install/keyboard_control/share/keyboard_control/hook/cmake_prefix_path.sh'
[0.665s] Level 1:colcon.colcon_core.environment:checking '/home/zheng/carerobot_slam_ros2/install/keyboard_control/lib'
[0.666s] Level 1:colcon.colcon_core.environment:checking '/home/zheng/carerobot_slam_ros2/install/keyboard_control/bin'
[0.666s] Level 1:colcon.colcon_core.environment:checking '/home/zheng/carerobot_slam_ros2/install/keyboard_control/lib/pkgconfig/keyboard_control.pc'
[0.666s] Level 1:colcon.colcon_core.environment:checking '/home/zheng/carerobot_slam_ros2/install/keyboard_control/lib/python3.10/site-packages'
[0.667s] Level 1:colcon.colcon_core.environment:checking '/home/zheng/carerobot_slam_ros2/install/keyboard_control/bin'
[0.667s] INFO:colcon.colcon_core.shell:Creating package script '/home/zheng/carerobot_slam_ros2/install/keyboard_control/share/keyboard_control/package.ps1'
[0.668s] INFO:colcon.colcon_core.shell:Creating package descriptor '/home/zheng/carerobot_slam_ros2/install/keyboard_control/share/keyboard_control/package.dsv'
[0.669s] INFO:colcon.colcon_core.shell:Creating package script '/home/zheng/carerobot_slam_ros2/install/keyboard_control/share/keyboard_control/package.sh'
[0.670s] INFO:colcon.colcon_core.shell:Creating package script '/home/zheng/carerobot_slam_ros2/install/keyboard_control/share/keyboard_control/package.bash'
[0.670s] INFO:colcon.colcon_core.shell:Creating package script '/home/zheng/carerobot_slam_ros2/install/keyboard_control/share/keyboard_control/package.zsh'
[0.671s] Level 1:colcon.colcon_core.environment:create_file_with_runtime_dependencies(/home/zheng/carerobot_slam_ros2/install/keyboard_control/share/colcon-core/packages/keyboard_control)
[0.672s] Level 1:colcon.colcon_core.environment:create_environment_scripts_only(keyboard_control)
[0.672s] Level 1:colcon.colcon_core.environment:checking '/home/zheng/carerobot_slam_ros2/install/keyboard_control' for CMake module files
[0.673s] Level 1:colcon.colcon_core.environment:checking '/home/zheng/carerobot_slam_ros2/install/keyboard_control' for CMake config files
[0.673s] Level 1:colcon.colcon_core.shell:create_environment_hook('keyboard_control', 'cmake_prefix_path')
[0.673s] INFO:colcon.colcon_core.shell:Creating environment hook '/home/zheng/carerobot_slam_ros2/install/keyboard_control/share/keyboard_control/hook/cmake_prefix_path.ps1'
[0.674s] INFO:colcon.colcon_core.shell:Creating environment descriptor '/home/zheng/carerobot_slam_ros2/install/keyboard_control/share/keyboard_control/hook/cmake_prefix_path.dsv'
[0.675s] INFO:colcon.colcon_core.shell:Creating environment hook '/home/zheng/carerobot_slam_ros2/install/keyboard_control/share/keyboard_control/hook/cmake_prefix_path.sh'
[0.675s] Level 1:colcon.colcon_core.environment:checking '/home/zheng/carerobot_slam_ros2/install/keyboard_control/lib'
[0.676s] Level 1:colcon.colcon_core.environment:checking '/home/zheng/carerobot_slam_ros2/install/keyboard_control/bin'
[0.676s] Level 1:colcon.colcon_core.environment:checking '/home/zheng/carerobot_slam_ros2/install/keyboard_control/lib/pkgconfig/keyboard_control.pc'
[0.676s] Level 1:colcon.colcon_core.environment:checking '/home/zheng/carerobot_slam_ros2/install/keyboard_control/lib/python3.10/site-packages'
[0.677s] Level 1:colcon.colcon_core.environment:checking '/home/zheng/carerobot_slam_ros2/install/keyboard_control/bin'
[0.677s] INFO:colcon.colcon_core.shell:Creating package script '/home/zheng/carerobot_slam_ros2/install/keyboard_control/share/keyboard_control/package.ps1'
[0.678s] INFO:colcon.colcon_core.shell:Creating package descriptor '/home/zheng/carerobot_slam_ros2/install/keyboard_control/share/keyboard_control/package.dsv'
[0.679s] INFO:colcon.colcon_core.shell:Creating package script '/home/zheng/carerobot_slam_ros2/install/keyboard_control/share/keyboard_control/package.sh'
[0.680s] INFO:colcon.colcon_core.shell:Creating package script '/home/zheng/carerobot_slam_ros2/install/keyboard_control/share/keyboard_control/package.bash'
[0.680s] INFO:colcon.colcon_core.shell:Creating package script '/home/zheng/carerobot_slam_ros2/install/keyboard_control/share/keyboard_control/package.zsh'
[0.681s] Level 1:colcon.colcon_core.environment:create_file_with_runtime_dependencies(/home/zheng/carerobot_slam_ros2/install/keyboard_control/share/colcon-core/packages/keyboard_control)
[0.715s] DEBUG:colcon.colcon_core.event_handler.log_command:Invoked command in '/home/zheng/carerobot_slam_ros2/build/openslam_gmapping' returned '0': CMAKE_PREFIX_PATH=${CMAKE_PREFIX_PATH}:/opt/ros/humble /usr/bin/cmake --build /home/zheng/carerobot_slam_ros2/build/openslam_gmapping -- -j8 -l8
[0.717s] DEBUG:colcon.colcon_core.event_handler.log_command:Invoking command in '/home/zheng/carerobot_slam_ros2/build/openslam_gmapping': CMAKE_PREFIX_PATH=${CMAKE_PREFIX_PATH}:/opt/ros/humble /usr/bin/cmake --install /home/zheng/carerobot_slam_ros2/build/openslam_gmapping
[0.735s] Level 1:colcon.colcon_core.environment:create_environment_scripts_only(openslam_gmapping)
[0.735s] Level 1:colcon.colcon_core.environment:checking '/home/zheng/carerobot_slam_ros2/install/openslam_gmapping' for CMake module files
[0.737s] DEBUG:colcon.colcon_core.event_handler.log_command:Invoked command in '/home/zheng/carerobot_slam_ros2/build/openslam_gmapping' returned '0': CMAKE_PREFIX_PATH=${CMAKE_PREFIX_PATH}:/opt/ros/humble /usr/bin/cmake --install /home/zheng/carerobot_slam_ros2/build/openslam_gmapping
[0.738s] Level 1:colcon.colcon_core.environment:checking '/home/zheng/carerobot_slam_ros2/install/openslam_gmapping' for CMake config files
[0.738s] Level 1:colcon.colcon_core.shell:create_environment_hook('openslam_gmapping', 'cmake_prefix_path')
[0.739s] INFO:colcon.colcon_core.shell:Creating environment hook '/home/zheng/carerobot_slam_ros2/install/openslam_gmapping/share/openslam_gmapping/hook/cmake_prefix_path.ps1'
[0.740s] INFO:colcon.colcon_core.shell:Creating environment descriptor '/home/zheng/carerobot_slam_ros2/install/openslam_gmapping/share/openslam_gmapping/hook/cmake_prefix_path.dsv'
[0.740s] INFO:colcon.colcon_core.shell:Creating environment hook '/home/zheng/carerobot_slam_ros2/install/openslam_gmapping/share/openslam_gmapping/hook/cmake_prefix_path.sh'
[0.741s] Level 1:colcon.colcon_core.environment:checking '/home/zheng/carerobot_slam_ros2/install/openslam_gmapping/lib'
[0.741s] Level 1:colcon.colcon_core.environment:checking '/home/zheng/carerobot_slam_ros2/install/openslam_gmapping/bin'
[0.741s] Level 1:colcon.colcon_core.environment:checking '/home/zheng/carerobot_slam_ros2/install/openslam_gmapping/lib/pkgconfig/openslam_gmapping.pc'
[0.741s] Level 1:colcon.colcon_core.environment:checking '/home/zheng/carerobot_slam_ros2/install/openslam_gmapping/lib/python3.10/site-packages'
[0.742s] Level 1:colcon.colcon_core.environment:checking '/home/zheng/carerobot_slam_ros2/install/openslam_gmapping/bin'
[0.742s] INFO:colcon.colcon_core.shell:Creating package script '/home/zheng/carerobot_slam_ros2/install/openslam_gmapping/share/openslam_gmapping/package.ps1'
[0.743s] INFO:colcon.colcon_core.shell:Creating package descriptor '/home/zheng/carerobot_slam_ros2/install/openslam_gmapping/share/openslam_gmapping/package.dsv'
[0.744s] INFO:colcon.colcon_core.shell:Creating package script '/home/zheng/carerobot_slam_ros2/install/openslam_gmapping/share/openslam_gmapping/package.sh'
[0.744s] INFO:colcon.colcon_core.shell:Creating package script '/home/zheng/carerobot_slam_ros2/install/openslam_gmapping/share/openslam_gmapping/package.bash'
[0.745s] INFO:colcon.colcon_core.shell:Creating package script '/home/zheng/carerobot_slam_ros2/install/openslam_gmapping/share/openslam_gmapping/package.zsh'
[0.745s] Level 1:colcon.colcon_core.environment:create_file_with_runtime_dependencies(/home/zheng/carerobot_slam_ros2/install/openslam_gmapping/share/colcon-core/packages/openslam_gmapping)
[0.746s] Level 1:colcon.colcon_core.environment:create_environment_scripts_only(openslam_gmapping)
[0.746s] Level 1:colcon.colcon_core.environment:checking '/home/zheng/carerobot_slam_ros2/install/openslam_gmapping' for CMake module files
[0.747s] Level 1:colcon.colcon_core.environment:checking '/home/zheng/carerobot_slam_ros2/install/openslam_gmapping' for CMake config files
[0.748s] Level 1:colcon.colcon_core.shell:create_environment_hook('openslam_gmapping', 'cmake_prefix_path')
[0.748s] INFO:colcon.colcon_core.shell:Creating environment hook '/home/zheng/carerobot_slam_ros2/install/openslam_gmapping/share/openslam_gmapping/hook/cmake_prefix_path.ps1'
[0.749s] INFO:colcon.colcon_core.shell:Creating environment descriptor '/home/zheng/carerobot_slam_ros2/install/openslam_gmapping/share/openslam_gmapping/hook/cmake_prefix_path.dsv'
[0.750s] INFO:colcon.colcon_core.shell:Creating environment hook '/home/zheng/carerobot_slam_ros2/install/openslam_gmapping/share/openslam_gmapping/hook/cmake_prefix_path.sh'
[0.750s] Level 1:colcon.colcon_core.environment:checking '/home/zheng/carerobot_slam_ros2/install/openslam_gmapping/lib'
[0.751s] Level 1:colcon.colcon_core.environment:checking '/home/zheng/carerobot_slam_ros2/install/openslam_gmapping/bin'
[0.751s] Level 1:colcon.colcon_core.environment:checking '/home/zheng/carerobot_slam_ros2/install/openslam_gmapping/lib/pkgconfig/openslam_gmapping.pc'
[0.754s] Level 1:colcon.colcon_core.environment:checking '/home/zheng/carerobot_slam_ros2/install/openslam_gmapping/lib/python3.10/site-packages'
[0.754s] Level 1:colcon.colcon_core.environment:checking '/home/zheng/carerobot_slam_ros2/install/openslam_gmapping/bin'
[0.755s] INFO:colcon.colcon_core.shell:Creating package script '/home/zheng/carerobot_slam_ros2/install/openslam_gmapping/share/openslam_gmapping/package.ps1'
[0.760s] INFO:colcon.colcon_core.shell:Creating package descriptor '/home/zheng/carerobot_slam_ros2/install/openslam_gmapping/share/openslam_gmapping/package.dsv'
[0.760s] INFO:colcon.colcon_core.shell:Creating package script '/home/zheng/carerobot_slam_ros2/install/openslam_gmapping/share/openslam_gmapping/package.sh'
[0.767s] INFO:colcon.colcon_core.shell:Creating package script '/home/zheng/carerobot_slam_ros2/install/openslam_gmapping/share/openslam_gmapping/package.bash'
[0.768s] INFO:colcon.colcon_core.shell:Creating package script '/home/zheng/carerobot_slam_ros2/install/openslam_gmapping/share/openslam_gmapping/package.zsh'
[0.768s] Level 1:colcon.colcon_core.environment:create_file_with_runtime_dependencies(/home/zheng/carerobot_slam_ros2/install/openslam_gmapping/share/colcon-core/packages/openslam_gmapping)
[0.772s] INFO:colcon.colcon_ros.task.ament_cmake.build:Building ROS package in '/home/zheng/carerobot_slam_ros2/src/slam_gmapping' with build type 'ament_cmake'
[0.772s] INFO:colcon.colcon_cmake.task.cmake.build:Building CMake package in '/home/zheng/carerobot_slam_ros2/src/slam_gmapping'
[0.772s] INFO:colcon.colcon_core.shell:Skip shell extension 'powershell' for command environment: Not usable outside of PowerShell
[0.773s] DEBUG:colcon.colcon_core.shell:Skip shell extension 'dsv' for command environment
[0.800s] DEBUG:colcon.colcon_core.event_handler.log_command:Invoking command in '/home/zheng/carerobot_slam_ros2/build/slam_gmapping': CMAKE_PREFIX_PATH=/home/zheng/carerobot_slam_ros2/install/openslam_gmapping:/home/zheng/carerobot_slam_ros2/install/slam_gmapping:/home/zheng/carerobot_slam_ros2/install/robot_pid_local_planner:/home/zheng/carerobot_slam_ros2/install/robot_navigation:/home/zheng/carerobot_slam_ros2/install/robot_costmap:/home/zheng/carerobot_slam_ros2/install/robot_communication:/home/zheng/carerobot_slam_ros2/install/keyboard_control:/home/zheng/carerobot_slam_ros2/install/diff_drive_gazebo:/opt/ros/humble /usr/bin/cmake --build /home/zheng/carerobot_slam_ros2/build/slam_gmapping -- -j8 -l8
[0.888s] DEBUG:colcon.colcon_core.event_handler.log_command:Invoked command in '/home/zheng/carerobot_slam_ros2/build/slam_gmapping' returned '0': CMAKE_PREFIX_PATH=/home/zheng/carerobot_slam_ros2/install/openslam_gmapping:/home/zheng/carerobot_slam_ros2/install/slam_gmapping:/home/zheng/carerobot_slam_ros2/install/robot_pid_local_planner:/home/zheng/carerobot_slam_ros2/install/robot_navigation:/home/zheng/carerobot_slam_ros2/install/robot_costmap:/home/zheng/carerobot_slam_ros2/install/robot_communication:/home/zheng/carerobot_slam_ros2/install/keyboard_control:/home/zheng/carerobot_slam_ros2/install/diff_drive_gazebo:/opt/ros/humble /usr/bin/cmake --build /home/zheng/carerobot_slam_ros2/build/slam_gmapping -- -j8 -l8
[0.890s] DEBUG:colcon.colcon_core.event_handler.log_command:Invoking command in '/home/zheng/carerobot_slam_ros2/build/slam_gmapping': CMAKE_PREFIX_PATH=/home/zheng/carerobot_slam_ros2/install/openslam_gmapping:/home/zheng/carerobot_slam_ros2/install/slam_gmapping:/home/zheng/carerobot_slam_ros2/install/robot_pid_local_planner:/home/zheng/carerobot_slam_ros2/install/robot_navigation:/home/zheng/carerobot_slam_ros2/install/robot_costmap:/home/zheng/carerobot_slam_ros2/install/robot_communication:/home/zheng/carerobot_slam_ros2/install/keyboard_control:/home/zheng/carerobot_slam_ros2/install/diff_drive_gazebo:/opt/ros/humble /usr/bin/cmake --install /home/zheng/carerobot_slam_ros2/build/slam_gmapping
[0.901s] Level 1:colcon.colcon_core.environment:create_environment_scripts_only(slam_gmapping)
[0.902s] Level 1:colcon.colcon_core.environment:checking '/home/zheng/carerobot_slam_ros2/install/slam_gmapping' for CMake module files
[0.904s] DEBUG:colcon.colcon_core.event_handler.log_command:Invoked command in '/home/zheng/carerobot_slam_ros2/build/slam_gmapping' returned '0': CMAKE_PREFIX_PATH=/home/zheng/carerobot_slam_ros2/install/openslam_gmapping:/home/zheng/carerobot_slam_ros2/install/slam_gmapping:/home/zheng/carerobot_slam_ros2/install/robot_pid_local_planner:/home/zheng/carerobot_slam_ros2/install/robot_navigation:/home/zheng/carerobot_slam_ros2/install/robot_costmap:/home/zheng/carerobot_slam_ros2/install/robot_communication:/home/zheng/carerobot_slam_ros2/install/keyboard_control:/home/zheng/carerobot_slam_ros2/install/diff_drive_gazebo:/opt/ros/humble /usr/bin/cmake --install /home/zheng/carerobot_slam_ros2/build/slam_gmapping
[0.904s] Level 1:colcon.colcon_core.environment:checking '/home/zheng/carerobot_slam_ros2/install/slam_gmapping' for CMake config files
[0.904s] Level 1:colcon.colcon_core.shell:create_environment_hook('slam_gmapping', 'cmake_prefix_path')
[0.905s] INFO:colcon.colcon_core.shell:Creating environment hook '/home/zheng/carerobot_slam_ros2/install/slam_gmapping/share/slam_gmapping/hook/cmake_prefix_path.ps1'
[0.905s] INFO:colcon.colcon_core.shell:Creating environment descriptor '/home/zheng/carerobot_slam_ros2/install/slam_gmapping/share/slam_gmapping/hook/cmake_prefix_path.dsv'
[0.906s] INFO:colcon.colcon_core.shell:Creating environment hook '/home/zheng/carerobot_slam_ros2/install/slam_gmapping/share/slam_gmapping/hook/cmake_prefix_path.sh'
[0.907s] Level 1:colcon.colcon_core.environment:checking '/home/zheng/carerobot_slam_ros2/install/slam_gmapping/lib'
[0.907s] Level 1:colcon.colcon_core.environment:checking '/home/zheng/carerobot_slam_ros2/install/slam_gmapping/bin'
[0.907s] Level 1:colcon.colcon_core.environment:checking '/home/zheng/carerobot_slam_ros2/install/slam_gmapping/lib/pkgconfig/slam_gmapping.pc'
[0.907s] Level 1:colcon.colcon_core.environment:checking '/home/zheng/carerobot_slam_ros2/install/slam_gmapping/lib/python3.10/site-packages'
[0.908s] Level 1:colcon.colcon_core.environment:checking '/home/zheng/carerobot_slam_ros2/install/slam_gmapping/bin'
[0.908s] INFO:colcon.colcon_core.shell:Creating package script '/home/zheng/carerobot_slam_ros2/install/slam_gmapping/share/slam_gmapping/package.ps1'
[0.909s] INFO:colcon.colcon_core.shell:Creating package descriptor '/home/zheng/carerobot_slam_ros2/install/slam_gmapping/share/slam_gmapping/package.dsv'
[0.910s] INFO:colcon.colcon_core.shell:Creating package script '/home/zheng/carerobot_slam_ros2/install/slam_gmapping/share/slam_gmapping/package.sh'
[0.910s] INFO:colcon.colcon_core.shell:Creating package script '/home/zheng/carerobot_slam_ros2/install/slam_gmapping/share/slam_gmapping/package.bash'
[0.910s] INFO:colcon.colcon_core.shell:Creating package script '/home/zheng/carerobot_slam_ros2/install/slam_gmapping/share/slam_gmapping/package.zsh'
[0.911s] Level 1:colcon.colcon_core.environment:create_file_with_runtime_dependencies(/home/zheng/carerobot_slam_ros2/install/slam_gmapping/share/colcon-core/packages/slam_gmapping)
[0.912s] Level 1:colcon.colcon_core.environment:create_environment_scripts_only(slam_gmapping)
[0.912s] Level 1:colcon.colcon_core.environment:checking '/home/zheng/carerobot_slam_ros2/install/slam_gmapping' for CMake module files
[0.912s] Level 1:colcon.colcon_core.environment:checking '/home/zheng/carerobot_slam_ros2/install/slam_gmapping' for CMake config files
[0.913s] Level 1:colcon.colcon_core.shell:create_environment_hook('slam_gmapping', 'cmake_prefix_path')
[0.913s] INFO:colcon.colcon_core.shell:Creating environment hook '/home/zheng/carerobot_slam_ros2/install/slam_gmapping/share/slam_gmapping/hook/cmake_prefix_path.ps1'
[0.913s] INFO:colcon.colcon_core.shell:Creating environment descriptor '/home/zheng/carerobot_slam_ros2/install/slam_gmapping/share/slam_gmapping/hook/cmake_prefix_path.dsv'
[0.914s] INFO:colcon.colcon_core.shell:Creating environment hook '/home/zheng/carerobot_slam_ros2/install/slam_gmapping/share/slam_gmapping/hook/cmake_prefix_path.sh'
[0.914s] Level 1:colcon.colcon_core.environment:checking '/home/zheng/carerobot_slam_ros2/install/slam_gmapping/lib'
[0.914s] Level 1:colcon.colcon_core.environment:checking '/home/zheng/carerobot_slam_ros2/install/slam_gmapping/bin'
[0.915s] Level 1:colcon.colcon_core.environment:checking '/home/zheng/carerobot_slam_ros2/install/slam_gmapping/lib/pkgconfig/slam_gmapping.pc'
[0.915s] Level 1:colcon.colcon_core.environment:checking '/home/zheng/carerobot_slam_ros2/install/slam_gmapping/lib/python3.10/site-packages'
[0.915s] Level 1:colcon.colcon_core.environment:checking '/home/zheng/carerobot_slam_ros2/install/slam_gmapping/bin'
[0.916s] INFO:colcon.colcon_core.shell:Creating package script '/home/zheng/carerobot_slam_ros2/install/slam_gmapping/share/slam_gmapping/package.ps1'
[0.916s] INFO:colcon.colcon_core.shell:Creating package descriptor '/home/zheng/carerobot_slam_ros2/install/slam_gmapping/share/slam_gmapping/package.dsv'
[0.917s] INFO:colcon.colcon_core.shell:Creating package script '/home/zheng/carerobot_slam_ros2/install/slam_gmapping/share/slam_gmapping/package.sh'
[0.917s] INFO:colcon.colcon_core.shell:Creating package script '/home/zheng/carerobot_slam_ros2/install/slam_gmapping/share/slam_gmapping/package.bash'
[0.918s] INFO:colcon.colcon_core.shell:Creating package script '/home/zheng/carerobot_slam_ros2/install/slam_gmapping/share/slam_gmapping/package.zsh'
[0.918s] Level 1:colcon.colcon_core.environment:create_file_with_runtime_dependencies(/home/zheng/carerobot_slam_ros2/install/slam_gmapping/share/colcon-core/packages/slam_gmapping)
[1.037s] DEBUG:colcon.colcon_core.event_handler.log_command:Invoked command in '/home/zheng/carerobot_slam_ros2/build/robot_communication' returned '0': CMAKE_PREFIX_PATH=${CMAKE_PREFIX_PATH}:/opt/ros/humble /usr/bin/cmake --build /home/zheng/carerobot_slam_ros2/build/robot_communication -- -j8 -l8
[1.039s] DEBUG:colcon.colcon_core.event_handler.log_command:Invoking command in '/home/zheng/carerobot_slam_ros2/build/robot_communication': CMAKE_PREFIX_PATH=${CMAKE_PREFIX_PATH}:/opt/ros/humble /usr/bin/cmake --install /home/zheng/carerobot_slam_ros2/build/robot_communication
[1.114s] Level 1:colcon.colcon_core.environment:create_environment_scripts_only(robot_communication)
[1.114s] Level 1:colcon.colcon_core.environment:checking '/home/zheng/carerobot_slam_ros2/install/robot_communication' for CMake module files
[1.115s] DEBUG:colcon.colcon_core.event_handler.log_command:Invoked command in '/home/zheng/carerobot_slam_ros2/build/robot_communication' returned '0': CMAKE_PREFIX_PATH=${CMAKE_PREFIX_PATH}:/opt/ros/humble /usr/bin/cmake --install /home/zheng/carerobot_slam_ros2/build/robot_communication
[1.116s] Level 1:colcon.colcon_core.environment:checking '/home/zheng/carerobot_slam_ros2/install/robot_communication' for CMake config files
[1.117s] Level 1:colcon.colcon_core.shell:create_environment_hook('robot_communication', 'cmake_prefix_path')
[1.118s] INFO:colcon.colcon_core.shell:Creating environment hook '/home/zheng/carerobot_slam_ros2/install/robot_communication/share/robot_communication/hook/cmake_prefix_path.ps1'
[1.118s] INFO:colcon.colcon_core.shell:Creating environment descriptor '/home/zheng/carerobot_slam_ros2/install/robot_communication/share/robot_communication/hook/cmake_prefix_path.dsv'
[1.119s] INFO:colcon.colcon_core.shell:Creating environment hook '/home/zheng/carerobot_slam_ros2/install/robot_communication/share/robot_communication/hook/cmake_prefix_path.sh'
[1.119s] Level 1:colcon.colcon_core.environment:checking '/home/zheng/carerobot_slam_ros2/install/robot_communication/lib'
[1.119s] Level 1:colcon.colcon_core.shell:create_environment_hook('robot_communication', 'ld_library_path_lib')
[1.120s] INFO:colcon.colcon_core.shell:Creating environment hook '/home/zheng/carerobot_slam_ros2/install/robot_communication/share/robot_communication/hook/ld_library_path_lib.ps1'
[1.120s] INFO:colcon.colcon_core.shell:Creating environment descriptor '/home/zheng/carerobot_slam_ros2/install/robot_communication/share/robot_communication/hook/ld_library_path_lib.dsv'
[1.121s] INFO:colcon.colcon_core.shell:Creating environment hook '/home/zheng/carerobot_slam_ros2/install/robot_communication/share/robot_communication/hook/ld_library_path_lib.sh'
[1.121s] Level 1:colcon.colcon_core.environment:checking '/home/zheng/carerobot_slam_ros2/install/robot_communication/bin'
[1.121s] Level 1:colcon.colcon_core.environment:checking '/home/zheng/carerobot_slam_ros2/install/robot_communication/lib/pkgconfig/robot_communication.pc'
[1.121s] Level 1:colcon.colcon_core.environment:checking '/home/zheng/carerobot_slam_ros2/install/robot_communication/lib/python3.10/site-packages'
[1.122s] Level 1:colcon.colcon_core.environment:checking '/home/zheng/carerobot_slam_ros2/install/robot_communication/bin'
[1.122s] INFO:colcon.colcon_core.shell:Creating package script '/home/zheng/carerobot_slam_ros2/install/robot_communication/share/robot_communication/package.ps1'
[1.123s] INFO:colcon.colcon_core.shell:Creating package descriptor '/home/zheng/carerobot_slam_ros2/install/robot_communication/share/robot_communication/package.dsv'
[1.123s] INFO:colcon.colcon_core.shell:Creating package script '/home/zheng/carerobot_slam_ros2/install/robot_communication/share/robot_communication/package.sh'
[1.124s] INFO:colcon.colcon_core.shell:Creating package script '/home/zheng/carerobot_slam_ros2/install/robot_communication/share/robot_communication/package.bash'
[1.124s] INFO:colcon.colcon_core.shell:Creating package script '/home/zheng/carerobot_slam_ros2/install/robot_communication/share/robot_communication/package.zsh'
[1.125s] Level 1:colcon.colcon_core.environment:create_file_with_runtime_dependencies(/home/zheng/carerobot_slam_ros2/install/robot_communication/share/colcon-core/packages/robot_communication)
[1.125s] Level 1:colcon.colcon_core.environment:create_environment_scripts_only(robot_communication)
[1.125s] Level 1:colcon.colcon_core.environment:checking '/home/zheng/carerobot_slam_ros2/install/robot_communication' for CMake module files
[1.126s] Level 1:colcon.colcon_core.environment:checking '/home/zheng/carerobot_slam_ros2/install/robot_communication' for CMake config files
[1.127s] Level 1:colcon.colcon_core.shell:create_environment_hook('robot_communication', 'cmake_prefix_path')
[1.127s] INFO:colcon.colcon_core.shell:Creating environment hook '/home/zheng/carerobot_slam_ros2/install/robot_communication/share/robot_communication/hook/cmake_prefix_path.ps1'
[1.128s] INFO:colcon.colcon_core.shell:Creating environment descriptor '/home/zheng/carerobot_slam_ros2/install/robot_communication/share/robot_communication/hook/cmake_prefix_path.dsv'
[1.128s] INFO:colcon.colcon_core.shell:Creating environment hook '/home/zheng/carerobot_slam_ros2/install/robot_communication/share/robot_communication/hook/cmake_prefix_path.sh'
[1.129s] Level 1:colcon.colcon_core.environment:checking '/home/zheng/carerobot_slam_ros2/install/robot_communication/lib'
[1.129s] Level 1:colcon.colcon_core.shell:create_environment_hook('robot_communication', 'ld_library_path_lib')
[1.129s] INFO:colcon.colcon_core.shell:Creating environment hook '/home/zheng/carerobot_slam_ros2/install/robot_communication/share/robot_communication/hook/ld_library_path_lib.ps1'
[1.130s] INFO:colcon.colcon_core.shell:Creating environment descriptor '/home/zheng/carerobot_slam_ros2/install/robot_communication/share/robot_communication/hook/ld_library_path_lib.dsv'
[1.130s] INFO:colcon.colcon_core.shell:Creating environment hook '/home/zheng/carerobot_slam_ros2/install/robot_communication/share/robot_communication/hook/ld_library_path_lib.sh'
[1.130s] Level 1:colcon.colcon_core.environment:checking '/home/zheng/carerobot_slam_ros2/install/robot_communication/bin'
[1.131s] Level 1:colcon.colcon_core.environment:checking '/home/zheng/carerobot_slam_ros2/install/robot_communication/lib/pkgconfig/robot_communication.pc'
[1.131s] Level 1:colcon.colcon_core.environment:checking '/home/zheng/carerobot_slam_ros2/install/robot_communication/lib/python3.10/site-packages'
[1.132s] Level 1:colcon.colcon_core.environment:checking '/home/zheng/carerobot_slam_ros2/install/robot_communication/bin'
[1.132s] INFO:colcon.colcon_core.shell:Creating package script '/home/zheng/carerobot_slam_ros2/install/robot_communication/share/robot_communication/package.ps1'
[1.133s] INFO:colcon.colcon_core.shell:Creating package descriptor '/home/zheng/carerobot_slam_ros2/install/robot_communication/share/robot_communication/package.dsv'
[1.134s] INFO:colcon.colcon_core.shell:Creating package script '/home/zheng/carerobot_slam_ros2/install/robot_communication/share/robot_communication/package.sh'
[1.134s] INFO:colcon.colcon_core.shell:Creating package script '/home/zheng/carerobot_slam_ros2/install/robot_communication/share/robot_communication/package.bash'
[1.134s] INFO:colcon.colcon_core.shell:Creating package script '/home/zheng/carerobot_slam_ros2/install/robot_communication/share/robot_communication/package.zsh'
[1.135s] Level 1:colcon.colcon_core.environment:create_file_with_runtime_dependencies(/home/zheng/carerobot_slam_ros2/install/robot_communication/share/colcon-core/packages/robot_communication)
[1.135s] INFO:colcon.colcon_ros.task.ament_cmake.build:Building ROS package in '/home/zheng/carerobot_slam_ros2/src/robot_costmap' with build type 'ament_cmake'
[1.136s] INFO:colcon.colcon_cmake.task.cmake.build:Building CMake package in '/home/zheng/carerobot_slam_ros2/src/robot_costmap'
[1.136s] INFO:colcon.colcon_core.shell:Skip shell extension 'powershell' for command environment: Not usable outside of PowerShell
[1.136s] DEBUG:colcon.colcon_core.shell:Skip shell extension 'dsv' for command environment
[1.140s] INFO:colcon.colcon_ros.task.ament_cmake.build:Building ROS package in '/home/zheng/carerobot_slam_ros2/src/robot_pid_local_planner' with build type 'ament_cmake'
[1.141s] INFO:colcon.colcon_cmake.task.cmake.build:Building CMake package in '/home/zheng/carerobot_slam_ros2/src/robot_pid_local_planner'
[1.141s] INFO:colcon.colcon_core.shell:Skip shell extension 'powershell' for command environment: Not usable outside of PowerShell
[1.141s] DEBUG:colcon.colcon_core.shell:Skip shell extension 'dsv' for command environment
[1.153s] DEBUG:colcon.colcon_core.event_handler.log_command:Invoking command in '/home/zheng/carerobot_slam_ros2/build/robot_costmap': CMAKE_PREFIX_PATH=/home/zheng/carerobot_slam_ros2/install/robot_communication:/home/zheng/carerobot_slam_ros2/install/slam_gmapping:/home/zheng/carerobot_slam_ros2/install/robot_pid_local_planner:/home/zheng/carerobot_slam_ros2/install/robot_navigation:/home/zheng/carerobot_slam_ros2/install/robot_costmap:/home/zheng/carerobot_slam_ros2/install/openslam_gmapping:/home/zheng/carerobot_slam_ros2/install/keyboard_control:/home/zheng/carerobot_slam_ros2/install/diff_drive_gazebo:/opt/ros/humble LD_LIBRARY_PATH=/home/zheng/carerobot_slam_ros2/install/robot_communication/lib:/home/zheng/carerobot_slam_ros2/install/robot_costmap/lib:/home/zheng/carerobot_slam_ros2/install/openslam_gmapping/lib:/usr/lib/x86_64-linux-gnu/gazebo-11/plugins:/opt/ros/humble/opt/rviz_ogre_vendor/lib:/opt/ros/humble/lib/x86_64-linux-gnu:/opt/ros/humble/lib /usr/bin/cmake --build /home/zheng/carerobot_slam_ros2/build/robot_costmap -- -j8 -l8
[1.156s] DEBUG:colcon.colcon_core.event_handler.log_command:Invoking command in '/home/zheng/carerobot_slam_ros2/build/robot_pid_local_planner': CMAKE_PREFIX_PATH=/home/zheng/carerobot_slam_ros2/install/robot_communication:/home/zheng/carerobot_slam_ros2/install/slam_gmapping:/home/zheng/carerobot_slam_ros2/install/robot_pid_local_planner:/home/zheng/carerobot_slam_ros2/install/robot_navigation:/home/zheng/carerobot_slam_ros2/install/robot_costmap:/home/zheng/carerobot_slam_ros2/install/openslam_gmapping:/home/zheng/carerobot_slam_ros2/install/keyboard_control:/home/zheng/carerobot_slam_ros2/install/diff_drive_gazebo:/opt/ros/humble LD_LIBRARY_PATH=/home/zheng/carerobot_slam_ros2/install/robot_communication/lib:/home/zheng/carerobot_slam_ros2/install/robot_costmap/lib:/home/zheng/carerobot_slam_ros2/install/openslam_gmapping/lib:/usr/lib/x86_64-linux-gnu/gazebo-11/plugins:/opt/ros/humble/opt/rviz_ogre_vendor/lib:/opt/ros/humble/lib/x86_64-linux-gnu:/opt/ros/humble/lib /usr/bin/cmake --build /home/zheng/carerobot_slam_ros2/build/robot_pid_local_planner -- -j8 -l8
[1.237s] DEBUG:colcon.colcon_core.event_handler.log_command:Invoked command in '/home/zheng/carerobot_slam_ros2/build/robot_pid_local_planner' returned '0': CMAKE_PREFIX_PATH=/home/zheng/carerobot_slam_ros2/install/robot_communication:/home/zheng/carerobot_slam_ros2/install/slam_gmapping:/home/zheng/carerobot_slam_ros2/install/robot_pid_local_planner:/home/zheng/carerobot_slam_ros2/install/robot_navigation:/home/zheng/carerobot_slam_ros2/install/robot_costmap:/home/zheng/carerobot_slam_ros2/install/openslam_gmapping:/home/zheng/carerobot_slam_ros2/install/keyboard_control:/home/zheng/carerobot_slam_ros2/install/diff_drive_gazebo:/opt/ros/humble LD_LIBRARY_PATH=/home/zheng/carerobot_slam_ros2/install/robot_communication/lib:/home/zheng/carerobot_slam_ros2/install/robot_costmap/lib:/home/zheng/carerobot_slam_ros2/install/openslam_gmapping/lib:/usr/lib/x86_64-linux-gnu/gazebo-11/plugins:/opt/ros/humble/opt/rviz_ogre_vendor/lib:/opt/ros/humble/lib/x86_64-linux-gnu:/opt/ros/humble/lib /usr/bin/cmake --build /home/zheng/carerobot_slam_ros2/build/robot_pid_local_planner -- -j8 -l8
[1.239s] DEBUG:colcon.colcon_core.event_handler.log_command:Invoking command in '/home/zheng/carerobot_slam_ros2/build/robot_pid_local_planner': CMAKE_PREFIX_PATH=/home/zheng/carerobot_slam_ros2/install/robot_communication:/home/zheng/carerobot_slam_ros2/install/slam_gmapping:/home/zheng/carerobot_slam_ros2/install/robot_pid_local_planner:/home/zheng/carerobot_slam_ros2/install/robot_navigation:/home/zheng/carerobot_slam_ros2/install/robot_costmap:/home/zheng/carerobot_slam_ros2/install/openslam_gmapping:/home/zheng/carerobot_slam_ros2/install/keyboard_control:/home/zheng/carerobot_slam_ros2/install/diff_drive_gazebo:/opt/ros/humble LD_LIBRARY_PATH=/home/zheng/carerobot_slam_ros2/install/robot_communication/lib:/home/zheng/carerobot_slam_ros2/install/robot_costmap/lib:/home/zheng/carerobot_slam_ros2/install/openslam_gmapping/lib:/usr/lib/x86_64-linux-gnu/gazebo-11/plugins:/opt/ros/humble/opt/rviz_ogre_vendor/lib:/opt/ros/humble/lib/x86_64-linux-gnu:/opt/ros/humble/lib /usr/bin/cmake --install /home/zheng/carerobot_slam_ros2/build/robot_pid_local_planner
[1.251s] Level 1:colcon.colcon_core.environment:create_environment_scripts_only(robot_pid_local_planner)
[1.251s] Level 1:colcon.colcon_core.environment:checking '/home/zheng/carerobot_slam_ros2/install/robot_pid_local_planner' for CMake module files
[1.252s] DEBUG:colcon.colcon_core.event_handler.log_command:Invoked command in '/home/zheng/carerobot_slam_ros2/build/robot_pid_local_planner' returned '0': CMAKE_PREFIX_PATH=/home/zheng/carerobot_slam_ros2/install/robot_communication:/home/zheng/carerobot_slam_ros2/install/slam_gmapping:/home/zheng/carerobot_slam_ros2/install/robot_pid_local_planner:/home/zheng/carerobot_slam_ros2/install/robot_navigation:/home/zheng/carerobot_slam_ros2/install/robot_costmap:/home/zheng/carerobot_slam_ros2/install/openslam_gmapping:/home/zheng/carerobot_slam_ros2/install/keyboard_control:/home/zheng/carerobot_slam_ros2/install/diff_drive_gazebo:/opt/ros/humble LD_LIBRARY_PATH=/home/zheng/carerobot_slam_ros2/install/robot_communication/lib:/home/zheng/carerobot_slam_ros2/install/robot_costmap/lib:/home/zheng/carerobot_slam_ros2/install/openslam_gmapping/lib:/usr/lib/x86_64-linux-gnu/gazebo-11/plugins:/opt/ros/humble/opt/rviz_ogre_vendor/lib:/opt/ros/humble/lib/x86_64-linux-gnu:/opt/ros/humble/lib /usr/bin/cmake --install /home/zheng/carerobot_slam_ros2/build/robot_pid_local_planner
[1.252s] Level 1:colcon.colcon_core.environment:checking '/home/zheng/carerobot_slam_ros2/install/robot_pid_local_planner' for CMake config files
[1.253s] Level 1:colcon.colcon_core.shell:create_environment_hook('robot_pid_local_planner', 'cmake_prefix_path')
[1.253s] INFO:colcon.colcon_core.shell:Creating environment hook '/home/zheng/carerobot_slam_ros2/install/robot_pid_local_planner/share/robot_pid_local_planner/hook/cmake_prefix_path.ps1'
[1.254s] INFO:colcon.colcon_core.shell:Creating environment descriptor '/home/zheng/carerobot_slam_ros2/install/robot_pid_local_planner/share/robot_pid_local_planner/hook/cmake_prefix_path.dsv'
[1.254s] INFO:colcon.colcon_core.shell:Creating environment hook '/home/zheng/carerobot_slam_ros2/install/robot_pid_local_planner/share/robot_pid_local_planner/hook/cmake_prefix_path.sh'
[1.255s] Level 1:colcon.colcon_core.environment:checking '/home/zheng/carerobot_slam_ros2/install/robot_pid_local_planner/lib'
[1.255s] Level 1:colcon.colcon_core.environment:checking '/home/zheng/carerobot_slam_ros2/install/robot_pid_local_planner/bin'
[1.255s] Level 1:colcon.colcon_core.environment:checking '/home/zheng/carerobot_slam_ros2/install/robot_pid_local_planner/lib/pkgconfig/robot_pid_local_planner.pc'
[1.255s] Level 1:colcon.colcon_core.environment:checking '/home/zheng/carerobot_slam_ros2/install/robot_pid_local_planner/lib/python3.10/site-packages'
[1.256s] Level 1:colcon.colcon_core.environment:checking '/home/zheng/carerobot_slam_ros2/install/robot_pid_local_planner/bin'
[1.256s] INFO:colcon.colcon_core.shell:Creating package script '/home/zheng/carerobot_slam_ros2/install/robot_pid_local_planner/share/robot_pid_local_planner/package.ps1'
[1.257s] INFO:colcon.colcon_core.shell:Creating package descriptor '/home/zheng/carerobot_slam_ros2/install/robot_pid_local_planner/share/robot_pid_local_planner/package.dsv'
[1.257s] INFO:colcon.colcon_core.shell:Creating package script '/home/zheng/carerobot_slam_ros2/install/robot_pid_local_planner/share/robot_pid_local_planner/package.sh'
[1.258s] INFO:colcon.colcon_core.shell:Creating package script '/home/zheng/carerobot_slam_ros2/install/robot_pid_local_planner/share/robot_pid_local_planner/package.bash'
[1.258s] INFO:colcon.colcon_core.shell:Creating package script '/home/zheng/carerobot_slam_ros2/install/robot_pid_local_planner/share/robot_pid_local_planner/package.zsh'
[1.259s] Level 1:colcon.colcon_core.environment:create_file_with_runtime_dependencies(/home/zheng/carerobot_slam_ros2/install/robot_pid_local_planner/share/colcon-core/packages/robot_pid_local_planner)
[1.259s] Level 1:colcon.colcon_core.environment:create_environment_scripts_only(robot_pid_local_planner)
[1.259s] Level 1:colcon.colcon_core.environment:checking '/home/zheng/carerobot_slam_ros2/install/robot_pid_local_planner' for CMake module files
[1.260s] Level 1:colcon.colcon_core.environment:checking '/home/zheng/carerobot_slam_ros2/install/robot_pid_local_planner' for CMake config files
[1.260s] Level 1:colcon.colcon_core.shell:create_environment_hook('robot_pid_local_planner', 'cmake_prefix_path')
[1.261s] INFO:colcon.colcon_core.shell:Creating environment hook '/home/zheng/carerobot_slam_ros2/install/robot_pid_local_planner/share/robot_pid_local_planner/hook/cmake_prefix_path.ps1'
[1.261s] INFO:colcon.colcon_core.shell:Creating environment descriptor '/home/zheng/carerobot_slam_ros2/install/robot_pid_local_planner/share/robot_pid_local_planner/hook/cmake_prefix_path.dsv'
[1.261s] INFO:colcon.colcon_core.shell:Creating environment hook '/home/zheng/carerobot_slam_ros2/install/robot_pid_local_planner/share/robot_pid_local_planner/hook/cmake_prefix_path.sh'
[1.262s] Level 1:colcon.colcon_core.environment:checking '/home/zheng/carerobot_slam_ros2/install/robot_pid_local_planner/lib'
[1.262s] Level 1:colcon.colcon_core.environment:checking '/home/zheng/carerobot_slam_ros2/install/robot_pid_local_planner/bin'
[1.262s] Level 1:colcon.colcon_core.environment:checking '/home/zheng/carerobot_slam_ros2/install/robot_pid_local_planner/lib/pkgconfig/robot_pid_local_planner.pc'
[1.262s] Level 1:colcon.colcon_core.environment:checking '/home/zheng/carerobot_slam_ros2/install/robot_pid_local_planner/lib/python3.10/site-packages'
[1.263s] Level 1:colcon.colcon_core.environment:checking '/home/zheng/carerobot_slam_ros2/install/robot_pid_local_planner/bin'
[1.263s] INFO:colcon.colcon_core.shell:Creating package script '/home/zheng/carerobot_slam_ros2/install/robot_pid_local_planner/share/robot_pid_local_planner/package.ps1'
[1.264s] INFO:colcon.colcon_core.shell:Creating package descriptor '/home/zheng/carerobot_slam_ros2/install/robot_pid_local_planner/share/robot_pid_local_planner/package.dsv'
[1.264s] INFO:colcon.colcon_core.shell:Creating package script '/home/zheng/carerobot_slam_ros2/install/robot_pid_local_planner/share/robot_pid_local_planner/package.sh'
[1.265s] INFO:colcon.colcon_core.shell:Creating package script '/home/zheng/carerobot_slam_ros2/install/robot_pid_local_planner/share/robot_pid_local_planner/package.bash'
[1.266s] INFO:colcon.colcon_core.shell:Creating package script '/home/zheng/carerobot_slam_ros2/install/robot_pid_local_planner/share/robot_pid_local_planner/package.zsh'
[1.266s] Level 1:colcon.colcon_core.environment:create_file_with_runtime_dependencies(/home/zheng/carerobot_slam_ros2/install/robot_pid_local_planner/share/colcon-core/packages/robot_pid_local_planner)
[1.293s] DEBUG:colcon.colcon_core.event_handler.log_command:Invoked command in '/home/zheng/carerobot_slam_ros2/build/robot_costmap' returned '0': CMAKE_PREFIX_PATH=/home/zheng/carerobot_slam_ros2/install/robot_communication:/home/zheng/carerobot_slam_ros2/install/slam_gmapping:/home/zheng/carerobot_slam_ros2/install/robot_pid_local_planner:/home/zheng/carerobot_slam_ros2/install/robot_navigation:/home/zheng/carerobot_slam_ros2/install/robot_costmap:/home/zheng/carerobot_slam_ros2/install/openslam_gmapping:/home/zheng/carerobot_slam_ros2/install/keyboard_control:/home/zheng/carerobot_slam_ros2/install/diff_drive_gazebo:/opt/ros/humble LD_LIBRARY_PATH=/home/zheng/carerobot_slam_ros2/install/robot_communication/lib:/home/zheng/carerobot_slam_ros2/install/robot_costmap/lib:/home/zheng/carerobot_slam_ros2/install/openslam_gmapping/lib:/usr/lib/x86_64-linux-gnu/gazebo-11/plugins:/opt/ros/humble/opt/rviz_ogre_vendor/lib:/opt/ros/humble/lib/x86_64-linux-gnu:/opt/ros/humble/lib /usr/bin/cmake --build /home/zheng/carerobot_slam_ros2/build/robot_costmap -- -j8 -l8
[1.295s] DEBUG:colcon.colcon_core.event_handler.log_command:Invoking command in '/home/zheng/carerobot_slam_ros2/build/robot_costmap': CMAKE_PREFIX_PATH=/home/zheng/carerobot_slam_ros2/install/robot_communication:/home/zheng/carerobot_slam_ros2/install/slam_gmapping:/home/zheng/carerobot_slam_ros2/install/robot_pid_local_planner:/home/zheng/carerobot_slam_ros2/install/robot_navigation:/home/zheng/carerobot_slam_ros2/install/robot_costmap:/home/zheng/carerobot_slam_ros2/install/openslam_gmapping:/home/zheng/carerobot_slam_ros2/install/keyboard_control:/home/zheng/carerobot_slam_ros2/install/diff_drive_gazebo:/opt/ros/humble LD_LIBRARY_PATH=/home/zheng/carerobot_slam_ros2/install/robot_communication/lib:/home/zheng/carerobot_slam_ros2/install/robot_costmap/lib:/home/zheng/carerobot_slam_ros2/install/openslam_gmapping/lib:/usr/lib/x86_64-linux-gnu/gazebo-11/plugins:/opt/ros/humble/opt/rviz_ogre_vendor/lib:/opt/ros/humble/lib/x86_64-linux-gnu:/opt/ros/humble/lib /usr/bin/cmake --install /home/zheng/carerobot_slam_ros2/build/robot_costmap
[1.308s] Level 1:colcon.colcon_core.environment:create_environment_scripts_only(robot_costmap)
[1.309s] Level 1:colcon.colcon_core.environment:checking '/home/zheng/carerobot_slam_ros2/install/robot_costmap' for CMake module files
[1.310s] DEBUG:colcon.colcon_core.event_handler.log_command:Invoked command in '/home/zheng/carerobot_slam_ros2/build/robot_costmap' returned '0': CMAKE_PREFIX_PATH=/home/zheng/carerobot_slam_ros2/install/robot_communication:/home/zheng/carerobot_slam_ros2/install/slam_gmapping:/home/zheng/carerobot_slam_ros2/install/robot_pid_local_planner:/home/zheng/carerobot_slam_ros2/install/robot_navigation:/home/zheng/carerobot_slam_ros2/install/robot_costmap:/home/zheng/carerobot_slam_ros2/install/openslam_gmapping:/home/zheng/carerobot_slam_ros2/install/keyboard_control:/home/zheng/carerobot_slam_ros2/install/diff_drive_gazebo:/opt/ros/humble LD_LIBRARY_PATH=/home/zheng/carerobot_slam_ros2/install/robot_communication/lib:/home/zheng/carerobot_slam_ros2/install/robot_costmap/lib:/home/zheng/carerobot_slam_ros2/install/openslam_gmapping/lib:/usr/lib/x86_64-linux-gnu/gazebo-11/plugins:/opt/ros/humble/opt/rviz_ogre_vendor/lib:/opt/ros/humble/lib/x86_64-linux-gnu:/opt/ros/humble/lib /usr/bin/cmake --install /home/zheng/carerobot_slam_ros2/build/robot_costmap
[1.311s] Level 1:colcon.colcon_core.environment:checking '/home/zheng/carerobot_slam_ros2/install/robot_costmap' for CMake config files
[1.311s] Level 1:colcon.colcon_core.shell:create_environment_hook('robot_costmap', 'cmake_prefix_path')
[1.311s] INFO:colcon.colcon_core.shell:Creating environment hook '/home/zheng/carerobot_slam_ros2/install/robot_costmap/share/robot_costmap/hook/cmake_prefix_path.ps1'
[1.312s] INFO:colcon.colcon_core.shell:Creating environment descriptor '/home/zheng/carerobot_slam_ros2/install/robot_costmap/share/robot_costmap/hook/cmake_prefix_path.dsv'
[1.313s] INFO:colcon.colcon_core.shell:Creating environment hook '/home/zheng/carerobot_slam_ros2/install/robot_costmap/share/robot_costmap/hook/cmake_prefix_path.sh'
[1.313s] Level 1:colcon.colcon_core.environment:checking '/home/zheng/carerobot_slam_ros2/install/robot_costmap/lib'
[1.313s] Level 1:colcon.colcon_core.environment:checking '/home/zheng/carerobot_slam_ros2/install/robot_costmap/bin'
[1.314s] Level 1:colcon.colcon_core.environment:checking '/home/zheng/carerobot_slam_ros2/install/robot_costmap/lib/pkgconfig/robot_costmap.pc'
[1.314s] Level 1:colcon.colcon_core.environment:checking '/home/zheng/carerobot_slam_ros2/install/robot_costmap/lib/python3.10/site-packages'
[1.315s] Level 1:colcon.colcon_core.environment:checking '/home/zheng/carerobot_slam_ros2/install/robot_costmap/bin'
[1.315s] INFO:colcon.colcon_core.shell:Creating package script '/home/zheng/carerobot_slam_ros2/install/robot_costmap/share/robot_costmap/package.ps1'
[1.316s] INFO:colcon.colcon_core.shell:Creating package descriptor '/home/zheng/carerobot_slam_ros2/install/robot_costmap/share/robot_costmap/package.dsv'
[1.317s] INFO:colcon.colcon_core.shell:Creating package script '/home/zheng/carerobot_slam_ros2/install/robot_costmap/share/robot_costmap/package.sh'
[1.317s] INFO:colcon.colcon_core.shell:Creating package script '/home/zheng/carerobot_slam_ros2/install/robot_costmap/share/robot_costmap/package.bash'
[1.318s] INFO:colcon.colcon_core.shell:Creating package script '/home/zheng/carerobot_slam_ros2/install/robot_costmap/share/robot_costmap/package.zsh'
[1.318s] Level 1:colcon.colcon_core.environment:create_file_with_runtime_dependencies(/home/zheng/carerobot_slam_ros2/install/robot_costmap/share/colcon-core/packages/robot_costmap)
[1.319s] Level 1:colcon.colcon_core.environment:create_environment_scripts_only(robot_costmap)
[1.319s] Level 1:colcon.colcon_core.environment:checking '/home/zheng/carerobot_slam_ros2/install/robot_costmap' for CMake module files
[1.320s] Level 1:colcon.colcon_core.environment:checking '/home/zheng/carerobot_slam_ros2/install/robot_costmap' for CMake config files
[1.320s] Level 1:colcon.colcon_core.shell:create_environment_hook('robot_costmap', 'cmake_prefix_path')
[1.320s] INFO:colcon.colcon_core.shell:Creating environment hook '/home/zheng/carerobot_slam_ros2/install/robot_costmap/share/robot_costmap/hook/cmake_prefix_path.ps1'
[1.321s] INFO:colcon.colcon_core.shell:Creating environment descriptor '/home/zheng/carerobot_slam_ros2/install/robot_costmap/share/robot_costmap/hook/cmake_prefix_path.dsv'
[1.321s] INFO:colcon.colcon_core.shell:Creating environment hook '/home/zheng/carerobot_slam_ros2/install/robot_costmap/share/robot_costmap/hook/cmake_prefix_path.sh'
[1.321s] Level 1:colcon.colcon_core.environment:checking '/home/zheng/carerobot_slam_ros2/install/robot_costmap/lib'
[1.322s] Level 1:colcon.colcon_core.environment:checking '/home/zheng/carerobot_slam_ros2/install/robot_costmap/bin'
[1.322s] Level 1:colcon.colcon_core.environment:checking '/home/zheng/carerobot_slam_ros2/install/robot_costmap/lib/pkgconfig/robot_costmap.pc'
[1.322s] Level 1:colcon.colcon_core.environment:checking '/home/zheng/carerobot_slam_ros2/install/robot_costmap/lib/python3.10/site-packages'
[1.322s] Level 1:colcon.colcon_core.environment:checking '/home/zheng/carerobot_slam_ros2/install/robot_costmap/bin'
[1.322s] INFO:colcon.colcon_core.shell:Creating package script '/home/zheng/carerobot_slam_ros2/install/robot_costmap/share/robot_costmap/package.ps1'
[1.323s] INFO:colcon.colcon_core.shell:Creating package descriptor '/home/zheng/carerobot_slam_ros2/install/robot_costmap/share/robot_costmap/package.dsv'
[1.324s] INFO:colcon.colcon_core.shell:Creating package script '/home/zheng/carerobot_slam_ros2/install/robot_costmap/share/robot_costmap/package.sh'
[1.324s] INFO:colcon.colcon_core.shell:Creating package script '/home/zheng/carerobot_slam_ros2/install/robot_costmap/share/robot_costmap/package.bash'
[1.324s] INFO:colcon.colcon_core.shell:Creating package script '/home/zheng/carerobot_slam_ros2/install/robot_costmap/share/robot_costmap/package.zsh'
[1.325s] Level 1:colcon.colcon_core.environment:create_file_with_runtime_dependencies(/home/zheng/carerobot_slam_ros2/install/robot_costmap/share/colcon-core/packages/robot_costmap)
[1.325s] INFO:colcon.colcon_ros.task.ament_cmake.build:Building ROS package in '/home/zheng/carerobot_slam_ros2/src/robot_navigation' with build type 'ament_cmake'
[1.326s] INFO:colcon.colcon_cmake.task.cmake.build:Building CMake package in '/home/zheng/carerobot_slam_ros2/src/robot_navigation'
[1.326s] INFO:colcon.colcon_core.shell:Skip shell extension 'powershell' for command environment: Not usable outside of PowerShell
[1.326s] DEBUG:colcon.colcon_core.shell:Skip shell extension 'dsv' for command environment
[1.341s] DEBUG:colcon.colcon_core.event_handler.log_command:Invoking command in '/home/zheng/carerobot_slam_ros2/build/robot_navigation': CMAKE_PREFIX_PATH=/home/zheng/carerobot_slam_ros2/install/robot_costmap:/home/zheng/carerobot_slam_ros2/install/robot_communication:/home/zheng/carerobot_slam_ros2/install/slam_gmapping:/home/zheng/carerobot_slam_ros2/install/robot_pid_local_planner:/home/zheng/carerobot_slam_ros2/install/robot_navigation:/home/zheng/carerobot_slam_ros2/install/openslam_gmapping:/home/zheng/carerobot_slam_ros2/install/keyboard_control:/home/zheng/carerobot_slam_ros2/install/diff_drive_gazebo:/opt/ros/humble LD_LIBRARY_PATH=/home/zheng/carerobot_slam_ros2/install/robot_communication/lib:/home/zheng/carerobot_slam_ros2/install/robot_costmap/lib:/home/zheng/carerobot_slam_ros2/install/openslam_gmapping/lib:/usr/lib/x86_64-linux-gnu/gazebo-11/plugins:/opt/ros/humble/opt/rviz_ogre_vendor/lib:/opt/ros/humble/lib/x86_64-linux-gnu:/opt/ros/humble/lib /usr/bin/cmake --build /home/zheng/carerobot_slam_ros2/build/robot_navigation -- -j8 -l8
[3.938s] DEBUG:colcon.colcon_core.event_handler.log_command:Invoked command in '/home/zheng/carerobot_slam_ros2/build/robot_navigation' returned '0': CMAKE_PREFIX_PATH=/home/zheng/carerobot_slam_ros2/install/robot_costmap:/home/zheng/carerobot_slam_ros2/install/robot_communication:/home/zheng/carerobot_slam_ros2/install/slam_gmapping:/home/zheng/carerobot_slam_ros2/install/robot_pid_local_planner:/home/zheng/carerobot_slam_ros2/install/robot_navigation:/home/zheng/carerobot_slam_ros2/install/openslam_gmapping:/home/zheng/carerobot_slam_ros2/install/keyboard_control:/home/zheng/carerobot_slam_ros2/install/diff_drive_gazebo:/opt/ros/humble LD_LIBRARY_PATH=/home/zheng/carerobot_slam_ros2/install/robot_communication/lib:/home/zheng/carerobot_slam_ros2/install/robot_costmap/lib:/home/zheng/carerobot_slam_ros2/install/openslam_gmapping/lib:/usr/lib/x86_64-linux-gnu/gazebo-11/plugins:/opt/ros/humble/opt/rviz_ogre_vendor/lib:/opt/ros/humble/lib/x86_64-linux-gnu:/opt/ros/humble/lib /usr/bin/cmake --build /home/zheng/carerobot_slam_ros2/build/robot_navigation -- -j8 -l8
[3.940s] DEBUG:colcon.colcon_core.event_handler.log_command:Invoking command in '/home/zheng/carerobot_slam_ros2/build/robot_navigation': CMAKE_PREFIX_PATH=/home/zheng/carerobot_slam_ros2/install/robot_costmap:/home/zheng/carerobot_slam_ros2/install/robot_communication:/home/zheng/carerobot_slam_ros2/install/slam_gmapping:/home/zheng/carerobot_slam_ros2/install/robot_pid_local_planner:/home/zheng/carerobot_slam_ros2/install/robot_navigation:/home/zheng/carerobot_slam_ros2/install/openslam_gmapping:/home/zheng/carerobot_slam_ros2/install/keyboard_control:/home/zheng/carerobot_slam_ros2/install/diff_drive_gazebo:/opt/ros/humble LD_LIBRARY_PATH=/home/zheng/carerobot_slam_ros2/install/robot_communication/lib:/home/zheng/carerobot_slam_ros2/install/robot_costmap/lib:/home/zheng/carerobot_slam_ros2/install/openslam_gmapping/lib:/usr/lib/x86_64-linux-gnu/gazebo-11/plugins:/opt/ros/humble/opt/rviz_ogre_vendor/lib:/opt/ros/humble/lib/x86_64-linux-gnu:/opt/ros/humble/lib /usr/bin/cmake --install /home/zheng/carerobot_slam_ros2/build/robot_navigation
[3.954s] Level 1:colcon.colcon_core.environment:create_environment_scripts_only(robot_navigation)
[3.954s] Level 1:colcon.colcon_core.environment:checking '/home/zheng/carerobot_slam_ros2/install/robot_navigation' for CMake module files
[3.956s] DEBUG:colcon.colcon_core.event_handler.log_command:Invoked command in '/home/zheng/carerobot_slam_ros2/build/robot_navigation' returned '0': CMAKE_PREFIX_PATH=/home/zheng/carerobot_slam_ros2/install/robot_costmap:/home/zheng/carerobot_slam_ros2/install/robot_communication:/home/zheng/carerobot_slam_ros2/install/slam_gmapping:/home/zheng/carerobot_slam_ros2/install/robot_pid_local_planner:/home/zheng/carerobot_slam_ros2/install/robot_navigation:/home/zheng/carerobot_slam_ros2/install/openslam_gmapping:/home/zheng/carerobot_slam_ros2/install/keyboard_control:/home/zheng/carerobot_slam_ros2/install/diff_drive_gazebo:/opt/ros/humble LD_LIBRARY_PATH=/home/zheng/carerobot_slam_ros2/install/robot_communication/lib:/home/zheng/carerobot_slam_ros2/install/robot_costmap/lib:/home/zheng/carerobot_slam_ros2/install/openslam_gmapping/lib:/usr/lib/x86_64-linux-gnu/gazebo-11/plugins:/opt/ros/humble/opt/rviz_ogre_vendor/lib:/opt/ros/humble/lib/x86_64-linux-gnu:/opt/ros/humble/lib /usr/bin/cmake --install /home/zheng/carerobot_slam_ros2/build/robot_navigation
[3.957s] Level 1:colcon.colcon_core.environment:checking '/home/zheng/carerobot_slam_ros2/install/robot_navigation' for CMake config files
[3.957s] Level 1:colcon.colcon_core.shell:create_environment_hook('robot_navigation', 'cmake_prefix_path')
[3.958s] INFO:colcon.colcon_core.shell:Creating environment hook '/home/zheng/carerobot_slam_ros2/install/robot_navigation/share/robot_navigation/hook/cmake_prefix_path.ps1'
[3.958s] INFO:colcon.colcon_core.shell:Creating environment descriptor '/home/zheng/carerobot_slam_ros2/install/robot_navigation/share/robot_navigation/hook/cmake_prefix_path.dsv'
[3.959s] INFO:colcon.colcon_core.shell:Creating environment hook '/home/zheng/carerobot_slam_ros2/install/robot_navigation/share/robot_navigation/hook/cmake_prefix_path.sh'
[3.959s] Level 1:colcon.colcon_core.environment:checking '/home/zheng/carerobot_slam_ros2/install/robot_navigation/lib'
[3.960s] Level 1:colcon.colcon_core.environment:checking '/home/zheng/carerobot_slam_ros2/install/robot_navigation/bin'
[3.960s] Level 1:colcon.colcon_core.environment:checking '/home/zheng/carerobot_slam_ros2/install/robot_navigation/lib/pkgconfig/robot_navigation.pc'
[3.960s] Level 1:colcon.colcon_core.environment:checking '/home/zheng/carerobot_slam_ros2/install/robot_navigation/lib/python3.10/site-packages'
[3.961s] Level 1:colcon.colcon_core.environment:checking '/home/zheng/carerobot_slam_ros2/install/robot_navigation/bin'
[3.961s] INFO:colcon.colcon_core.shell:Creating package script '/home/zheng/carerobot_slam_ros2/install/robot_navigation/share/robot_navigation/package.ps1'
[3.962s] INFO:colcon.colcon_core.shell:Creating package descriptor '/home/zheng/carerobot_slam_ros2/install/robot_navigation/share/robot_navigation/package.dsv'
[3.963s] INFO:colcon.colcon_core.shell:Creating package script '/home/zheng/carerobot_slam_ros2/install/robot_navigation/share/robot_navigation/package.sh'
[3.964s] INFO:colcon.colcon_core.shell:Creating package script '/home/zheng/carerobot_slam_ros2/install/robot_navigation/share/robot_navigation/package.bash'
[3.964s] INFO:colcon.colcon_core.shell:Creating package script '/home/zheng/carerobot_slam_ros2/install/robot_navigation/share/robot_navigation/package.zsh'
[3.965s] Level 1:colcon.colcon_core.environment:create_file_with_runtime_dependencies(/home/zheng/carerobot_slam_ros2/install/robot_navigation/share/colcon-core/packages/robot_navigation)
[3.966s] Level 1:colcon.colcon_core.environment:create_environment_scripts_only(robot_navigation)
[3.967s] Level 1:colcon.colcon_core.environment:checking '/home/zheng/carerobot_slam_ros2/install/robot_navigation' for CMake module files
[3.968s] Level 1:colcon.colcon_core.environment:checking '/home/zheng/carerobot_slam_ros2/install/robot_navigation' for CMake config files
[3.968s] Level 1:colcon.colcon_core.shell:create_environment_hook('robot_navigation', 'cmake_prefix_path')
[3.969s] INFO:colcon.colcon_core.shell:Creating environment hook '/home/zheng/carerobot_slam_ros2/install/robot_navigation/share/robot_navigation/hook/cmake_prefix_path.ps1'
[3.970s] INFO:colcon.colcon_core.shell:Creating environment descriptor '/home/zheng/carerobot_slam_ros2/install/robot_navigation/share/robot_navigation/hook/cmake_prefix_path.dsv'
[3.971s] INFO:colcon.colcon_core.shell:Creating environment hook '/home/zheng/carerobot_slam_ros2/install/robot_navigation/share/robot_navigation/hook/cmake_prefix_path.sh'
[3.973s] Level 1:colcon.colcon_core.environment:checking '/home/zheng/carerobot_slam_ros2/install/robot_navigation/lib'
[3.973s] Level 1:colcon.colcon_core.environment:checking '/home/zheng/carerobot_slam_ros2/install/robot_navigation/bin'
[3.973s] Level 1:colcon.colcon_core.environment:checking '/home/zheng/carerobot_slam_ros2/install/robot_navigation/lib/pkgconfig/robot_navigation.pc'
[3.974s] Level 1:colcon.colcon_core.environment:checking '/home/zheng/carerobot_slam_ros2/install/robot_navigation/lib/python3.10/site-packages'
[3.974s] Level 1:colcon.colcon_core.environment:checking '/home/zheng/carerobot_slam_ros2/install/robot_navigation/bin'
[3.975s] INFO:colcon.colcon_core.shell:Creating package script '/home/zheng/carerobot_slam_ros2/install/robot_navigation/share/robot_navigation/package.ps1'
[3.976s] INFO:colcon.colcon_core.shell:Creating package descriptor '/home/zheng/carerobot_slam_ros2/install/robot_navigation/share/robot_navigation/package.dsv'
[3.977s] INFO:colcon.colcon_core.shell:Creating package script '/home/zheng/carerobot_slam_ros2/install/robot_navigation/share/robot_navigation/package.sh'
[3.977s] INFO:colcon.colcon_core.shell:Creating package script '/home/zheng/carerobot_slam_ros2/install/robot_navigation/share/robot_navigation/package.bash'
[3.978s] INFO:colcon.colcon_core.shell:Creating package script '/home/zheng/carerobot_slam_ros2/install/robot_navigation/share/robot_navigation/package.zsh'
[3.978s] Level 1:colcon.colcon_core.environment:create_file_with_runtime_dependencies(/home/zheng/carerobot_slam_ros2/install/robot_navigation/share/colcon-core/packages/robot_navigation)
[3.979s] DEBUG:colcon.colcon_parallel_executor.executor.parallel:closing loop
[3.979s] DEBUG:colcon.colcon_parallel_executor.executor.parallel:loop closed
[3.979s] DEBUG:colcon.colcon_parallel_executor.executor.parallel:run_until_complete finished with '0'
[3.979s] DEBUG:colcon.colcon_core.event_reactor:joining thread
[3.985s] INFO:colcon.colcon_core.plugin_system:Skipping extension 'colcon_notification.desktop_notification.terminal_notifier': Not used on non-Darwin systems
[3.985s] INFO:colcon.colcon_core.plugin_system:Skipping extension 'colcon_notification.desktop_notification.win32': Not used on non-Windows systems
[3.986s] INFO:colcon.colcon_notification.desktop_notification:Sending desktop notification using 'notify2'
[3.998s] DEBUG:colcon.colcon_core.event_reactor:joined thread
[3.999s] INFO:colcon.colcon_core.shell:Creating prefix script '/home/zheng/carerobot_slam_ros2/install/local_setup.ps1'
[4.001s] INFO:colcon.colcon_core.shell:Creating prefix util module '/home/zheng/carerobot_slam_ros2/install/_local_setup_util_ps1.py'
[4.003s] INFO:colcon.colcon_core.shell:Creating prefix chain script '/home/zheng/carerobot_slam_ros2/install/setup.ps1'
[4.005s] INFO:colcon.colcon_core.shell:Creating prefix script '/home/zheng/carerobot_slam_ros2/install/local_setup.sh'
[4.005s] INFO:colcon.colcon_core.shell:Creating prefix util module '/home/zheng/carerobot_slam_ros2/install/_local_setup_util_sh.py'
[4.006s] INFO:colcon.colcon_core.shell:Creating prefix chain script '/home/zheng/carerobot_slam_ros2/install/setup.sh'
[4.007s] INFO:colcon.colcon_core.shell:Creating prefix script '/home/zheng/carerobot_slam_ros2/install/local_setup.bash'
[4.008s] INFO:colcon.colcon_core.shell:Creating prefix chain script '/home/zheng/carerobot_slam_ros2/install/setup.bash'
[4.009s] INFO:colcon.colcon_core.shell:Creating prefix script '/home/zheng/carerobot_slam_ros2/install/local_setup.zsh'
[4.009s] INFO:colcon.colcon_core.shell:Creating prefix chain script '/home/zheng/carerobot_slam_ros2/install/setup.zsh'
