[0.000000] (-) TimerEvent: {}
[0.000463] (diff_drive_gazebo) JobQueued: {'identifier': 'diff_drive_gazebo', 'dependencies': OrderedDict()}
[0.000637] (explore_lite) JobQueued: {'identifier': 'explore_lite', 'dependencies': OrderedDict()}
[0.000986] (keyboard_control) JobQueued: {'identifier': 'keyboard_control', 'dependencies': OrderedDict()}
[0.001022] (openslam_gmapping) JobQueued: {'identifier': 'openslam_gmapping', 'dependencies': OrderedDict()}
[0.001053] (read_laser_data) JobQueued: {'identifier': 'read_laser_data', 'dependencies': OrderedDict()}
[0.001083] (robot_communication) JobQueued: {'identifier': 'robot_communication', 'dependencies': OrderedDict()}
[0.001113] (robot_costmap) JobQueued: {'identifier': 'robot_costmap', 'dependencies': OrderedDict([('robot_communication', '/home/zheng/carerobot_slam_ros2/install/robot_communication')])}
[0.001146] (robot_pid_local_planner) JobQueued: {'identifier': 'robot_pid_local_planner', 'dependencies': OrderedDict([('robot_communication', '/home/zheng/carerobot_slam_ros2/install/robot_communication')])}
[0.001178] (slam_gmapping) JobQueued: {'identifier': 'slam_gmapping', 'dependencies': OrderedDict([('openslam_gmapping', '/home/zheng/carerobot_slam_ros2/install/openslam_gmapping')])}
[0.001224] (robot_navigation) JobQueued: {'identifier': 'robot_navigation', 'dependencies': OrderedDict([('robot_communication', '/home/zheng/carerobot_slam_ros2/install/robot_communication'), ('robot_costmap', '/home/zheng/carerobot_slam_ros2/install/robot_costmap')])}
[0.001271] (robot_communication) JobStarted: {'identifier': 'robot_communication'}
[0.100023] (-) TimerEvent: {}
[0.200600] (-) TimerEvent: {}
[0.301214] (-) TimerEvent: {}
[0.401507] (-) TimerEvent: {}
[0.501957] (-) TimerEvent: {}
[0.602458] (-) TimerEvent: {}
[0.702949] (-) TimerEvent: {}
[0.803306] (-) TimerEvent: {}
[0.903789] (-) TimerEvent: {}
[1.004435] (-) TimerEvent: {}
[1.104766] (-) TimerEvent: {}
[1.205066] (-) TimerEvent: {}
[1.305838] (-) TimerEvent: {}
[1.406961] (-) TimerEvent: {}
[1.507220] (-) TimerEvent: {}
[1.607738] (-) TimerEvent: {}
[1.708255] (-) TimerEvent: {}
[1.808507] (-) TimerEvent: {}
[1.908900] (-) TimerEvent: {}
[2.009260] (-) TimerEvent: {}
[2.109601] (-) TimerEvent: {}
[2.209910] (-) TimerEvent: {}
[2.310371] (-) TimerEvent: {}
[2.412034] (-) TimerEvent: {}
[2.512414] (-) TimerEvent: {}
[2.613317] (-) TimerEvent: {}
[2.713622] (-) TimerEvent: {}
[2.813927] (-) TimerEvent: {}
[2.914210] (-) TimerEvent: {}
[3.014442] (-) TimerEvent: {}
[3.114715] (-) TimerEvent: {}
[3.215054] (-) TimerEvent: {}
[3.315289] (-) TimerEvent: {}
[3.415597] (-) TimerEvent: {}
[3.515892] (-) TimerEvent: {}
[3.616150] (-) TimerEvent: {}
[3.716416] (-) TimerEvent: {}
[3.816759] (-) TimerEvent: {}
[3.917029] (-) TimerEvent: {}
[4.017335] (-) TimerEvent: {}
[4.117640] (-) TimerEvent: {}
[4.217916] (-) TimerEvent: {}
[4.318181] (-) TimerEvent: {}
[4.418418] (-) TimerEvent: {}
[4.518688] (-) TimerEvent: {}
[4.618977] (-) TimerEvent: {}
[4.719240] (-) TimerEvent: {}
[4.819507] (-) TimerEvent: {}
[4.919767] (-) TimerEvent: {}
[5.020019] (-) TimerEvent: {}
[5.120262] (-) TimerEvent: {}
[5.220502] (-) TimerEvent: {}
[5.320801] (-) TimerEvent: {}
[5.421093] (-) TimerEvent: {}
[5.521365] (-) TimerEvent: {}
[5.621651] (-) TimerEvent: {}
[5.721930] (-) TimerEvent: {}
[5.822215] (-) TimerEvent: {}
[5.922500] (-) TimerEvent: {}
[6.022768] (-) TimerEvent: {}
[6.123047] (-) TimerEvent: {}
[6.223301] (-) TimerEvent: {}
[6.334844] (-) TimerEvent: {}
[6.435199] (-) TimerEvent: {}
[6.463385] (openslam_gmapping) JobStarted: {'identifier': 'openslam_gmapping'}
[6.535400] (-) TimerEvent: {}
[6.635646] (-) TimerEvent: {}
[6.735874] (-) TimerEvent: {}
[6.836199] (-) TimerEvent: {}
[6.936528] (-) TimerEvent: {}
[7.036930] (-) TimerEvent: {}
[7.070964] (diff_drive_gazebo) JobStarted: {'identifier': 'diff_drive_gazebo'}
[7.088567] (explore_lite) JobStarted: {'identifier': 'explore_lite'}
[7.102136] (keyboard_control) JobStarted: {'identifier': 'keyboard_control'}
[7.112227] (read_laser_data) JobStarted: {'identifier': 'read_laser_data'}
[7.138651] (-) TimerEvent: {}
[7.152601] (robot_communication) JobProgress: {'identifier': 'robot_communication', 'progress': 'cmake'}
[7.240670] (-) TimerEvent: {}
[7.341044] (-) TimerEvent: {}
[7.441574] (-) TimerEvent: {}
[7.465427] (robot_communication) JobProgress: {'identifier': 'robot_communication', 'progress': 'build'}
[7.466247] (robot_communication) Command: {'cmd': ['/usr/bin/cmake', '--build', '/home/zheng/carerobot_slam_ros2/build/robot_communication', '--', '-j8', '-l8'], 'cwd': '/home/zheng/carerobot_slam_ros2/build/robot_communication', 'env': OrderedDict([('LESSOPEN', '| /usr/bin/lesspipe %s'), ('HTTPS_PROXY', 'http://127.0.0.1:7890/'), ('no_proxy', 'localhost,127.0.0.0/8,::1'), ('LANGUAGE', 'zh_CN:zh'), ('USER', 'zheng'), ('all_proxy', 'socks://127.0.0.1:7890/'), ('XDG_SESSION_TYPE', 'x11'), ('SHLVL', '1'), ('LD_LIBRARY_PATH', '/usr/lib/x86_64-linux-gnu/gazebo-11/plugins:/opt/ros/humble/opt/rviz_ogre_vendor/lib:/opt/ros/humble/lib/x86_64-linux-gnu:/opt/ros/humble/lib'), ('HOME', '/home/zheng'), ('OLDPWD', '/home/zheng'), ('DESKTOP_SESSION', 'ubuntu-xorg'), ('NO_PROXY', 'localhost,127.0.0.0/8,::1'), ('ROS_PYTHON_VERSION', '3'), ('GNOME_SHELL_SESSION_MODE', 'ubuntu'), ('GTK_MODULES', 'gail:atk-bridge'), ('SYSTEMD_EXEC_PID', '1754'), ('DBUS_SESSION_BUS_ADDRESS', 'unix:path=/run/user/1000/bus'), ('COLORTERM', 'truecolor'), ('https_proxy', 'http://127.0.0.1:7890/'), ('ROS_DISTRO', 'humble'), ('GTK_IM_MODULE', 'ibus'), ('LOGNAME', 'zheng'), ('ALL_PROXY', 'socks://127.0.0.1:7890/'), ('http_proxy', 'http://127.0.0.1:7890/'), ('_', '/usr/bin/colcon'), ('ROS_VERSION', '2'), ('XDG_SESSION_CLASS', 'user'), ('USERNAME', 'zheng'), ('TERM', 'xterm-256color'), ('GNOME_DESKTOP_SESSION_ID', 'this-is-deprecated'), ('ROS_LOCALHOST_ONLY', '0'), ('WINDOWPATH', '2'), ('PATH', '/opt/ros/humble/bin:/home/zheng/.local/bin:/usr/local/sbin:/usr/local/bin:/usr/sbin:/usr/bin:/sbin:/bin:/usr/games:/usr/local/games:/snap/bin:/snap/bin'), ('SESSION_MANAGER', 'local/zheng-Lenovo-Product:@/tmp/.ICE-unix/1731,unix/zheng-Lenovo-Product:/tmp/.ICE-unix/1731'), ('XDG_MENU_PREFIX', 'gnome-'), ('GNOME_TERMINAL_SCREEN', '/org/gnome/Terminal/screen/d492a4b3_e7ac_4b4c_abe4_0222114e68da'), ('XDG_RUNTIME_DIR', '/run/user/1000'), ('DISPLAY', ':0'), ('LANG', 'zh_CN.UTF-8'), ('XDG_CURRENT_DESKTOP', 'ubuntu:GNOME'), ('XMODIFIERS', '@im=ibus'), ('XDG_SESSION_DESKTOP', 'ubuntu-xorg'), ('XAUTHORITY', '/run/user/1000/gdm/Xauthority'), ('LS_COLORS', 'rs=0:di=01;34:ln=01;36:mh=00:pi=40;33:so=01;35:do=01;35:bd=40;33;01:cd=40;33;01:or=40;31;01:mi=00:su=37;41:sg=30;43:ca=30;41:tw=30;42:ow=34;42:st=37;44:ex=01;32:*.tar=01;31:*.tgz=01;31:*.arc=01;31:*.arj=01;31:*.taz=01;31:*.lha=01;31:*.lz4=01;31:*.lzh=01;31:*.lzma=01;31:*.tlz=01;31:*.txz=01;31:*.tzo=01;31:*.t7z=01;31:*.zip=01;31:*.z=01;31:*.dz=01;31:*.gz=01;31:*.lrz=01;31:*.lz=01;31:*.lzo=01;31:*.xz=01;31:*.zst=01;31:*.tzst=01;31:*.bz2=01;31:*.bz=01;31:*.tbz=01;31:*.tbz2=01;31:*.tz=01;31:*.deb=01;31:*.rpm=01;31:*.jar=01;31:*.war=01;31:*.ear=01;31:*.sar=01;31:*.rar=01;31:*.alz=01;31:*.ace=01;31:*.zoo=01;31:*.cpio=01;31:*.7z=01;31:*.rz=01;31:*.cab=01;31:*.wim=01;31:*.swm=01;31:*.dwm=01;31:*.esd=01;31:*.jpg=01;35:*.jpeg=01;35:*.mjpg=01;35:*.mjpeg=01;35:*.gif=01;35:*.bmp=01;35:*.pbm=01;35:*.pgm=01;35:*.ppm=01;35:*.tga=01;35:*.xbm=01;35:*.xpm=01;35:*.tif=01;35:*.tiff=01;35:*.png=01;35:*.svg=01;35:*.svgz=01;35:*.mng=01;35:*.pcx=01;35:*.mov=01;35:*.mpg=01;35:*.mpeg=01;35:*.m2v=01;35:*.mkv=01;35:*.webm=01;35:*.webp=01;35:*.ogm=01;35:*.mp4=01;35:*.m4v=01;35:*.mp4v=01;35:*.vob=01;35:*.qt=01;35:*.nuv=01;35:*.wmv=01;35:*.asf=01;35:*.rm=01;35:*.rmvb=01;35:*.flc=01;35:*.avi=01;35:*.fli=01;35:*.flv=01;35:*.gl=01;35:*.dl=01;35:*.xcf=01;35:*.xwd=01;35:*.yuv=01;35:*.cgm=01;35:*.emf=01;35:*.ogv=01;35:*.ogx=01;35:*.aac=00;36:*.au=00;36:*.flac=00;36:*.m4a=00;36:*.mid=00;36:*.midi=00;36:*.mka=00;36:*.mp3=00;36:*.mpc=00;36:*.ogg=00;36:*.ra=00;36:*.wav=00;36:*.oga=00;36:*.opus=00;36:*.spx=00;36:*.xspf=00;36:'), ('GNOME_TERMINAL_SERVICE', ':1.321'), ('SSH_AGENT_LAUNCHER', 'gnome-keyring'), ('SSH_AUTH_SOCK', '/run/user/1000/keyring/ssh'), ('AMENT_PREFIX_PATH', '/opt/ros/humble'), ('SHELL', '/bin/bash'), ('QT_ACCESSIBILITY', '1'), ('GDMSESSION', 'ubuntu-xorg'), ('LESSCLOSE', '/usr/bin/lesspipe %s %s'), ('GPG_AGENT_INFO', '/run/user/1000/gnupg/S.gpg-agent:0:1'), ('GAZEBO_MODEL_DATABASE_URI', ''), ('QT_IM_MODULE', 'ibus'), ('PWD', '/home/zheng/carerobot_slam_ros2/build/robot_communication'), ('XDG_CONFIG_DIRS', '/etc/xdg/xdg-ubuntu-xorg:/etc/xdg'), ('XDG_DATA_DIRS', '/usr/share/ubuntu-xorg:/usr/share/gnome:/usr/local/share/:/usr/share/:/var/lib/snapd/desktop'), ('PYTHONPATH', '/opt/ros/humble/lib/python3.10/site-packages:/opt/ros/humble/local/lib/python3.10/dist-packages'), ('HTTP_PROXY', 'http://127.0.0.1:7890/'), ('COLCON', '1'), ('VTE_VERSION', '6800'), ('CMAKE_PREFIX_PATH', '/opt/ros/humble')]), 'shell': False}
[7.838061] (-) TimerEvent: {}
[7.838604] (openslam_gmapping) JobProgress: {'identifier': 'openslam_gmapping', 'progress': 'cmake'}
[7.859776] (openslam_gmapping) JobProgress: {'identifier': 'openslam_gmapping', 'progress': 'build'}
[7.860645] (openslam_gmapping) Command: {'cmd': ['/usr/bin/cmake', '--build', '/home/zheng/carerobot_slam_ros2/build/openslam_gmapping', '--', '-j8', '-l8'], 'cwd': '/home/zheng/carerobot_slam_ros2/build/openslam_gmapping', 'env': OrderedDict([('LESSOPEN', '| /usr/bin/lesspipe %s'), ('HTTPS_PROXY', 'http://127.0.0.1:7890/'), ('no_proxy', 'localhost,127.0.0.0/8,::1'), ('LANGUAGE', 'zh_CN:zh'), ('USER', 'zheng'), ('all_proxy', 'socks://127.0.0.1:7890/'), ('XDG_SESSION_TYPE', 'x11'), ('SHLVL', '1'), ('LD_LIBRARY_PATH', '/usr/lib/x86_64-linux-gnu/gazebo-11/plugins:/opt/ros/humble/opt/rviz_ogre_vendor/lib:/opt/ros/humble/lib/x86_64-linux-gnu:/opt/ros/humble/lib'), ('HOME', '/home/zheng'), ('OLDPWD', '/home/zheng'), ('DESKTOP_SESSION', 'ubuntu-xorg'), ('NO_PROXY', 'localhost,127.0.0.0/8,::1'), ('ROS_PYTHON_VERSION', '3'), ('GNOME_SHELL_SESSION_MODE', 'ubuntu'), ('GTK_MODULES', 'gail:atk-bridge'), ('SYSTEMD_EXEC_PID', '1754'), ('DBUS_SESSION_BUS_ADDRESS', 'unix:path=/run/user/1000/bus'), ('COLORTERM', 'truecolor'), ('https_proxy', 'http://127.0.0.1:7890/'), ('ROS_DISTRO', 'humble'), ('GTK_IM_MODULE', 'ibus'), ('LOGNAME', 'zheng'), ('ALL_PROXY', 'socks://127.0.0.1:7890/'), ('http_proxy', 'http://127.0.0.1:7890/'), ('_', '/usr/bin/colcon'), ('ROS_VERSION', '2'), ('XDG_SESSION_CLASS', 'user'), ('USERNAME', 'zheng'), ('TERM', 'xterm-256color'), ('GNOME_DESKTOP_SESSION_ID', 'this-is-deprecated'), ('ROS_LOCALHOST_ONLY', '0'), ('WINDOWPATH', '2'), ('PATH', '/opt/ros/humble/bin:/home/zheng/.local/bin:/usr/local/sbin:/usr/local/bin:/usr/sbin:/usr/bin:/sbin:/bin:/usr/games:/usr/local/games:/snap/bin:/snap/bin'), ('SESSION_MANAGER', 'local/zheng-Lenovo-Product:@/tmp/.ICE-unix/1731,unix/zheng-Lenovo-Product:/tmp/.ICE-unix/1731'), ('XDG_MENU_PREFIX', 'gnome-'), ('GNOME_TERMINAL_SCREEN', '/org/gnome/Terminal/screen/d492a4b3_e7ac_4b4c_abe4_0222114e68da'), ('XDG_RUNTIME_DIR', '/run/user/1000'), ('DISPLAY', ':0'), ('LANG', 'zh_CN.UTF-8'), ('XDG_CURRENT_DESKTOP', 'ubuntu:GNOME'), ('XMODIFIERS', '@im=ibus'), ('XDG_SESSION_DESKTOP', 'ubuntu-xorg'), ('XAUTHORITY', '/run/user/1000/gdm/Xauthority'), ('LS_COLORS', 'rs=0:di=01;34:ln=01;36:mh=00:pi=40;33:so=01;35:do=01;35:bd=40;33;01:cd=40;33;01:or=40;31;01:mi=00:su=37;41:sg=30;43:ca=30;41:tw=30;42:ow=34;42:st=37;44:ex=01;32:*.tar=01;31:*.tgz=01;31:*.arc=01;31:*.arj=01;31:*.taz=01;31:*.lha=01;31:*.lz4=01;31:*.lzh=01;31:*.lzma=01;31:*.tlz=01;31:*.txz=01;31:*.tzo=01;31:*.t7z=01;31:*.zip=01;31:*.z=01;31:*.dz=01;31:*.gz=01;31:*.lrz=01;31:*.lz=01;31:*.lzo=01;31:*.xz=01;31:*.zst=01;31:*.tzst=01;31:*.bz2=01;31:*.bz=01;31:*.tbz=01;31:*.tbz2=01;31:*.tz=01;31:*.deb=01;31:*.rpm=01;31:*.jar=01;31:*.war=01;31:*.ear=01;31:*.sar=01;31:*.rar=01;31:*.alz=01;31:*.ace=01;31:*.zoo=01;31:*.cpio=01;31:*.7z=01;31:*.rz=01;31:*.cab=01;31:*.wim=01;31:*.swm=01;31:*.dwm=01;31:*.esd=01;31:*.jpg=01;35:*.jpeg=01;35:*.mjpg=01;35:*.mjpeg=01;35:*.gif=01;35:*.bmp=01;35:*.pbm=01;35:*.pgm=01;35:*.ppm=01;35:*.tga=01;35:*.xbm=01;35:*.xpm=01;35:*.tif=01;35:*.tiff=01;35:*.png=01;35:*.svg=01;35:*.svgz=01;35:*.mng=01;35:*.pcx=01;35:*.mov=01;35:*.mpg=01;35:*.mpeg=01;35:*.m2v=01;35:*.mkv=01;35:*.webm=01;35:*.webp=01;35:*.ogm=01;35:*.mp4=01;35:*.m4v=01;35:*.mp4v=01;35:*.vob=01;35:*.qt=01;35:*.nuv=01;35:*.wmv=01;35:*.asf=01;35:*.rm=01;35:*.rmvb=01;35:*.flc=01;35:*.avi=01;35:*.fli=01;35:*.flv=01;35:*.gl=01;35:*.dl=01;35:*.xcf=01;35:*.xwd=01;35:*.yuv=01;35:*.cgm=01;35:*.emf=01;35:*.ogv=01;35:*.ogx=01;35:*.aac=00;36:*.au=00;36:*.flac=00;36:*.m4a=00;36:*.mid=00;36:*.midi=00;36:*.mka=00;36:*.mp3=00;36:*.mpc=00;36:*.ogg=00;36:*.ra=00;36:*.wav=00;36:*.oga=00;36:*.opus=00;36:*.spx=00;36:*.xspf=00;36:'), ('GNOME_TERMINAL_SERVICE', ':1.321'), ('SSH_AGENT_LAUNCHER', 'gnome-keyring'), ('SSH_AUTH_SOCK', '/run/user/1000/keyring/ssh'), ('AMENT_PREFIX_PATH', '/opt/ros/humble'), ('SHELL', '/bin/bash'), ('QT_ACCESSIBILITY', '1'), ('GDMSESSION', 'ubuntu-xorg'), ('LESSCLOSE', '/usr/bin/lesspipe %s %s'), ('GPG_AGENT_INFO', '/run/user/1000/gnupg/S.gpg-agent:0:1'), ('GAZEBO_MODEL_DATABASE_URI', ''), ('QT_IM_MODULE', 'ibus'), ('PWD', '/home/zheng/carerobot_slam_ros2/build/openslam_gmapping'), ('XDG_CONFIG_DIRS', '/etc/xdg/xdg-ubuntu-xorg:/etc/xdg'), ('XDG_DATA_DIRS', '/usr/share/ubuntu-xorg:/usr/share/gnome:/usr/local/share/:/usr/share/:/var/lib/snapd/desktop'), ('PYTHONPATH', '/opt/ros/humble/lib/python3.10/site-packages:/opt/ros/humble/local/lib/python3.10/dist-packages'), ('HTTP_PROXY', 'http://127.0.0.1:7890/'), ('COLCON', '1'), ('VTE_VERSION', '6800'), ('CMAKE_PREFIX_PATH', '/opt/ros/humble')]), 'shell': False}
[7.862852] (diff_drive_gazebo) JobProgress: {'identifier': 'diff_drive_gazebo', 'progress': 'cmake'}
[7.938181] (-) TimerEvent: {}
[8.039181] (-) TimerEvent: {}
[8.139634] (-) TimerEvent: {}
[8.240114] (-) TimerEvent: {}
[8.341107] (-) TimerEvent: {}
[8.441521] (-) TimerEvent: {}
[8.541891] (-) TimerEvent: {}
[8.613688] (diff_drive_gazebo) JobProgress: {'identifier': 'diff_drive_gazebo', 'progress': 'build'}
[8.615070] (diff_drive_gazebo) Command: {'cmd': ['/usr/bin/cmake', '--build', '/home/zheng/carerobot_slam_ros2/build/diff_drive_gazebo', '--', '-j8', '-l8'], 'cwd': '/home/zheng/carerobot_slam_ros2/build/diff_drive_gazebo', 'env': OrderedDict([('LESSOPEN', '| /usr/bin/lesspipe %s'), ('HTTPS_PROXY', 'http://127.0.0.1:7890/'), ('no_proxy', 'localhost,127.0.0.0/8,::1'), ('LANGUAGE', 'zh_CN:zh'), ('USER', 'zheng'), ('all_proxy', 'socks://127.0.0.1:7890/'), ('XDG_SESSION_TYPE', 'x11'), ('SHLVL', '1'), ('LD_LIBRARY_PATH', '/usr/lib/x86_64-linux-gnu/gazebo-11/plugins:/opt/ros/humble/opt/rviz_ogre_vendor/lib:/opt/ros/humble/lib/x86_64-linux-gnu:/opt/ros/humble/lib'), ('HOME', '/home/zheng'), ('OLDPWD', '/home/zheng'), ('DESKTOP_SESSION', 'ubuntu-xorg'), ('NO_PROXY', 'localhost,127.0.0.0/8,::1'), ('ROS_PYTHON_VERSION', '3'), ('GNOME_SHELL_SESSION_MODE', 'ubuntu'), ('GTK_MODULES', 'gail:atk-bridge'), ('SYSTEMD_EXEC_PID', '1754'), ('DBUS_SESSION_BUS_ADDRESS', 'unix:path=/run/user/1000/bus'), ('COLORTERM', 'truecolor'), ('https_proxy', 'http://127.0.0.1:7890/'), ('ROS_DISTRO', 'humble'), ('GTK_IM_MODULE', 'ibus'), ('LOGNAME', 'zheng'), ('ALL_PROXY', 'socks://127.0.0.1:7890/'), ('http_proxy', 'http://127.0.0.1:7890/'), ('_', '/usr/bin/colcon'), ('ROS_VERSION', '2'), ('XDG_SESSION_CLASS', 'user'), ('USERNAME', 'zheng'), ('TERM', 'xterm-256color'), ('GNOME_DESKTOP_SESSION_ID', 'this-is-deprecated'), ('ROS_LOCALHOST_ONLY', '0'), ('WINDOWPATH', '2'), ('PATH', '/opt/ros/humble/bin:/home/zheng/.local/bin:/usr/local/sbin:/usr/local/bin:/usr/sbin:/usr/bin:/sbin:/bin:/usr/games:/usr/local/games:/snap/bin:/snap/bin'), ('SESSION_MANAGER', 'local/zheng-Lenovo-Product:@/tmp/.ICE-unix/1731,unix/zheng-Lenovo-Product:/tmp/.ICE-unix/1731'), ('XDG_MENU_PREFIX', 'gnome-'), ('GNOME_TERMINAL_SCREEN', '/org/gnome/Terminal/screen/d492a4b3_e7ac_4b4c_abe4_0222114e68da'), ('XDG_RUNTIME_DIR', '/run/user/1000'), ('DISPLAY', ':0'), ('LANG', 'zh_CN.UTF-8'), ('XDG_CURRENT_DESKTOP', 'ubuntu:GNOME'), ('XMODIFIERS', '@im=ibus'), ('XDG_SESSION_DESKTOP', 'ubuntu-xorg'), ('XAUTHORITY', '/run/user/1000/gdm/Xauthority'), ('LS_COLORS', 'rs=0:di=01;34:ln=01;36:mh=00:pi=40;33:so=01;35:do=01;35:bd=40;33;01:cd=40;33;01:or=40;31;01:mi=00:su=37;41:sg=30;43:ca=30;41:tw=30;42:ow=34;42:st=37;44:ex=01;32:*.tar=01;31:*.tgz=01;31:*.arc=01;31:*.arj=01;31:*.taz=01;31:*.lha=01;31:*.lz4=01;31:*.lzh=01;31:*.lzma=01;31:*.tlz=01;31:*.txz=01;31:*.tzo=01;31:*.t7z=01;31:*.zip=01;31:*.z=01;31:*.dz=01;31:*.gz=01;31:*.lrz=01;31:*.lz=01;31:*.lzo=01;31:*.xz=01;31:*.zst=01;31:*.tzst=01;31:*.bz2=01;31:*.bz=01;31:*.tbz=01;31:*.tbz2=01;31:*.tz=01;31:*.deb=01;31:*.rpm=01;31:*.jar=01;31:*.war=01;31:*.ear=01;31:*.sar=01;31:*.rar=01;31:*.alz=01;31:*.ace=01;31:*.zoo=01;31:*.cpio=01;31:*.7z=01;31:*.rz=01;31:*.cab=01;31:*.wim=01;31:*.swm=01;31:*.dwm=01;31:*.esd=01;31:*.jpg=01;35:*.jpeg=01;35:*.mjpg=01;35:*.mjpeg=01;35:*.gif=01;35:*.bmp=01;35:*.pbm=01;35:*.pgm=01;35:*.ppm=01;35:*.tga=01;35:*.xbm=01;35:*.xpm=01;35:*.tif=01;35:*.tiff=01;35:*.png=01;35:*.svg=01;35:*.svgz=01;35:*.mng=01;35:*.pcx=01;35:*.mov=01;35:*.mpg=01;35:*.mpeg=01;35:*.m2v=01;35:*.mkv=01;35:*.webm=01;35:*.webp=01;35:*.ogm=01;35:*.mp4=01;35:*.m4v=01;35:*.mp4v=01;35:*.vob=01;35:*.qt=01;35:*.nuv=01;35:*.wmv=01;35:*.asf=01;35:*.rm=01;35:*.rmvb=01;35:*.flc=01;35:*.avi=01;35:*.fli=01;35:*.flv=01;35:*.gl=01;35:*.dl=01;35:*.xcf=01;35:*.xwd=01;35:*.yuv=01;35:*.cgm=01;35:*.emf=01;35:*.ogv=01;35:*.ogx=01;35:*.aac=00;36:*.au=00;36:*.flac=00;36:*.m4a=00;36:*.mid=00;36:*.midi=00;36:*.mka=00;36:*.mp3=00;36:*.mpc=00;36:*.ogg=00;36:*.ra=00;36:*.wav=00;36:*.oga=00;36:*.opus=00;36:*.spx=00;36:*.xspf=00;36:'), ('GNOME_TERMINAL_SERVICE', ':1.321'), ('SSH_AGENT_LAUNCHER', 'gnome-keyring'), ('SSH_AUTH_SOCK', '/run/user/1000/keyring/ssh'), ('AMENT_PREFIX_PATH', '/opt/ros/humble'), ('SHELL', '/bin/bash'), ('QT_ACCESSIBILITY', '1'), ('GDMSESSION', 'ubuntu-xorg'), ('LESSCLOSE', '/usr/bin/lesspipe %s %s'), ('GPG_AGENT_INFO', '/run/user/1000/gnupg/S.gpg-agent:0:1'), ('GAZEBO_MODEL_DATABASE_URI', ''), ('QT_IM_MODULE', 'ibus'), ('PWD', '/home/zheng/carerobot_slam_ros2/build/diff_drive_gazebo'), ('XDG_CONFIG_DIRS', '/etc/xdg/xdg-ubuntu-xorg:/etc/xdg'), ('XDG_DATA_DIRS', '/usr/share/ubuntu-xorg:/usr/share/gnome:/usr/local/share/:/usr/share/:/var/lib/snapd/desktop'), ('PYTHONPATH', '/opt/ros/humble/lib/python3.10/site-packages:/opt/ros/humble/local/lib/python3.10/dist-packages'), ('HTTP_PROXY', 'http://127.0.0.1:7890/'), ('COLCON', '1'), ('VTE_VERSION', '6800'), ('CMAKE_PREFIX_PATH', '/opt/ros/humble')]), 'shell': False}
[8.631866] (explore_lite) JobProgress: {'identifier': 'explore_lite', 'progress': 'cmake'}
[8.642216] (-) TimerEvent: {}
[8.683501] (explore_lite) JobProgress: {'identifier': 'explore_lite', 'progress': 'build'}
[8.683590] (explore_lite) Command: {'cmd': ['/usr/bin/cmake', '--build', '/home/zheng/carerobot_slam_ros2/build/explore_lite', '--', '-j8', '-l8'], 'cwd': '/home/zheng/carerobot_slam_ros2/build/explore_lite', 'env': OrderedDict([('LESSOPEN', '| /usr/bin/lesspipe %s'), ('HTTPS_PROXY', 'http://127.0.0.1:7890/'), ('no_proxy', 'localhost,127.0.0.0/8,::1'), ('LANGUAGE', 'zh_CN:zh'), ('USER', 'zheng'), ('all_proxy', 'socks://127.0.0.1:7890/'), ('XDG_SESSION_TYPE', 'x11'), ('SHLVL', '1'), ('LD_LIBRARY_PATH', '/usr/lib/x86_64-linux-gnu/gazebo-11/plugins:/opt/ros/humble/opt/rviz_ogre_vendor/lib:/opt/ros/humble/lib/x86_64-linux-gnu:/opt/ros/humble/lib'), ('HOME', '/home/zheng'), ('OLDPWD', '/home/zheng'), ('DESKTOP_SESSION', 'ubuntu-xorg'), ('NO_PROXY', 'localhost,127.0.0.0/8,::1'), ('ROS_PYTHON_VERSION', '3'), ('GNOME_SHELL_SESSION_MODE', 'ubuntu'), ('GTK_MODULES', 'gail:atk-bridge'), ('SYSTEMD_EXEC_PID', '1754'), ('DBUS_SESSION_BUS_ADDRESS', 'unix:path=/run/user/1000/bus'), ('COLORTERM', 'truecolor'), ('https_proxy', 'http://127.0.0.1:7890/'), ('ROS_DISTRO', 'humble'), ('GTK_IM_MODULE', 'ibus'), ('LOGNAME', 'zheng'), ('ALL_PROXY', 'socks://127.0.0.1:7890/'), ('http_proxy', 'http://127.0.0.1:7890/'), ('_', '/usr/bin/colcon'), ('ROS_VERSION', '2'), ('XDG_SESSION_CLASS', 'user'), ('USERNAME', 'zheng'), ('TERM', 'xterm-256color'), ('GNOME_DESKTOP_SESSION_ID', 'this-is-deprecated'), ('ROS_LOCALHOST_ONLY', '0'), ('WINDOWPATH', '2'), ('PATH', '/opt/ros/humble/bin:/home/zheng/.local/bin:/usr/local/sbin:/usr/local/bin:/usr/sbin:/usr/bin:/sbin:/bin:/usr/games:/usr/local/games:/snap/bin:/snap/bin'), ('SESSION_MANAGER', 'local/zheng-Lenovo-Product:@/tmp/.ICE-unix/1731,unix/zheng-Lenovo-Product:/tmp/.ICE-unix/1731'), ('XDG_MENU_PREFIX', 'gnome-'), ('GNOME_TERMINAL_SCREEN', '/org/gnome/Terminal/screen/d492a4b3_e7ac_4b4c_abe4_0222114e68da'), ('XDG_RUNTIME_DIR', '/run/user/1000'), ('DISPLAY', ':0'), ('LANG', 'zh_CN.UTF-8'), ('XDG_CURRENT_DESKTOP', 'ubuntu:GNOME'), ('XMODIFIERS', '@im=ibus'), ('XDG_SESSION_DESKTOP', 'ubuntu-xorg'), ('XAUTHORITY', '/run/user/1000/gdm/Xauthority'), ('LS_COLORS', 'rs=0:di=01;34:ln=01;36:mh=00:pi=40;33:so=01;35:do=01;35:bd=40;33;01:cd=40;33;01:or=40;31;01:mi=00:su=37;41:sg=30;43:ca=30;41:tw=30;42:ow=34;42:st=37;44:ex=01;32:*.tar=01;31:*.tgz=01;31:*.arc=01;31:*.arj=01;31:*.taz=01;31:*.lha=01;31:*.lz4=01;31:*.lzh=01;31:*.lzma=01;31:*.tlz=01;31:*.txz=01;31:*.tzo=01;31:*.t7z=01;31:*.zip=01;31:*.z=01;31:*.dz=01;31:*.gz=01;31:*.lrz=01;31:*.lz=01;31:*.lzo=01;31:*.xz=01;31:*.zst=01;31:*.tzst=01;31:*.bz2=01;31:*.bz=01;31:*.tbz=01;31:*.tbz2=01;31:*.tz=01;31:*.deb=01;31:*.rpm=01;31:*.jar=01;31:*.war=01;31:*.ear=01;31:*.sar=01;31:*.rar=01;31:*.alz=01;31:*.ace=01;31:*.zoo=01;31:*.cpio=01;31:*.7z=01;31:*.rz=01;31:*.cab=01;31:*.wim=01;31:*.swm=01;31:*.dwm=01;31:*.esd=01;31:*.jpg=01;35:*.jpeg=01;35:*.mjpg=01;35:*.mjpeg=01;35:*.gif=01;35:*.bmp=01;35:*.pbm=01;35:*.pgm=01;35:*.ppm=01;35:*.tga=01;35:*.xbm=01;35:*.xpm=01;35:*.tif=01;35:*.tiff=01;35:*.png=01;35:*.svg=01;35:*.svgz=01;35:*.mng=01;35:*.pcx=01;35:*.mov=01;35:*.mpg=01;35:*.mpeg=01;35:*.m2v=01;35:*.mkv=01;35:*.webm=01;35:*.webp=01;35:*.ogm=01;35:*.mp4=01;35:*.m4v=01;35:*.mp4v=01;35:*.vob=01;35:*.qt=01;35:*.nuv=01;35:*.wmv=01;35:*.asf=01;35:*.rm=01;35:*.rmvb=01;35:*.flc=01;35:*.avi=01;35:*.fli=01;35:*.flv=01;35:*.gl=01;35:*.dl=01;35:*.xcf=01;35:*.xwd=01;35:*.yuv=01;35:*.cgm=01;35:*.emf=01;35:*.ogv=01;35:*.ogx=01;35:*.aac=00;36:*.au=00;36:*.flac=00;36:*.m4a=00;36:*.mid=00;36:*.midi=00;36:*.mka=00;36:*.mp3=00;36:*.mpc=00;36:*.ogg=00;36:*.ra=00;36:*.wav=00;36:*.oga=00;36:*.opus=00;36:*.spx=00;36:*.xspf=00;36:'), ('GNOME_TERMINAL_SERVICE', ':1.321'), ('SSH_AGENT_LAUNCHER', 'gnome-keyring'), ('SSH_AUTH_SOCK', '/run/user/1000/keyring/ssh'), ('AMENT_PREFIX_PATH', '/opt/ros/humble'), ('SHELL', '/bin/bash'), ('QT_ACCESSIBILITY', '1'), ('GDMSESSION', 'ubuntu-xorg'), ('LESSCLOSE', '/usr/bin/lesspipe %s %s'), ('GPG_AGENT_INFO', '/run/user/1000/gnupg/S.gpg-agent:0:1'), ('GAZEBO_MODEL_DATABASE_URI', ''), ('QT_IM_MODULE', 'ibus'), ('PWD', '/home/zheng/carerobot_slam_ros2/build/explore_lite'), ('XDG_CONFIG_DIRS', '/etc/xdg/xdg-ubuntu-xorg:/etc/xdg'), ('XDG_DATA_DIRS', '/usr/share/ubuntu-xorg:/usr/share/gnome:/usr/local/share/:/usr/share/:/var/lib/snapd/desktop'), ('PYTHONPATH', '/opt/ros/humble/lib/python3.10/site-packages:/opt/ros/humble/local/lib/python3.10/dist-packages'), ('HTTP_PROXY', 'http://127.0.0.1:7890/'), ('COLCON', '1'), ('VTE_VERSION', '6800'), ('CMAKE_PREFIX_PATH', '/opt/ros/humble')]), 'shell': False}
[8.685253] (keyboard_control) JobProgress: {'identifier': 'keyboard_control', 'progress': 'cmake'}
[8.742291] (-) TimerEvent: {}
[8.842981] (-) TimerEvent: {}
[8.943260] (-) TimerEvent: {}
[9.043704] (-) TimerEvent: {}
[9.144076] (-) TimerEvent: {}
[9.244440] (-) TimerEvent: {}
[9.344711] (-) TimerEvent: {}
[9.445053] (-) TimerEvent: {}
[9.484407] (keyboard_control) JobProgress: {'identifier': 'keyboard_control', 'progress': 'build'}
[9.484884] (keyboard_control) Command: {'cmd': ['/usr/bin/cmake', '--build', '/home/zheng/carerobot_slam_ros2/build/keyboard_control', '--', '-j8', '-l8'], 'cwd': '/home/zheng/carerobot_slam_ros2/build/keyboard_control', 'env': OrderedDict([('LESSOPEN', '| /usr/bin/lesspipe %s'), ('HTTPS_PROXY', 'http://127.0.0.1:7890/'), ('no_proxy', 'localhost,127.0.0.0/8,::1'), ('LANGUAGE', 'zh_CN:zh'), ('USER', 'zheng'), ('all_proxy', 'socks://127.0.0.1:7890/'), ('XDG_SESSION_TYPE', 'x11'), ('SHLVL', '1'), ('LD_LIBRARY_PATH', '/usr/lib/x86_64-linux-gnu/gazebo-11/plugins:/opt/ros/humble/opt/rviz_ogre_vendor/lib:/opt/ros/humble/lib/x86_64-linux-gnu:/opt/ros/humble/lib'), ('HOME', '/home/zheng'), ('OLDPWD', '/home/zheng'), ('DESKTOP_SESSION', 'ubuntu-xorg'), ('NO_PROXY', 'localhost,127.0.0.0/8,::1'), ('ROS_PYTHON_VERSION', '3'), ('GNOME_SHELL_SESSION_MODE', 'ubuntu'), ('GTK_MODULES', 'gail:atk-bridge'), ('SYSTEMD_EXEC_PID', '1754'), ('DBUS_SESSION_BUS_ADDRESS', 'unix:path=/run/user/1000/bus'), ('COLORTERM', 'truecolor'), ('https_proxy', 'http://127.0.0.1:7890/'), ('ROS_DISTRO', 'humble'), ('GTK_IM_MODULE', 'ibus'), ('LOGNAME', 'zheng'), ('ALL_PROXY', 'socks://127.0.0.1:7890/'), ('http_proxy', 'http://127.0.0.1:7890/'), ('_', '/usr/bin/colcon'), ('ROS_VERSION', '2'), ('XDG_SESSION_CLASS', 'user'), ('USERNAME', 'zheng'), ('TERM', 'xterm-256color'), ('GNOME_DESKTOP_SESSION_ID', 'this-is-deprecated'), ('ROS_LOCALHOST_ONLY', '0'), ('WINDOWPATH', '2'), ('PATH', '/opt/ros/humble/bin:/home/zheng/.local/bin:/usr/local/sbin:/usr/local/bin:/usr/sbin:/usr/bin:/sbin:/bin:/usr/games:/usr/local/games:/snap/bin:/snap/bin'), ('SESSION_MANAGER', 'local/zheng-Lenovo-Product:@/tmp/.ICE-unix/1731,unix/zheng-Lenovo-Product:/tmp/.ICE-unix/1731'), ('XDG_MENU_PREFIX', 'gnome-'), ('GNOME_TERMINAL_SCREEN', '/org/gnome/Terminal/screen/d492a4b3_e7ac_4b4c_abe4_0222114e68da'), ('XDG_RUNTIME_DIR', '/run/user/1000'), ('DISPLAY', ':0'), ('LANG', 'zh_CN.UTF-8'), ('XDG_CURRENT_DESKTOP', 'ubuntu:GNOME'), ('XMODIFIERS', '@im=ibus'), ('XDG_SESSION_DESKTOP', 'ubuntu-xorg'), ('XAUTHORITY', '/run/user/1000/gdm/Xauthority'), ('LS_COLORS', 'rs=0:di=01;34:ln=01;36:mh=00:pi=40;33:so=01;35:do=01;35:bd=40;33;01:cd=40;33;01:or=40;31;01:mi=00:su=37;41:sg=30;43:ca=30;41:tw=30;42:ow=34;42:st=37;44:ex=01;32:*.tar=01;31:*.tgz=01;31:*.arc=01;31:*.arj=01;31:*.taz=01;31:*.lha=01;31:*.lz4=01;31:*.lzh=01;31:*.lzma=01;31:*.tlz=01;31:*.txz=01;31:*.tzo=01;31:*.t7z=01;31:*.zip=01;31:*.z=01;31:*.dz=01;31:*.gz=01;31:*.lrz=01;31:*.lz=01;31:*.lzo=01;31:*.xz=01;31:*.zst=01;31:*.tzst=01;31:*.bz2=01;31:*.bz=01;31:*.tbz=01;31:*.tbz2=01;31:*.tz=01;31:*.deb=01;31:*.rpm=01;31:*.jar=01;31:*.war=01;31:*.ear=01;31:*.sar=01;31:*.rar=01;31:*.alz=01;31:*.ace=01;31:*.zoo=01;31:*.cpio=01;31:*.7z=01;31:*.rz=01;31:*.cab=01;31:*.wim=01;31:*.swm=01;31:*.dwm=01;31:*.esd=01;31:*.jpg=01;35:*.jpeg=01;35:*.mjpg=01;35:*.mjpeg=01;35:*.gif=01;35:*.bmp=01;35:*.pbm=01;35:*.pgm=01;35:*.ppm=01;35:*.tga=01;35:*.xbm=01;35:*.xpm=01;35:*.tif=01;35:*.tiff=01;35:*.png=01;35:*.svg=01;35:*.svgz=01;35:*.mng=01;35:*.pcx=01;35:*.mov=01;35:*.mpg=01;35:*.mpeg=01;35:*.m2v=01;35:*.mkv=01;35:*.webm=01;35:*.webp=01;35:*.ogm=01;35:*.mp4=01;35:*.m4v=01;35:*.mp4v=01;35:*.vob=01;35:*.qt=01;35:*.nuv=01;35:*.wmv=01;35:*.asf=01;35:*.rm=01;35:*.rmvb=01;35:*.flc=01;35:*.avi=01;35:*.fli=01;35:*.flv=01;35:*.gl=01;35:*.dl=01;35:*.xcf=01;35:*.xwd=01;35:*.yuv=01;35:*.cgm=01;35:*.emf=01;35:*.ogv=01;35:*.ogx=01;35:*.aac=00;36:*.au=00;36:*.flac=00;36:*.m4a=00;36:*.mid=00;36:*.midi=00;36:*.mka=00;36:*.mp3=00;36:*.mpc=00;36:*.ogg=00;36:*.ra=00;36:*.wav=00;36:*.oga=00;36:*.opus=00;36:*.spx=00;36:*.xspf=00;36:'), ('GNOME_TERMINAL_SERVICE', ':1.321'), ('SSH_AGENT_LAUNCHER', 'gnome-keyring'), ('SSH_AUTH_SOCK', '/run/user/1000/keyring/ssh'), ('AMENT_PREFIX_PATH', '/opt/ros/humble'), ('SHELL', '/bin/bash'), ('QT_ACCESSIBILITY', '1'), ('GDMSESSION', 'ubuntu-xorg'), ('LESSCLOSE', '/usr/bin/lesspipe %s %s'), ('GPG_AGENT_INFO', '/run/user/1000/gnupg/S.gpg-agent:0:1'), ('GAZEBO_MODEL_DATABASE_URI', ''), ('QT_IM_MODULE', 'ibus'), ('PWD', '/home/zheng/carerobot_slam_ros2/build/keyboard_control'), ('XDG_CONFIG_DIRS', '/etc/xdg/xdg-ubuntu-xorg:/etc/xdg'), ('XDG_DATA_DIRS', '/usr/share/ubuntu-xorg:/usr/share/gnome:/usr/local/share/:/usr/share/:/var/lib/snapd/desktop'), ('PYTHONPATH', '/opt/ros/humble/lib/python3.10/site-packages:/opt/ros/humble/local/lib/python3.10/dist-packages'), ('HTTP_PROXY', 'http://127.0.0.1:7890/'), ('COLCON', '1'), ('VTE_VERSION', '6800'), ('CMAKE_PREFIX_PATH', '/opt/ros/humble')]), 'shell': False}
[10.033625] (-) TimerEvent: {}
[10.652450] (read_laser_data) JobProgress: {'identifier': 'read_laser_data', 'progress': 'cmake'}
[10.652487] (-) TimerEvent: {}
[10.749321] (read_laser_data) JobProgress: {'identifier': 'read_laser_data', 'progress': 'build'}
[10.750609] (read_laser_data) Command: {'cmd': ['/usr/bin/cmake', '--build', '/home/zheng/carerobot_slam_ros2/build/read_laser_data', '--', '-j8', '-l8'], 'cwd': '/home/zheng/carerobot_slam_ros2/build/read_laser_data', 'env': OrderedDict([('LESSOPEN', '| /usr/bin/lesspipe %s'), ('HTTPS_PROXY', 'http://127.0.0.1:7890/'), ('no_proxy', 'localhost,127.0.0.0/8,::1'), ('LANGUAGE', 'zh_CN:zh'), ('USER', 'zheng'), ('all_proxy', 'socks://127.0.0.1:7890/'), ('XDG_SESSION_TYPE', 'x11'), ('SHLVL', '1'), ('LD_LIBRARY_PATH', '/usr/lib/x86_64-linux-gnu/gazebo-11/plugins:/opt/ros/humble/opt/rviz_ogre_vendor/lib:/opt/ros/humble/lib/x86_64-linux-gnu:/opt/ros/humble/lib'), ('HOME', '/home/zheng'), ('OLDPWD', '/home/zheng'), ('DESKTOP_SESSION', 'ubuntu-xorg'), ('NO_PROXY', 'localhost,127.0.0.0/8,::1'), ('ROS_PYTHON_VERSION', '3'), ('GNOME_SHELL_SESSION_MODE', 'ubuntu'), ('GTK_MODULES', 'gail:atk-bridge'), ('SYSTEMD_EXEC_PID', '1754'), ('DBUS_SESSION_BUS_ADDRESS', 'unix:path=/run/user/1000/bus'), ('COLORTERM', 'truecolor'), ('https_proxy', 'http://127.0.0.1:7890/'), ('ROS_DISTRO', 'humble'), ('GTK_IM_MODULE', 'ibus'), ('LOGNAME', 'zheng'), ('ALL_PROXY', 'socks://127.0.0.1:7890/'), ('http_proxy', 'http://127.0.0.1:7890/'), ('_', '/usr/bin/colcon'), ('ROS_VERSION', '2'), ('XDG_SESSION_CLASS', 'user'), ('USERNAME', 'zheng'), ('TERM', 'xterm-256color'), ('GNOME_DESKTOP_SESSION_ID', 'this-is-deprecated'), ('ROS_LOCALHOST_ONLY', '0'), ('WINDOWPATH', '2'), ('PATH', '/opt/ros/humble/bin:/home/zheng/.local/bin:/usr/local/sbin:/usr/local/bin:/usr/sbin:/usr/bin:/sbin:/bin:/usr/games:/usr/local/games:/snap/bin:/snap/bin'), ('SESSION_MANAGER', 'local/zheng-Lenovo-Product:@/tmp/.ICE-unix/1731,unix/zheng-Lenovo-Product:/tmp/.ICE-unix/1731'), ('XDG_MENU_PREFIX', 'gnome-'), ('GNOME_TERMINAL_SCREEN', '/org/gnome/Terminal/screen/d492a4b3_e7ac_4b4c_abe4_0222114e68da'), ('XDG_RUNTIME_DIR', '/run/user/1000'), ('DISPLAY', ':0'), ('LANG', 'zh_CN.UTF-8'), ('XDG_CURRENT_DESKTOP', 'ubuntu:GNOME'), ('XMODIFIERS', '@im=ibus'), ('XDG_SESSION_DESKTOP', 'ubuntu-xorg'), ('XAUTHORITY', '/run/user/1000/gdm/Xauthority'), ('LS_COLORS', 'rs=0:di=01;34:ln=01;36:mh=00:pi=40;33:so=01;35:do=01;35:bd=40;33;01:cd=40;33;01:or=40;31;01:mi=00:su=37;41:sg=30;43:ca=30;41:tw=30;42:ow=34;42:st=37;44:ex=01;32:*.tar=01;31:*.tgz=01;31:*.arc=01;31:*.arj=01;31:*.taz=01;31:*.lha=01;31:*.lz4=01;31:*.lzh=01;31:*.lzma=01;31:*.tlz=01;31:*.txz=01;31:*.tzo=01;31:*.t7z=01;31:*.zip=01;31:*.z=01;31:*.dz=01;31:*.gz=01;31:*.lrz=01;31:*.lz=01;31:*.lzo=01;31:*.xz=01;31:*.zst=01;31:*.tzst=01;31:*.bz2=01;31:*.bz=01;31:*.tbz=01;31:*.tbz2=01;31:*.tz=01;31:*.deb=01;31:*.rpm=01;31:*.jar=01;31:*.war=01;31:*.ear=01;31:*.sar=01;31:*.rar=01;31:*.alz=01;31:*.ace=01;31:*.zoo=01;31:*.cpio=01;31:*.7z=01;31:*.rz=01;31:*.cab=01;31:*.wim=01;31:*.swm=01;31:*.dwm=01;31:*.esd=01;31:*.jpg=01;35:*.jpeg=01;35:*.mjpg=01;35:*.mjpeg=01;35:*.gif=01;35:*.bmp=01;35:*.pbm=01;35:*.pgm=01;35:*.ppm=01;35:*.tga=01;35:*.xbm=01;35:*.xpm=01;35:*.tif=01;35:*.tiff=01;35:*.png=01;35:*.svg=01;35:*.svgz=01;35:*.mng=01;35:*.pcx=01;35:*.mov=01;35:*.mpg=01;35:*.mpeg=01;35:*.m2v=01;35:*.mkv=01;35:*.webm=01;35:*.webp=01;35:*.ogm=01;35:*.mp4=01;35:*.m4v=01;35:*.mp4v=01;35:*.vob=01;35:*.qt=01;35:*.nuv=01;35:*.wmv=01;35:*.asf=01;35:*.rm=01;35:*.rmvb=01;35:*.flc=01;35:*.avi=01;35:*.fli=01;35:*.flv=01;35:*.gl=01;35:*.dl=01;35:*.xcf=01;35:*.xwd=01;35:*.yuv=01;35:*.cgm=01;35:*.emf=01;35:*.ogv=01;35:*.ogx=01;35:*.aac=00;36:*.au=00;36:*.flac=00;36:*.m4a=00;36:*.mid=00;36:*.midi=00;36:*.mka=00;36:*.mp3=00;36:*.mpc=00;36:*.ogg=00;36:*.ra=00;36:*.wav=00;36:*.oga=00;36:*.opus=00;36:*.spx=00;36:*.xspf=00;36:'), ('GNOME_TERMINAL_SERVICE', ':1.321'), ('SSH_AGENT_LAUNCHER', 'gnome-keyring'), ('SSH_AUTH_SOCK', '/run/user/1000/keyring/ssh'), ('AMENT_PREFIX_PATH', '/opt/ros/humble'), ('SHELL', '/bin/bash'), ('QT_ACCESSIBILITY', '1'), ('GDMSESSION', 'ubuntu-xorg'), ('LESSCLOSE', '/usr/bin/lesspipe %s %s'), ('GPG_AGENT_INFO', '/run/user/1000/gnupg/S.gpg-agent:0:1'), ('GAZEBO_MODEL_DATABASE_URI', ''), ('QT_IM_MODULE', 'ibus'), ('PWD', '/home/zheng/carerobot_slam_ros2/build/read_laser_data'), ('XDG_CONFIG_DIRS', '/etc/xdg/xdg-ubuntu-xorg:/etc/xdg'), ('XDG_DATA_DIRS', '/usr/share/ubuntu-xorg:/usr/share/gnome:/usr/local/share/:/usr/share/:/var/lib/snapd/desktop'), ('PYTHONPATH', '/opt/ros/humble/lib/python3.10/site-packages:/opt/ros/humble/local/lib/python3.10/dist-packages'), ('HTTP_PROXY', 'http://127.0.0.1:7890/'), ('COLCON', '1'), ('VTE_VERSION', '6800'), ('CMAKE_PREFIX_PATH', '/opt/ros/humble')]), 'shell': False}
[10.752617] (-) TimerEvent: {}
[10.852841] (-) TimerEvent: {}
[10.953250] (-) TimerEvent: {}
[11.053567] (-) TimerEvent: {}
[11.153862] (-) TimerEvent: {}
[11.254118] (-) TimerEvent: {}
[11.354464] (-) TimerEvent: {}
[11.454764] (-) TimerEvent: {}
[11.555009] (-) TimerEvent: {}
[11.655354] (-) TimerEvent: {}
[11.755689] (-) TimerEvent: {}
[11.855987] (-) TimerEvent: {}
[11.956330] (-) TimerEvent: {}
[12.056707] (-) TimerEvent: {}
[12.157089] (-) TimerEvent: {}
[12.257444] (-) TimerEvent: {}
[12.357709] (-) TimerEvent: {}
[12.457948] (-) TimerEvent: {}
[12.558242] (-) TimerEvent: {}
[12.658520] (-) TimerEvent: {}
[12.758827] (-) TimerEvent: {}
[12.859102] (-) TimerEvent: {}
[12.959396] (-) TimerEvent: {}
[13.059643] (-) TimerEvent: {}
[13.159940] (-) TimerEvent: {}
[13.409923] (-) TimerEvent: {}
[13.510230] (-) TimerEvent: {}
[13.610494] (-) TimerEvent: {}
[13.710782] (-) TimerEvent: {}
[13.811053] (-) TimerEvent: {}
[13.911364] (-) TimerEvent: {}
[14.011650] (-) TimerEvent: {}
[14.111952] (-) TimerEvent: {}
[14.212226] (-) TimerEvent: {}
[14.312504] (-) TimerEvent: {}
[14.412826] (-) TimerEvent: {}
[14.513096] (-) TimerEvent: {}
[14.613354] (-) TimerEvent: {}
[14.713630] (-) TimerEvent: {}
[14.813922] (-) TimerEvent: {}
[14.914153] (-) TimerEvent: {}
[15.014420] (-) TimerEvent: {}
[15.114685] (-) TimerEvent: {}
[15.214976] (-) TimerEvent: {}
[15.315252] (-) TimerEvent: {}
[15.415528] (-) TimerEvent: {}
[15.515828] (-) TimerEvent: {}
[15.616105] (-) TimerEvent: {}
[15.716406] (-) TimerEvent: {}
[15.816673] (-) TimerEvent: {}
[15.917026] (-) TimerEvent: {}
[16.017311] (-) TimerEvent: {}
[16.117659] (-) TimerEvent: {}
[16.217930] (-) TimerEvent: {}
[16.318232] (-) TimerEvent: {}
[16.418526] (-) TimerEvent: {}
[16.518838] (-) TimerEvent: {}
[16.619077] (-) TimerEvent: {}
[16.719343] (-) TimerEvent: {}
[16.819613] (-) TimerEvent: {}
[16.919985] (-) TimerEvent: {}
[17.020273] (-) TimerEvent: {}
[17.120639] (-) TimerEvent: {}
[17.221083] (-) TimerEvent: {}
[17.321658] (-) TimerEvent: {}
[17.422501] (-) TimerEvent: {}
[17.522805] (-) TimerEvent: {}
[17.623132] (-) TimerEvent: {}
[17.723768] (-) TimerEvent: {}
[17.824235] (-) TimerEvent: {}
[17.924614] (-) TimerEvent: {}
[18.025171] (-) TimerEvent: {}
[18.126209] (-) TimerEvent: {}
[18.226567] (-) TimerEvent: {}
[18.326918] (-) TimerEvent: {}
[18.427629] (-) TimerEvent: {}
[18.528186] (-) TimerEvent: {}
[18.628466] (-) TimerEvent: {}
[18.728947] (-) TimerEvent: {}
[18.830015] (-) TimerEvent: {}
[18.930490] (-) TimerEvent: {}
[19.030855] (-) TimerEvent: {}
[19.131375] (-) TimerEvent: {}
[19.232030] (-) TimerEvent: {}
[19.332476] (-) TimerEvent: {}
[19.432966] (-) TimerEvent: {}
[19.534087] (-) TimerEvent: {}
[19.634572] (-) TimerEvent: {}
[19.734852] (-) TimerEvent: {}
[19.835274] (-) TimerEvent: {}
[19.935896] (-) TimerEvent: {}
[20.036769] (-) TimerEvent: {}
[20.138104] (-) TimerEvent: {}
[20.238837] (-) TimerEvent: {}
[20.339149] (-) TimerEvent: {}
[20.439583] (-) TimerEvent: {}
[20.540159] (-) TimerEvent: {}
[20.640636] (-) TimerEvent: {}
[20.740911] (-) TimerEvent: {}
[20.841273] (-) TimerEvent: {}
[20.941610] (-) TimerEvent: {}
[21.041897] (-) TimerEvent: {}
[21.142174] (-) TimerEvent: {}
[21.242548] (-) TimerEvent: {}
[21.342813] (-) TimerEvent: {}
[21.443066] (-) TimerEvent: {}
[21.543433] (-) TimerEvent: {}
[21.643757] (-) TimerEvent: {}
[21.744117] (-) TimerEvent: {}
[21.844482] (-) TimerEvent: {}
[21.944773] (-) TimerEvent: {}
[22.045130] (-) TimerEvent: {}
[22.145495] (-) TimerEvent: {}
[22.245833] (-) TimerEvent: {}
[22.346156] (-) TimerEvent: {}
[22.446423] (-) TimerEvent: {}
[22.546740] (-) TimerEvent: {}
[22.647063] (-) TimerEvent: {}
[22.747357] (-) TimerEvent: {}
[22.847668] (-) TimerEvent: {}
[22.948081] (-) TimerEvent: {}
[23.048378] (-) TimerEvent: {}
[23.148657] (-) TimerEvent: {}
[23.249023] (-) TimerEvent: {}
[23.349429] (-) TimerEvent: {}
[23.449716] (-) TimerEvent: {}
[23.550080] (-) TimerEvent: {}
[23.650450] (-) TimerEvent: {}
[23.750823] (-) TimerEvent: {}
[23.851115] (-) TimerEvent: {}
[23.951472] (-) TimerEvent: {}
[24.051807] (-) TimerEvent: {}
[24.152218] (-) TimerEvent: {}
[24.252488] (-) TimerEvent: {}
[24.352796] (-) TimerEvent: {}
[24.453141] (-) TimerEvent: {}
[24.553499] (-) TimerEvent: {}
[24.653760] (-) TimerEvent: {}
[24.754012] (-) TimerEvent: {}
[24.854323] (-) TimerEvent: {}
[24.954606] (-) TimerEvent: {}
[25.054871] (-) TimerEvent: {}
[25.155229] (-) TimerEvent: {}
[25.255522] (-) TimerEvent: {}
[25.355802] (-) TimerEvent: {}
[25.456048] (-) TimerEvent: {}
[25.556291] (-) TimerEvent: {}
[25.656640] (-) TimerEvent: {}
[25.756984] (-) TimerEvent: {}
[25.857278] (-) TimerEvent: {}
[25.957692] (-) TimerEvent: {}
[26.057970] (-) TimerEvent: {}
[26.158353] (-) TimerEvent: {}
[26.258635] (-) TimerEvent: {}
[26.358944] (-) TimerEvent: {}
[26.459233] (-) TimerEvent: {}
[26.559588] (-) TimerEvent: {}
[26.659902] (-) TimerEvent: {}
[26.760254] (-) TimerEvent: {}
[26.860586] (-) TimerEvent: {}
[26.960926] (-) TimerEvent: {}
[27.061251] (-) TimerEvent: {}
[27.161962] (-) TimerEvent: {}
[27.262319] (-) TimerEvent: {}
[27.362798] (-) TimerEvent: {}
[27.463209] (-) TimerEvent: {}
[27.563583] (-) TimerEvent: {}
[27.663871] (-) TimerEvent: {}
[27.764209] (-) TimerEvent: {}
[27.864589] (-) TimerEvent: {}
[27.964870] (-) TimerEvent: {}
[28.065357] (-) TimerEvent: {}
[28.165723] (-) TimerEvent: {}
[28.266080] (-) TimerEvent: {}
[28.366426] (-) TimerEvent: {}
[28.466712] (-) TimerEvent: {}
[28.566966] (-) TimerEvent: {}
[28.667288] (-) TimerEvent: {}
[28.767632] (-) TimerEvent: {}
[28.868058] (-) TimerEvent: {}
[28.968308] (-) TimerEvent: {}
[29.068711] (-) TimerEvent: {}
[29.169069] (-) TimerEvent: {}
[29.269452] (-) TimerEvent: {}
[29.369816] (-) TimerEvent: {}
[29.470138] (-) TimerEvent: {}
[29.570483] (-) TimerEvent: {}
[29.670794] (-) TimerEvent: {}
[29.771042] (-) TimerEvent: {}
[29.871318] (-) TimerEvent: {}
[29.971652] (-) TimerEvent: {}
[30.071995] (-) TimerEvent: {}
[30.172248] (-) TimerEvent: {}
[30.272518] (-) TimerEvent: {}
[30.372864] (-) TimerEvent: {}
[30.473191] (-) TimerEvent: {}
[30.573625] (-) TimerEvent: {}
[30.673892] (-) TimerEvent: {}
[30.775043] (-) TimerEvent: {}
[30.875906] (-) TimerEvent: {}
[30.979710] (-) TimerEvent: {}
[31.080201] (-) TimerEvent: {}
[31.180717] (-) TimerEvent: {}
[31.281313] (-) TimerEvent: {}
[31.382598] (-) TimerEvent: {}
[31.483023] (-) TimerEvent: {}
[31.584266] (-) TimerEvent: {}
[31.684708] (-) TimerEvent: {}
[31.786773] (-) TimerEvent: {}
[31.887859] (-) TimerEvent: {}
[31.988236] (-) TimerEvent: {}
[32.088650] (-) TimerEvent: {}
[32.189029] (-) TimerEvent: {}
[32.289380] (-) TimerEvent: {}
[32.389819] (-) TimerEvent: {}
[32.490355] (-) TimerEvent: {}
[32.591486] (-) TimerEvent: {}
[32.691856] (-) TimerEvent: {}
[32.792276] (-) TimerEvent: {}
[32.892933] (-) TimerEvent: {}
[32.993587] (-) TimerEvent: {}
[33.094186] (-) TimerEvent: {}
[33.195926] (-) TimerEvent: {}
[33.296445] (-) TimerEvent: {}
[33.396870] (-) TimerEvent: {}
[33.497214] (-) TimerEvent: {}
[33.597755] (-) TimerEvent: {}
[33.698433] (-) TimerEvent: {}
[33.798928] (-) TimerEvent: {}
[33.899309] (-) TimerEvent: {}
[33.999891] (-) TimerEvent: {}
[34.100312] (-) TimerEvent: {}
[34.200703] (-) TimerEvent: {}
[34.301501] (-) TimerEvent: {}
[34.402033] (-) TimerEvent: {}
[34.502402] (-) TimerEvent: {}
[34.602853] (-) TimerEvent: {}
[34.703407] (-) TimerEvent: {}
[34.803726] (-) TimerEvent: {}
[34.904169] (-) TimerEvent: {}
[35.004603] (-) TimerEvent: {}
[35.105013] (-) TimerEvent: {}
[35.205510] (-) TimerEvent: {}
[35.306089] (-) TimerEvent: {}
[35.407260] (-) TimerEvent: {}
[35.507789] (-) TimerEvent: {}
[35.609391] (-) TimerEvent: {}
[35.709916] (-) TimerEvent: {}
[35.810943] (-) TimerEvent: {}
[35.911275] (-) TimerEvent: {}
[36.011714] (-) TimerEvent: {}
[36.112144] (-) TimerEvent: {}
[36.212469] (-) TimerEvent: {}
[36.312861] (-) TimerEvent: {}
[36.413345] (-) TimerEvent: {}
[36.513805] (-) TimerEvent: {}
[36.825334] (-) TimerEvent: {}
[36.926927] (-) TimerEvent: {}
[37.027464] (-) TimerEvent: {}
[37.127826] (-) TimerEvent: {}
[37.228302] (-) TimerEvent: {}
[37.328770] (-) TimerEvent: {}
[37.429278] (-) TimerEvent: {}
[37.529843] (-) TimerEvent: {}
[37.631033] (-) TimerEvent: {}
[37.731445] (-) TimerEvent: {}
[37.831765] (-) TimerEvent: {}
[37.932096] (-) TimerEvent: {}
[38.032528] (-) TimerEvent: {}
[38.132879] (-) TimerEvent: {}
[38.227068] (diff_drive_gazebo) CommandEnded: {'returncode': 0}
[38.228132] (diff_drive_gazebo) JobProgress: {'identifier': 'diff_drive_gazebo', 'progress': 'install'}
[38.233131] (-) TimerEvent: {}
[38.244123] (diff_drive_gazebo) Command: {'cmd': ['/usr/bin/cmake', '--install', '/home/zheng/carerobot_slam_ros2/build/diff_drive_gazebo'], 'cwd': '/home/zheng/carerobot_slam_ros2/build/diff_drive_gazebo', 'env': OrderedDict([('LESSOPEN', '| /usr/bin/lesspipe %s'), ('HTTPS_PROXY', 'http://127.0.0.1:7890/'), ('no_proxy', 'localhost,127.0.0.0/8,::1'), ('LANGUAGE', 'zh_CN:zh'), ('USER', 'zheng'), ('all_proxy', 'socks://127.0.0.1:7890/'), ('XDG_SESSION_TYPE', 'x11'), ('SHLVL', '1'), ('LD_LIBRARY_PATH', '/usr/lib/x86_64-linux-gnu/gazebo-11/plugins:/opt/ros/humble/opt/rviz_ogre_vendor/lib:/opt/ros/humble/lib/x86_64-linux-gnu:/opt/ros/humble/lib'), ('HOME', '/home/zheng'), ('OLDPWD', '/home/zheng'), ('DESKTOP_SESSION', 'ubuntu-xorg'), ('NO_PROXY', 'localhost,127.0.0.0/8,::1'), ('ROS_PYTHON_VERSION', '3'), ('GNOME_SHELL_SESSION_MODE', 'ubuntu'), ('GTK_MODULES', 'gail:atk-bridge'), ('SYSTEMD_EXEC_PID', '1754'), ('DBUS_SESSION_BUS_ADDRESS', 'unix:path=/run/user/1000/bus'), ('COLORTERM', 'truecolor'), ('https_proxy', 'http://127.0.0.1:7890/'), ('ROS_DISTRO', 'humble'), ('GTK_IM_MODULE', 'ibus'), ('LOGNAME', 'zheng'), ('ALL_PROXY', 'socks://127.0.0.1:7890/'), ('http_proxy', 'http://127.0.0.1:7890/'), ('_', '/usr/bin/colcon'), ('ROS_VERSION', '2'), ('XDG_SESSION_CLASS', 'user'), ('USERNAME', 'zheng'), ('TERM', 'xterm-256color'), ('GNOME_DESKTOP_SESSION_ID', 'this-is-deprecated'), ('ROS_LOCALHOST_ONLY', '0'), ('WINDOWPATH', '2'), ('PATH', '/opt/ros/humble/bin:/home/zheng/.local/bin:/usr/local/sbin:/usr/local/bin:/usr/sbin:/usr/bin:/sbin:/bin:/usr/games:/usr/local/games:/snap/bin:/snap/bin'), ('SESSION_MANAGER', 'local/zheng-Lenovo-Product:@/tmp/.ICE-unix/1731,unix/zheng-Lenovo-Product:/tmp/.ICE-unix/1731'), ('XDG_MENU_PREFIX', 'gnome-'), ('GNOME_TERMINAL_SCREEN', '/org/gnome/Terminal/screen/d492a4b3_e7ac_4b4c_abe4_0222114e68da'), ('XDG_RUNTIME_DIR', '/run/user/1000'), ('DISPLAY', ':0'), ('LANG', 'zh_CN.UTF-8'), ('XDG_CURRENT_DESKTOP', 'ubuntu:GNOME'), ('XMODIFIERS', '@im=ibus'), ('XDG_SESSION_DESKTOP', 'ubuntu-xorg'), ('XAUTHORITY', '/run/user/1000/gdm/Xauthority'), ('LS_COLORS', 'rs=0:di=01;34:ln=01;36:mh=00:pi=40;33:so=01;35:do=01;35:bd=40;33;01:cd=40;33;01:or=40;31;01:mi=00:su=37;41:sg=30;43:ca=30;41:tw=30;42:ow=34;42:st=37;44:ex=01;32:*.tar=01;31:*.tgz=01;31:*.arc=01;31:*.arj=01;31:*.taz=01;31:*.lha=01;31:*.lz4=01;31:*.lzh=01;31:*.lzma=01;31:*.tlz=01;31:*.txz=01;31:*.tzo=01;31:*.t7z=01;31:*.zip=01;31:*.z=01;31:*.dz=01;31:*.gz=01;31:*.lrz=01;31:*.lz=01;31:*.lzo=01;31:*.xz=01;31:*.zst=01;31:*.tzst=01;31:*.bz2=01;31:*.bz=01;31:*.tbz=01;31:*.tbz2=01;31:*.tz=01;31:*.deb=01;31:*.rpm=01;31:*.jar=01;31:*.war=01;31:*.ear=01;31:*.sar=01;31:*.rar=01;31:*.alz=01;31:*.ace=01;31:*.zoo=01;31:*.cpio=01;31:*.7z=01;31:*.rz=01;31:*.cab=01;31:*.wim=01;31:*.swm=01;31:*.dwm=01;31:*.esd=01;31:*.jpg=01;35:*.jpeg=01;35:*.mjpg=01;35:*.mjpeg=01;35:*.gif=01;35:*.bmp=01;35:*.pbm=01;35:*.pgm=01;35:*.ppm=01;35:*.tga=01;35:*.xbm=01;35:*.xpm=01;35:*.tif=01;35:*.tiff=01;35:*.png=01;35:*.svg=01;35:*.svgz=01;35:*.mng=01;35:*.pcx=01;35:*.mov=01;35:*.mpg=01;35:*.mpeg=01;35:*.m2v=01;35:*.mkv=01;35:*.webm=01;35:*.webp=01;35:*.ogm=01;35:*.mp4=01;35:*.m4v=01;35:*.mp4v=01;35:*.vob=01;35:*.qt=01;35:*.nuv=01;35:*.wmv=01;35:*.asf=01;35:*.rm=01;35:*.rmvb=01;35:*.flc=01;35:*.avi=01;35:*.fli=01;35:*.flv=01;35:*.gl=01;35:*.dl=01;35:*.xcf=01;35:*.xwd=01;35:*.yuv=01;35:*.cgm=01;35:*.emf=01;35:*.ogv=01;35:*.ogx=01;35:*.aac=00;36:*.au=00;36:*.flac=00;36:*.m4a=00;36:*.mid=00;36:*.midi=00;36:*.mka=00;36:*.mp3=00;36:*.mpc=00;36:*.ogg=00;36:*.ra=00;36:*.wav=00;36:*.oga=00;36:*.opus=00;36:*.spx=00;36:*.xspf=00;36:'), ('GNOME_TERMINAL_SERVICE', ':1.321'), ('SSH_AGENT_LAUNCHER', 'gnome-keyring'), ('SSH_AUTH_SOCK', '/run/user/1000/keyring/ssh'), ('AMENT_PREFIX_PATH', '/opt/ros/humble'), ('SHELL', '/bin/bash'), ('QT_ACCESSIBILITY', '1'), ('GDMSESSION', 'ubuntu-xorg'), ('LESSCLOSE', '/usr/bin/lesspipe %s %s'), ('GPG_AGENT_INFO', '/run/user/1000/gnupg/S.gpg-agent:0:1'), ('GAZEBO_MODEL_DATABASE_URI', ''), ('QT_IM_MODULE', 'ibus'), ('PWD', '/home/zheng/carerobot_slam_ros2/build/diff_drive_gazebo'), ('XDG_CONFIG_DIRS', '/etc/xdg/xdg-ubuntu-xorg:/etc/xdg'), ('XDG_DATA_DIRS', '/usr/share/ubuntu-xorg:/usr/share/gnome:/usr/local/share/:/usr/share/:/var/lib/snapd/desktop'), ('PYTHONPATH', '/opt/ros/humble/lib/python3.10/site-packages:/opt/ros/humble/local/lib/python3.10/dist-packages'), ('HTTP_PROXY', 'http://127.0.0.1:7890/'), ('COLCON', '1'), ('VTE_VERSION', '6800'), ('CMAKE_PREFIX_PATH', '/opt/ros/humble')]), 'shell': False}
[38.290744] (diff_drive_gazebo) StdoutLine: {'line': b'-- Install configuration: ""\n'}
[38.333191] (-) TimerEvent: {}
[38.341075] (diff_drive_gazebo) StdoutLine: {'line': b'-- Up-to-date: /home/zheng/carerobot_slam_ros2/install/diff_drive_gazebo/share/diff_drive_gazebo/launch\n'}
[38.344525] (diff_drive_gazebo) StdoutLine: {'line': b'-- Up-to-date: /home/zheng/carerobot_slam_ros2/install/diff_drive_gazebo/share/diff_drive_gazebo/launch/sim_gazebo_rviz_gmapping.launch.py\n'}
[38.362203] (diff_drive_gazebo) StdoutLine: {'line': b'-- Up-to-date: /home/zheng/carerobot_slam_ros2/install/diff_drive_gazebo/share/diff_drive_gazebo/launch/sim_gazebo_rviz.launch.py\n'}
[38.362847] (diff_drive_gazebo) StdoutLine: {'line': b'-- Up-to-date: /home/zheng/carerobot_slam_ros2/install/diff_drive_gazebo/share/diff_drive_gazebo/urdf\n'}
[38.363844] (diff_drive_gazebo) StdoutLine: {'line': b'-- Up-to-date: /home/zheng/carerobot_slam_ros2/install/diff_drive_gazebo/share/diff_drive_gazebo/urdf/robot2.urdf\n'}
[38.364138] (diff_drive_gazebo) StdoutLine: {'line': b'-- Up-to-date: /home/zheng/carerobot_slam_ros2/install/diff_drive_gazebo/share/diff_drive_gazebo/meshes\n'}
[38.364316] (diff_drive_gazebo) StdoutLine: {'line': b'-- Up-to-date: /home/zheng/carerobot_slam_ros2/install/diff_drive_gazebo/share/diff_drive_gazebo/meshes/wheel2.STL\n'}
[38.364463] (diff_drive_gazebo) StdoutLine: {'line': b'-- Up-to-date: /home/zheng/carerobot_slam_ros2/install/diff_drive_gazebo/share/diff_drive_gazebo/meshes/wheel1.STL\n'}
[38.364585] (diff_drive_gazebo) StdoutLine: {'line': b'-- Up-to-date: /home/zheng/carerobot_slam_ros2/install/diff_drive_gazebo/share/diff_drive_gazebo/meshes/base_link.STL\n'}
[38.364696] (diff_drive_gazebo) StdoutLine: {'line': b'-- Up-to-date: /home/zheng/carerobot_slam_ros2/install/diff_drive_gazebo/share/diff_drive_gazebo/worlds\n'}
[38.364792] (diff_drive_gazebo) StdoutLine: {'line': b'-- Up-to-date: /home/zheng/carerobot_slam_ros2/install/diff_drive_gazebo/share/diff_drive_gazebo/worlds/test_world01.world\n'}
[38.364930] (diff_drive_gazebo) StdoutLine: {'line': b'-- Up-to-date: /home/zheng/carerobot_slam_ros2/install/diff_drive_gazebo/share/diff_drive_gazebo/worlds/big_house.world\n'}
[38.365057] (diff_drive_gazebo) StdoutLine: {'line': b'-- Up-to-date: /home/zheng/carerobot_slam_ros2/install/diff_drive_gazebo/share/diff_drive_gazebo/worlds/Realworld.dae\n'}
[38.365179] (diff_drive_gazebo) StdoutLine: {'line': b'-- Up-to-date: /home/zheng/carerobot_slam_ros2/install/diff_drive_gazebo/share/diff_drive_gazebo/worlds/tri_steer.world\n'}
[38.365304] (diff_drive_gazebo) StdoutLine: {'line': b'-- Up-to-date: /home/zheng/carerobot_slam_ros2/install/diff_drive_gazebo/share/diff_drive_gazebo/worlds/kexueguan205.world\n'}
[38.365410] (diff_drive_gazebo) StdoutLine: {'line': b'-- Up-to-date: /home/zheng/carerobot_slam_ros2/install/diff_drive_gazebo/share/diff_drive_gazebo/map\n'}
[38.365744] (diff_drive_gazebo) StdoutLine: {'line': b'-- Up-to-date: /home/zheng/carerobot_slam_ros2/install/diff_drive_gazebo/share/diff_drive_gazebo/map/kexueguan205.pgm\n'}
[38.365876] (diff_drive_gazebo) StdoutLine: {'line': b'-- Up-to-date: /home/zheng/carerobot_slam_ros2/install/diff_drive_gazebo/share/diff_drive_gazebo/map/carto_mapf.pgm\n'}
[38.365994] (diff_drive_gazebo) StdoutLine: {'line': b'-- Up-to-date: /home/zheng/carerobot_slam_ros2/install/diff_drive_gazebo/share/diff_drive_gazebo/map/carto_map.pgm\n'}
[38.366089] (diff_drive_gazebo) StdoutLine: {'line': b'-- Up-to-date: /home/zheng/carerobot_slam_ros2/install/diff_drive_gazebo/share/diff_drive_gazebo/map/big_house.pgm\n'}
[38.366185] (diff_drive_gazebo) StdoutLine: {'line': b'-- Up-to-date: /home/zheng/carerobot_slam_ros2/install/diff_drive_gazebo/share/diff_drive_gazebo/map/carto_mapf.yaml\n'}
[38.366280] (diff_drive_gazebo) StdoutLine: {'line': b'-- Up-to-date: /home/zheng/carerobot_slam_ros2/install/diff_drive_gazebo/share/diff_drive_gazebo/map/kexueguan205.yaml\n'}
[38.366371] (diff_drive_gazebo) StdoutLine: {'line': b'-- Up-to-date: /home/zheng/carerobot_slam_ros2/install/diff_drive_gazebo/share/diff_drive_gazebo/map/carto_mape.pgm\n'}
[38.366461] (diff_drive_gazebo) StdoutLine: {'line': b'-- Up-to-date: /home/zheng/carerobot_slam_ros2/install/diff_drive_gazebo/share/diff_drive_gazebo/map/test_world01.yaml\n'}
[38.366624] (diff_drive_gazebo) StdoutLine: {'line': b'-- Up-to-date: /home/zheng/carerobot_slam_ros2/install/diff_drive_gazebo/share/diff_drive_gazebo/map/carto_mapc.yaml\n'}
[38.366784] (diff_drive_gazebo) StdoutLine: {'line': b'-- Up-to-date: /home/zheng/carerobot_slam_ros2/install/diff_drive_gazebo/share/diff_drive_gazebo/map/carto_mapb.pgm\n'}
[38.366965] (diff_drive_gazebo) StdoutLine: {'line': b'-- Up-to-date: /home/zheng/carerobot_slam_ros2/install/diff_drive_gazebo/share/diff_drive_gazebo/map/carto_mape.yaml\n'}
[38.367122] (diff_drive_gazebo) StdoutLine: {'line': b'-- Up-to-date: /home/zheng/carerobot_slam_ros2/install/diff_drive_gazebo/share/diff_drive_gazebo/map/carto_mapc.pgm\n'}
[38.367280] (diff_drive_gazebo) StdoutLine: {'line': b'-- Up-to-date: /home/zheng/carerobot_slam_ros2/install/diff_drive_gazebo/share/diff_drive_gazebo/map/big_house.yaml\n'}
[38.367388] (diff_drive_gazebo) StdoutLine: {'line': b'-- Up-to-date: /home/zheng/carerobot_slam_ros2/install/diff_drive_gazebo/share/diff_drive_gazebo/map/test_world01.pgm\n'}
[38.367488] (diff_drive_gazebo) StdoutLine: {'line': b'-- Up-to-date: /home/zheng/carerobot_slam_ros2/install/diff_drive_gazebo/share/diff_drive_gazebo/map/carto_map.yaml\n'}
[38.367607] (diff_drive_gazebo) StdoutLine: {'line': b'-- Up-to-date: /home/zheng/carerobot_slam_ros2/install/diff_drive_gazebo/share/diff_drive_gazebo/map/carto_mapb.yaml\n'}
[38.367710] (diff_drive_gazebo) StdoutLine: {'line': b'-- Up-to-date: /home/zheng/carerobot_slam_ros2/install/diff_drive_gazebo/share/diff_drive_gazebo/rviz\n'}
[38.367803] (diff_drive_gazebo) StdoutLine: {'line': b'-- Up-to-date: /home/zheng/carerobot_slam_ros2/install/diff_drive_gazebo/share/diff_drive_gazebo/rviz/diff_drive.rviz\n'}
[38.367891] (diff_drive_gazebo) StdoutLine: {'line': b'-- Up-to-date: /home/zheng/carerobot_slam_ros2/install/diff_drive_gazebo/share/diff_drive_gazebo/rviz/sweepbot_view.rviz\n'}
[38.367992] (diff_drive_gazebo) StdoutLine: {'line': b'-- Up-to-date: /home/zheng/carerobot_slam_ros2/install/diff_drive_gazebo/share/ament_index/resource_index/package_run_dependencies/diff_drive_gazebo\n'}
[38.368090] (diff_drive_gazebo) StdoutLine: {'line': b'-- Up-to-date: /home/zheng/carerobot_slam_ros2/install/diff_drive_gazebo/share/ament_index/resource_index/parent_prefix_path/diff_drive_gazebo\n'}
[38.368169] (diff_drive_gazebo) StdoutLine: {'line': b'-- Up-to-date: /home/zheng/carerobot_slam_ros2/install/diff_drive_gazebo/share/diff_drive_gazebo/environment/ament_prefix_path.sh\n'}
[38.368247] (diff_drive_gazebo) StdoutLine: {'line': b'-- Up-to-date: /home/zheng/carerobot_slam_ros2/install/diff_drive_gazebo/share/diff_drive_gazebo/environment/ament_prefix_path.dsv\n'}
[38.368330] (diff_drive_gazebo) StdoutLine: {'line': b'-- Up-to-date: /home/zheng/carerobot_slam_ros2/install/diff_drive_gazebo/share/diff_drive_gazebo/environment/path.sh\n'}
[38.368409] (diff_drive_gazebo) StdoutLine: {'line': b'-- Up-to-date: /home/zheng/carerobot_slam_ros2/install/diff_drive_gazebo/share/diff_drive_gazebo/environment/path.dsv\n'}
[38.368484] (diff_drive_gazebo) StdoutLine: {'line': b'-- Up-to-date: /home/zheng/carerobot_slam_ros2/install/diff_drive_gazebo/share/diff_drive_gazebo/local_setup.bash\n'}
[38.368601] (diff_drive_gazebo) StdoutLine: {'line': b'-- Up-to-date: /home/zheng/carerobot_slam_ros2/install/diff_drive_gazebo/share/diff_drive_gazebo/local_setup.sh\n'}
[38.368683] (diff_drive_gazebo) StdoutLine: {'line': b'-- Up-to-date: /home/zheng/carerobot_slam_ros2/install/diff_drive_gazebo/share/diff_drive_gazebo/local_setup.zsh\n'}
[38.368774] (diff_drive_gazebo) StdoutLine: {'line': b'-- Up-to-date: /home/zheng/carerobot_slam_ros2/install/diff_drive_gazebo/share/diff_drive_gazebo/local_setup.dsv\n'}
[38.368932] (diff_drive_gazebo) StdoutLine: {'line': b'-- Installing: /home/zheng/carerobot_slam_ros2/install/diff_drive_gazebo/share/diff_drive_gazebo/package.dsv\n'}
[38.369019] (diff_drive_gazebo) StdoutLine: {'line': b'-- Up-to-date: /home/zheng/carerobot_slam_ros2/install/diff_drive_gazebo/share/ament_index/resource_index/packages/diff_drive_gazebo\n'}
[38.369110] (diff_drive_gazebo) StdoutLine: {'line': b'-- Up-to-date: /home/zheng/carerobot_slam_ros2/install/diff_drive_gazebo/share/diff_drive_gazebo/cmake/diff_drive_gazeboConfig.cmake\n'}
[38.369202] (diff_drive_gazebo) StdoutLine: {'line': b'-- Up-to-date: /home/zheng/carerobot_slam_ros2/install/diff_drive_gazebo/share/diff_drive_gazebo/cmake/diff_drive_gazeboConfig-version.cmake\n'}
[38.369282] (diff_drive_gazebo) StdoutLine: {'line': b'-- Up-to-date: /home/zheng/carerobot_slam_ros2/install/diff_drive_gazebo/share/diff_drive_gazebo/package.xml\n'}
[38.370190] (diff_drive_gazebo) CommandEnded: {'returncode': 0}
[38.433291] (-) TimerEvent: {}
[38.469594] (robot_communication) StdoutLine: {'line': b'[  1%] Built target robot_communication__rs\n'}
[38.533365] (-) TimerEvent: {}
[38.633814] (-) TimerEvent: {}
[38.734419] (-) TimerEvent: {}
[38.834859] (-) TimerEvent: {}
[38.935128] (-) TimerEvent: {}
[39.035443] (-) TimerEvent: {}
[39.135911] (-) TimerEvent: {}
[39.228755] (diff_drive_gazebo) JobEnded: {'identifier': 'diff_drive_gazebo', 'rc': 0}
[39.236128] (-) TimerEvent: {}
[39.240611] (openslam_gmapping) StdoutLine: {'line': b'[ 13%] Built target utils\n'}
[39.300377] (robot_communication) StdoutLine: {'line': b'[  1%] Built target ament_cmake_python_copy_robot_communication\n'}
[39.336254] (-) TimerEvent: {}
[39.430762] (openslam_gmapping) StdoutLine: {'line': b'[ 27%] Built target sensor_base\n'}
[39.437734] (-) TimerEvent: {}
[39.443139] (robot_communication) StdoutLine: {'line': b'[  2%] Built target robot_communication__cpp\n'}
[39.537822] (-) TimerEvent: {}
[39.575025] (keyboard_control) StdoutLine: {'line': b'[100%] Built target keyboard_control\n'}
[39.595214] (keyboard_control) CommandEnded: {'returncode': 0}
[39.616010] (keyboard_control) JobProgress: {'identifier': 'keyboard_control', 'progress': 'install'}
[39.617311] (keyboard_control) Command: {'cmd': ['/usr/bin/cmake', '--install', '/home/zheng/carerobot_slam_ros2/build/keyboard_control'], 'cwd': '/home/zheng/carerobot_slam_ros2/build/keyboard_control', 'env': OrderedDict([('LESSOPEN', '| /usr/bin/lesspipe %s'), ('HTTPS_PROXY', 'http://127.0.0.1:7890/'), ('no_proxy', 'localhost,127.0.0.0/8,::1'), ('LANGUAGE', 'zh_CN:zh'), ('USER', 'zheng'), ('all_proxy', 'socks://127.0.0.1:7890/'), ('XDG_SESSION_TYPE', 'x11'), ('SHLVL', '1'), ('LD_LIBRARY_PATH', '/usr/lib/x86_64-linux-gnu/gazebo-11/plugins:/opt/ros/humble/opt/rviz_ogre_vendor/lib:/opt/ros/humble/lib/x86_64-linux-gnu:/opt/ros/humble/lib'), ('HOME', '/home/zheng'), ('OLDPWD', '/home/zheng'), ('DESKTOP_SESSION', 'ubuntu-xorg'), ('NO_PROXY', 'localhost,127.0.0.0/8,::1'), ('ROS_PYTHON_VERSION', '3'), ('GNOME_SHELL_SESSION_MODE', 'ubuntu'), ('GTK_MODULES', 'gail:atk-bridge'), ('SYSTEMD_EXEC_PID', '1754'), ('DBUS_SESSION_BUS_ADDRESS', 'unix:path=/run/user/1000/bus'), ('COLORTERM', 'truecolor'), ('https_proxy', 'http://127.0.0.1:7890/'), ('ROS_DISTRO', 'humble'), ('GTK_IM_MODULE', 'ibus'), ('LOGNAME', 'zheng'), ('ALL_PROXY', 'socks://127.0.0.1:7890/'), ('http_proxy', 'http://127.0.0.1:7890/'), ('_', '/usr/bin/colcon'), ('ROS_VERSION', '2'), ('XDG_SESSION_CLASS', 'user'), ('USERNAME', 'zheng'), ('TERM', 'xterm-256color'), ('GNOME_DESKTOP_SESSION_ID', 'this-is-deprecated'), ('ROS_LOCALHOST_ONLY', '0'), ('WINDOWPATH', '2'), ('PATH', '/opt/ros/humble/bin:/home/zheng/.local/bin:/usr/local/sbin:/usr/local/bin:/usr/sbin:/usr/bin:/sbin:/bin:/usr/games:/usr/local/games:/snap/bin:/snap/bin'), ('SESSION_MANAGER', 'local/zheng-Lenovo-Product:@/tmp/.ICE-unix/1731,unix/zheng-Lenovo-Product:/tmp/.ICE-unix/1731'), ('XDG_MENU_PREFIX', 'gnome-'), ('GNOME_TERMINAL_SCREEN', '/org/gnome/Terminal/screen/d492a4b3_e7ac_4b4c_abe4_0222114e68da'), ('XDG_RUNTIME_DIR', '/run/user/1000'), ('DISPLAY', ':0'), ('LANG', 'zh_CN.UTF-8'), ('XDG_CURRENT_DESKTOP', 'ubuntu:GNOME'), ('XMODIFIERS', '@im=ibus'), ('XDG_SESSION_DESKTOP', 'ubuntu-xorg'), ('XAUTHORITY', '/run/user/1000/gdm/Xauthority'), ('LS_COLORS', 'rs=0:di=01;34:ln=01;36:mh=00:pi=40;33:so=01;35:do=01;35:bd=40;33;01:cd=40;33;01:or=40;31;01:mi=00:su=37;41:sg=30;43:ca=30;41:tw=30;42:ow=34;42:st=37;44:ex=01;32:*.tar=01;31:*.tgz=01;31:*.arc=01;31:*.arj=01;31:*.taz=01;31:*.lha=01;31:*.lz4=01;31:*.lzh=01;31:*.lzma=01;31:*.tlz=01;31:*.txz=01;31:*.tzo=01;31:*.t7z=01;31:*.zip=01;31:*.z=01;31:*.dz=01;31:*.gz=01;31:*.lrz=01;31:*.lz=01;31:*.lzo=01;31:*.xz=01;31:*.zst=01;31:*.tzst=01;31:*.bz2=01;31:*.bz=01;31:*.tbz=01;31:*.tbz2=01;31:*.tz=01;31:*.deb=01;31:*.rpm=01;31:*.jar=01;31:*.war=01;31:*.ear=01;31:*.sar=01;31:*.rar=01;31:*.alz=01;31:*.ace=01;31:*.zoo=01;31:*.cpio=01;31:*.7z=01;31:*.rz=01;31:*.cab=01;31:*.wim=01;31:*.swm=01;31:*.dwm=01;31:*.esd=01;31:*.jpg=01;35:*.jpeg=01;35:*.mjpg=01;35:*.mjpeg=01;35:*.gif=01;35:*.bmp=01;35:*.pbm=01;35:*.pgm=01;35:*.ppm=01;35:*.tga=01;35:*.xbm=01;35:*.xpm=01;35:*.tif=01;35:*.tiff=01;35:*.png=01;35:*.svg=01;35:*.svgz=01;35:*.mng=01;35:*.pcx=01;35:*.mov=01;35:*.mpg=01;35:*.mpeg=01;35:*.m2v=01;35:*.mkv=01;35:*.webm=01;35:*.webp=01;35:*.ogm=01;35:*.mp4=01;35:*.m4v=01;35:*.mp4v=01;35:*.vob=01;35:*.qt=01;35:*.nuv=01;35:*.wmv=01;35:*.asf=01;35:*.rm=01;35:*.rmvb=01;35:*.flc=01;35:*.avi=01;35:*.fli=01;35:*.flv=01;35:*.gl=01;35:*.dl=01;35:*.xcf=01;35:*.xwd=01;35:*.yuv=01;35:*.cgm=01;35:*.emf=01;35:*.ogv=01;35:*.ogx=01;35:*.aac=00;36:*.au=00;36:*.flac=00;36:*.m4a=00;36:*.mid=00;36:*.midi=00;36:*.mka=00;36:*.mp3=00;36:*.mpc=00;36:*.ogg=00;36:*.ra=00;36:*.wav=00;36:*.oga=00;36:*.opus=00;36:*.spx=00;36:*.xspf=00;36:'), ('GNOME_TERMINAL_SERVICE', ':1.321'), ('SSH_AGENT_LAUNCHER', 'gnome-keyring'), ('SSH_AUTH_SOCK', '/run/user/1000/keyring/ssh'), ('AMENT_PREFIX_PATH', '/opt/ros/humble'), ('SHELL', '/bin/bash'), ('QT_ACCESSIBILITY', '1'), ('GDMSESSION', 'ubuntu-xorg'), ('LESSCLOSE', '/usr/bin/lesspipe %s %s'), ('GPG_AGENT_INFO', '/run/user/1000/gnupg/S.gpg-agent:0:1'), ('GAZEBO_MODEL_DATABASE_URI', ''), ('QT_IM_MODULE', 'ibus'), ('PWD', '/home/zheng/carerobot_slam_ros2/build/keyboard_control'), ('XDG_CONFIG_DIRS', '/etc/xdg/xdg-ubuntu-xorg:/etc/xdg'), ('XDG_DATA_DIRS', '/usr/share/ubuntu-xorg:/usr/share/gnome:/usr/local/share/:/usr/share/:/var/lib/snapd/desktop'), ('PYTHONPATH', '/opt/ros/humble/lib/python3.10/site-packages:/opt/ros/humble/local/lib/python3.10/dist-packages'), ('HTTP_PROXY', 'http://127.0.0.1:7890/'), ('COLCON', '1'), ('VTE_VERSION', '6800'), ('CMAKE_PREFIX_PATH', '/opt/ros/humble')]), 'shell': False}
[39.637922] (-) TimerEvent: {}
[39.738593] (-) TimerEvent: {}
[39.747296] (keyboard_control) StdoutLine: {'line': b'-- Install configuration: ""\n'}
[39.813843] (keyboard_control) StdoutLine: {'line': b'-- Up-to-date: /home/zheng/carerobot_slam_ros2/install/keyboard_control/lib/keyboard_control/keyboard_control\n'}
[39.814179] (keyboard_control) StdoutLine: {'line': b'-- Up-to-date: /home/zheng/carerobot_slam_ros2/install/keyboard_control/share/keyboard_control/launch\n'}
[39.838682] (-) TimerEvent: {}
[39.854686] (explore_lite) StdoutLine: {'line': b'[100%] Built target explore\n'}
[39.914588] (keyboard_control) StdoutLine: {'line': b'-- Up-to-date: /home/zheng/carerobot_slam_ros2/install/keyboard_control/share/keyboard_control/launch/keyboard_control.launch.py\n'}
[39.918975] (keyboard_control) StdoutLine: {'line': b'-- Up-to-date: /home/zheng/carerobot_slam_ros2/install/keyboard_control/share/ament_index/resource_index/package_run_dependencies/keyboard_control\n'}
[39.921697] (keyboard_control) StdoutLine: {'line': b'-- Up-to-date: /home/zheng/carerobot_slam_ros2/install/keyboard_control/share/ament_index/resource_index/parent_prefix_path/keyboard_control\n'}
[39.922043] (keyboard_control) StdoutLine: {'line': b'-- Up-to-date: /home/zheng/carerobot_slam_ros2/install/keyboard_control/share/keyboard_control/environment/ament_prefix_path.sh\n'}
[39.922168] (keyboard_control) StdoutLine: {'line': b'-- Up-to-date: /home/zheng/carerobot_slam_ros2/install/keyboard_control/share/keyboard_control/environment/ament_prefix_path.dsv\n'}
[39.922265] (keyboard_control) StdoutLine: {'line': b'-- Up-to-date: /home/zheng/carerobot_slam_ros2/install/keyboard_control/share/keyboard_control/environment/path.sh\n'}
[39.922362] (keyboard_control) StdoutLine: {'line': b'-- Up-to-date: /home/zheng/carerobot_slam_ros2/install/keyboard_control/share/keyboard_control/environment/path.dsv\n'}
[39.922459] (keyboard_control) StdoutLine: {'line': b'-- Up-to-date: /home/zheng/carerobot_slam_ros2/install/keyboard_control/share/keyboard_control/local_setup.bash\n'}
[39.922557] (keyboard_control) StdoutLine: {'line': b'-- Up-to-date: /home/zheng/carerobot_slam_ros2/install/keyboard_control/share/keyboard_control/local_setup.sh\n'}
[39.922621] (keyboard_control) StdoutLine: {'line': b'-- Up-to-date: /home/zheng/carerobot_slam_ros2/install/keyboard_control/share/keyboard_control/local_setup.zsh\n'}
[39.922673] (keyboard_control) StdoutLine: {'line': b'-- Up-to-date: /home/zheng/carerobot_slam_ros2/install/keyboard_control/share/keyboard_control/local_setup.dsv\n'}
[39.922723] (keyboard_control) StdoutLine: {'line': b'-- Installing: /home/zheng/carerobot_slam_ros2/install/keyboard_control/share/keyboard_control/package.dsv\n'}
[39.924330] (explore_lite) CommandEnded: {'returncode': 0}
[39.940619] (-) TimerEvent: {}
[40.040959] (-) TimerEvent: {}
[40.141460] (-) TimerEvent: {}
[40.241950] (-) TimerEvent: {}
[40.340364] (explore_lite) JobProgress: {'identifier': 'explore_lite', 'progress': 'install'}
[40.395255] (-) TimerEvent: {}
[40.395824] (explore_lite) Command: {'cmd': ['/usr/bin/cmake', '--install', '/home/zheng/carerobot_slam_ros2/build/explore_lite'], 'cwd': '/home/zheng/carerobot_slam_ros2/build/explore_lite', 'env': OrderedDict([('LESSOPEN', '| /usr/bin/lesspipe %s'), ('HTTPS_PROXY', 'http://127.0.0.1:7890/'), ('no_proxy', 'localhost,127.0.0.0/8,::1'), ('LANGUAGE', 'zh_CN:zh'), ('USER', 'zheng'), ('all_proxy', 'socks://127.0.0.1:7890/'), ('XDG_SESSION_TYPE', 'x11'), ('SHLVL', '1'), ('LD_LIBRARY_PATH', '/usr/lib/x86_64-linux-gnu/gazebo-11/plugins:/opt/ros/humble/opt/rviz_ogre_vendor/lib:/opt/ros/humble/lib/x86_64-linux-gnu:/opt/ros/humble/lib'), ('HOME', '/home/zheng'), ('OLDPWD', '/home/zheng'), ('DESKTOP_SESSION', 'ubuntu-xorg'), ('NO_PROXY', 'localhost,127.0.0.0/8,::1'), ('ROS_PYTHON_VERSION', '3'), ('GNOME_SHELL_SESSION_MODE', 'ubuntu'), ('GTK_MODULES', 'gail:atk-bridge'), ('SYSTEMD_EXEC_PID', '1754'), ('DBUS_SESSION_BUS_ADDRESS', 'unix:path=/run/user/1000/bus'), ('COLORTERM', 'truecolor'), ('https_proxy', 'http://127.0.0.1:7890/'), ('ROS_DISTRO', 'humble'), ('GTK_IM_MODULE', 'ibus'), ('LOGNAME', 'zheng'), ('ALL_PROXY', 'socks://127.0.0.1:7890/'), ('http_proxy', 'http://127.0.0.1:7890/'), ('_', '/usr/bin/colcon'), ('ROS_VERSION', '2'), ('XDG_SESSION_CLASS', 'user'), ('USERNAME', 'zheng'), ('TERM', 'xterm-256color'), ('GNOME_DESKTOP_SESSION_ID', 'this-is-deprecated'), ('ROS_LOCALHOST_ONLY', '0'), ('WINDOWPATH', '2'), ('PATH', '/opt/ros/humble/bin:/home/zheng/.local/bin:/usr/local/sbin:/usr/local/bin:/usr/sbin:/usr/bin:/sbin:/bin:/usr/games:/usr/local/games:/snap/bin:/snap/bin'), ('SESSION_MANAGER', 'local/zheng-Lenovo-Product:@/tmp/.ICE-unix/1731,unix/zheng-Lenovo-Product:/tmp/.ICE-unix/1731'), ('XDG_MENU_PREFIX', 'gnome-'), ('GNOME_TERMINAL_SCREEN', '/org/gnome/Terminal/screen/d492a4b3_e7ac_4b4c_abe4_0222114e68da'), ('XDG_RUNTIME_DIR', '/run/user/1000'), ('DISPLAY', ':0'), ('LANG', 'zh_CN.UTF-8'), ('XDG_CURRENT_DESKTOP', 'ubuntu:GNOME'), ('XMODIFIERS', '@im=ibus'), ('XDG_SESSION_DESKTOP', 'ubuntu-xorg'), ('XAUTHORITY', '/run/user/1000/gdm/Xauthority'), ('LS_COLORS', 'rs=0:di=01;34:ln=01;36:mh=00:pi=40;33:so=01;35:do=01;35:bd=40;33;01:cd=40;33;01:or=40;31;01:mi=00:su=37;41:sg=30;43:ca=30;41:tw=30;42:ow=34;42:st=37;44:ex=01;32:*.tar=01;31:*.tgz=01;31:*.arc=01;31:*.arj=01;31:*.taz=01;31:*.lha=01;31:*.lz4=01;31:*.lzh=01;31:*.lzma=01;31:*.tlz=01;31:*.txz=01;31:*.tzo=01;31:*.t7z=01;31:*.zip=01;31:*.z=01;31:*.dz=01;31:*.gz=01;31:*.lrz=01;31:*.lz=01;31:*.lzo=01;31:*.xz=01;31:*.zst=01;31:*.tzst=01;31:*.bz2=01;31:*.bz=01;31:*.tbz=01;31:*.tbz2=01;31:*.tz=01;31:*.deb=01;31:*.rpm=01;31:*.jar=01;31:*.war=01;31:*.ear=01;31:*.sar=01;31:*.rar=01;31:*.alz=01;31:*.ace=01;31:*.zoo=01;31:*.cpio=01;31:*.7z=01;31:*.rz=01;31:*.cab=01;31:*.wim=01;31:*.swm=01;31:*.dwm=01;31:*.esd=01;31:*.jpg=01;35:*.jpeg=01;35:*.mjpg=01;35:*.mjpeg=01;35:*.gif=01;35:*.bmp=01;35:*.pbm=01;35:*.pgm=01;35:*.ppm=01;35:*.tga=01;35:*.xbm=01;35:*.xpm=01;35:*.tif=01;35:*.tiff=01;35:*.png=01;35:*.svg=01;35:*.svgz=01;35:*.mng=01;35:*.pcx=01;35:*.mov=01;35:*.mpg=01;35:*.mpeg=01;35:*.m2v=01;35:*.mkv=01;35:*.webm=01;35:*.webp=01;35:*.ogm=01;35:*.mp4=01;35:*.m4v=01;35:*.mp4v=01;35:*.vob=01;35:*.qt=01;35:*.nuv=01;35:*.wmv=01;35:*.asf=01;35:*.rm=01;35:*.rmvb=01;35:*.flc=01;35:*.avi=01;35:*.fli=01;35:*.flv=01;35:*.gl=01;35:*.dl=01;35:*.xcf=01;35:*.xwd=01;35:*.yuv=01;35:*.cgm=01;35:*.emf=01;35:*.ogv=01;35:*.ogx=01;35:*.aac=00;36:*.au=00;36:*.flac=00;36:*.m4a=00;36:*.mid=00;36:*.midi=00;36:*.mka=00;36:*.mp3=00;36:*.mpc=00;36:*.ogg=00;36:*.ra=00;36:*.wav=00;36:*.oga=00;36:*.opus=00;36:*.spx=00;36:*.xspf=00;36:'), ('GNOME_TERMINAL_SERVICE', ':1.321'), ('SSH_AGENT_LAUNCHER', 'gnome-keyring'), ('SSH_AUTH_SOCK', '/run/user/1000/keyring/ssh'), ('AMENT_PREFIX_PATH', '/opt/ros/humble'), ('SHELL', '/bin/bash'), ('QT_ACCESSIBILITY', '1'), ('GDMSESSION', 'ubuntu-xorg'), ('LESSCLOSE', '/usr/bin/lesspipe %s %s'), ('GPG_AGENT_INFO', '/run/user/1000/gnupg/S.gpg-agent:0:1'), ('GAZEBO_MODEL_DATABASE_URI', ''), ('QT_IM_MODULE', 'ibus'), ('PWD', '/home/zheng/carerobot_slam_ros2/build/explore_lite'), ('XDG_CONFIG_DIRS', '/etc/xdg/xdg-ubuntu-xorg:/etc/xdg'), ('XDG_DATA_DIRS', '/usr/share/ubuntu-xorg:/usr/share/gnome:/usr/local/share/:/usr/share/:/var/lib/snapd/desktop'), ('PYTHONPATH', '/opt/ros/humble/lib/python3.10/site-packages:/opt/ros/humble/local/lib/python3.10/dist-packages'), ('HTTP_PROXY', 'http://127.0.0.1:7890/'), ('COLCON', '1'), ('VTE_VERSION', '6800'), ('CMAKE_PREFIX_PATH', '/opt/ros/humble')]), 'shell': False}
[40.396802] (keyboard_control) StdoutLine: {'line': b'-- Up-to-date: /home/zheng/carerobot_slam_ros2/install/keyboard_control/share/ament_index/resource_index/packages/keyboard_control\n'}
[40.397105] (keyboard_control) StdoutLine: {'line': b'-- Up-to-date: /home/zheng/carerobot_slam_ros2/install/keyboard_control/share/keyboard_control/cmake/keyboard_controlConfig.cmake\n'}
[40.397224] (keyboard_control) StdoutLine: {'line': b'-- Up-to-date: /home/zheng/carerobot_slam_ros2/install/keyboard_control/share/keyboard_control/cmake/keyboard_controlConfig-version.cmake\n'}
[40.397294] (keyboard_control) StdoutLine: {'line': b'-- Up-to-date: /home/zheng/carerobot_slam_ros2/install/keyboard_control/share/keyboard_control/package.xml\n'}
[40.400284] (keyboard_control) CommandEnded: {'returncode': 0}
[40.410857] (openslam_gmapping) StdoutLine: {'line': b'[ 40%] Built target sensor_range\n'}
[40.416400] (explore_lite) StdoutLine: {'line': b'-- Install configuration: ""\n'}
[40.495457] (-) TimerEvent: {}
[40.595792] (-) TimerEvent: {}
[40.652683] (explore_lite) StdoutLine: {'line': b'-- Up-to-date: /home/zheng/carerobot_slam_ros2/install/explore_lite/lib/explore_lite/explore\n'}
[40.653016] (explore_lite) StdoutLine: {'line': b'-- Up-to-date: /home/zheng/carerobot_slam_ros2/install/explore_lite/share/explore_lite/launch\n'}
[40.653329] (explore_lite) StdoutLine: {'line': b'-- Up-to-date: /home/zheng/carerobot_slam_ros2/install/explore_lite/share/explore_lite/launch/explore.launch.py\n'}
[40.653640] (explore_lite) StdoutLine: {'line': b'-- Up-to-date: /home/zheng/carerobot_slam_ros2/install/explore_lite/share/explore_lite/launch/explore_costmap.launch\n'}
[40.653829] (explore_lite) StdoutLine: {'line': b'-- Up-to-date: /home/zheng/carerobot_slam_ros2/install/explore_lite/share/ament_index/resource_index/package_run_dependencies/explore_lite\n'}
[40.653931] (explore_lite) StdoutLine: {'line': b'-- Up-to-date: /home/zheng/carerobot_slam_ros2/install/explore_lite/share/ament_index/resource_index/parent_prefix_path/explore_lite\n'}
[40.695901] (-) TimerEvent: {}
[40.796269] (-) TimerEvent: {}
[40.849687] (keyboard_control) JobEnded: {'identifier': 'keyboard_control', 'rc': 0}
[40.896416] (-) TimerEvent: {}
[40.922538] (explore_lite) StdoutLine: {'line': b'-- Up-to-date: /home/zheng/carerobot_slam_ros2/install/explore_lite/share/explore_lite/environment/ament_prefix_path.sh\n'}
[40.924450] (explore_lite) StdoutLine: {'line': b'-- Up-to-date: /home/zheng/carerobot_slam_ros2/install/explore_lite/share/explore_lite/environment/ament_prefix_path.dsv\n'}
[40.924964] (explore_lite) StdoutLine: {'line': b'-- Up-to-date: /home/zheng/carerobot_slam_ros2/install/explore_lite/share/explore_lite/environment/path.sh\n'}
[40.925106] (explore_lite) StdoutLine: {'line': b'-- Up-to-date: /home/zheng/carerobot_slam_ros2/install/explore_lite/share/explore_lite/environment/path.dsv\n'}
[40.925169] (explore_lite) StdoutLine: {'line': b'-- Up-to-date: /home/zheng/carerobot_slam_ros2/install/explore_lite/share/explore_lite/local_setup.bash\n'}
[40.925225] (explore_lite) StdoutLine: {'line': b'-- Up-to-date: /home/zheng/carerobot_slam_ros2/install/explore_lite/share/explore_lite/local_setup.sh\n'}
[40.925279] (explore_lite) StdoutLine: {'line': b'-- Up-to-date: /home/zheng/carerobot_slam_ros2/install/explore_lite/share/explore_lite/local_setup.zsh\n'}
[40.925332] (explore_lite) StdoutLine: {'line': b'-- Up-to-date: /home/zheng/carerobot_slam_ros2/install/explore_lite/share/explore_lite/local_setup.dsv\n'}
[40.925386] (explore_lite) StdoutLine: {'line': b'-- Installing: /home/zheng/carerobot_slam_ros2/install/explore_lite/share/explore_lite/package.dsv\n'}
[40.996534] (-) TimerEvent: {}
[41.097108] (-) TimerEvent: {}
[41.197675] (-) TimerEvent: {}
[41.298043] (-) TimerEvent: {}
[41.398335] (-) TimerEvent: {}
[41.498784] (-) TimerEvent: {}
[41.599661] (-) TimerEvent: {}
[41.700061] (-) TimerEvent: {}
[41.800431] (-) TimerEvent: {}
[41.885385] (explore_lite) StdoutLine: {'line': b'-- Up-to-date: /home/zheng/carerobot_slam_ros2/install/explore_lite/share/ament_index/resource_index/packages/explore_lite\n'}
[41.885722] (explore_lite) StdoutLine: {'line': b'-- Up-to-date: /home/zheng/carerobot_slam_ros2/install/explore_lite/share/explore_lite/cmake/explore_liteConfig.cmake\n'}
[41.885871] (explore_lite) StdoutLine: {'line': b'-- Up-to-date: /home/zheng/carerobot_slam_ros2/install/explore_lite/share/explore_lite/cmake/explore_liteConfig-version.cmake\n'}
[41.886044] (explore_lite) StdoutLine: {'line': b'-- Up-to-date: /home/zheng/carerobot_slam_ros2/install/explore_lite/share/explore_lite/package.xml\n'}
[41.900524] (-) TimerEvent: {}
[41.952643] (explore_lite) CommandEnded: {'returncode': 0}
[42.000746] (-) TimerEvent: {}
[42.101135] (-) TimerEvent: {}
[42.101640] (explore_lite) JobEnded: {'identifier': 'explore_lite', 'rc': 0}
[42.201346] (-) TimerEvent: {}
[42.301733] (-) TimerEvent: {}
[42.402378] (-) TimerEvent: {}
[42.502879] (-) TimerEvent: {}
[42.603371] (-) TimerEvent: {}
[42.614062] (openslam_gmapping) StdoutLine: {'line': b'[ 54%] Built target sensor_odometry\n'}
[42.703511] (-) TimerEvent: {}
[42.803894] (-) TimerEvent: {}
[42.859006] (robot_communication) StdoutLine: {'line': b'running egg_info\n'}
[42.863185] (robot_communication) StdoutLine: {'line': b'writing robot_communication.egg-info/PKG-INFO\n'}
[42.863862] (robot_communication) StdoutLine: {'line': b'writing dependency_links to robot_communication.egg-info/dependency_links.txt\n'}
[42.864357] (robot_communication) StdoutLine: {'line': b'writing top-level names to robot_communication.egg-info/top_level.txt\n'}
[42.893255] (robot_communication) StdoutLine: {'line': b"reading manifest file 'robot_communication.egg-info/SOURCES.txt'\n"}
[42.904023] (-) TimerEvent: {}
[42.959216] (robot_communication) StdoutLine: {'line': b"writing manifest file 'robot_communication.egg-info/SOURCES.txt'\n"}
[43.004353] (-) TimerEvent: {}
[43.017076] (robot_communication) StdoutLine: {'line': b'[  2%] Built target ament_cmake_python_build_robot_communication_egg\n'}
[43.104443] (-) TimerEvent: {}
[43.204944] (-) TimerEvent: {}
[43.305323] (-) TimerEvent: {}
[43.405720] (-) TimerEvent: {}
[43.506262] (-) TimerEvent: {}
[43.606574] (-) TimerEvent: {}
[43.707065] (-) TimerEvent: {}
[43.808265] (-) TimerEvent: {}
[43.908820] (-) TimerEvent: {}
[44.009162] (-) TimerEvent: {}
[44.109645] (-) TimerEvent: {}
[44.209997] (-) TimerEvent: {}
[44.310260] (-) TimerEvent: {}
[44.410717] (-) TimerEvent: {}
[44.511686] (-) TimerEvent: {}
[44.612128] (-) TimerEvent: {}
[44.712438] (-) TimerEvent: {}
[44.812974] (-) TimerEvent: {}
[44.865802] (openslam_gmapping) StdoutLine: {'line': b'[ 77%] Built target scanmatcher\n'}
[44.913053] (-) TimerEvent: {}
[45.013341] (-) TimerEvent: {}
[45.113864] (-) TimerEvent: {}
[45.214666] (-) TimerEvent: {}
[45.315116] (-) TimerEvent: {}
[45.415417] (-) TimerEvent: {}
[45.515727] (-) TimerEvent: {}
[45.616097] (-) TimerEvent: {}
[45.716519] (-) TimerEvent: {}
[45.816916] (-) TimerEvent: {}
[45.917358] (-) TimerEvent: {}
[46.017964] (-) TimerEvent: {}
[46.118459] (-) TimerEvent: {}
[46.218990] (-) TimerEvent: {}
[46.319717] (-) TimerEvent: {}
[46.420160] (-) TimerEvent: {}
[46.520391] (-) TimerEvent: {}
[46.620648] (-) TimerEvent: {}
[46.721142] (-) TimerEvent: {}
[46.821616] (-) TimerEvent: {}
[46.922002] (-) TimerEvent: {}
[47.023125] (-) TimerEvent: {}
[47.123482] (-) TimerEvent: {}
[47.223845] (-) TimerEvent: {}
[47.324122] (-) TimerEvent: {}
[47.424684] (-) TimerEvent: {}
[47.525226] (-) TimerEvent: {}
[47.625684] (-) TimerEvent: {}
[47.726931] (-) TimerEvent: {}
[47.827230] (-) TimerEvent: {}
[47.927535] (-) TimerEvent: {}
[47.939383] (openslam_gmapping) StdoutLine: {'line': b'[100%] Built target gridfastslam\n'}
[48.027751] (-) TimerEvent: {}
[48.128813] (-) TimerEvent: {}
[48.229232] (-) TimerEvent: {}
[48.239776] (openslam_gmapping) CommandEnded: {'returncode': 0}
[48.244536] (openslam_gmapping) JobProgress: {'identifier': 'openslam_gmapping', 'progress': 'install'}
[48.244909] (openslam_gmapping) Command: {'cmd': ['/usr/bin/cmake', '--install', '/home/zheng/carerobot_slam_ros2/build/openslam_gmapping'], 'cwd': '/home/zheng/carerobot_slam_ros2/build/openslam_gmapping', 'env': OrderedDict([('LESSOPEN', '| /usr/bin/lesspipe %s'), ('HTTPS_PROXY', 'http://127.0.0.1:7890/'), ('no_proxy', 'localhost,127.0.0.0/8,::1'), ('LANGUAGE', 'zh_CN:zh'), ('USER', 'zheng'), ('all_proxy', 'socks://127.0.0.1:7890/'), ('XDG_SESSION_TYPE', 'x11'), ('SHLVL', '1'), ('LD_LIBRARY_PATH', '/usr/lib/x86_64-linux-gnu/gazebo-11/plugins:/opt/ros/humble/opt/rviz_ogre_vendor/lib:/opt/ros/humble/lib/x86_64-linux-gnu:/opt/ros/humble/lib'), ('HOME', '/home/zheng'), ('OLDPWD', '/home/zheng'), ('DESKTOP_SESSION', 'ubuntu-xorg'), ('NO_PROXY', 'localhost,127.0.0.0/8,::1'), ('ROS_PYTHON_VERSION', '3'), ('GNOME_SHELL_SESSION_MODE', 'ubuntu'), ('GTK_MODULES', 'gail:atk-bridge'), ('SYSTEMD_EXEC_PID', '1754'), ('DBUS_SESSION_BUS_ADDRESS', 'unix:path=/run/user/1000/bus'), ('COLORTERM', 'truecolor'), ('https_proxy', 'http://127.0.0.1:7890/'), ('ROS_DISTRO', 'humble'), ('GTK_IM_MODULE', 'ibus'), ('LOGNAME', 'zheng'), ('ALL_PROXY', 'socks://127.0.0.1:7890/'), ('http_proxy', 'http://127.0.0.1:7890/'), ('_', '/usr/bin/colcon'), ('ROS_VERSION', '2'), ('XDG_SESSION_CLASS', 'user'), ('USERNAME', 'zheng'), ('TERM', 'xterm-256color'), ('GNOME_DESKTOP_SESSION_ID', 'this-is-deprecated'), ('ROS_LOCALHOST_ONLY', '0'), ('WINDOWPATH', '2'), ('PATH', '/opt/ros/humble/bin:/home/zheng/.local/bin:/usr/local/sbin:/usr/local/bin:/usr/sbin:/usr/bin:/sbin:/bin:/usr/games:/usr/local/games:/snap/bin:/snap/bin'), ('SESSION_MANAGER', 'local/zheng-Lenovo-Product:@/tmp/.ICE-unix/1731,unix/zheng-Lenovo-Product:/tmp/.ICE-unix/1731'), ('XDG_MENU_PREFIX', 'gnome-'), ('GNOME_TERMINAL_SCREEN', '/org/gnome/Terminal/screen/d492a4b3_e7ac_4b4c_abe4_0222114e68da'), ('XDG_RUNTIME_DIR', '/run/user/1000'), ('DISPLAY', ':0'), ('LANG', 'zh_CN.UTF-8'), ('XDG_CURRENT_DESKTOP', 'ubuntu:GNOME'), ('XMODIFIERS', '@im=ibus'), ('XDG_SESSION_DESKTOP', 'ubuntu-xorg'), ('XAUTHORITY', '/run/user/1000/gdm/Xauthority'), ('LS_COLORS', 'rs=0:di=01;34:ln=01;36:mh=00:pi=40;33:so=01;35:do=01;35:bd=40;33;01:cd=40;33;01:or=40;31;01:mi=00:su=37;41:sg=30;43:ca=30;41:tw=30;42:ow=34;42:st=37;44:ex=01;32:*.tar=01;31:*.tgz=01;31:*.arc=01;31:*.arj=01;31:*.taz=01;31:*.lha=01;31:*.lz4=01;31:*.lzh=01;31:*.lzma=01;31:*.tlz=01;31:*.txz=01;31:*.tzo=01;31:*.t7z=01;31:*.zip=01;31:*.z=01;31:*.dz=01;31:*.gz=01;31:*.lrz=01;31:*.lz=01;31:*.lzo=01;31:*.xz=01;31:*.zst=01;31:*.tzst=01;31:*.bz2=01;31:*.bz=01;31:*.tbz=01;31:*.tbz2=01;31:*.tz=01;31:*.deb=01;31:*.rpm=01;31:*.jar=01;31:*.war=01;31:*.ear=01;31:*.sar=01;31:*.rar=01;31:*.alz=01;31:*.ace=01;31:*.zoo=01;31:*.cpio=01;31:*.7z=01;31:*.rz=01;31:*.cab=01;31:*.wim=01;31:*.swm=01;31:*.dwm=01;31:*.esd=01;31:*.jpg=01;35:*.jpeg=01;35:*.mjpg=01;35:*.mjpeg=01;35:*.gif=01;35:*.bmp=01;35:*.pbm=01;35:*.pgm=01;35:*.ppm=01;35:*.tga=01;35:*.xbm=01;35:*.xpm=01;35:*.tif=01;35:*.tiff=01;35:*.png=01;35:*.svg=01;35:*.svgz=01;35:*.mng=01;35:*.pcx=01;35:*.mov=01;35:*.mpg=01;35:*.mpeg=01;35:*.m2v=01;35:*.mkv=01;35:*.webm=01;35:*.webp=01;35:*.ogm=01;35:*.mp4=01;35:*.m4v=01;35:*.mp4v=01;35:*.vob=01;35:*.qt=01;35:*.nuv=01;35:*.wmv=01;35:*.asf=01;35:*.rm=01;35:*.rmvb=01;35:*.flc=01;35:*.avi=01;35:*.fli=01;35:*.flv=01;35:*.gl=01;35:*.dl=01;35:*.xcf=01;35:*.xwd=01;35:*.yuv=01;35:*.cgm=01;35:*.emf=01;35:*.ogv=01;35:*.ogx=01;35:*.aac=00;36:*.au=00;36:*.flac=00;36:*.m4a=00;36:*.mid=00;36:*.midi=00;36:*.mka=00;36:*.mp3=00;36:*.mpc=00;36:*.ogg=00;36:*.ra=00;36:*.wav=00;36:*.oga=00;36:*.opus=00;36:*.spx=00;36:*.xspf=00;36:'), ('GNOME_TERMINAL_SERVICE', ':1.321'), ('SSH_AGENT_LAUNCHER', 'gnome-keyring'), ('SSH_AUTH_SOCK', '/run/user/1000/keyring/ssh'), ('AMENT_PREFIX_PATH', '/opt/ros/humble'), ('SHELL', '/bin/bash'), ('QT_ACCESSIBILITY', '1'), ('GDMSESSION', 'ubuntu-xorg'), ('LESSCLOSE', '/usr/bin/lesspipe %s %s'), ('GPG_AGENT_INFO', '/run/user/1000/gnupg/S.gpg-agent:0:1'), ('GAZEBO_MODEL_DATABASE_URI', ''), ('QT_IM_MODULE', 'ibus'), ('PWD', '/home/zheng/carerobot_slam_ros2/build/openslam_gmapping'), ('XDG_CONFIG_DIRS', '/etc/xdg/xdg-ubuntu-xorg:/etc/xdg'), ('XDG_DATA_DIRS', '/usr/share/ubuntu-xorg:/usr/share/gnome:/usr/local/share/:/usr/share/:/var/lib/snapd/desktop'), ('PYTHONPATH', '/opt/ros/humble/lib/python3.10/site-packages:/opt/ros/humble/local/lib/python3.10/dist-packages'), ('HTTP_PROXY', 'http://127.0.0.1:7890/'), ('COLCON', '1'), ('VTE_VERSION', '6800'), ('CMAKE_PREFIX_PATH', '/opt/ros/humble')]), 'shell': False}
[48.262039] (openslam_gmapping) StdoutLine: {'line': b'-- Install configuration: ""\n'}
[48.262357] (openslam_gmapping) StdoutLine: {'line': b'-- Up-to-date: /home/zheng/carerobot_slam_ros2/install/openslam_gmapping/share/openslam_gmapping/environment/library_path.sh\n'}
[48.262541] (openslam_gmapping) StdoutLine: {'line': b'-- Up-to-date: /home/zheng/carerobot_slam_ros2/install/openslam_gmapping/share/openslam_gmapping/environment/library_path.dsv\n'}
[48.262739] (openslam_gmapping) StdoutLine: {'line': b'-- Up-to-date: /home/zheng/carerobot_slam_ros2/install/openslam_gmapping/include/\n'}
[48.262834] (openslam_gmapping) StdoutLine: {'line': b'-- Up-to-date: /home/zheng/carerobot_slam_ros2/install/openslam_gmapping/include//gmapping\n'}
[48.262936] (openslam_gmapping) StdoutLine: {'line': b'-- Up-to-date: /home/zheng/carerobot_slam_ros2/install/openslam_gmapping/include//gmapping/utils\n'}
[48.263026] (openslam_gmapping) StdoutLine: {'line': b'-- Up-to-date: /home/zheng/carerobot_slam_ros2/install/openslam_gmapping/include//gmapping/utils/gvalues.h\n'}
[48.263115] (openslam_gmapping) StdoutLine: {'line': b'-- Up-to-date: /home/zheng/carerobot_slam_ros2/install/openslam_gmapping/include//gmapping/utils/stat.h\n'}
[48.263203] (openslam_gmapping) StdoutLine: {'line': b'-- Up-to-date: /home/zheng/carerobot_slam_ros2/install/openslam_gmapping/include//gmapping/utils/macro_params.h\n'}
[48.263292] (openslam_gmapping) StdoutLine: {'line': b'-- Up-to-date: /home/zheng/carerobot_slam_ros2/install/openslam_gmapping/include//gmapping/utils/autoptr.h\n'}
[48.263379] (openslam_gmapping) StdoutLine: {'line': b'-- Up-to-date: /home/zheng/carerobot_slam_ros2/install/openslam_gmapping/include//gmapping/utils/commandline.h\n'}
[48.263468] (openslam_gmapping) StdoutLine: {'line': b'-- Up-to-date: /home/zheng/carerobot_slam_ros2/install/openslam_gmapping/include//gmapping/utils/point.h\n'}
[48.263566] (openslam_gmapping) StdoutLine: {'line': b'-- Up-to-date: /home/zheng/carerobot_slam_ros2/install/openslam_gmapping/include//gmapping/sensor\n'}
[48.263668] (openslam_gmapping) StdoutLine: {'line': b'-- Up-to-date: /home/zheng/carerobot_slam_ros2/install/openslam_gmapping/include//gmapping/sensor/sensor_odometry\n'}
[48.263753] (openslam_gmapping) StdoutLine: {'line': b'-- Up-to-date: /home/zheng/carerobot_slam_ros2/install/openslam_gmapping/include//gmapping/sensor/sensor_odometry/odometrysensor.h\n'}
[48.263845] (openslam_gmapping) StdoutLine: {'line': b'-- Up-to-date: /home/zheng/carerobot_slam_ros2/install/openslam_gmapping/include//gmapping/sensor/sensor_odometry/odometryreading.h\n'}
[48.263934] (openslam_gmapping) StdoutLine: {'line': b'-- Up-to-date: /home/zheng/carerobot_slam_ros2/install/openslam_gmapping/include//gmapping/sensor/sensor_base\n'}
[48.264022] (openslam_gmapping) StdoutLine: {'line': b'-- Up-to-date: /home/zheng/carerobot_slam_ros2/install/openslam_gmapping/include//gmapping/sensor/sensor_base/sensorreading.h\n'}
[48.264110] (openslam_gmapping) StdoutLine: {'line': b'-- Up-to-date: /home/zheng/carerobot_slam_ros2/install/openslam_gmapping/include//gmapping/sensor/sensor_base/sensor.h\n'}
[48.264198] (openslam_gmapping) StdoutLine: {'line': b'-- Up-to-date: /home/zheng/carerobot_slam_ros2/install/openslam_gmapping/include//gmapping/sensor/sensor_range\n'}
[48.264286] (openslam_gmapping) StdoutLine: {'line': b'-- Up-to-date: /home/zheng/carerobot_slam_ros2/install/openslam_gmapping/include//gmapping/sensor/sensor_range/rangesensor.h\n'}
[48.264374] (openslam_gmapping) StdoutLine: {'line': b'-- Up-to-date: /home/zheng/carerobot_slam_ros2/install/openslam_gmapping/include//gmapping/sensor/sensor_range/rangereading.h\n'}
[48.264470] (openslam_gmapping) StdoutLine: {'line': b'-- Up-to-date: /home/zheng/carerobot_slam_ros2/install/openslam_gmapping/include//gmapping/gridfastslam\n'}
[48.264601] (openslam_gmapping) StdoutLine: {'line': b'-- Up-to-date: /home/zheng/carerobot_slam_ros2/install/openslam_gmapping/include//gmapping/gridfastslam/gridslamprocessor.hxx\n'}
[48.264723] (openslam_gmapping) StdoutLine: {'line': b'-- Up-to-date: /home/zheng/carerobot_slam_ros2/install/openslam_gmapping/include//gmapping/gridfastslam/motionmodel.h\n'}
[48.264834] (openslam_gmapping) StdoutLine: {'line': b'-- Up-to-date: /home/zheng/carerobot_slam_ros2/install/openslam_gmapping/include//gmapping/gridfastslam/gridslamprocessor.h\n'}
[48.264937] (openslam_gmapping) StdoutLine: {'line': b'-- Up-to-date: /home/zheng/carerobot_slam_ros2/install/openslam_gmapping/include//gmapping/particlefilter\n'}
[48.265072] (openslam_gmapping) StdoutLine: {'line': b'-- Up-to-date: /home/zheng/carerobot_slam_ros2/install/openslam_gmapping/include//gmapping/particlefilter/particlefilter.h\n'}
[48.265187] (openslam_gmapping) StdoutLine: {'line': b'-- Up-to-date: /home/zheng/carerobot_slam_ros2/install/openslam_gmapping/include//gmapping/grid\n'}
[48.265361] (openslam_gmapping) StdoutLine: {'line': b'-- Up-to-date: /home/zheng/carerobot_slam_ros2/install/openslam_gmapping/include//gmapping/grid/array2d.h\n'}
[48.265506] (openslam_gmapping) StdoutLine: {'line': b'-- Up-to-date: /home/zheng/carerobot_slam_ros2/install/openslam_gmapping/include//gmapping/grid/accessstate.h\n'}
[48.265660] (openslam_gmapping) StdoutLine: {'line': b'-- Up-to-date: /home/zheng/carerobot_slam_ros2/install/openslam_gmapping/include//gmapping/grid/map.h\n'}
[48.265770] (openslam_gmapping) StdoutLine: {'line': b'-- Up-to-date: /home/zheng/carerobot_slam_ros2/install/openslam_gmapping/include//gmapping/grid/harray2d.h\n'}
[48.265835] (openslam_gmapping) StdoutLine: {'line': b'-- Up-to-date: /home/zheng/carerobot_slam_ros2/install/openslam_gmapping/include//gmapping/scanmatcher\n'}
[48.329465] (-) TimerEvent: {}
[48.430488] (-) TimerEvent: {}
[48.530959] (-) TimerEvent: {}
[48.631232] (-) TimerEvent: {}
[48.731729] (-) TimerEvent: {}
[48.832712] (-) TimerEvent: {}
[48.888798] (openslam_gmapping) StdoutLine: {'line': b'-- Up-to-date: /home/zheng/carerobot_slam_ros2/install/openslam_gmapping/include//gmapping/scanmatcher/scanmatcher.h\n'}
[48.889272] (openslam_gmapping) StdoutLine: {'line': b'-- Up-to-date: /home/zheng/carerobot_slam_ros2/install/openslam_gmapping/include//gmapping/scanmatcher/icp.h\n'}
[48.889413] (openslam_gmapping) StdoutLine: {'line': b'-- Up-to-date: /home/zheng/carerobot_slam_ros2/install/openslam_gmapping/include//gmapping/scanmatcher/smmap.h\n'}
[48.889505] (openslam_gmapping) StdoutLine: {'line': b'-- Up-to-date: /home/zheng/carerobot_slam_ros2/install/openslam_gmapping/include//gmapping/log\n'}
[48.889614] (openslam_gmapping) StdoutLine: {'line': b'-- Up-to-date: /home/zheng/carerobot_slam_ros2/install/openslam_gmapping/include//gmapping/log/sensorlog.h\n'}
[48.889710] (openslam_gmapping) StdoutLine: {'line': b'-- Up-to-date: /home/zheng/carerobot_slam_ros2/install/openslam_gmapping/include//gmapping/log/configuration.h\n'}
[48.889809] (openslam_gmapping) StdoutLine: {'line': b'-- Up-to-date: /home/zheng/carerobot_slam_ros2/install/openslam_gmapping/share/ament_index/resource_index/package_run_dependencies/openslam_gmapping\n'}
[48.889944] (openslam_gmapping) StdoutLine: {'line': b'-- Up-to-date: /home/zheng/carerobot_slam_ros2/install/openslam_gmapping/share/ament_index/resource_index/parent_prefix_path/openslam_gmapping\n'}
[48.890079] (openslam_gmapping) StdoutLine: {'line': b'-- Up-to-date: /home/zheng/carerobot_slam_ros2/install/openslam_gmapping/share/openslam_gmapping/environment/ament_prefix_path.sh\n'}
[48.890184] (openslam_gmapping) StdoutLine: {'line': b'-- Up-to-date: /home/zheng/carerobot_slam_ros2/install/openslam_gmapping/share/openslam_gmapping/environment/ament_prefix_path.dsv\n'}
[48.890277] (openslam_gmapping) StdoutLine: {'line': b'-- Up-to-date: /home/zheng/carerobot_slam_ros2/install/openslam_gmapping/share/openslam_gmapping/environment/path.sh\n'}
[48.890336] (openslam_gmapping) StdoutLine: {'line': b'-- Up-to-date: /home/zheng/carerobot_slam_ros2/install/openslam_gmapping/share/openslam_gmapping/environment/path.dsv\n'}
[48.890390] (openslam_gmapping) StdoutLine: {'line': b'-- Up-to-date: /home/zheng/carerobot_slam_ros2/install/openslam_gmapping/share/openslam_gmapping/local_setup.bash\n'}
[48.890447] (openslam_gmapping) StdoutLine: {'line': b'-- Up-to-date: /home/zheng/carerobot_slam_ros2/install/openslam_gmapping/share/openslam_gmapping/local_setup.sh\n'}
[48.890502] (openslam_gmapping) StdoutLine: {'line': b'-- Up-to-date: /home/zheng/carerobot_slam_ros2/install/openslam_gmapping/share/openslam_gmapping/local_setup.zsh\n'}
[48.890576] (openslam_gmapping) StdoutLine: {'line': b'-- Up-to-date: /home/zheng/carerobot_slam_ros2/install/openslam_gmapping/share/openslam_gmapping/local_setup.dsv\n'}
[48.890645] (openslam_gmapping) StdoutLine: {'line': b'-- Installing: /home/zheng/carerobot_slam_ros2/install/openslam_gmapping/share/openslam_gmapping/package.dsv\n'}
[48.932801] (-) TimerEvent: {}
[49.033234] (-) TimerEvent: {}
[49.133791] (-) TimerEvent: {}
[49.234063] (-) TimerEvent: {}
[49.334472] (-) TimerEvent: {}
[49.435166] (-) TimerEvent: {}
[49.535424] (-) TimerEvent: {}
[49.635758] (-) TimerEvent: {}
[49.736267] (-) TimerEvent: {}
[49.837361] (-) TimerEvent: {}
[49.937596] (-) TimerEvent: {}
[50.037898] (-) TimerEvent: {}
[50.138151] (-) TimerEvent: {}
[50.238406] (-) TimerEvent: {}
[50.338706] (-) TimerEvent: {}
[50.433730] (openslam_gmapping) StdoutLine: {'line': b'-- Up-to-date: /home/zheng/carerobot_slam_ros2/install/openslam_gmapping/share/ament_index/resource_index/packages/openslam_gmapping\n'}
[50.434133] (openslam_gmapping) StdoutLine: {'line': b'-- Up-to-date: /home/zheng/carerobot_slam_ros2/install/openslam_gmapping/share/openslam_gmapping/cmake/ament_cmake_export_libraries-extras.cmake\n'}
[50.434252] (openslam_gmapping) StdoutLine: {'line': b'-- Up-to-date: /home/zheng/carerobot_slam_ros2/install/openslam_gmapping/share/openslam_gmapping/cmake/ament_cmake_export_include_directories-extras.cmake\n'}
[50.434315] (openslam_gmapping) StdoutLine: {'line': b'-- Up-to-date: /home/zheng/carerobot_slam_ros2/install/openslam_gmapping/share/openslam_gmapping/cmake/openslam_gmappingConfig.cmake\n'}
[50.434369] (openslam_gmapping) StdoutLine: {'line': b'-- Up-to-date: /home/zheng/carerobot_slam_ros2/install/openslam_gmapping/share/openslam_gmapping/cmake/openslam_gmappingConfig-version.cmake\n'}
[50.434421] (openslam_gmapping) StdoutLine: {'line': b'-- Up-to-date: /home/zheng/carerobot_slam_ros2/install/openslam_gmapping/share/openslam_gmapping/package.xml\n'}
[50.438753] (-) TimerEvent: {}
[50.538968] (-) TimerEvent: {}
[50.639235] (-) TimerEvent: {}
[50.739479] (-) TimerEvent: {}
[50.751139] (robot_communication) StdoutLine: {'line': b'[ 13%] Built target robot_communication__rosidl_typesupport_cpp\n'}
[50.839556] (-) TimerEvent: {}
[50.939785] (-) TimerEvent: {}
[50.974350] (openslam_gmapping) StdoutLine: {'line': b'-- Up-to-date: /home/zheng/carerobot_slam_ros2/install/openslam_gmapping/lib/libgridfastslam.a\n'}
[50.978718] (openslam_gmapping) StdoutLine: {'line': b'-- Up-to-date: /home/zheng/carerobot_slam_ros2/install/openslam_gmapping/lib/libscanmatcher.a\n'}
[50.986475] (openslam_gmapping) StdoutLine: {'line': b'-- Up-to-date: /home/zheng/carerobot_slam_ros2/install/openslam_gmapping/share/openslam_gmapping/environment/library_path.sh\n'}
[50.986686] (openslam_gmapping) StdoutLine: {'line': b'-- Up-to-date: /home/zheng/carerobot_slam_ros2/install/openslam_gmapping/share/openslam_gmapping/environment/library_path.dsv\n'}
[51.039922] (-) TimerEvent: {}
[51.140191] (-) TimerEvent: {}
[51.240528] (-) TimerEvent: {}
[51.340895] (-) TimerEvent: {}
[51.375266] (openslam_gmapping) StdoutLine: {'line': b'-- Up-to-date: /home/zheng/carerobot_slam_ros2/install/openslam_gmapping/lib/libsensor_base.a\n'}
[51.375458] (openslam_gmapping) StdoutLine: {'line': b'-- Up-to-date: /home/zheng/carerobot_slam_ros2/install/openslam_gmapping/share/openslam_gmapping/environment/library_path.sh\n'}
[51.375556] (openslam_gmapping) StdoutLine: {'line': b'-- Up-to-date: /home/zheng/carerobot_slam_ros2/install/openslam_gmapping/share/openslam_gmapping/environment/library_path.dsv\n'}
[51.440964] (-) TimerEvent: {}
[51.496305] (openslam_gmapping) StdoutLine: {'line': b'-- Up-to-date: /home/zheng/carerobot_slam_ros2/install/openslam_gmapping/lib/libsensor_odometry.a\n'}
[51.541073] (-) TimerEvent: {}
[51.641449] (-) TimerEvent: {}
[51.741713] (-) TimerEvent: {}
[51.842045] (-) TimerEvent: {}
[51.942387] (-) TimerEvent: {}
[52.042699] (-) TimerEvent: {}
[52.142924] (-) TimerEvent: {}
[52.243210] (-) TimerEvent: {}
[52.305617] (openslam_gmapping) StdoutLine: {'line': b'-- Up-to-date: /home/zheng/carerobot_slam_ros2/install/openslam_gmapping/lib/libsensor_range.a\n'}
[52.343395] (-) TimerEvent: {}
[52.443665] (-) TimerEvent: {}
[52.543899] (-) TimerEvent: {}
[52.581114] (openslam_gmapping) StdoutLine: {'line': b'-- Up-to-date: /home/zheng/carerobot_slam_ros2/install/openslam_gmapping/lib/libutils.a\n'}
[52.581330] (openslam_gmapping) StdoutLine: {'line': b'-- Up-to-date: /home/zheng/carerobot_slam_ros2/install/openslam_gmapping/share/openslam_gmapping/environment/library_path.sh\n'}
[52.581428] (openslam_gmapping) StdoutLine: {'line': b'-- Up-to-date: /home/zheng/carerobot_slam_ros2/install/openslam_gmapping/share/openslam_gmapping/environment/library_path.dsv\n'}
[52.643980] (-) TimerEvent: {}
[52.670468] (openslam_gmapping) CommandEnded: {'returncode': 0}
[52.744180] (-) TimerEvent: {}
[52.844537] (-) TimerEvent: {}
[52.944971] (-) TimerEvent: {}
[53.045357] (-) TimerEvent: {}
[53.145645] (-) TimerEvent: {}
[53.246191] (-) TimerEvent: {}
[53.347167] (-) TimerEvent: {}
[53.447558] (-) TimerEvent: {}
[53.548141] (-) TimerEvent: {}
[53.649083] (-) TimerEvent: {}
[53.749551] (-) TimerEvent: {}
[53.849849] (-) TimerEvent: {}
[53.950308] (-) TimerEvent: {}
[54.051075] (-) TimerEvent: {}
[54.151548] (-) TimerEvent: {}
[54.251865] (-) TimerEvent: {}
[54.352283] (-) TimerEvent: {}
[54.452686] (-) TimerEvent: {}
[54.553059] (-) TimerEvent: {}
[54.653331] (-) TimerEvent: {}
[54.753646] (-) TimerEvent: {}
[54.853997] (-) TimerEvent: {}
[54.954602] (-) TimerEvent: {}
[55.054981] (-) TimerEvent: {}
[55.155500] (-) TimerEvent: {}
[55.255765] (-) TimerEvent: {}
[55.356042] (-) TimerEvent: {}
[55.456492] (-) TimerEvent: {}
[55.556948] (-) TimerEvent: {}
[55.657233] (-) TimerEvent: {}
[55.757792] (-) TimerEvent: {}
[55.858710] (-) TimerEvent: {}
[55.959196] (-) TimerEvent: {}
[56.059573] (-) TimerEvent: {}
[56.159970] (-) TimerEvent: {}
[56.260555] (-) TimerEvent: {}
[56.360785] (-) TimerEvent: {}
[56.461025] (-) TimerEvent: {}
[56.561271] (-) TimerEvent: {}
[56.661613] (-) TimerEvent: {}
[56.761851] (-) TimerEvent: {}
[56.862195] (-) TimerEvent: {}
[56.962565] (-) TimerEvent: {}
[57.062806] (-) TimerEvent: {}
[57.163071] (-) TimerEvent: {}
[57.263416] (-) TimerEvent: {}
[57.363721] (-) TimerEvent: {}
[57.464070] (-) TimerEvent: {}
[57.564399] (-) TimerEvent: {}
[57.664714] (-) TimerEvent: {}
[57.764980] (-) TimerEvent: {}
[57.865264] (-) TimerEvent: {}
[57.965621] (-) TimerEvent: {}
[58.065918] (-) TimerEvent: {}
[58.166263] (-) TimerEvent: {}
[58.266626] (-) TimerEvent: {}
[58.366874] (-) TimerEvent: {}
[58.467257] (-) TimerEvent: {}
[58.567600] (-) TimerEvent: {}
[58.667848] (-) TimerEvent: {}
[58.768204] (-) TimerEvent: {}
[58.868533] (-) TimerEvent: {}
[58.968812] (-) TimerEvent: {}
[59.069170] (-) TimerEvent: {}
[59.169531] (-) TimerEvent: {}
[59.269794] (-) TimerEvent: {}
[59.370053] (-) TimerEvent: {}
[59.470382] (-) TimerEvent: {}
[59.570726] (-) TimerEvent: {}
[59.670959] (-) TimerEvent: {}
[59.771299] (-) TimerEvent: {}
[59.871578] (-) TimerEvent: {}
[59.971909] (-) TimerEvent: {}
[60.072270] (-) TimerEvent: {}
[60.172525] (-) TimerEvent: {}
[60.272913] (-) TimerEvent: {}
[60.373303] (-) TimerEvent: {}
[60.473537] (-) TimerEvent: {}
[60.573810] (-) TimerEvent: {}
[60.674076] (-) TimerEvent: {}
[60.774425] (-) TimerEvent: {}
[60.874686] (-) TimerEvent: {}
[60.974965] (-) TimerEvent: {}
[61.075340] (-) TimerEvent: {}
[61.175610] (-) TimerEvent: {}
[61.275872] (-) TimerEvent: {}
[61.376218] (-) TimerEvent: {}
[61.476625] (-) TimerEvent: {}
[61.576923] (-) TimerEvent: {}
[61.677201] (-) TimerEvent: {}
[61.777511] (-) TimerEvent: {}
[61.877802] (-) TimerEvent: {}
[61.978036] (-) TimerEvent: {}
[62.078373] (-) TimerEvent: {}
[62.178631] (-) TimerEvent: {}
[62.278910] (-) TimerEvent: {}
[62.379186] (-) TimerEvent: {}
[62.479485] (-) TimerEvent: {}
[62.579801] (-) TimerEvent: {}
[62.680184] (-) TimerEvent: {}
[62.780534] (-) TimerEvent: {}
[62.880830] (-) TimerEvent: {}
[62.981259] (-) TimerEvent: {}
[63.081623] (-) TimerEvent: {}
[63.181930] (-) TimerEvent: {}
[63.282439] (-) TimerEvent: {}
[63.382992] (-) TimerEvent: {}
[63.483452] (-) TimerEvent: {}
[63.583763] (-) TimerEvent: {}
[63.684227] (-) TimerEvent: {}
[63.784985] (-) TimerEvent: {}
[63.885269] (-) TimerEvent: {}
[63.985728] (-) TimerEvent: {}
[64.086328] (-) TimerEvent: {}
[64.186846] (-) TimerEvent: {}
[64.287313] (-) TimerEvent: {}
[64.354927] (openslam_gmapping) JobEnded: {'identifier': 'openslam_gmapping', 'rc': 0}
[64.551856] (-) TimerEvent: {}
[64.552218] (slam_gmapping) JobStarted: {'identifier': 'slam_gmapping'}
[64.652056] (-) TimerEvent: {}
[64.752619] (-) TimerEvent: {}
[64.853016] (-) TimerEvent: {}
[64.953857] (-) TimerEvent: {}
[65.054446] (-) TimerEvent: {}
[65.154797] (-) TimerEvent: {}
[65.258708] (-) TimerEvent: {}
[65.358989] (-) TimerEvent: {}
[65.459318] (-) TimerEvent: {}
[65.560170] (-) TimerEvent: {}
[65.660639] (-) TimerEvent: {}
[65.760870] (-) TimerEvent: {}
[65.861213] (-) TimerEvent: {}
[65.961555] (-) TimerEvent: {}
[66.061851] (-) TimerEvent: {}
[66.162336] (-) TimerEvent: {}
[66.262931] (-) TimerEvent: {}
[66.363338] (-) TimerEvent: {}
[66.463629] (-) TimerEvent: {}
[66.563960] (-) TimerEvent: {}
[66.664448] (-) TimerEvent: {}
[66.766034] (-) TimerEvent: {}
[66.866779] (-) TimerEvent: {}
[66.967383] (-) TimerEvent: {}
[67.067728] (-) TimerEvent: {}
[67.167993] (-) TimerEvent: {}
[67.268337] (-) TimerEvent: {}
[67.368838] (-) TimerEvent: {}
[67.469490] (-) TimerEvent: {}
[67.526293] (robot_communication) StdoutLine: {'line': b'[ 25%] Built target robot_communication__rosidl_typesupport_introspection_cpp\n'}
[67.569648] (-) TimerEvent: {}
[67.670079] (-) TimerEvent: {}
[67.770475] (-) TimerEvent: {}
[67.870728] (-) TimerEvent: {}
[67.971044] (-) TimerEvent: {}
[68.071384] (-) TimerEvent: {}
[68.171627] (-) TimerEvent: {}
[68.271866] (-) TimerEvent: {}
[68.372133] (-) TimerEvent: {}
[68.472469] (-) TimerEvent: {}
[68.572832] (-) TimerEvent: {}
[68.673135] (-) TimerEvent: {}
[68.829565] (-) TimerEvent: {}
[68.929837] (-) TimerEvent: {}
[69.030151] (-) TimerEvent: {}
[69.099350] (slam_gmapping) JobProgress: {'identifier': 'slam_gmapping', 'progress': 'cmake'}
[69.130324] (-) TimerEvent: {}
[69.230727] (-) TimerEvent: {}
[69.331084] (-) TimerEvent: {}
[69.431451] (-) TimerEvent: {}
[69.531930] (-) TimerEvent: {}
[69.632347] (-) TimerEvent: {}
[69.732799] (-) TimerEvent: {}
[69.833444] (-) TimerEvent: {}
[69.933997] (-) TimerEvent: {}
[70.034580] (-) TimerEvent: {}
[70.134851] (-) TimerEvent: {}
[70.235210] (-) TimerEvent: {}
[70.335605] (-) TimerEvent: {}
[70.435886] (-) TimerEvent: {}
[70.536209] (-) TimerEvent: {}
[70.636562] (-) TimerEvent: {}
[70.736959] (-) TimerEvent: {}
[70.837425] (-) TimerEvent: {}
[70.938241] (-) TimerEvent: {}
[71.038636] (-) TimerEvent: {}
[71.139118] (-) TimerEvent: {}
[71.240158] (-) TimerEvent: {}
[71.340409] (-) TimerEvent: {}
[71.440735] (-) TimerEvent: {}
[71.541360] (-) TimerEvent: {}
[71.642189] (-) TimerEvent: {}
[71.742709] (-) TimerEvent: {}
[71.761937] (slam_gmapping) JobProgress: {'identifier': 'slam_gmapping', 'progress': 'build'}
[73.341338] (-) TimerEvent: {}
[73.342449] (slam_gmapping) Command: {'cmd': ['/usr/bin/cmake', '--build', '/home/zheng/carerobot_slam_ros2/build/slam_gmapping', '--', '-j8', '-l8'], 'cwd': '/home/zheng/carerobot_slam_ros2/build/slam_gmapping', 'env': OrderedDict([('LESSOPEN', '| /usr/bin/lesspipe %s'), ('HTTPS_PROXY', 'http://127.0.0.1:7890/'), ('no_proxy', 'localhost,127.0.0.0/8,::1'), ('LANGUAGE', 'zh_CN:zh'), ('USER', 'zheng'), ('all_proxy', 'socks://127.0.0.1:7890/'), ('XDG_SESSION_TYPE', 'x11'), ('SHLVL', '1'), ('LD_LIBRARY_PATH', '/home/zheng/carerobot_slam_ros2/install/openslam_gmapping/lib:/usr/lib/x86_64-linux-gnu/gazebo-11/plugins:/opt/ros/humble/opt/rviz_ogre_vendor/lib:/opt/ros/humble/lib/x86_64-linux-gnu:/opt/ros/humble/lib'), ('HOME', '/home/zheng'), ('OLDPWD', '/home/zheng'), ('DESKTOP_SESSION', 'ubuntu-xorg'), ('NO_PROXY', 'localhost,127.0.0.0/8,::1'), ('ROS_PYTHON_VERSION', '3'), ('GNOME_SHELL_SESSION_MODE', 'ubuntu'), ('GTK_MODULES', 'gail:atk-bridge'), ('SYSTEMD_EXEC_PID', '1754'), ('DBUS_SESSION_BUS_ADDRESS', 'unix:path=/run/user/1000/bus'), ('COLORTERM', 'truecolor'), ('https_proxy', 'http://127.0.0.1:7890/'), ('ROS_DISTRO', 'humble'), ('GTK_IM_MODULE', 'ibus'), ('LOGNAME', 'zheng'), ('ALL_PROXY', 'socks://127.0.0.1:7890/'), ('http_proxy', 'http://127.0.0.1:7890/'), ('_', '/usr/bin/colcon'), ('ROS_VERSION', '2'), ('XDG_SESSION_CLASS', 'user'), ('USERNAME', 'zheng'), ('TERM', 'xterm-256color'), ('GNOME_DESKTOP_SESSION_ID', 'this-is-deprecated'), ('ROS_LOCALHOST_ONLY', '0'), ('WINDOWPATH', '2'), ('PATH', '/opt/ros/humble/bin:/home/zheng/.local/bin:/usr/local/sbin:/usr/local/bin:/usr/sbin:/usr/bin:/sbin:/bin:/usr/games:/usr/local/games:/snap/bin:/snap/bin'), ('SESSION_MANAGER', 'local/zheng-Lenovo-Product:@/tmp/.ICE-unix/1731,unix/zheng-Lenovo-Product:/tmp/.ICE-unix/1731'), ('XDG_MENU_PREFIX', 'gnome-'), ('GNOME_TERMINAL_SCREEN', '/org/gnome/Terminal/screen/d492a4b3_e7ac_4b4c_abe4_0222114e68da'), ('XDG_RUNTIME_DIR', '/run/user/1000'), ('DISPLAY', ':0'), ('LANG', 'zh_CN.UTF-8'), ('XDG_CURRENT_DESKTOP', 'ubuntu:GNOME'), ('XMODIFIERS', '@im=ibus'), ('XDG_SESSION_DESKTOP', 'ubuntu-xorg'), ('XAUTHORITY', '/run/user/1000/gdm/Xauthority'), ('LS_COLORS', 'rs=0:di=01;34:ln=01;36:mh=00:pi=40;33:so=01;35:do=01;35:bd=40;33;01:cd=40;33;01:or=40;31;01:mi=00:su=37;41:sg=30;43:ca=30;41:tw=30;42:ow=34;42:st=37;44:ex=01;32:*.tar=01;31:*.tgz=01;31:*.arc=01;31:*.arj=01;31:*.taz=01;31:*.lha=01;31:*.lz4=01;31:*.lzh=01;31:*.lzma=01;31:*.tlz=01;31:*.txz=01;31:*.tzo=01;31:*.t7z=01;31:*.zip=01;31:*.z=01;31:*.dz=01;31:*.gz=01;31:*.lrz=01;31:*.lz=01;31:*.lzo=01;31:*.xz=01;31:*.zst=01;31:*.tzst=01;31:*.bz2=01;31:*.bz=01;31:*.tbz=01;31:*.tbz2=01;31:*.tz=01;31:*.deb=01;31:*.rpm=01;31:*.jar=01;31:*.war=01;31:*.ear=01;31:*.sar=01;31:*.rar=01;31:*.alz=01;31:*.ace=01;31:*.zoo=01;31:*.cpio=01;31:*.7z=01;31:*.rz=01;31:*.cab=01;31:*.wim=01;31:*.swm=01;31:*.dwm=01;31:*.esd=01;31:*.jpg=01;35:*.jpeg=01;35:*.mjpg=01;35:*.mjpeg=01;35:*.gif=01;35:*.bmp=01;35:*.pbm=01;35:*.pgm=01;35:*.ppm=01;35:*.tga=01;35:*.xbm=01;35:*.xpm=01;35:*.tif=01;35:*.tiff=01;35:*.png=01;35:*.svg=01;35:*.svgz=01;35:*.mng=01;35:*.pcx=01;35:*.mov=01;35:*.mpg=01;35:*.mpeg=01;35:*.m2v=01;35:*.mkv=01;35:*.webm=01;35:*.webp=01;35:*.ogm=01;35:*.mp4=01;35:*.m4v=01;35:*.mp4v=01;35:*.vob=01;35:*.qt=01;35:*.nuv=01;35:*.wmv=01;35:*.asf=01;35:*.rm=01;35:*.rmvb=01;35:*.flc=01;35:*.avi=01;35:*.fli=01;35:*.flv=01;35:*.gl=01;35:*.dl=01;35:*.xcf=01;35:*.xwd=01;35:*.yuv=01;35:*.cgm=01;35:*.emf=01;35:*.ogv=01;35:*.ogx=01;35:*.aac=00;36:*.au=00;36:*.flac=00;36:*.m4a=00;36:*.mid=00;36:*.midi=00;36:*.mka=00;36:*.mp3=00;36:*.mpc=00;36:*.ogg=00;36:*.ra=00;36:*.wav=00;36:*.oga=00;36:*.opus=00;36:*.spx=00;36:*.xspf=00;36:'), ('GNOME_TERMINAL_SERVICE', ':1.321'), ('SSH_AGENT_LAUNCHER', 'gnome-keyring'), ('SSH_AUTH_SOCK', '/run/user/1000/keyring/ssh'), ('AMENT_PREFIX_PATH', '/home/zheng/carerobot_slam_ros2/install/openslam_gmapping:/opt/ros/humble'), ('SHELL', '/bin/bash'), ('QT_ACCESSIBILITY', '1'), ('GDMSESSION', 'ubuntu-xorg'), ('LESSCLOSE', '/usr/bin/lesspipe %s %s'), ('GPG_AGENT_INFO', '/run/user/1000/gnupg/S.gpg-agent:0:1'), ('GAZEBO_MODEL_DATABASE_URI', ''), ('QT_IM_MODULE', 'ibus'), ('PWD', '/home/zheng/carerobot_slam_ros2/build/slam_gmapping'), ('XDG_CONFIG_DIRS', '/etc/xdg/xdg-ubuntu-xorg:/etc/xdg'), ('XDG_DATA_DIRS', '/usr/share/ubuntu-xorg:/usr/share/gnome:/usr/local/share/:/usr/share/:/var/lib/snapd/desktop'), ('PYTHONPATH', '/opt/ros/humble/lib/python3.10/site-packages:/opt/ros/humble/local/lib/python3.10/dist-packages'), ('HTTP_PROXY', 'http://127.0.0.1:7890/'), ('COLCON', '1'), ('VTE_VERSION', '6800'), ('CMAKE_PREFIX_PATH', '/home/zheng/carerobot_slam_ros2/install/openslam_gmapping:/opt/ros/humble')]), 'shell': False}
[73.441566] (-) TimerEvent: {}
[73.541818] (-) TimerEvent: {}
[73.642190] (-) TimerEvent: {}
[73.742506] (-) TimerEvent: {}
[73.842807] (-) TimerEvent: {}
[73.943162] (-) TimerEvent: {}
[74.043518] (-) TimerEvent: {}
[74.143890] (-) TimerEvent: {}
[74.244148] (-) TimerEvent: {}
[74.344459] (-) TimerEvent: {}
[74.444806] (-) TimerEvent: {}
[74.545061] (-) TimerEvent: {}
[74.645332] (-) TimerEvent: {}
[74.746126] (-) TimerEvent: {}
[74.846705] (-) TimerEvent: {}
[74.947624] (-) TimerEvent: {}
[75.048296] (-) TimerEvent: {}
[75.148746] (-) TimerEvent: {}
[75.249297] (-) TimerEvent: {}
[75.350773] (-) TimerEvent: {}
[75.451039] (-) TimerEvent: {}
[75.551336] (-) TimerEvent: {}
[75.671784] (-) TimerEvent: {}
[75.772083] (-) TimerEvent: {}
[75.872393] (-) TimerEvent: {}
[75.972832] (-) TimerEvent: {}
[76.074139] (-) TimerEvent: {}
[76.174639] (-) TimerEvent: {}
[76.275188] (-) TimerEvent: {}
[76.375946] (-) TimerEvent: {}
[76.476298] (-) TimerEvent: {}
[76.576579] (-) TimerEvent: {}
[76.677338] (-) TimerEvent: {}
[76.778276] (-) TimerEvent: {}
[76.878843] (-) TimerEvent: {}
[76.979311] (-) TimerEvent: {}
[77.168430] (-) TimerEvent: {}
[77.268882] (-) TimerEvent: {}
[77.369547] (-) TimerEvent: {}
[77.469900] (-) TimerEvent: {}
[77.570238] (-) TimerEvent: {}
[77.670997] (-) TimerEvent: {}
[77.771532] (-) TimerEvent: {}
[77.872107] (-) TimerEvent: {}
[77.972725] (-) TimerEvent: {}
[78.073532] (-) TimerEvent: {}
[78.173912] (-) TimerEvent: {}
[78.265387] (robot_communication) StdoutLine: {'line': b'[ 36%] Built target robot_communication__rosidl_typesupport_fastrtps_cpp\n'}
[78.274064] (-) TimerEvent: {}
[78.374388] (-) TimerEvent: {}
[78.475019] (-) TimerEvent: {}
[78.575319] (-) TimerEvent: {}
[78.675774] (-) TimerEvent: {}
[78.776765] (-) TimerEvent: {}
[78.877037] (-) TimerEvent: {}
[78.977355] (-) TimerEvent: {}
[79.077940] (-) TimerEvent: {}
[79.178612] (-) TimerEvent: {}
[79.279235] (-) TimerEvent: {}
[79.379801] (-) TimerEvent: {}
[79.480793] (-) TimerEvent: {}
[79.581074] (-) TimerEvent: {}
[79.681323] (-) TimerEvent: {}
[79.781959] (-) TimerEvent: {}
[79.882569] (-) TimerEvent: {}
[79.983075] (-) TimerEvent: {}
[80.083330] (-) TimerEvent: {}
[80.183591] (-) TimerEvent: {}
[80.283858] (-) TimerEvent: {}
[80.384101] (-) TimerEvent: {}
[80.484379] (-) TimerEvent: {}
[80.584593] (-) TimerEvent: {}
[80.684865] (-) TimerEvent: {}
[80.785214] (-) TimerEvent: {}
[80.886620] (-) TimerEvent: {}
[80.986935] (-) TimerEvent: {}
[81.087213] (-) TimerEvent: {}
[81.187505] (-) TimerEvent: {}
[81.287795] (-) TimerEvent: {}
[81.388052] (-) TimerEvent: {}
[81.488310] (-) TimerEvent: {}
[81.588596] (-) TimerEvent: {}
[81.688936] (-) TimerEvent: {}
[81.789224] (-) TimerEvent: {}
[81.889554] (-) TimerEvent: {}
[81.989855] (-) TimerEvent: {}
[82.090167] (-) TimerEvent: {}
[82.190451] (-) TimerEvent: {}
[82.290760] (-) TimerEvent: {}
[82.391078] (-) TimerEvent: {}
[82.491347] (-) TimerEvent: {}
[82.591602] (-) TimerEvent: {}
[82.691870] (-) TimerEvent: {}
[82.792188] (-) TimerEvent: {}
[82.892489] (-) TimerEvent: {}
[82.993601] (-) TimerEvent: {}
[83.004114] (slam_gmapping) StdoutLine: {'line': b'[100%] Built target slam_gmapping\n'}
[83.016625] (slam_gmapping) CommandEnded: {'returncode': 0}
[83.093728] (-) TimerEvent: {}
[83.193954] (-) TimerEvent: {}
[83.294191] (-) TimerEvent: {}
[83.394594] (-) TimerEvent: {}
[83.494824] (-) TimerEvent: {}
[83.595158] (-) TimerEvent: {}
[83.695496] (-) TimerEvent: {}
[83.795733] (-) TimerEvent: {}
[83.895991] (-) TimerEvent: {}
[83.996289] (-) TimerEvent: {}
[84.096713] (-) TimerEvent: {}
[84.196944] (-) TimerEvent: {}
[84.297202] (-) TimerEvent: {}
[84.397622] (-) TimerEvent: {}
[84.497891] (-) TimerEvent: {}
[84.598174] (-) TimerEvent: {}
[84.698435] (-) TimerEvent: {}
[84.798720] (-) TimerEvent: {}
[84.899073] (-) TimerEvent: {}
[84.999374] (-) TimerEvent: {}
[85.086101] (slam_gmapping) JobProgress: {'identifier': 'slam_gmapping', 'progress': 'install'}
[85.087063] (slam_gmapping) Command: {'cmd': ['/usr/bin/cmake', '--install', '/home/zheng/carerobot_slam_ros2/build/slam_gmapping'], 'cwd': '/home/zheng/carerobot_slam_ros2/build/slam_gmapping', 'env': OrderedDict([('LESSOPEN', '| /usr/bin/lesspipe %s'), ('HTTPS_PROXY', 'http://127.0.0.1:7890/'), ('no_proxy', 'localhost,127.0.0.0/8,::1'), ('LANGUAGE', 'zh_CN:zh'), ('USER', 'zheng'), ('all_proxy', 'socks://127.0.0.1:7890/'), ('XDG_SESSION_TYPE', 'x11'), ('SHLVL', '1'), ('LD_LIBRARY_PATH', '/home/zheng/carerobot_slam_ros2/install/openslam_gmapping/lib:/usr/lib/x86_64-linux-gnu/gazebo-11/plugins:/opt/ros/humble/opt/rviz_ogre_vendor/lib:/opt/ros/humble/lib/x86_64-linux-gnu:/opt/ros/humble/lib'), ('HOME', '/home/zheng'), ('OLDPWD', '/home/zheng'), ('DESKTOP_SESSION', 'ubuntu-xorg'), ('NO_PROXY', 'localhost,127.0.0.0/8,::1'), ('ROS_PYTHON_VERSION', '3'), ('GNOME_SHELL_SESSION_MODE', 'ubuntu'), ('GTK_MODULES', 'gail:atk-bridge'), ('SYSTEMD_EXEC_PID', '1754'), ('DBUS_SESSION_BUS_ADDRESS', 'unix:path=/run/user/1000/bus'), ('COLORTERM', 'truecolor'), ('https_proxy', 'http://127.0.0.1:7890/'), ('ROS_DISTRO', 'humble'), ('GTK_IM_MODULE', 'ibus'), ('LOGNAME', 'zheng'), ('ALL_PROXY', 'socks://127.0.0.1:7890/'), ('http_proxy', 'http://127.0.0.1:7890/'), ('_', '/usr/bin/colcon'), ('ROS_VERSION', '2'), ('XDG_SESSION_CLASS', 'user'), ('USERNAME', 'zheng'), ('TERM', 'xterm-256color'), ('GNOME_DESKTOP_SESSION_ID', 'this-is-deprecated'), ('ROS_LOCALHOST_ONLY', '0'), ('WINDOWPATH', '2'), ('PATH', '/opt/ros/humble/bin:/home/zheng/.local/bin:/usr/local/sbin:/usr/local/bin:/usr/sbin:/usr/bin:/sbin:/bin:/usr/games:/usr/local/games:/snap/bin:/snap/bin'), ('SESSION_MANAGER', 'local/zheng-Lenovo-Product:@/tmp/.ICE-unix/1731,unix/zheng-Lenovo-Product:/tmp/.ICE-unix/1731'), ('XDG_MENU_PREFIX', 'gnome-'), ('GNOME_TERMINAL_SCREEN', '/org/gnome/Terminal/screen/d492a4b3_e7ac_4b4c_abe4_0222114e68da'), ('XDG_RUNTIME_DIR', '/run/user/1000'), ('DISPLAY', ':0'), ('LANG', 'zh_CN.UTF-8'), ('XDG_CURRENT_DESKTOP', 'ubuntu:GNOME'), ('XMODIFIERS', '@im=ibus'), ('XDG_SESSION_DESKTOP', 'ubuntu-xorg'), ('XAUTHORITY', '/run/user/1000/gdm/Xauthority'), ('LS_COLORS', 'rs=0:di=01;34:ln=01;36:mh=00:pi=40;33:so=01;35:do=01;35:bd=40;33;01:cd=40;33;01:or=40;31;01:mi=00:su=37;41:sg=30;43:ca=30;41:tw=30;42:ow=34;42:st=37;44:ex=01;32:*.tar=01;31:*.tgz=01;31:*.arc=01;31:*.arj=01;31:*.taz=01;31:*.lha=01;31:*.lz4=01;31:*.lzh=01;31:*.lzma=01;31:*.tlz=01;31:*.txz=01;31:*.tzo=01;31:*.t7z=01;31:*.zip=01;31:*.z=01;31:*.dz=01;31:*.gz=01;31:*.lrz=01;31:*.lz=01;31:*.lzo=01;31:*.xz=01;31:*.zst=01;31:*.tzst=01;31:*.bz2=01;31:*.bz=01;31:*.tbz=01;31:*.tbz2=01;31:*.tz=01;31:*.deb=01;31:*.rpm=01;31:*.jar=01;31:*.war=01;31:*.ear=01;31:*.sar=01;31:*.rar=01;31:*.alz=01;31:*.ace=01;31:*.zoo=01;31:*.cpio=01;31:*.7z=01;31:*.rz=01;31:*.cab=01;31:*.wim=01;31:*.swm=01;31:*.dwm=01;31:*.esd=01;31:*.jpg=01;35:*.jpeg=01;35:*.mjpg=01;35:*.mjpeg=01;35:*.gif=01;35:*.bmp=01;35:*.pbm=01;35:*.pgm=01;35:*.ppm=01;35:*.tga=01;35:*.xbm=01;35:*.xpm=01;35:*.tif=01;35:*.tiff=01;35:*.png=01;35:*.svg=01;35:*.svgz=01;35:*.mng=01;35:*.pcx=01;35:*.mov=01;35:*.mpg=01;35:*.mpeg=01;35:*.m2v=01;35:*.mkv=01;35:*.webm=01;35:*.webp=01;35:*.ogm=01;35:*.mp4=01;35:*.m4v=01;35:*.mp4v=01;35:*.vob=01;35:*.qt=01;35:*.nuv=01;35:*.wmv=01;35:*.asf=01;35:*.rm=01;35:*.rmvb=01;35:*.flc=01;35:*.avi=01;35:*.fli=01;35:*.flv=01;35:*.gl=01;35:*.dl=01;35:*.xcf=01;35:*.xwd=01;35:*.yuv=01;35:*.cgm=01;35:*.emf=01;35:*.ogv=01;35:*.ogx=01;35:*.aac=00;36:*.au=00;36:*.flac=00;36:*.m4a=00;36:*.mid=00;36:*.midi=00;36:*.mka=00;36:*.mp3=00;36:*.mpc=00;36:*.ogg=00;36:*.ra=00;36:*.wav=00;36:*.oga=00;36:*.opus=00;36:*.spx=00;36:*.xspf=00;36:'), ('GNOME_TERMINAL_SERVICE', ':1.321'), ('SSH_AGENT_LAUNCHER', 'gnome-keyring'), ('SSH_AUTH_SOCK', '/run/user/1000/keyring/ssh'), ('AMENT_PREFIX_PATH', '/home/zheng/carerobot_slam_ros2/install/openslam_gmapping:/opt/ros/humble'), ('SHELL', '/bin/bash'), ('QT_ACCESSIBILITY', '1'), ('GDMSESSION', 'ubuntu-xorg'), ('LESSCLOSE', '/usr/bin/lesspipe %s %s'), ('GPG_AGENT_INFO', '/run/user/1000/gnupg/S.gpg-agent:0:1'), ('GAZEBO_MODEL_DATABASE_URI', ''), ('QT_IM_MODULE', 'ibus'), ('PWD', '/home/zheng/carerobot_slam_ros2/build/slam_gmapping'), ('XDG_CONFIG_DIRS', '/etc/xdg/xdg-ubuntu-xorg:/etc/xdg'), ('XDG_DATA_DIRS', '/usr/share/ubuntu-xorg:/usr/share/gnome:/usr/local/share/:/usr/share/:/var/lib/snapd/desktop'), ('PYTHONPATH', '/opt/ros/humble/lib/python3.10/site-packages:/opt/ros/humble/local/lib/python3.10/dist-packages'), ('HTTP_PROXY', 'http://127.0.0.1:7890/'), ('COLCON', '1'), ('VTE_VERSION', '6800'), ('CMAKE_PREFIX_PATH', '/home/zheng/carerobot_slam_ros2/install/openslam_gmapping:/opt/ros/humble')]), 'shell': False}
[85.099622] (-) TimerEvent: {}
[85.200404] (-) TimerEvent: {}
[85.300907] (-) TimerEvent: {}
[85.401921] (-) TimerEvent: {}
[85.502302] (-) TimerEvent: {}
[85.602616] (-) TimerEvent: {}
[85.702846] (-) TimerEvent: {}
[85.803180] (-) TimerEvent: {}
[85.903465] (-) TimerEvent: {}
[86.003737] (-) TimerEvent: {}
[86.103983] (-) TimerEvent: {}
[86.204256] (-) TimerEvent: {}
[86.304535] (-) TimerEvent: {}
[86.404965] (-) TimerEvent: {}
[86.505199] (-) TimerEvent: {}
[86.605834] (-) TimerEvent: {}
[86.616961] (slam_gmapping) StdoutLine: {'line': b'-- Install configuration: ""\n'}
[86.705915] (-) TimerEvent: {}
[86.806177] (-) TimerEvent: {}
[86.906835] (-) TimerEvent: {}
[87.008811] (-) TimerEvent: {}
[87.050641] (slam_gmapping) StdoutLine: {'line': b'-- Up-to-date: /home/zheng/carerobot_slam_ros2/install/slam_gmapping/lib/slam_gmapping/slam_gmapping\n'}
[87.051257] (slam_gmapping) StdoutLine: {'line': b'-- Up-to-date: /home/zheng/carerobot_slam_ros2/install/slam_gmapping/share/slam_gmapping/launch\n'}
[87.108921] (-) TimerEvent: {}
[87.184138] (robot_communication) StdoutLine: {'line': b'[ 47%] Built target robot_communication__rosidl_generator_c\n'}
[87.209220] (-) TimerEvent: {}
[87.251265] (slam_gmapping) StdoutLine: {'line': b'-- Up-to-date: /home/zheng/carerobot_slam_ros2/install/slam_gmapping/share/slam_gmapping/launch/map_save.launch.py\n'}
[87.251562] (slam_gmapping) StdoutLine: {'line': b'-- Up-to-date: /home/zheng/carerobot_slam_ros2/install/slam_gmapping/share/slam_gmapping/launch/slam_gmapping.launch.py\n'}
[87.251795] (slam_gmapping) StdoutLine: {'line': b'-- Up-to-date: /home/zheng/carerobot_slam_ros2/install/slam_gmapping/share/ament_index/resource_index/package_run_dependencies/slam_gmapping\n'}
[87.251932] (slam_gmapping) StdoutLine: {'line': b'-- Up-to-date: /home/zheng/carerobot_slam_ros2/install/slam_gmapping/share/ament_index/resource_index/parent_prefix_path/slam_gmapping\n'}
[87.252057] (slam_gmapping) StdoutLine: {'line': b'-- Up-to-date: /home/zheng/carerobot_slam_ros2/install/slam_gmapping/share/slam_gmapping/environment/ament_prefix_path.sh\n'}
[87.252157] (slam_gmapping) StdoutLine: {'line': b'-- Up-to-date: /home/zheng/carerobot_slam_ros2/install/slam_gmapping/share/slam_gmapping/environment/ament_prefix_path.dsv\n'}
[87.252251] (slam_gmapping) StdoutLine: {'line': b'-- Up-to-date: /home/zheng/carerobot_slam_ros2/install/slam_gmapping/share/slam_gmapping/environment/path.sh\n'}
[87.252347] (slam_gmapping) StdoutLine: {'line': b'-- Up-to-date: /home/zheng/carerobot_slam_ros2/install/slam_gmapping/share/slam_gmapping/environment/path.dsv\n'}
[87.252440] (slam_gmapping) StdoutLine: {'line': b'-- Up-to-date: /home/zheng/carerobot_slam_ros2/install/slam_gmapping/share/slam_gmapping/local_setup.bash\n'}
[87.252537] (slam_gmapping) StdoutLine: {'line': b'-- Up-to-date: /home/zheng/carerobot_slam_ros2/install/slam_gmapping/share/slam_gmapping/local_setup.sh\n'}
[87.252654] (slam_gmapping) StdoutLine: {'line': b'-- Up-to-date: /home/zheng/carerobot_slam_ros2/install/slam_gmapping/share/slam_gmapping/local_setup.zsh\n'}
[87.252757] (slam_gmapping) StdoutLine: {'line': b'-- Up-to-date: /home/zheng/carerobot_slam_ros2/install/slam_gmapping/share/slam_gmapping/local_setup.dsv\n'}
[87.252860] (slam_gmapping) StdoutLine: {'line': b'-- Installing: /home/zheng/carerobot_slam_ros2/install/slam_gmapping/share/slam_gmapping/package.dsv\n'}
[87.309315] (-) TimerEvent: {}
[87.409877] (-) TimerEvent: {}
[87.510196] (-) TimerEvent: {}
[87.610768] (-) TimerEvent: {}
[87.711339] (-) TimerEvent: {}
[87.811995] (-) TimerEvent: {}
[87.912450] (-) TimerEvent: {}
[88.013381] (-) TimerEvent: {}
[88.073828] (slam_gmapping) StdoutLine: {'line': b'-- Up-to-date: /home/zheng/carerobot_slam_ros2/install/slam_gmapping/share/ament_index/resource_index/packages/slam_gmapping\n'}
[88.075314] (slam_gmapping) StdoutLine: {'line': b'-- Up-to-date: /home/zheng/carerobot_slam_ros2/install/slam_gmapping/share/slam_gmapping/cmake/slam_gmappingConfig.cmake\n'}
[88.075653] (slam_gmapping) StdoutLine: {'line': b'-- Up-to-date: /home/zheng/carerobot_slam_ros2/install/slam_gmapping/share/slam_gmapping/cmake/slam_gmappingConfig-version.cmake\n'}
[88.075812] (slam_gmapping) StdoutLine: {'line': b'-- Up-to-date: /home/zheng/carerobot_slam_ros2/install/slam_gmapping/share/slam_gmapping/package.xml\n'}
[88.079561] (slam_gmapping) CommandEnded: {'returncode': 0}
[88.113136] (slam_gmapping) JobEnded: {'identifier': 'slam_gmapping', 'rc': 0}
[88.118070] (-) TimerEvent: {}
[88.218416] (-) TimerEvent: {}
[88.319324] (-) TimerEvent: {}
[88.419648] (-) TimerEvent: {}
[88.519960] (-) TimerEvent: {}
[88.620312] (-) TimerEvent: {}
[88.720655] (-) TimerEvent: {}
[88.821304] (-) TimerEvent: {}
[88.916080] (robot_communication) StdoutLine: {'line': b'[ 58%] Built target robot_communication__rosidl_typesupport_fastrtps_c\n'}
[88.921660] (-) TimerEvent: {}
[89.022129] (-) TimerEvent: {}
[89.122539] (-) TimerEvent: {}
[89.223091] (-) TimerEvent: {}
[89.323425] (-) TimerEvent: {}
[89.423692] (-) TimerEvent: {}
[89.524065] (-) TimerEvent: {}
[89.625279] (-) TimerEvent: {}
[89.725777] (-) TimerEvent: {}
[89.826105] (-) TimerEvent: {}
[89.926463] (-) TimerEvent: {}
[90.026991] (-) TimerEvent: {}
[90.127341] (-) TimerEvent: {}
[90.227794] (-) TimerEvent: {}
[90.329046] (-) TimerEvent: {}
[90.429465] (-) TimerEvent: {}
[90.529880] (-) TimerEvent: {}
[90.630411] (-) TimerEvent: {}
[90.730758] (-) TimerEvent: {}
[90.831075] (-) TimerEvent: {}
[90.931609] (-) TimerEvent: {}
[91.032631] (-) TimerEvent: {}
[91.133119] (-) TimerEvent: {}
[91.233391] (-) TimerEvent: {}
[91.333734] (-) TimerEvent: {}
[91.434158] (-) TimerEvent: {}
[91.534422] (-) TimerEvent: {}
[91.634831] (-) TimerEvent: {}
[91.735282] (-) TimerEvent: {}
[91.835824] (-) TimerEvent: {}
[91.936110] (-) TimerEvent: {}
[92.036377] (-) TimerEvent: {}
[92.136609] (-) TimerEvent: {}
[92.236909] (-) TimerEvent: {}
[92.337159] (-) TimerEvent: {}
[92.437405] (-) TimerEvent: {}
[92.537675] (-) TimerEvent: {}
[92.637943] (-) TimerEvent: {}
[92.738197] (-) TimerEvent: {}
[92.838478] (-) TimerEvent: {}
[92.938743] (-) TimerEvent: {}
[93.039042] (-) TimerEvent: {}
[93.139298] (-) TimerEvent: {}
[93.239590] (-) TimerEvent: {}
[93.339847] (-) TimerEvent: {}
[93.440178] (-) TimerEvent: {}
[93.540454] (-) TimerEvent: {}
[93.640711] (-) TimerEvent: {}
[93.740973] (-) TimerEvent: {}
[93.841208] (-) TimerEvent: {}
[93.941566] (-) TimerEvent: {}
[94.041798] (-) TimerEvent: {}
[96.842081] (-) TimerEvent: {}
[96.942474] (-) TimerEvent: {}
[97.042776] (-) TimerEvent: {}
[97.143039] (-) TimerEvent: {}
[97.243302] (-) TimerEvent: {}
[97.343574] (-) TimerEvent: {}
[97.443859] (-) TimerEvent: {}
[97.545593] (-) TimerEvent: {}
[97.645872] (-) TimerEvent: {}
[97.746190] (-) TimerEvent: {}
[97.846436] (-) TimerEvent: {}
[97.946703] (-) TimerEvent: {}
[98.047015] (-) TimerEvent: {}
[98.147380] (-) TimerEvent: {}
[98.247704] (-) TimerEvent: {}
[98.347939] (-) TimerEvent: {}
[98.448161] (-) TimerEvent: {}
[98.548430] (-) TimerEvent: {}
[98.621440] (read_laser_data) StdoutLine: {'line': b'[100%] Built target merger_node\n'}
[98.734102] (-) TimerEvent: {}
[98.834313] (-) TimerEvent: {}
[98.844539] (read_laser_data) CommandEnded: {'returncode': 0}
[99.206924] (-) TimerEvent: {}
[99.307166] (-) TimerEvent: {}
[99.407503] (-) TimerEvent: {}
[99.507893] (-) TimerEvent: {}
[99.608249] (-) TimerEvent: {}
[99.708475] (-) TimerEvent: {}
[99.808800] (-) TimerEvent: {}
[99.909130] (-) TimerEvent: {}
[100.009387] (-) TimerEvent: {}
[100.109714] (-) TimerEvent: {}
[100.210093] (-) TimerEvent: {}
[100.310334] (-) TimerEvent: {}
[100.410575] (-) TimerEvent: {}
[100.510840] (-) TimerEvent: {}
[100.611120] (-) TimerEvent: {}
[100.711432] (-) TimerEvent: {}
[100.811718] (-) TimerEvent: {}
[100.912058] (-) TimerEvent: {}
[101.012365] (-) TimerEvent: {}
[101.112741] (-) TimerEvent: {}
[101.212990] (-) TimerEvent: {}
[101.313419] (-) TimerEvent: {}
[101.353658] (read_laser_data) JobProgress: {'identifier': 'read_laser_data', 'progress': 'install'}
[101.354580] (read_laser_data) Command: {'cmd': ['/usr/bin/cmake', '--install', '/home/zheng/carerobot_slam_ros2/build/read_laser_data'], 'cwd': '/home/zheng/carerobot_slam_ros2/build/read_laser_data', 'env': OrderedDict([('LESSOPEN', '| /usr/bin/lesspipe %s'), ('HTTPS_PROXY', 'http://127.0.0.1:7890/'), ('no_proxy', 'localhost,127.0.0.0/8,::1'), ('LANGUAGE', 'zh_CN:zh'), ('USER', 'zheng'), ('all_proxy', 'socks://127.0.0.1:7890/'), ('XDG_SESSION_TYPE', 'x11'), ('SHLVL', '1'), ('LD_LIBRARY_PATH', '/usr/lib/x86_64-linux-gnu/gazebo-11/plugins:/opt/ros/humble/opt/rviz_ogre_vendor/lib:/opt/ros/humble/lib/x86_64-linux-gnu:/opt/ros/humble/lib'), ('HOME', '/home/zheng'), ('OLDPWD', '/home/zheng'), ('DESKTOP_SESSION', 'ubuntu-xorg'), ('NO_PROXY', 'localhost,127.0.0.0/8,::1'), ('ROS_PYTHON_VERSION', '3'), ('GNOME_SHELL_SESSION_MODE', 'ubuntu'), ('GTK_MODULES', 'gail:atk-bridge'), ('SYSTEMD_EXEC_PID', '1754'), ('DBUS_SESSION_BUS_ADDRESS', 'unix:path=/run/user/1000/bus'), ('COLORTERM', 'truecolor'), ('https_proxy', 'http://127.0.0.1:7890/'), ('ROS_DISTRO', 'humble'), ('GTK_IM_MODULE', 'ibus'), ('LOGNAME', 'zheng'), ('ALL_PROXY', 'socks://127.0.0.1:7890/'), ('http_proxy', 'http://127.0.0.1:7890/'), ('_', '/usr/bin/colcon'), ('ROS_VERSION', '2'), ('XDG_SESSION_CLASS', 'user'), ('USERNAME', 'zheng'), ('TERM', 'xterm-256color'), ('GNOME_DESKTOP_SESSION_ID', 'this-is-deprecated'), ('ROS_LOCALHOST_ONLY', '0'), ('WINDOWPATH', '2'), ('PATH', '/opt/ros/humble/bin:/home/zheng/.local/bin:/usr/local/sbin:/usr/local/bin:/usr/sbin:/usr/bin:/sbin:/bin:/usr/games:/usr/local/games:/snap/bin:/snap/bin'), ('SESSION_MANAGER', 'local/zheng-Lenovo-Product:@/tmp/.ICE-unix/1731,unix/zheng-Lenovo-Product:/tmp/.ICE-unix/1731'), ('XDG_MENU_PREFIX', 'gnome-'), ('GNOME_TERMINAL_SCREEN', '/org/gnome/Terminal/screen/d492a4b3_e7ac_4b4c_abe4_0222114e68da'), ('XDG_RUNTIME_DIR', '/run/user/1000'), ('DISPLAY', ':0'), ('LANG', 'zh_CN.UTF-8'), ('XDG_CURRENT_DESKTOP', 'ubuntu:GNOME'), ('XMODIFIERS', '@im=ibus'), ('XDG_SESSION_DESKTOP', 'ubuntu-xorg'), ('XAUTHORITY', '/run/user/1000/gdm/Xauthority'), ('LS_COLORS', 'rs=0:di=01;34:ln=01;36:mh=00:pi=40;33:so=01;35:do=01;35:bd=40;33;01:cd=40;33;01:or=40;31;01:mi=00:su=37;41:sg=30;43:ca=30;41:tw=30;42:ow=34;42:st=37;44:ex=01;32:*.tar=01;31:*.tgz=01;31:*.arc=01;31:*.arj=01;31:*.taz=01;31:*.lha=01;31:*.lz4=01;31:*.lzh=01;31:*.lzma=01;31:*.tlz=01;31:*.txz=01;31:*.tzo=01;31:*.t7z=01;31:*.zip=01;31:*.z=01;31:*.dz=01;31:*.gz=01;31:*.lrz=01;31:*.lz=01;31:*.lzo=01;31:*.xz=01;31:*.zst=01;31:*.tzst=01;31:*.bz2=01;31:*.bz=01;31:*.tbz=01;31:*.tbz2=01;31:*.tz=01;31:*.deb=01;31:*.rpm=01;31:*.jar=01;31:*.war=01;31:*.ear=01;31:*.sar=01;31:*.rar=01;31:*.alz=01;31:*.ace=01;31:*.zoo=01;31:*.cpio=01;31:*.7z=01;31:*.rz=01;31:*.cab=01;31:*.wim=01;31:*.swm=01;31:*.dwm=01;31:*.esd=01;31:*.jpg=01;35:*.jpeg=01;35:*.mjpg=01;35:*.mjpeg=01;35:*.gif=01;35:*.bmp=01;35:*.pbm=01;35:*.pgm=01;35:*.ppm=01;35:*.tga=01;35:*.xbm=01;35:*.xpm=01;35:*.tif=01;35:*.tiff=01;35:*.png=01;35:*.svg=01;35:*.svgz=01;35:*.mng=01;35:*.pcx=01;35:*.mov=01;35:*.mpg=01;35:*.mpeg=01;35:*.m2v=01;35:*.mkv=01;35:*.webm=01;35:*.webp=01;35:*.ogm=01;35:*.mp4=01;35:*.m4v=01;35:*.mp4v=01;35:*.vob=01;35:*.qt=01;35:*.nuv=01;35:*.wmv=01;35:*.asf=01;35:*.rm=01;35:*.rmvb=01;35:*.flc=01;35:*.avi=01;35:*.fli=01;35:*.flv=01;35:*.gl=01;35:*.dl=01;35:*.xcf=01;35:*.xwd=01;35:*.yuv=01;35:*.cgm=01;35:*.emf=01;35:*.ogv=01;35:*.ogx=01;35:*.aac=00;36:*.au=00;36:*.flac=00;36:*.m4a=00;36:*.mid=00;36:*.midi=00;36:*.mka=00;36:*.mp3=00;36:*.mpc=00;36:*.ogg=00;36:*.ra=00;36:*.wav=00;36:*.oga=00;36:*.opus=00;36:*.spx=00;36:*.xspf=00;36:'), ('GNOME_TERMINAL_SERVICE', ':1.321'), ('SSH_AGENT_LAUNCHER', 'gnome-keyring'), ('SSH_AUTH_SOCK', '/run/user/1000/keyring/ssh'), ('AMENT_PREFIX_PATH', '/opt/ros/humble'), ('SHELL', '/bin/bash'), ('QT_ACCESSIBILITY', '1'), ('GDMSESSION', 'ubuntu-xorg'), ('LESSCLOSE', '/usr/bin/lesspipe %s %s'), ('GPG_AGENT_INFO', '/run/user/1000/gnupg/S.gpg-agent:0:1'), ('GAZEBO_MODEL_DATABASE_URI', ''), ('QT_IM_MODULE', 'ibus'), ('PWD', '/home/zheng/carerobot_slam_ros2/build/read_laser_data'), ('XDG_CONFIG_DIRS', '/etc/xdg/xdg-ubuntu-xorg:/etc/xdg'), ('XDG_DATA_DIRS', '/usr/share/ubuntu-xorg:/usr/share/gnome:/usr/local/share/:/usr/share/:/var/lib/snapd/desktop'), ('PYTHONPATH', '/opt/ros/humble/lib/python3.10/site-packages:/opt/ros/humble/local/lib/python3.10/dist-packages'), ('HTTP_PROXY', 'http://127.0.0.1:7890/'), ('COLCON', '1'), ('VTE_VERSION', '6800'), ('CMAKE_PREFIX_PATH', '/opt/ros/humble')]), 'shell': False}
[101.379654] (robot_communication) StdoutLine: {'line': b'[ 70%] Built target robot_communication__rosidl_typesupport_c\n'}
[102.820196] (-) TimerEvent: {}
[102.820319] (read_laser_data) StdoutLine: {'line': b'-- Install configuration: ""\n'}
[102.820468] (read_laser_data) StdoutLine: {'line': b'-- Up-to-date: /home/zheng/carerobot_slam_ros2/install/read_laser_data/lib/read_laser_data/merger_node\n'}
[102.820592] (read_laser_data) StdoutLine: {'line': b'-- Up-to-date: /home/zheng/carerobot_slam_ros2/install/read_laser_data/share/read_laser_data/launch\n'}
[102.920321] (-) TimerEvent: {}
[103.020617] (-) TimerEvent: {}
[103.120931] (-) TimerEvent: {}
[103.221183] (-) TimerEvent: {}
[103.321556] (-) TimerEvent: {}
[103.421876] (-) TimerEvent: {}
[103.522232] (-) TimerEvent: {}
[103.622491] (-) TimerEvent: {}
[103.722782] (-) TimerEvent: {}
[103.823052] (-) TimerEvent: {}
[103.923340] (-) TimerEvent: {}
[104.023631] (-) TimerEvent: {}
[104.123870] (-) TimerEvent: {}
[104.224195] (-) TimerEvent: {}
[104.324491] (-) TimerEvent: {}
[104.424824] (-) TimerEvent: {}
[104.525047] (-) TimerEvent: {}
[104.625275] (-) TimerEvent: {}
[104.656116] (read_laser_data) StdoutLine: {'line': b'-- Up-to-date: /home/zheng/carerobot_slam_ros2/install/read_laser_data/share/read_laser_data/launch/scan_merge.launch.py\n'}
[104.725388] (-) TimerEvent: {}
[104.825708] (-) TimerEvent: {}
[104.862154] (read_laser_data) StdoutLine: {'line': b'-- Up-to-date: /home/zheng/carerobot_slam_ros2/install/read_laser_data/share/ament_index/resource_index/package_run_dependencies/read_laser_data\n'}
[104.882009] (read_laser_data) StdoutLine: {'line': b'-- Up-to-date: /home/zheng/carerobot_slam_ros2/install/read_laser_data/share/ament_index/resource_index/parent_prefix_path/read_laser_data\n'}
[104.882344] (read_laser_data) StdoutLine: {'line': b'-- Up-to-date: /home/zheng/carerobot_slam_ros2/install/read_laser_data/share/read_laser_data/environment/ament_prefix_path.sh\n'}
[104.882555] (read_laser_data) StdoutLine: {'line': b'-- Up-to-date: /home/zheng/carerobot_slam_ros2/install/read_laser_data/share/read_laser_data/environment/ament_prefix_path.dsv\n'}
[104.882704] (read_laser_data) StdoutLine: {'line': b'-- Up-to-date: /home/zheng/carerobot_slam_ros2/install/read_laser_data/share/read_laser_data/environment/path.sh\n'}
[104.882802] (read_laser_data) StdoutLine: {'line': b'-- Up-to-date: /home/zheng/carerobot_slam_ros2/install/read_laser_data/share/read_laser_data/environment/path.dsv\n'}
[104.884602] (read_laser_data) StdoutLine: {'line': b'-- Up-to-date: /home/zheng/carerobot_slam_ros2/install/read_laser_data/share/read_laser_data/local_setup.bash\n'}
[104.884788] (read_laser_data) StdoutLine: {'line': b'-- Up-to-date: /home/zheng/carerobot_slam_ros2/install/read_laser_data/share/read_laser_data/local_setup.sh\n'}
[104.884954] (read_laser_data) StdoutLine: {'line': b'-- Up-to-date: /home/zheng/carerobot_slam_ros2/install/read_laser_data/share/read_laser_data/local_setup.zsh\n'}
[104.885069] (read_laser_data) StdoutLine: {'line': b'-- Up-to-date: /home/zheng/carerobot_slam_ros2/install/read_laser_data/share/read_laser_data/local_setup.dsv\n'}
[104.885159] (read_laser_data) StdoutLine: {'line': b'-- Installing: /home/zheng/carerobot_slam_ros2/install/read_laser_data/share/read_laser_data/package.dsv\n'}
[104.925792] (-) TimerEvent: {}
[104.976285] (read_laser_data) StdoutLine: {'line': b'-- Up-to-date: /home/zheng/carerobot_slam_ros2/install/read_laser_data/share/ament_index/resource_index/packages/read_laser_data\n'}
[105.025883] (-) TimerEvent: {}
[105.126141] (-) TimerEvent: {}
[105.226431] (-) TimerEvent: {}
[105.326745] (-) TimerEvent: {}
[105.427035] (-) TimerEvent: {}
[105.527302] (-) TimerEvent: {}
[105.604435] (read_laser_data) StdoutLine: {'line': b'-- Up-to-date: /home/zheng/carerobot_slam_ros2/install/read_laser_data/share/read_laser_data/cmake/read_laser_dataConfig.cmake\n'}
[105.604666] (read_laser_data) StdoutLine: {'line': b'-- Up-to-date: /home/zheng/carerobot_slam_ros2/install/read_laser_data/share/read_laser_data/cmake/read_laser_dataConfig-version.cmake\n'}
[105.604801] (read_laser_data) StdoutLine: {'line': b'-- Up-to-date: /home/zheng/carerobot_slam_ros2/install/read_laser_data/share/read_laser_data/package.xml\n'}
[105.606520] (read_laser_data) CommandEnded: {'returncode': 0}
[105.627385] (-) TimerEvent: {}
[105.727641] (-) TimerEvent: {}
[105.827968] (-) TimerEvent: {}
[105.928257] (-) TimerEvent: {}
[106.028521] (-) TimerEvent: {}
[106.128878] (-) TimerEvent: {}
[106.229159] (-) TimerEvent: {}
[106.329459] (-) TimerEvent: {}
[106.429739] (-) TimerEvent: {}
[106.530051] (-) TimerEvent: {}
[106.630413] (-) TimerEvent: {}
[106.730664] (-) TimerEvent: {}
[106.831593] (-) TimerEvent: {}
[106.931880] (-) TimerEvent: {}
[107.032186] (-) TimerEvent: {}
[107.132461] (-) TimerEvent: {}
[107.232760] (-) TimerEvent: {}
[107.333031] (-) TimerEvent: {}
[107.433283] (-) TimerEvent: {}
[107.533579] (-) TimerEvent: {}
[107.633817] (-) TimerEvent: {}
[107.734116] (-) TimerEvent: {}
[107.834409] (-) TimerEvent: {}
[107.934663] (-) TimerEvent: {}
[108.035054] (-) TimerEvent: {}
[108.135330] (-) TimerEvent: {}
[108.235599] (-) TimerEvent: {}
[108.248143] (robot_communication) StdoutLine: {'line': b'[ 81%] Built target robot_communication__rosidl_typesupport_introspection_c\n'}
[108.335699] (-) TimerEvent: {}
[108.435991] (-) TimerEvent: {}
[108.536278] (-) TimerEvent: {}
[108.636527] (-) TimerEvent: {}
[108.736797] (-) TimerEvent: {}
[108.806482] (robot_communication) StdoutLine: {'line': b'[ 81%] Built target robot_communication\n'}
[108.836909] (-) TimerEvent: {}
[108.906105] (read_laser_data) JobEnded: {'identifier': 'read_laser_data', 'rc': 0}
[108.936999] (-) TimerEvent: {}
[109.037404] (-) TimerEvent: {}
[109.137626] (-) TimerEvent: {}
[109.237864] (-) TimerEvent: {}
[109.338141] (-) TimerEvent: {}
[109.438438] (-) TimerEvent: {}
[109.538702] (-) TimerEvent: {}
[109.638947] (-) TimerEvent: {}
[109.739240] (-) TimerEvent: {}
[109.839509] (-) TimerEvent: {}
[109.939912] (-) TimerEvent: {}
[110.040182] (-) TimerEvent: {}
[110.140426] (-) TimerEvent: {}
[110.240680] (-) TimerEvent: {}
[110.340920] (-) TimerEvent: {}
[110.441178] (-) TimerEvent: {}
[110.541455] (-) TimerEvent: {}
[110.641699] (-) TimerEvent: {}
[110.741948] (-) TimerEvent: {}
[110.842206] (-) TimerEvent: {}
[110.942458] (-) TimerEvent: {}
[111.042910] (-) TimerEvent: {}
[111.143186] (-) TimerEvent: {}
[111.243495] (-) TimerEvent: {}
[111.343766] (-) TimerEvent: {}
[111.444024] (-) TimerEvent: {}
[111.544298] (-) TimerEvent: {}
[111.644612] (-) TimerEvent: {}
[111.744865] (-) TimerEvent: {}
[111.845158] (-) TimerEvent: {}
[111.945549] (-) TimerEvent: {}
[112.045887] (-) TimerEvent: {}
[112.146238] (-) TimerEvent: {}
[112.246558] (-) TimerEvent: {}
[112.346816] (-) TimerEvent: {}
[112.447157] (-) TimerEvent: {}
[112.547453] (-) TimerEvent: {}
[112.626536] (robot_communication) StdoutLine: {'line': b'[ 82%] Built target robot_communication__py\n'}
[112.647570] (-) TimerEvent: {}
[112.747846] (-) TimerEvent: {}
[112.848093] (-) TimerEvent: {}
[112.948368] (-) TimerEvent: {}
[113.048593] (-) TimerEvent: {}
[113.148983] (-) TimerEvent: {}
[113.249301] (-) TimerEvent: {}
[113.349627] (-) TimerEvent: {}
[113.449845] (-) TimerEvent: {}
[113.550126] (-) TimerEvent: {}
[113.650437] (-) TimerEvent: {}
[113.750690] (-) TimerEvent: {}
[113.851061] (-) TimerEvent: {}
[113.951344] (-) TimerEvent: {}
[114.051625] (-) TimerEvent: {}
[114.151894] (-) TimerEvent: {}
[114.252153] (-) TimerEvent: {}
[114.352383] (-) TimerEvent: {}
[114.452708] (-) TimerEvent: {}
[114.552989] (-) TimerEvent: {}
[114.653249] (-) TimerEvent: {}
[114.753609] (-) TimerEvent: {}
[114.853903] (-) TimerEvent: {}
[114.954241] (-) TimerEvent: {}
[115.054585] (-) TimerEvent: {}
[115.154875] (-) TimerEvent: {}
[115.255206] (-) TimerEvent: {}
[115.355466] (-) TimerEvent: {}
[115.455708] (-) TimerEvent: {}
[115.556074] (-) TimerEvent: {}
[115.656453] (-) TimerEvent: {}
[115.756690] (-) TimerEvent: {}
[115.857031] (-) TimerEvent: {}
[115.957407] (-) TimerEvent: {}
[116.057674] (-) TimerEvent: {}
[116.157966] (-) TimerEvent: {}
[116.795062] (-) TimerEvent: {}
[116.895379] (-) TimerEvent: {}
[116.995703] (-) TimerEvent: {}
[117.095993] (-) TimerEvent: {}
[117.196315] (-) TimerEvent: {}
[117.296588] (-) TimerEvent: {}
[117.396806] (-) TimerEvent: {}
[117.497137] (-) TimerEvent: {}
[117.597469] (-) TimerEvent: {}
[117.697712] (-) TimerEvent: {}
[117.797937] (-) TimerEvent: {}
[117.898265] (-) TimerEvent: {}
[117.998514] (-) TimerEvent: {}
[118.098820] (-) TimerEvent: {}
[118.199146] (-) TimerEvent: {}
[118.299494] (-) TimerEvent: {}
[118.399829] (-) TimerEvent: {}
[118.500150] (-) TimerEvent: {}
[118.600475] (-) TimerEvent: {}
[118.700791] (-) TimerEvent: {}
[118.801145] (-) TimerEvent: {}
[118.901396] (-) TimerEvent: {}
[119.003587] (-) TimerEvent: {}
[119.103874] (-) TimerEvent: {}
[119.204156] (-) TimerEvent: {}
[119.353714] (-) TimerEvent: {}
[119.453943] (-) TimerEvent: {}
[119.554209] (-) TimerEvent: {}
[119.654528] (-) TimerEvent: {}
[119.754792] (-) TimerEvent: {}
[119.855042] (-) TimerEvent: {}
[119.955370] (-) TimerEvent: {}
[120.055634] (-) TimerEvent: {}
[120.155882] (-) TimerEvent: {}
[120.256136] (-) TimerEvent: {}
[120.356433] (-) TimerEvent: {}
[120.456732] (-) TimerEvent: {}
[120.557039] (-) TimerEvent: {}
[120.657381] (-) TimerEvent: {}
[120.757618] (-) TimerEvent: {}
[120.857896] (-) TimerEvent: {}
[120.958161] (-) TimerEvent: {}
[121.058447] (-) TimerEvent: {}
[121.128556] (robot_communication) StdoutLine: {'line': b'[ 92%] Built target robot_communication__rosidl_generator_py\n'}
[121.158536] (-) TimerEvent: {}
[121.258801] (-) TimerEvent: {}
[121.359024] (-) TimerEvent: {}
[121.459343] (-) TimerEvent: {}
[121.559602] (-) TimerEvent: {}
[121.659874] (-) TimerEvent: {}
[121.760198] (-) TimerEvent: {}
[130.308691] (robot_communication) StdoutLine: {'line': b'[ 95%] Built target robot_communication__rosidl_typesupport_fastrtps_c__pyext\n'}
[130.309012] (-) TimerEvent: {}
[130.409261] (-) TimerEvent: {}
[130.509554] (-) TimerEvent: {}
[130.609838] (-) TimerEvent: {}
[130.710085] (-) TimerEvent: {}
[130.810402] (-) TimerEvent: {}
[130.910590] (-) TimerEvent: {}
[131.010828] (-) TimerEvent: {}
[131.111210] (-) TimerEvent: {}
[131.211573] (-) TimerEvent: {}
[131.311804] (-) TimerEvent: {}
[131.412113] (-) TimerEvent: {}
[131.512337] (-) TimerEvent: {}
[131.612682] (-) TimerEvent: {}
[131.712926] (-) TimerEvent: {}
[131.813253] (-) TimerEvent: {}
[131.913558] (-) TimerEvent: {}
[132.013849] (-) TimerEvent: {}
[132.114179] (-) TimerEvent: {}
[132.214422] (-) TimerEvent: {}
[132.314669] (-) TimerEvent: {}
[132.414981] (-) TimerEvent: {}
[132.515247] (-) TimerEvent: {}
[132.615518] (-) TimerEvent: {}
[132.716501] (-) TimerEvent: {}
[132.816933] (-) TimerEvent: {}
[132.917232] (-) TimerEvent: {}
[133.017736] (-) TimerEvent: {}
[133.118769] (-) TimerEvent: {}
[133.219124] (-) TimerEvent: {}
[133.319378] (-) TimerEvent: {}
[133.419630] (-) TimerEvent: {}
[133.519893] (-) TimerEvent: {}
[133.960923] (robot_communication) StdoutLine: {'line': b'[ 97%] Built target robot_communication__rosidl_typesupport_c__pyext\n'}
[133.961094] (-) TimerEvent: {}
[134.061275] (-) TimerEvent: {}
[134.161620] (-) TimerEvent: {}
[134.261878] (-) TimerEvent: {}
[134.362201] (-) TimerEvent: {}
[134.462526] (-) TimerEvent: {}
[134.562759] (-) TimerEvent: {}
[134.663084] (-) TimerEvent: {}
[134.763407] (-) TimerEvent: {}
[134.863714] (-) TimerEvent: {}
[134.963959] (-) TimerEvent: {}
[135.064225] (-) TimerEvent: {}
[135.164569] (-) TimerEvent: {}
[135.507711] (-) TimerEvent: {}
[135.608064] (-) TimerEvent: {}
[135.708400] (-) TimerEvent: {}
[135.808644] (-) TimerEvent: {}
[135.908873] (-) TimerEvent: {}
[136.009111] (-) TimerEvent: {}
[136.109369] (-) TimerEvent: {}
[136.209618] (-) TimerEvent: {}
[136.309885] (-) TimerEvent: {}
[136.410210] (-) TimerEvent: {}
[136.510530] (-) TimerEvent: {}
[136.610827] (-) TimerEvent: {}
[136.711151] (-) TimerEvent: {}
[136.811470] (-) TimerEvent: {}
[136.911703] (-) TimerEvent: {}
[137.011929] (-) TimerEvent: {}
[137.112192] (-) TimerEvent: {}
[137.212413] (-) TimerEvent: {}
[137.312726] (-) TimerEvent: {}
[137.413094] (-) TimerEvent: {}
[137.513457] (-) TimerEvent: {}
[137.613718] (-) TimerEvent: {}
[137.713973] (-) TimerEvent: {}
[137.814287] (-) TimerEvent: {}
[137.914609] (-) TimerEvent: {}
[138.014845] (-) TimerEvent: {}
[138.115077] (-) TimerEvent: {}
[138.215402] (-) TimerEvent: {}
[138.315662] (-) TimerEvent: {}
[138.415927] (-) TimerEvent: {}
[138.516319] (-) TimerEvent: {}
[138.616660] (-) TimerEvent: {}
[138.716928] (-) TimerEvent: {}
[138.817244] (-) TimerEvent: {}
[138.917609] (-) TimerEvent: {}
[139.017864] (-) TimerEvent: {}
[139.118183] (-) TimerEvent: {}
[139.218434] (-) TimerEvent: {}
[139.318664] (-) TimerEvent: {}
[139.418968] (-) TimerEvent: {}
[139.519214] (-) TimerEvent: {}
[139.619484] (-) TimerEvent: {}
[139.719760] (-) TimerEvent: {}
[139.820036] (-) TimerEvent: {}
[139.920256] (-) TimerEvent: {}
[140.020516] (-) TimerEvent: {}
[140.120813] (-) TimerEvent: {}
[140.221035] (-) TimerEvent: {}
[140.321285] (-) TimerEvent: {}
[140.421584] (-) TimerEvent: {}
[140.521841] (-) TimerEvent: {}
[140.622153] (-) TimerEvent: {}
[140.722421] (-) TimerEvent: {}
[140.822651] (-) TimerEvent: {}
[140.922902] (-) TimerEvent: {}
[141.023174] (-) TimerEvent: {}
[141.123418] (-) TimerEvent: {}
[141.223684] (-) TimerEvent: {}
[141.324003] (-) TimerEvent: {}
[141.424256] (-) TimerEvent: {}
[141.524556] (-) TimerEvent: {}
[141.624875] (-) TimerEvent: {}
[141.725196] (-) TimerEvent: {}
[141.825439] (-) TimerEvent: {}
[141.925635] (-) TimerEvent: {}
[142.025888] (-) TimerEvent: {}
[142.126248] (-) TimerEvent: {}
[142.226756] (-) TimerEvent: {}
[142.327213] (-) TimerEvent: {}
[142.427601] (-) TimerEvent: {}
[142.527866] (-) TimerEvent: {}
[142.628254] (-) TimerEvent: {}
[142.728637] (-) TimerEvent: {}
[142.828878] (-) TimerEvent: {}
[142.929293] (-) TimerEvent: {}
[143.029689] (-) TimerEvent: {}
[143.130082] (-) TimerEvent: {}
[143.230426] (-) TimerEvent: {}
[143.330725] (-) TimerEvent: {}
[143.431071] (-) TimerEvent: {}
[143.531334] (-) TimerEvent: {}
[143.631603] (-) TimerEvent: {}
[143.731834] (-) TimerEvent: {}
[143.832236] (-) TimerEvent: {}
[143.932509] (-) TimerEvent: {}
[144.032740] (-) TimerEvent: {}
[144.132917] (-) TimerEvent: {}
[144.233165] (-) TimerEvent: {}
[144.333419] (-) TimerEvent: {}
[144.433647] (-) TimerEvent: {}
[144.533894] (-) TimerEvent: {}
[144.634161] (-) TimerEvent: {}
[144.734416] (-) TimerEvent: {}
[144.834705] (-) TimerEvent: {}
[144.934919] (-) TimerEvent: {}
[145.035177] (-) TimerEvent: {}
[145.135431] (-) TimerEvent: {}
[145.235628] (-) TimerEvent: {}
[145.335911] (-) TimerEvent: {}
[145.436290] (-) TimerEvent: {}
[145.536550] (-) TimerEvent: {}
[145.636790] (-) TimerEvent: {}
[145.737164] (-) TimerEvent: {}
[145.837515] (-) TimerEvent: {}
[145.937890] (-) TimerEvent: {}
[146.038242] (-) TimerEvent: {}
[146.138605] (-) TimerEvent: {}
[146.238941] (-) TimerEvent: {}
[146.339334] (-) TimerEvent: {}
[146.655075] (-) TimerEvent: {}
[146.755596] (-) TimerEvent: {}
[146.855845] (-) TimerEvent: {}
[146.956182] (-) TimerEvent: {}
[147.056579] (-) TimerEvent: {}
[147.157039] (-) TimerEvent: {}
[147.257556] (-) TimerEvent: {}
[147.358072] (-) TimerEvent: {}
[147.458556] (-) TimerEvent: {}
[147.559044] (-) TimerEvent: {}
[147.659577] (-) TimerEvent: {}
[147.759889] (-) TimerEvent: {}
[147.860184] (-) TimerEvent: {}
[147.960644] (-) TimerEvent: {}
[148.060989] (-) TimerEvent: {}
[148.161335] (-) TimerEvent: {}
[148.261818] (-) TimerEvent: {}
[148.362283] (-) TimerEvent: {}
[148.462746] (-) TimerEvent: {}
[148.563191] (-) TimerEvent: {}
[148.663597] (-) TimerEvent: {}
[148.764095] (-) TimerEvent: {}
[148.864616] (-) TimerEvent: {}
[148.965118] (-) TimerEvent: {}
[149.065520] (-) TimerEvent: {}
[149.166041] (-) TimerEvent: {}
[149.266540] (-) TimerEvent: {}
[149.307867] (robot_communication) StdoutLine: {'line': b'[100%] Built target robot_communication__rosidl_typesupport_introspection_c__pyext\n'}
[149.318925] (robot_communication) CommandEnded: {'returncode': 0}
[150.849344] (-) TimerEvent: {}
[150.949799] (-) TimerEvent: {}
[151.050211] (-) TimerEvent: {}
[151.150760] (-) TimerEvent: {}
[151.251170] (-) TimerEvent: {}
[151.351661] (-) TimerEvent: {}
[151.452158] (-) TimerEvent: {}
[151.549119] (robot_communication) JobProgress: {'identifier': 'robot_communication', 'progress': 'install'}
[151.550176] (robot_communication) Command: {'cmd': ['/usr/bin/cmake', '--install', '/home/zheng/carerobot_slam_ros2/build/robot_communication'], 'cwd': '/home/zheng/carerobot_slam_ros2/build/robot_communication', 'env': OrderedDict([('LESSOPEN', '| /usr/bin/lesspipe %s'), ('HTTPS_PROXY', 'http://127.0.0.1:7890/'), ('no_proxy', 'localhost,127.0.0.0/8,::1'), ('LANGUAGE', 'zh_CN:zh'), ('USER', 'zheng'), ('all_proxy', 'socks://127.0.0.1:7890/'), ('XDG_SESSION_TYPE', 'x11'), ('SHLVL', '1'), ('LD_LIBRARY_PATH', '/usr/lib/x86_64-linux-gnu/gazebo-11/plugins:/opt/ros/humble/opt/rviz_ogre_vendor/lib:/opt/ros/humble/lib/x86_64-linux-gnu:/opt/ros/humble/lib'), ('HOME', '/home/zheng'), ('OLDPWD', '/home/zheng'), ('DESKTOP_SESSION', 'ubuntu-xorg'), ('NO_PROXY', 'localhost,127.0.0.0/8,::1'), ('ROS_PYTHON_VERSION', '3'), ('GNOME_SHELL_SESSION_MODE', 'ubuntu'), ('GTK_MODULES', 'gail:atk-bridge'), ('SYSTEMD_EXEC_PID', '1754'), ('DBUS_SESSION_BUS_ADDRESS', 'unix:path=/run/user/1000/bus'), ('COLORTERM', 'truecolor'), ('https_proxy', 'http://127.0.0.1:7890/'), ('ROS_DISTRO', 'humble'), ('GTK_IM_MODULE', 'ibus'), ('LOGNAME', 'zheng'), ('ALL_PROXY', 'socks://127.0.0.1:7890/'), ('http_proxy', 'http://127.0.0.1:7890/'), ('_', '/usr/bin/colcon'), ('ROS_VERSION', '2'), ('XDG_SESSION_CLASS', 'user'), ('USERNAME', 'zheng'), ('TERM', 'xterm-256color'), ('GNOME_DESKTOP_SESSION_ID', 'this-is-deprecated'), ('ROS_LOCALHOST_ONLY', '0'), ('WINDOWPATH', '2'), ('PATH', '/opt/ros/humble/bin:/home/zheng/.local/bin:/usr/local/sbin:/usr/local/bin:/usr/sbin:/usr/bin:/sbin:/bin:/usr/games:/usr/local/games:/snap/bin:/snap/bin'), ('SESSION_MANAGER', 'local/zheng-Lenovo-Product:@/tmp/.ICE-unix/1731,unix/zheng-Lenovo-Product:/tmp/.ICE-unix/1731'), ('XDG_MENU_PREFIX', 'gnome-'), ('GNOME_TERMINAL_SCREEN', '/org/gnome/Terminal/screen/d492a4b3_e7ac_4b4c_abe4_0222114e68da'), ('XDG_RUNTIME_DIR', '/run/user/1000'), ('DISPLAY', ':0'), ('LANG', 'zh_CN.UTF-8'), ('XDG_CURRENT_DESKTOP', 'ubuntu:GNOME'), ('XMODIFIERS', '@im=ibus'), ('XDG_SESSION_DESKTOP', 'ubuntu-xorg'), ('XAUTHORITY', '/run/user/1000/gdm/Xauthority'), ('LS_COLORS', 'rs=0:di=01;34:ln=01;36:mh=00:pi=40;33:so=01;35:do=01;35:bd=40;33;01:cd=40;33;01:or=40;31;01:mi=00:su=37;41:sg=30;43:ca=30;41:tw=30;42:ow=34;42:st=37;44:ex=01;32:*.tar=01;31:*.tgz=01;31:*.arc=01;31:*.arj=01;31:*.taz=01;31:*.lha=01;31:*.lz4=01;31:*.lzh=01;31:*.lzma=01;31:*.tlz=01;31:*.txz=01;31:*.tzo=01;31:*.t7z=01;31:*.zip=01;31:*.z=01;31:*.dz=01;31:*.gz=01;31:*.lrz=01;31:*.lz=01;31:*.lzo=01;31:*.xz=01;31:*.zst=01;31:*.tzst=01;31:*.bz2=01;31:*.bz=01;31:*.tbz=01;31:*.tbz2=01;31:*.tz=01;31:*.deb=01;31:*.rpm=01;31:*.jar=01;31:*.war=01;31:*.ear=01;31:*.sar=01;31:*.rar=01;31:*.alz=01;31:*.ace=01;31:*.zoo=01;31:*.cpio=01;31:*.7z=01;31:*.rz=01;31:*.cab=01;31:*.wim=01;31:*.swm=01;31:*.dwm=01;31:*.esd=01;31:*.jpg=01;35:*.jpeg=01;35:*.mjpg=01;35:*.mjpeg=01;35:*.gif=01;35:*.bmp=01;35:*.pbm=01;35:*.pgm=01;35:*.ppm=01;35:*.tga=01;35:*.xbm=01;35:*.xpm=01;35:*.tif=01;35:*.tiff=01;35:*.png=01;35:*.svg=01;35:*.svgz=01;35:*.mng=01;35:*.pcx=01;35:*.mov=01;35:*.mpg=01;35:*.mpeg=01;35:*.m2v=01;35:*.mkv=01;35:*.webm=01;35:*.webp=01;35:*.ogm=01;35:*.mp4=01;35:*.m4v=01;35:*.mp4v=01;35:*.vob=01;35:*.qt=01;35:*.nuv=01;35:*.wmv=01;35:*.asf=01;35:*.rm=01;35:*.rmvb=01;35:*.flc=01;35:*.avi=01;35:*.fli=01;35:*.flv=01;35:*.gl=01;35:*.dl=01;35:*.xcf=01;35:*.xwd=01;35:*.yuv=01;35:*.cgm=01;35:*.emf=01;35:*.ogv=01;35:*.ogx=01;35:*.aac=00;36:*.au=00;36:*.flac=00;36:*.m4a=00;36:*.mid=00;36:*.midi=00;36:*.mka=00;36:*.mp3=00;36:*.mpc=00;36:*.ogg=00;36:*.ra=00;36:*.wav=00;36:*.oga=00;36:*.opus=00;36:*.spx=00;36:*.xspf=00;36:'), ('GNOME_TERMINAL_SERVICE', ':1.321'), ('SSH_AGENT_LAUNCHER', 'gnome-keyring'), ('SSH_AUTH_SOCK', '/run/user/1000/keyring/ssh'), ('AMENT_PREFIX_PATH', '/opt/ros/humble'), ('SHELL', '/bin/bash'), ('QT_ACCESSIBILITY', '1'), ('GDMSESSION', 'ubuntu-xorg'), ('LESSCLOSE', '/usr/bin/lesspipe %s %s'), ('GPG_AGENT_INFO', '/run/user/1000/gnupg/S.gpg-agent:0:1'), ('GAZEBO_MODEL_DATABASE_URI', ''), ('QT_IM_MODULE', 'ibus'), ('PWD', '/home/zheng/carerobot_slam_ros2/build/robot_communication'), ('XDG_CONFIG_DIRS', '/etc/xdg/xdg-ubuntu-xorg:/etc/xdg'), ('XDG_DATA_DIRS', '/usr/share/ubuntu-xorg:/usr/share/gnome:/usr/local/share/:/usr/share/:/var/lib/snapd/desktop'), ('PYTHONPATH', '/opt/ros/humble/lib/python3.10/site-packages:/opt/ros/humble/local/lib/python3.10/dist-packages'), ('HTTP_PROXY', 'http://127.0.0.1:7890/'), ('COLCON', '1'), ('VTE_VERSION', '6800'), ('CMAKE_PREFIX_PATH', '/opt/ros/humble')]), 'shell': False}
[151.552250] (-) TimerEvent: {}
[151.652537] (-) TimerEvent: {}
[151.717416] (robot_communication) StdoutLine: {'line': b'-- Install configuration: ""\n'}
[151.802335] (-) TimerEvent: {}
[151.802436] (robot_communication) StdoutLine: {'line': b'-- Up-to-date: /home/zheng/carerobot_slam_ros2/install/robot_communication/share/ament_index/resource_index/rosidl_interfaces/robot_communication\n'}
[151.802526] (robot_communication) StdoutLine: {'line': b'-- Up-to-date: /home/zheng/carerobot_slam_ros2/install/robot_communication/include/robot_communication/robot_communication\n'}
[151.902700] (-) TimerEvent: {}
[151.952694] (robot_communication) StdoutLine: {'line': b'-- Up-to-date: /home/zheng/carerobot_slam_ros2/install/robot_communication/include/robot_communication/robot_communication/action\n'}
[152.002961] (-) TimerEvent: {}
[152.103431] (-) TimerEvent: {}
[152.203873] (-) TimerEvent: {}
[152.304349] (-) TimerEvent: {}
[152.404738] (-) TimerEvent: {}
[152.505074] (-) TimerEvent: {}
[152.605425] (-) TimerEvent: {}
[152.705820] (-) TimerEvent: {}
[152.806313] (-) TimerEvent: {}
[154.789333] (robot_communication) StdoutLine: {'line': b'-- Up-to-date: /home/zheng/carerobot_slam_ros2/install/robot_communication/include/robot_communication/robot_communication/action/do_dishes.h\n'}
[154.789480] (-) TimerEvent: {}
[154.789600] (robot_communication) StdoutLine: {'line': b'-- Up-to-date: /home/zheng/carerobot_slam_ros2/install/robot_communication/include/robot_communication/robot_communication/action/detail\n'}
[154.789690] (robot_communication) StdoutLine: {'line': b'-- Up-to-date: /home/zheng/carerobot_slam_ros2/install/robot_communication/include/robot_communication/robot_communication/action/detail/do_dishes__functions.c\n'}
[154.789743] (robot_communication) StdoutLine: {'line': b'-- Up-to-date: /home/zheng/carerobot_slam_ros2/install/robot_communication/include/robot_communication/robot_communication/action/detail/do_dishes__functions.h\n'}
[154.789791] (robot_communication) StdoutLine: {'line': b'-- Up-to-date: /home/zheng/carerobot_slam_ros2/install/robot_communication/include/robot_communication/robot_communication/action/detail/do_dishes__type_support.h\n'}
[154.789839] (robot_communication) StdoutLine: {'line': b'-- Up-to-date: /home/zheng/carerobot_slam_ros2/install/robot_communication/include/robot_communication/robot_communication/action/detail/do_dishes__struct.h\n'}
[154.789885] (robot_communication) StdoutLine: {'line': b'-- Up-to-date: /home/zheng/carerobot_slam_ros2/install/robot_communication/include/robot_communication/robot_communication/msg\n'}
[154.789930] (robot_communication) StdoutLine: {'line': b'-- Up-to-date: /home/zheng/carerobot_slam_ros2/install/robot_communication/include/robot_communication/robot_communication/msg/localization_info_broadcast.h\n'}
[154.789976] (robot_communication) StdoutLine: {'line': b'-- Up-to-date: /home/zheng/carerobot_slam_ros2/install/robot_communication/include/robot_communication/robot_communication/msg/chassis_control.h\n'}
[154.790031] (robot_communication) StdoutLine: {'line': b'-- Up-to-date: /home/zheng/carerobot_slam_ros2/install/robot_communication/include/robot_communication/robot_communication/msg/goal.h\n'}
[154.790078] (robot_communication) StdoutLine: {'line': b'-- Up-to-date: /home/zheng/carerobot_slam_ros2/install/robot_communication/include/robot_communication/robot_communication/msg/bspline.h\n'}
[154.790122] (robot_communication) StdoutLine: {'line': b'-- Up-to-date: /home/zheng/carerobot_slam_ros2/install/robot_communication/include/robot_communication/robot_communication/msg/rosidl_generator_c__visibility_control.h\n'}
[154.790170] (robot_communication) StdoutLine: {'line': b'-- Up-to-date: /home/zheng/carerobot_slam_ros2/install/robot_communication/include/robot_communication/robot_communication/msg/sensor_data.h\n'}
[154.790215] (robot_communication) StdoutLine: {'line': b'-- Up-to-date: /home/zheng/carerobot_slam_ros2/install/robot_communication/include/robot_communication/robot_communication/msg/esdf_map.h\n'}
[154.790258] (robot_communication) StdoutLine: {'line': b'-- Up-to-date: /home/zheng/carerobot_slam_ros2/install/robot_communication/include/robot_communication/robot_communication/msg/detail\n'}
[154.889794] (-) TimerEvent: {}
[154.967609] (robot_communication) StdoutLine: {'line': b'-- Up-to-date: /home/zheng/carerobot_slam_ros2/install/robot_communication/include/robot_communication/robot_communication/msg/detail/chassis_control__functions.c\n'}
[154.967960] (robot_communication) StdoutLine: {'line': b'-- Up-to-date: /home/zheng/carerobot_slam_ros2/install/robot_communication/include/robot_communication/robot_communication/msg/detail/bspline__functions.c\n'}
[154.968163] (robot_communication) StdoutLine: {'line': b'-- Up-to-date: /home/zheng/carerobot_slam_ros2/install/robot_communication/include/robot_communication/robot_communication/msg/detail/bspline__functions.h\n'}
[154.968238] (robot_communication) StdoutLine: {'line': b'-- Up-to-date: /home/zheng/carerobot_slam_ros2/install/robot_communication/include/robot_communication/robot_communication/msg/detail/chassis_control__type_support.h\n'}
[154.968293] (robot_communication) StdoutLine: {'line': b'-- Up-to-date: /home/zheng/carerobot_slam_ros2/install/robot_communication/include/robot_communication/robot_communication/msg/detail/esdf_map__functions.h\n'}
[154.968340] (robot_communication) StdoutLine: {'line': b'-- Up-to-date: /home/zheng/carerobot_slam_ros2/install/robot_communication/include/robot_communication/robot_communication/msg/detail/esdf_map__type_support.h\n'}
[154.968385] (robot_communication) StdoutLine: {'line': b'-- Up-to-date: /home/zheng/carerobot_slam_ros2/install/robot_communication/include/robot_communication/robot_communication/msg/detail/bspline__struct.h\n'}
[154.968429] (robot_communication) StdoutLine: {'line': b'-- Up-to-date: /home/zheng/carerobot_slam_ros2/install/robot_communication/include/robot_communication/robot_communication/msg/detail/sensor_data__functions.h\n'}
[154.968472] (robot_communication) StdoutLine: {'line': b'-- Up-to-date: /home/zheng/carerobot_slam_ros2/install/robot_communication/include/robot_communication/robot_communication/msg/detail/esdf_map__struct.h\n'}
[154.968516] (robot_communication) StdoutLine: {'line': b'-- Up-to-date: /home/zheng/carerobot_slam_ros2/install/robot_communication/include/robot_communication/robot_communication/msg/detail/sensor_data__functions.c\n'}
[154.968578] (robot_communication) StdoutLine: {'line': b'-- Up-to-date: /home/zheng/carerobot_slam_ros2/install/robot_communication/include/robot_communication/robot_communication/msg/detail/localization_info_broadcast__type_support.h\n'}
[154.968628] (robot_communication) StdoutLine: {'line': b'-- Up-to-date: /home/zheng/carerobot_slam_ros2/install/robot_communication/include/robot_communication/robot_communication/msg/detail/localization_info_broadcast__functions.h\n'}
[154.968672] (robot_communication) StdoutLine: {'line': b'-- Up-to-date: /home/zheng/carerobot_slam_ros2/install/robot_communication/include/robot_communication/robot_communication/msg/detail/chassis_control__functions.h\n'}
[154.968714] (robot_communication) StdoutLine: {'line': b'-- Up-to-date: /home/zheng/carerobot_slam_ros2/install/robot_communication/include/robot_communication/robot_communication/msg/detail/goal__functions.h\n'}
[154.968758] (robot_communication) StdoutLine: {'line': b'-- Up-to-date: /home/zheng/carerobot_slam_ros2/install/robot_communication/include/robot_communication/robot_communication/msg/detail/goal__type_support.h\n'}
[154.968808] (robot_communication) StdoutLine: {'line': b'-- Up-to-date: /home/zheng/carerobot_slam_ros2/install/robot_communication/include/robot_communication/robot_communication/msg/detail/sensor_data__type_support.h\n'}
[154.968852] (robot_communication) StdoutLine: {'line': b'-- Up-to-date: /home/zheng/carerobot_slam_ros2/install/robot_communication/include/robot_communication/robot_communication/msg/detail/localization_info_broadcast__functions.c\n'}
[154.968895] (robot_communication) StdoutLine: {'line': b'-- Up-to-date: /home/zheng/carerobot_slam_ros2/install/robot_communication/include/robot_communication/robot_communication/msg/detail/esdf_map__functions.c\n'}
[154.968941] (robot_communication) StdoutLine: {'line': b'-- Up-to-date: /home/zheng/carerobot_slam_ros2/install/robot_communication/include/robot_communication/robot_communication/msg/detail/bspline__type_support.h\n'}
[154.968984] (robot_communication) StdoutLine: {'line': b'-- Up-to-date: /home/zheng/carerobot_slam_ros2/install/robot_communication/include/robot_communication/robot_communication/msg/detail/sensor_data__struct.h\n'}
[154.969027] (robot_communication) StdoutLine: {'line': b'-- Up-to-date: /home/zheng/carerobot_slam_ros2/install/robot_communication/include/robot_communication/robot_communication/msg/detail/goal__functions.c\n'}
[154.969070] (robot_communication) StdoutLine: {'line': b'-- Up-to-date: /home/zheng/carerobot_slam_ros2/install/robot_communication/include/robot_communication/robot_communication/msg/detail/chassis_control__struct.h\n'}
[154.969113] (robot_communication) StdoutLine: {'line': b'-- Up-to-date: /home/zheng/carerobot_slam_ros2/install/robot_communication/include/robot_communication/robot_communication/msg/detail/goal__struct.h\n'}
[154.969155] (robot_communication) StdoutLine: {'line': b'-- Up-to-date: /home/zheng/carerobot_slam_ros2/install/robot_communication/include/robot_communication/robot_communication/msg/detail/localization_info_broadcast__struct.h\n'}
[154.990095] (-) TimerEvent: {}
[155.090607] (-) TimerEvent: {}
[155.176411] (robot_communication) StdoutLine: {'line': b'-- Up-to-date: /home/zheng/carerobot_slam_ros2/install/robot_communication/share/robot_communication/environment/library_path.sh\n'}
[155.176685] (robot_communication) StdoutLine: {'line': b'-- Up-to-date: /home/zheng/carerobot_slam_ros2/install/robot_communication/share/robot_communication/environment/library_path.dsv\n'}
[155.190892] (-) TimerEvent: {}
[155.291385] (-) TimerEvent: {}
[155.391839] (-) TimerEvent: {}
[155.427414] (robot_communication) StdoutLine: {'line': b'-- Up-to-date: /home/zheng/carerobot_slam_ros2/install/robot_communication/lib/librobot_communication__rosidl_generator_c.so\n'}
[155.427747] (robot_communication) StdoutLine: {'line': b'-- Up-to-date: /home/zheng/carerobot_slam_ros2/install/robot_communication/include/robot_communication/robot_communication\n'}
[155.492131] (-) TimerEvent: {}
[155.592618] (-) TimerEvent: {}
[155.693025] (-) TimerEvent: {}
[155.793486] (-) TimerEvent: {}
[155.893876] (-) TimerEvent: {}
[155.994216] (-) TimerEvent: {}
[156.094690] (-) TimerEvent: {}
[156.195025] (-) TimerEvent: {}
[156.295480] (-) TimerEvent: {}
[156.395773] (-) TimerEvent: {}
[156.496127] (-) TimerEvent: {}
[156.596595] (-) TimerEvent: {}
[156.697040] (-) TimerEvent: {}
[156.797388] (-) TimerEvent: {}
[156.838315] (robot_communication) StdoutLine: {'line': b'-- Up-to-date: /home/zheng/carerobot_slam_ros2/install/robot_communication/include/robot_communication/robot_communication/action\n'}
[156.897539] (-) TimerEvent: {}
[156.998062] (-) TimerEvent: {}
[157.098589] (-) TimerEvent: {}
[157.109978] (robot_communication) StdoutLine: {'line': b'-- Up-to-date: /home/zheng/carerobot_slam_ros2/install/robot_communication/include/robot_communication/robot_communication/action/detail\n'}
[157.155049] (robot_communication) StdoutLine: {'line': b'-- Up-to-date: /home/zheng/carerobot_slam_ros2/install/robot_communication/include/robot_communication/robot_communication/action/detail/do_dishes__rosidl_typesupport_fastrtps_c.h\n'}
[157.155190] (robot_communication) StdoutLine: {'line': b'-- Up-to-date: /home/zheng/carerobot_slam_ros2/install/robot_communication/include/robot_communication/robot_communication/msg\n'}
[157.155842] (robot_communication) StdoutLine: {'line': b'-- Up-to-date: /home/zheng/carerobot_slam_ros2/install/robot_communication/include/robot_communication/robot_communication/msg/rosidl_typesupport_fastrtps_c__visibility_control.h\n'}
[157.155974] (robot_communication) StdoutLine: {'line': b'-- Up-to-date: /home/zheng/carerobot_slam_ros2/install/robot_communication/include/robot_communication/robot_communication/msg/detail\n'}
[157.198823] (-) TimerEvent: {}
[157.251557] (robot_communication) StdoutLine: {'line': b'-- Up-to-date: /home/zheng/carerobot_slam_ros2/install/robot_communication/include/robot_communication/robot_communication/msg/detail/bspline__rosidl_typesupport_fastrtps_c.h\n'}
[157.251872] (robot_communication) StdoutLine: {'line': b'-- Up-to-date: /home/zheng/carerobot_slam_ros2/install/robot_communication/include/robot_communication/robot_communication/msg/detail/esdf_map__rosidl_typesupport_fastrtps_c.h\n'}
[157.251951] (robot_communication) StdoutLine: {'line': b'-- Up-to-date: /home/zheng/carerobot_slam_ros2/install/robot_communication/include/robot_communication/robot_communication/msg/detail/localization_info_broadcast__rosidl_typesupport_fastrtps_c.h\n'}
[157.252007] (robot_communication) StdoutLine: {'line': b'-- Up-to-date: /home/zheng/carerobot_slam_ros2/install/robot_communication/include/robot_communication/robot_communication/msg/detail/sensor_data__rosidl_typesupport_fastrtps_c.h\n'}
[157.252059] (robot_communication) StdoutLine: {'line': b'-- Up-to-date: /home/zheng/carerobot_slam_ros2/install/robot_communication/include/robot_communication/robot_communication/msg/detail/goal__rosidl_typesupport_fastrtps_c.h\n'}
[157.252108] (robot_communication) StdoutLine: {'line': b'-- Up-to-date: /home/zheng/carerobot_slam_ros2/install/robot_communication/include/robot_communication/robot_communication/msg/detail/chassis_control__rosidl_typesupport_fastrtps_c.h\n'}
[157.293865] (robot_communication) StdoutLine: {'line': b'-- Up-to-date: /home/zheng/carerobot_slam_ros2/install/robot_communication/lib/librobot_communication__rosidl_typesupport_fastrtps_c.so\n'}
[157.294148] (robot_communication) StdoutLine: {'line': b'-- Up-to-date: /home/zheng/carerobot_slam_ros2/install/robot_communication/include/robot_communication/robot_communication\n'}
[157.295070] (robot_communication) StdoutLine: {'line': b'-- Up-to-date: /home/zheng/carerobot_slam_ros2/install/robot_communication/include/robot_communication/robot_communication/action\n'}
[157.299184] (-) TimerEvent: {}
[157.393401] (robot_communication) StdoutLine: {'line': b'-- Up-to-date: /home/zheng/carerobot_slam_ros2/install/robot_communication/include/robot_communication/robot_communication/action/detail\n'}
[157.393714] (robot_communication) StdoutLine: {'line': b'-- Up-to-date: /home/zheng/carerobot_slam_ros2/install/robot_communication/include/robot_communication/robot_communication/action/detail/do_dishes__rosidl_typesupport_introspection_c.h\n'}
[157.393939] (robot_communication) StdoutLine: {'line': b'-- Up-to-date: /home/zheng/carerobot_slam_ros2/install/robot_communication/include/robot_communication/robot_communication/action/detail/do_dishes__type_support.c\n'}
[157.393999] (robot_communication) StdoutLine: {'line': b'-- Up-to-date: /home/zheng/carerobot_slam_ros2/install/robot_communication/include/robot_communication/robot_communication/msg\n'}
[157.394880] (robot_communication) StdoutLine: {'line': b'-- Up-to-date: /home/zheng/carerobot_slam_ros2/install/robot_communication/include/robot_communication/robot_communication/msg/rosidl_typesupport_introspection_c__visibility_control.h\n'}
[157.395035] (robot_communication) StdoutLine: {'line': b'-- Up-to-date: /home/zheng/carerobot_slam_ros2/install/robot_communication/include/robot_communication/robot_communication/msg/detail\n'}
[157.399505] (-) TimerEvent: {}
[157.496448] (robot_communication) StdoutLine: {'line': b'-- Up-to-date: /home/zheng/carerobot_slam_ros2/install/robot_communication/include/robot_communication/robot_communication/msg/detail/esdf_map__rosidl_typesupport_introspection_c.h\n'}
[157.496847] (robot_communication) StdoutLine: {'line': b'-- Up-to-date: /home/zheng/carerobot_slam_ros2/install/robot_communication/include/robot_communication/robot_communication/msg/detail/bspline__type_support.c\n'}
[157.496932] (robot_communication) StdoutLine: {'line': b'-- Up-to-date: /home/zheng/carerobot_slam_ros2/install/robot_communication/include/robot_communication/robot_communication/msg/detail/bspline__rosidl_typesupport_introspection_c.h\n'}
[157.496995] (robot_communication) StdoutLine: {'line': b'-- Up-to-date: /home/zheng/carerobot_slam_ros2/install/robot_communication/include/robot_communication/robot_communication/msg/detail/chassis_control__rosidl_typesupport_introspection_c.h\n'}
[157.497174] (robot_communication) StdoutLine: {'line': b'-- Up-to-date: /home/zheng/carerobot_slam_ros2/install/robot_communication/include/robot_communication/robot_communication/msg/detail/goal__rosidl_typesupport_introspection_c.h\n'}
[157.497236] (robot_communication) StdoutLine: {'line': b'-- Up-to-date: /home/zheng/carerobot_slam_ros2/install/robot_communication/include/robot_communication/robot_communication/msg/detail/localization_info_broadcast__type_support.c\n'}
[157.497284] (robot_communication) StdoutLine: {'line': b'-- Up-to-date: /home/zheng/carerobot_slam_ros2/install/robot_communication/include/robot_communication/robot_communication/msg/detail/chassis_control__type_support.c\n'}
[157.497329] (robot_communication) StdoutLine: {'line': b'-- Up-to-date: /home/zheng/carerobot_slam_ros2/install/robot_communication/include/robot_communication/robot_communication/msg/detail/goal__type_support.c\n'}
[157.497374] (robot_communication) StdoutLine: {'line': b'-- Up-to-date: /home/zheng/carerobot_slam_ros2/install/robot_communication/include/robot_communication/robot_communication/msg/detail/sensor_data__type_support.c\n'}
[157.497422] (robot_communication) StdoutLine: {'line': b'-- Up-to-date: /home/zheng/carerobot_slam_ros2/install/robot_communication/include/robot_communication/robot_communication/msg/detail/sensor_data__rosidl_typesupport_introspection_c.h\n'}
[157.497469] (robot_communication) StdoutLine: {'line': b'-- Up-to-date: /home/zheng/carerobot_slam_ros2/install/robot_communication/include/robot_communication/robot_communication/msg/detail/esdf_map__type_support.c\n'}
[157.497516] (robot_communication) StdoutLine: {'line': b'-- Up-to-date: /home/zheng/carerobot_slam_ros2/install/robot_communication/include/robot_communication/robot_communication/msg/detail/localization_info_broadcast__rosidl_typesupport_introspection_c.h\n'}
[157.497648] (robot_communication) StdoutLine: {'line': b'-- Up-to-date: /home/zheng/carerobot_slam_ros2/install/robot_communication/lib/librobot_communication__rosidl_typesupport_introspection_c.so\n'}
[157.497719] (robot_communication) StdoutLine: {'line': b'-- Up-to-date: /home/zheng/carerobot_slam_ros2/install/robot_communication/lib/librobot_communication__rosidl_typesupport_c.so\n'}
[157.499600] (-) TimerEvent: {}
[157.599888] (-) TimerEvent: {}
[157.691153] (robot_communication) StdoutLine: {'line': b'-- Up-to-date: /home/zheng/carerobot_slam_ros2/install/robot_communication/include/robot_communication/robot_communication\n'}
[157.693297] (robot_communication) StdoutLine: {'line': b'-- Up-to-date: /home/zheng/carerobot_slam_ros2/install/robot_communication/include/robot_communication/robot_communication/action\n'}
[157.700210] (-) TimerEvent: {}
[157.742995] (robot_communication) StdoutLine: {'line': b'-- Up-to-date: /home/zheng/carerobot_slam_ros2/install/robot_communication/include/robot_communication/robot_communication/action/do_dishes.hpp\n'}
[157.743124] (robot_communication) StdoutLine: {'line': b'-- Up-to-date: /home/zheng/carerobot_slam_ros2/install/robot_communication/include/robot_communication/robot_communication/action/detail\n'}
[157.793634] (robot_communication) StdoutLine: {'line': b'-- Up-to-date: /home/zheng/carerobot_slam_ros2/install/robot_communication/include/robot_communication/robot_communication/action/detail/do_dishes__type_support.hpp\n'}
[157.793855] (robot_communication) StdoutLine: {'line': b'-- Up-to-date: /home/zheng/carerobot_slam_ros2/install/robot_communication/include/robot_communication/robot_communication/action/detail/do_dishes__builder.hpp\n'}
[157.793918] (robot_communication) StdoutLine: {'line': b'-- Up-to-date: /home/zheng/carerobot_slam_ros2/install/robot_communication/include/robot_communication/robot_communication/action/detail/do_dishes__traits.hpp\n'}
[157.793966] (robot_communication) StdoutLine: {'line': b'-- Up-to-date: /home/zheng/carerobot_slam_ros2/install/robot_communication/include/robot_communication/robot_communication/action/detail/do_dishes__struct.hpp\n'}
[157.794011] (robot_communication) StdoutLine: {'line': b'-- Up-to-date: /home/zheng/carerobot_slam_ros2/install/robot_communication/include/robot_communication/robot_communication/msg\n'}
[157.794738] (robot_communication) StdoutLine: {'line': b'-- Up-to-date: /home/zheng/carerobot_slam_ros2/install/robot_communication/include/robot_communication/robot_communication/msg/bspline.hpp\n'}
[157.795056] (robot_communication) StdoutLine: {'line': b'-- Up-to-date: /home/zheng/carerobot_slam_ros2/install/robot_communication/include/robot_communication/robot_communication/msg/chassis_control.hpp\n'}
[157.795281] (robot_communication) StdoutLine: {'line': b'-- Up-to-date: /home/zheng/carerobot_slam_ros2/install/robot_communication/include/robot_communication/robot_communication/msg/sensor_data.hpp\n'}
[157.795436] (robot_communication) StdoutLine: {'line': b'-- Up-to-date: /home/zheng/carerobot_slam_ros2/install/robot_communication/include/robot_communication/robot_communication/msg/localization_info_broadcast.hpp\n'}
[157.795652] (robot_communication) StdoutLine: {'line': b'-- Up-to-date: /home/zheng/carerobot_slam_ros2/install/robot_communication/include/robot_communication/robot_communication/msg/rosidl_generator_cpp__visibility_control.hpp\n'}
[157.795782] (robot_communication) StdoutLine: {'line': b'-- Up-to-date: /home/zheng/carerobot_slam_ros2/install/robot_communication/include/robot_communication/robot_communication/msg/goal.hpp\n'}
[157.795840] (robot_communication) StdoutLine: {'line': b'-- Up-to-date: /home/zheng/carerobot_slam_ros2/install/robot_communication/include/robot_communication/robot_communication/msg/esdf_map.hpp\n'}
[157.795892] (robot_communication) StdoutLine: {'line': b'-- Up-to-date: /home/zheng/carerobot_slam_ros2/install/robot_communication/include/robot_communication/robot_communication/msg/detail\n'}
[157.795971] (robot_communication) StdoutLine: {'line': b'-- Up-to-date: /home/zheng/carerobot_slam_ros2/install/robot_communication/include/robot_communication/robot_communication/msg/detail/goal__traits.hpp\n'}
[157.796022] (robot_communication) StdoutLine: {'line': b'-- Up-to-date: /home/zheng/carerobot_slam_ros2/install/robot_communication/include/robot_communication/robot_communication/msg/detail/sensor_data__builder.hpp\n'}
[157.796084] (robot_communication) StdoutLine: {'line': b'-- Up-to-date: /home/zheng/carerobot_slam_ros2/install/robot_communication/include/robot_communication/robot_communication/msg/detail/localization_info_broadcast__traits.hpp\n'}
[157.796131] (robot_communication) StdoutLine: {'line': b'-- Up-to-date: /home/zheng/carerobot_slam_ros2/install/robot_communication/include/robot_communication/robot_communication/msg/detail/goal__builder.hpp\n'}
[157.796203] (robot_communication) StdoutLine: {'line': b'-- Up-to-date: /home/zheng/carerobot_slam_ros2/install/robot_communication/include/robot_communication/robot_communication/msg/detail/localization_info_broadcast__type_support.hpp\n'}
[157.796255] (robot_communication) StdoutLine: {'line': b'-- Up-to-date: /home/zheng/carerobot_slam_ros2/install/robot_communication/include/robot_communication/robot_communication/msg/detail/chassis_control__builder.hpp\n'}
[157.796329] (robot_communication) StdoutLine: {'line': b'-- Up-to-date: /home/zheng/carerobot_slam_ros2/install/robot_communication/include/robot_communication/robot_communication/msg/detail/esdf_map__builder.hpp\n'}
[157.796373] (robot_communication) StdoutLine: {'line': b'-- Up-to-date: /home/zheng/carerobot_slam_ros2/install/robot_communication/include/robot_communication/robot_communication/msg/detail/localization_info_broadcast__struct.hpp\n'}
[157.796417] (robot_communication) StdoutLine: {'line': b'-- Up-to-date: /home/zheng/carerobot_slam_ros2/install/robot_communication/include/robot_communication/robot_communication/msg/detail/bspline__builder.hpp\n'}
[157.796459] (robot_communication) StdoutLine: {'line': b'-- Up-to-date: /home/zheng/carerobot_slam_ros2/install/robot_communication/include/robot_communication/robot_communication/msg/detail/sensor_data__type_support.hpp\n'}
[157.796502] (robot_communication) StdoutLine: {'line': b'-- Up-to-date: /home/zheng/carerobot_slam_ros2/install/robot_communication/include/robot_communication/robot_communication/msg/detail/chassis_control__struct.hpp\n'}
[157.796561] (robot_communication) StdoutLine: {'line': b'-- Up-to-date: /home/zheng/carerobot_slam_ros2/install/robot_communication/include/robot_communication/robot_communication/msg/detail/chassis_control__traits.hpp\n'}
[157.796629] (robot_communication) StdoutLine: {'line': b'-- Up-to-date: /home/zheng/carerobot_slam_ros2/install/robot_communication/include/robot_communication/robot_communication/msg/detail/bspline__type_support.hpp\n'}
[157.796673] (robot_communication) StdoutLine: {'line': b'-- Up-to-date: /home/zheng/carerobot_slam_ros2/install/robot_communication/include/robot_communication/robot_communication/msg/detail/localization_info_broadcast__builder.hpp\n'}
[157.796716] (robot_communication) StdoutLine: {'line': b'-- Up-to-date: /home/zheng/carerobot_slam_ros2/install/robot_communication/include/robot_communication/robot_communication/msg/detail/bspline__traits.hpp\n'}
[157.796758] (robot_communication) StdoutLine: {'line': b'-- Up-to-date: /home/zheng/carerobot_slam_ros2/install/robot_communication/include/robot_communication/robot_communication/msg/detail/goal__type_support.hpp\n'}
[157.796800] (robot_communication) StdoutLine: {'line': b'-- Up-to-date: /home/zheng/carerobot_slam_ros2/install/robot_communication/include/robot_communication/robot_communication/msg/detail/esdf_map__traits.hpp\n'}
[157.796843] (robot_communication) StdoutLine: {'line': b'-- Up-to-date: /home/zheng/carerobot_slam_ros2/install/robot_communication/include/robot_communication/robot_communication/msg/detail/esdf_map__type_support.hpp\n'}
[157.796885] (robot_communication) StdoutLine: {'line': b'-- Up-to-date: /home/zheng/carerobot_slam_ros2/install/robot_communication/include/robot_communication/robot_communication/msg/detail/goal__struct.hpp\n'}
[157.796927] (robot_communication) StdoutLine: {'line': b'-- Up-to-date: /home/zheng/carerobot_slam_ros2/install/robot_communication/include/robot_communication/robot_communication/msg/detail/sensor_data__traits.hpp\n'}
[157.796970] (robot_communication) StdoutLine: {'line': b'-- Up-to-date: /home/zheng/carerobot_slam_ros2/install/robot_communication/include/robot_communication/robot_communication/msg/detail/sensor_data__struct.hpp\n'}
[157.797012] (robot_communication) StdoutLine: {'line': b'-- Up-to-date: /home/zheng/carerobot_slam_ros2/install/robot_communication/include/robot_communication/robot_communication/msg/detail/bspline__struct.hpp\n'}
[157.797055] (robot_communication) StdoutLine: {'line': b'-- Up-to-date: /home/zheng/carerobot_slam_ros2/install/robot_communication/include/robot_communication/robot_communication/msg/detail/esdf_map__struct.hpp\n'}
[157.797097] (robot_communication) StdoutLine: {'line': b'-- Up-to-date: /home/zheng/carerobot_slam_ros2/install/robot_communication/include/robot_communication/robot_communication/msg/detail/chassis_control__type_support.hpp\n'}
[157.797140] (robot_communication) StdoutLine: {'line': b'-- Up-to-date: /home/zheng/carerobot_slam_ros2/install/robot_communication/include/robot_communication/robot_communication\n'}
[157.797191] (robot_communication) StdoutLine: {'line': b'-- Up-to-date: /home/zheng/carerobot_slam_ros2/install/robot_communication/include/robot_communication/robot_communication/action\n'}
[157.800292] (-) TimerEvent: {}
[157.900621] (-) TimerEvent: {}
[158.001121] (-) TimerEvent: {}
[158.101520] (-) TimerEvent: {}
[158.201793] (-) TimerEvent: {}
[158.227049] (robot_communication) StdoutLine: {'line': b'-- Up-to-date: /home/zheng/carerobot_slam_ros2/install/robot_communication/include/robot_communication/robot_communication/action/detail\n'}
[158.228853] (robot_communication) StdoutLine: {'line': b'-- Up-to-date: /home/zheng/carerobot_slam_ros2/install/robot_communication/include/robot_communication/robot_communication/action/detail/do_dishes__rosidl_typesupport_fastrtps_cpp.hpp\n'}
[158.229025] (robot_communication) StdoutLine: {'line': b'-- Up-to-date: /home/zheng/carerobot_slam_ros2/install/robot_communication/include/robot_communication/robot_communication/action/detail/dds_fastrtps\n'}
[158.234984] (robot_communication) StdoutLine: {'line': b'-- Up-to-date: /home/zheng/carerobot_slam_ros2/install/robot_communication/include/robot_communication/robot_communication/msg\n'}
[158.241386] (robot_communication) StdoutLine: {'line': b'-- Up-to-date: /home/zheng/carerobot_slam_ros2/install/robot_communication/include/robot_communication/robot_communication/msg/rosidl_typesupport_fastrtps_cpp__visibility_control.h\n'}
[158.241510] (robot_communication) StdoutLine: {'line': b'-- Up-to-date: /home/zheng/carerobot_slam_ros2/install/robot_communication/include/robot_communication/robot_communication/msg/detail\n'}
[158.302146] (-) TimerEvent: {}
[158.402538] (-) TimerEvent: {}
[158.502973] (-) TimerEvent: {}
[158.543591] (robot_communication) StdoutLine: {'line': b'-- Up-to-date: /home/zheng/carerobot_slam_ros2/install/robot_communication/include/robot_communication/robot_communication/msg/detail/chassis_control__rosidl_typesupport_fastrtps_cpp.hpp\n'}
[158.543823] (robot_communication) StdoutLine: {'line': b'-- Up-to-date: /home/zheng/carerobot_slam_ros2/install/robot_communication/include/robot_communication/robot_communication/msg/detail/bspline__rosidl_typesupport_fastrtps_cpp.hpp\n'}
[158.543882] (robot_communication) StdoutLine: {'line': b'-- Up-to-date: /home/zheng/carerobot_slam_ros2/install/robot_communication/include/robot_communication/robot_communication/msg/detail/localization_info_broadcast__rosidl_typesupport_fastrtps_cpp.hpp\n'}
[158.543931] (robot_communication) StdoutLine: {'line': b'-- Up-to-date: /home/zheng/carerobot_slam_ros2/install/robot_communication/include/robot_communication/robot_communication/msg/detail/dds_fastrtps\n'}
[158.599483] (robot_communication) StdoutLine: {'line': b'-- Up-to-date: /home/zheng/carerobot_slam_ros2/install/robot_communication/include/robot_communication/robot_communication/msg/detail/esdf_map__rosidl_typesupport_fastrtps_cpp.hpp\n'}
[158.599760] (robot_communication) StdoutLine: {'line': b'-- Up-to-date: /home/zheng/carerobot_slam_ros2/install/robot_communication/include/robot_communication/robot_communication/msg/detail/goal__rosidl_typesupport_fastrtps_cpp.hpp\n'}
[158.599824] (robot_communication) StdoutLine: {'line': b'-- Up-to-date: /home/zheng/carerobot_slam_ros2/install/robot_communication/include/robot_communication/robot_communication/msg/detail/sensor_data__rosidl_typesupport_fastrtps_cpp.hpp\n'}
[158.603152] (-) TimerEvent: {}
[158.620933] (robot_communication) StdoutLine: {'line': b'-- Up-to-date: /home/zheng/carerobot_slam_ros2/install/robot_communication/lib/librobot_communication__rosidl_typesupport_fastrtps_cpp.so\n'}
[158.621237] (robot_communication) StdoutLine: {'line': b'-- Up-to-date: /home/zheng/carerobot_slam_ros2/install/robot_communication/include/robot_communication/robot_communication\n'}
[158.651829] (robot_communication) StdoutLine: {'line': b'-- Up-to-date: /home/zheng/carerobot_slam_ros2/install/robot_communication/include/robot_communication/robot_communication/action\n'}
[158.652172] (robot_communication) StdoutLine: {'line': b'-- Up-to-date: /home/zheng/carerobot_slam_ros2/install/robot_communication/include/robot_communication/robot_communication/action/detail\n'}
[158.654378] (robot_communication) StdoutLine: {'line': b'-- Up-to-date: /home/zheng/carerobot_slam_ros2/install/robot_communication/include/robot_communication/robot_communication/action/detail/do_dishes__rosidl_typesupport_introspection_cpp.hpp\n'}
[158.654608] (robot_communication) StdoutLine: {'line': b'-- Up-to-date: /home/zheng/carerobot_slam_ros2/install/robot_communication/include/robot_communication/robot_communication/action/detail/do_dishes__type_support.cpp\n'}
[158.654795] (robot_communication) StdoutLine: {'line': b'-- Up-to-date: /home/zheng/carerobot_slam_ros2/install/robot_communication/include/robot_communication/robot_communication/msg\n'}
[158.654879] (robot_communication) StdoutLine: {'line': b'-- Up-to-date: /home/zheng/carerobot_slam_ros2/install/robot_communication/include/robot_communication/robot_communication/msg/detail\n'}
[158.655071] (robot_communication) StdoutLine: {'line': b'-- Up-to-date: /home/zheng/carerobot_slam_ros2/install/robot_communication/include/robot_communication/robot_communication/msg/detail/goal__rosidl_typesupport_introspection_cpp.hpp\n'}
[158.655166] (robot_communication) StdoutLine: {'line': b'-- Up-to-date: /home/zheng/carerobot_slam_ros2/install/robot_communication/include/robot_communication/robot_communication/msg/detail/esdf_map__rosidl_typesupport_introspection_cpp.hpp\n'}
[158.655217] (robot_communication) StdoutLine: {'line': b'-- Up-to-date: /home/zheng/carerobot_slam_ros2/install/robot_communication/include/robot_communication/robot_communication/msg/detail/sensor_data__rosidl_typesupport_introspection_cpp.hpp\n'}
[158.655719] (robot_communication) StdoutLine: {'line': b'-- Up-to-date: /home/zheng/carerobot_slam_ros2/install/robot_communication/include/robot_communication/robot_communication/msg/detail/chassis_control__type_support.cpp\n'}
[158.655961] (robot_communication) StdoutLine: {'line': b'-- Up-to-date: /home/zheng/carerobot_slam_ros2/install/robot_communication/include/robot_communication/robot_communication/msg/detail/bspline__rosidl_typesupport_introspection_cpp.hpp\n'}
[158.656051] (robot_communication) StdoutLine: {'line': b'-- Up-to-date: /home/zheng/carerobot_slam_ros2/install/robot_communication/include/robot_communication/robot_communication/msg/detail/bspline__type_support.cpp\n'}
[158.656134] (robot_communication) StdoutLine: {'line': b'-- Up-to-date: /home/zheng/carerobot_slam_ros2/install/robot_communication/include/robot_communication/robot_communication/msg/detail/localization_info_broadcast__type_support.cpp\n'}
[158.656217] (robot_communication) StdoutLine: {'line': b'-- Up-to-date: /home/zheng/carerobot_slam_ros2/install/robot_communication/include/robot_communication/robot_communication/msg/detail/sensor_data__type_support.cpp\n'}
[158.656298] (robot_communication) StdoutLine: {'line': b'-- Up-to-date: /home/zheng/carerobot_slam_ros2/install/robot_communication/include/robot_communication/robot_communication/msg/detail/chassis_control__rosidl_typesupport_introspection_cpp.hpp\n'}
[158.656379] (robot_communication) StdoutLine: {'line': b'-- Up-to-date: /home/zheng/carerobot_slam_ros2/install/robot_communication/include/robot_communication/robot_communication/msg/detail/esdf_map__type_support.cpp\n'}
[158.656484] (robot_communication) StdoutLine: {'line': b'-- Up-to-date: /home/zheng/carerobot_slam_ros2/install/robot_communication/include/robot_communication/robot_communication/msg/detail/localization_info_broadcast__rosidl_typesupport_introspection_cpp.hpp\n'}
[158.656587] (robot_communication) StdoutLine: {'line': b'-- Up-to-date: /home/zheng/carerobot_slam_ros2/install/robot_communication/include/robot_communication/robot_communication/msg/detail/goal__type_support.cpp\n'}
[158.703368] (-) TimerEvent: {}
[158.756281] (robot_communication) StdoutLine: {'line': b'-- Up-to-date: /home/zheng/carerobot_slam_ros2/install/robot_communication/lib/librobot_communication__rosidl_typesupport_introspection_cpp.so\n'}
[158.803684] (-) TimerEvent: {}
[158.834171] (robot_communication) StdoutLine: {'line': b'-- Up-to-date: /home/zheng/carerobot_slam_ros2/install/robot_communication/lib/librobot_communication__rosidl_typesupport_cpp.so\n'}
[158.834426] (robot_communication) StdoutLine: {'line': b'-- Up-to-date: /home/zheng/carerobot_slam_ros2/install/robot_communication/share/robot_communication/environment/pythonpath.sh\n'}
[158.834658] (robot_communication) StdoutLine: {'line': b'-- Up-to-date: /home/zheng/carerobot_slam_ros2/install/robot_communication/share/robot_communication/environment/pythonpath.dsv\n'}
[158.834762] (robot_communication) StdoutLine: {'line': b'-- Up-to-date: /home/zheng/carerobot_slam_ros2/install/robot_communication/local/lib/python3.10/dist-packages/robot_communication-0.0.0-py3.10.egg-info\n'}
[158.904029] (-) TimerEvent: {}
[159.004377] (-) TimerEvent: {}
[159.078303] (robot_communication) StdoutLine: {'line': b'-- Installing: /home/zheng/carerobot_slam_ros2/install/robot_communication/local/lib/python3.10/dist-packages/robot_communication-0.0.0-py3.10.egg-info/dependency_links.txt\n'}
[159.104639] (-) TimerEvent: {}
[159.130756] (robot_communication) StdoutLine: {'line': b'-- Installing: /home/zheng/carerobot_slam_ros2/install/robot_communication/local/lib/python3.10/dist-packages/robot_communication-0.0.0-py3.10.egg-info/PKG-INFO\n'}
[159.157180] (robot_communication) StdoutLine: {'line': b'-- Installing: /home/zheng/carerobot_slam_ros2/install/robot_communication/local/lib/python3.10/dist-packages/robot_communication-0.0.0-py3.10.egg-info/top_level.txt\n'}
[159.157604] (robot_communication) StdoutLine: {'line': b'-- Installing: /home/zheng/carerobot_slam_ros2/install/robot_communication/local/lib/python3.10/dist-packages/robot_communication-0.0.0-py3.10.egg-info/SOURCES.txt\n'}
[159.158052] (robot_communication) StdoutLine: {'line': b'-- Up-to-date: /home/zheng/carerobot_slam_ros2/install/robot_communication/local/lib/python3.10/dist-packages/robot_communication\n'}
[159.158147] (robot_communication) StdoutLine: {'line': b'-- Up-to-date: /home/zheng/carerobot_slam_ros2/install/robot_communication/local/lib/python3.10/dist-packages/robot_communication/action\n'}
[159.158276] (robot_communication) StdoutLine: {'line': b'-- Up-to-date: /home/zheng/carerobot_slam_ros2/install/robot_communication/local/lib/python3.10/dist-packages/robot_communication/action/__init__.py\n'}
[159.158414] (robot_communication) StdoutLine: {'line': b'-- Up-to-date: /home/zheng/carerobot_slam_ros2/install/robot_communication/local/lib/python3.10/dist-packages/robot_communication/action/_do_dishes_s.c\n'}
[159.158504] (robot_communication) StdoutLine: {'line': b'-- Up-to-date: /home/zheng/carerobot_slam_ros2/install/robot_communication/local/lib/python3.10/dist-packages/robot_communication/action/_do_dishes.py\n'}
[159.158721] (robot_communication) StdoutLine: {'line': b'-- Up-to-date: /home/zheng/carerobot_slam_ros2/install/robot_communication/local/lib/python3.10/dist-packages/robot_communication/_robot_communication_s.ep.rosidl_typesupport_fastrtps_c.c\n'}
[159.158843] (robot_communication) StdoutLine: {'line': b'-- Up-to-date: /home/zheng/carerobot_slam_ros2/install/robot_communication/local/lib/python3.10/dist-packages/robot_communication/robot_communication_s__rosidl_typesupport_c.cpython-310-x86_64-linux-gnu.so\n'}
[159.158930] (robot_communication) StdoutLine: {'line': b'-- Up-to-date: /home/zheng/carerobot_slam_ros2/install/robot_communication/local/lib/python3.10/dist-packages/robot_communication/__init__.py\n'}
[159.159022] (robot_communication) StdoutLine: {'line': b'-- Up-to-date: /home/zheng/carerobot_slam_ros2/install/robot_communication/local/lib/python3.10/dist-packages/robot_communication/_robot_communication_s.ep.rosidl_typesupport_introspection_c.c\n'}
[159.159207] (robot_communication) StdoutLine: {'line': b'-- Up-to-date: /home/zheng/carerobot_slam_ros2/install/robot_communication/local/lib/python3.10/dist-packages/robot_communication/robot_communication_s__rosidl_typesupport_fastrtps_c.cpython-310-x86_64-linux-gnu.so\n'}
[159.159324] (robot_communication) StdoutLine: {'line': b'-- Up-to-date: /home/zheng/carerobot_slam_ros2/install/robot_communication/local/lib/python3.10/dist-packages/robot_communication/robot_communication_s__rosidl_typesupport_introspection_c.cpython-310-x86_64-linux-gnu.so\n'}
[159.159407] (robot_communication) StdoutLine: {'line': b'-- Up-to-date: /home/zheng/carerobot_slam_ros2/install/robot_communication/local/lib/python3.10/dist-packages/robot_communication/librobot_communication__rosidl_generator_py.so\n'}
[159.159489] (robot_communication) StdoutLine: {'line': b'-- Up-to-date: /home/zheng/carerobot_slam_ros2/install/robot_communication/local/lib/python3.10/dist-packages/robot_communication/_robot_communication_s.ep.rosidl_typesupport_c.c\n'}
[159.159599] (robot_communication) StdoutLine: {'line': b'-- Up-to-date: /home/zheng/carerobot_slam_ros2/install/robot_communication/local/lib/python3.10/dist-packages/robot_communication/msg\n'}
[159.159681] (robot_communication) StdoutLine: {'line': b'-- Up-to-date: /home/zheng/carerobot_slam_ros2/install/robot_communication/local/lib/python3.10/dist-packages/robot_communication/msg/_goal_s.c\n'}
[159.159762] (robot_communication) StdoutLine: {'line': b'-- Up-to-date: /home/zheng/carerobot_slam_ros2/install/robot_communication/local/lib/python3.10/dist-packages/robot_communication/msg/_bspline.py\n'}
[159.159838] (robot_communication) StdoutLine: {'line': b'-- Up-to-date: /home/zheng/carerobot_slam_ros2/install/robot_communication/local/lib/python3.10/dist-packages/robot_communication/msg/_localization_info_broadcast.py\n'}
[159.159915] (robot_communication) StdoutLine: {'line': b'-- Up-to-date: /home/zheng/carerobot_slam_ros2/install/robot_communication/local/lib/python3.10/dist-packages/robot_communication/msg/_chassis_control.py\n'}
[159.159990] (robot_communication) StdoutLine: {'line': b'-- Up-to-date: /home/zheng/carerobot_slam_ros2/install/robot_communication/local/lib/python3.10/dist-packages/robot_communication/msg/__init__.py\n'}
[159.160066] (robot_communication) StdoutLine: {'line': b'-- Up-to-date: /home/zheng/carerobot_slam_ros2/install/robot_communication/local/lib/python3.10/dist-packages/robot_communication/msg/_localization_info_broadcast_s.c\n'}
[159.160143] (robot_communication) StdoutLine: {'line': b'-- Up-to-date: /home/zheng/carerobot_slam_ros2/install/robot_communication/local/lib/python3.10/dist-packages/robot_communication/msg/_chassis_control_s.c\n'}
[159.160218] (robot_communication) StdoutLine: {'line': b'-- Up-to-date: /home/zheng/carerobot_slam_ros2/install/robot_communication/local/lib/python3.10/dist-packages/robot_communication/msg/_sensor_data_s.c\n'}
[159.160294] (robot_communication) StdoutLine: {'line': b'-- Up-to-date: /home/zheng/carerobot_slam_ros2/install/robot_communication/local/lib/python3.10/dist-packages/robot_communication/msg/_esdf_map_s.c\n'}
[159.160370] (robot_communication) StdoutLine: {'line': b'-- Up-to-date: /home/zheng/carerobot_slam_ros2/install/robot_communication/local/lib/python3.10/dist-packages/robot_communication/msg/_sensor_data.py\n'}
[159.160446] (robot_communication) StdoutLine: {'line': b'-- Up-to-date: /home/zheng/carerobot_slam_ros2/install/robot_communication/local/lib/python3.10/dist-packages/robot_communication/msg/_goal.py\n'}
[159.160522] (robot_communication) StdoutLine: {'line': b'-- Up-to-date: /home/zheng/carerobot_slam_ros2/install/robot_communication/local/lib/python3.10/dist-packages/robot_communication/msg/_bspline_s.c\n'}
[159.160609] (robot_communication) StdoutLine: {'line': b'-- Up-to-date: /home/zheng/carerobot_slam_ros2/install/robot_communication/local/lib/python3.10/dist-packages/robot_communication/msg/_esdf_map.py\n'}
[159.204994] (-) TimerEvent: {}
[159.305471] (-) TimerEvent: {}
[159.405767] (-) TimerEvent: {}
[159.506272] (-) TimerEvent: {}
[159.606732] (-) TimerEvent: {}
[159.706992] (-) TimerEvent: {}
[159.807567] (-) TimerEvent: {}
[159.908091] (-) TimerEvent: {}
[160.008444] (-) TimerEvent: {}
[160.108950] (-) TimerEvent: {}
[160.209446] (-) TimerEvent: {}
[160.309866] (-) TimerEvent: {}
[160.410365] (-) TimerEvent: {}
[160.510801] (-) TimerEvent: {}
[160.611205] (-) TimerEvent: {}
[160.711599] (-) TimerEvent: {}
[160.812019] (-) TimerEvent: {}
[160.912466] (-) TimerEvent: {}
[161.014616] (-) TimerEvent: {}
[161.115121] (-) TimerEvent: {}
[161.215621] (-) TimerEvent: {}
[161.316122] (-) TimerEvent: {}
[161.416467] (-) TimerEvent: {}
[161.517005] (-) TimerEvent: {}
[161.617455] (-) TimerEvent: {}
[161.717862] (-) TimerEvent: {}
[161.818300] (-) TimerEvent: {}
[161.918842] (-) TimerEvent: {}
[162.019360] (-) TimerEvent: {}
[162.119861] (-) TimerEvent: {}
[162.220378] (-) TimerEvent: {}
[162.320895] (-) TimerEvent: {}
[162.421165] (-) TimerEvent: {}
[162.521601] (-) TimerEvent: {}
[162.622100] (-) TimerEvent: {}
[162.722619] (-) TimerEvent: {}
[162.822907] (-) TimerEvent: {}
[162.923430] (-) TimerEvent: {}
[163.023943] (-) TimerEvent: {}
[163.124180] (-) TimerEvent: {}
[163.224636] (-) TimerEvent: {}
[163.325157] (-) TimerEvent: {}
[163.425596] (-) TimerEvent: {}
[163.526015] (-) TimerEvent: {}
[163.626371] (-) TimerEvent: {}
[163.726689] (-) TimerEvent: {}
[163.827102] (-) TimerEvent: {}
[163.899731] (robot_communication) StdoutLine: {'line': b"Listing '/home/zheng/carerobot_slam_ros2/install/robot_communication/local/lib/python3.10/dist-packages/robot_communication'...\n"}
[163.899925] (robot_communication) StdoutLine: {'line': b"Listing '/home/zheng/carerobot_slam_ros2/install/robot_communication/local/lib/python3.10/dist-packages/robot_communication/action'...\n"}
[163.900034] (robot_communication) StdoutLine: {'line': b"Listing '/home/zheng/carerobot_slam_ros2/install/robot_communication/local/lib/python3.10/dist-packages/robot_communication/msg'...\n"}
[163.903892] (robot_communication) StdoutLine: {'line': b'-- Up-to-date: /home/zheng/carerobot_slam_ros2/install/robot_communication/local/lib/python3.10/dist-packages/robot_communication/robot_communication_s__rosidl_typesupport_fastrtps_c.cpython-310-x86_64-linux-gnu.so\n'}
[163.904256] (robot_communication) StdoutLine: {'line': b'-- Up-to-date: /home/zheng/carerobot_slam_ros2/install/robot_communication/local/lib/python3.10/dist-packages/robot_communication/robot_communication_s__rosidl_typesupport_introspection_c.cpython-310-x86_64-linux-gnu.so\n'}
[163.904644] (robot_communication) StdoutLine: {'line': b'-- Up-to-date: /home/zheng/carerobot_slam_ros2/install/robot_communication/local/lib/python3.10/dist-packages/robot_communication/robot_communication_s__rosidl_typesupport_c.cpython-310-x86_64-linux-gnu.so\n'}
[163.905020] (robot_communication) StdoutLine: {'line': b'-- Up-to-date: /home/zheng/carerobot_slam_ros2/install/robot_communication/lib/librobot_communication__rosidl_generator_py.so\n'}
[163.905281] (robot_communication) StdoutLine: {'line': b'-- Up-to-date: /home/zheng/carerobot_slam_ros2/install/robot_communication/share/ament_index/resource_index/rust_packages/robot_communication\n'}
[163.905445] (robot_communication) StdoutLine: {'line': b'-- Up-to-date: /home/zheng/carerobot_slam_ros2/install/robot_communication/share/robot_communication/rust\n'}
[163.927403] (-) TimerEvent: {}
[164.027722] (-) TimerEvent: {}
[164.095579] (robot_communication) StdoutLine: {'line': b'-- Up-to-date: /home/zheng/carerobot_slam_ros2/install/robot_communication/share/robot_communication/rust/src\n'}
[164.097000] (robot_communication) StdoutLine: {'line': b'-- Up-to-date: /home/zheng/carerobot_slam_ros2/install/robot_communication/share/robot_communication/rust/src/action\n'}
[164.128041] (-) TimerEvent: {}
[164.228387] (-) TimerEvent: {}
[164.279083] (robot_communication) StdoutLine: {'line': b'-- Up-to-date: /home/zheng/carerobot_slam_ros2/install/robot_communication/share/robot_communication/rust/src/action/rmw.rs\n'}
[164.279214] (robot_communication) StdoutLine: {'line': b'-- Up-to-date: /home/zheng/carerobot_slam_ros2/install/robot_communication/share/robot_communication/rust/src/action.rs\n'}
[164.279271] (robot_communication) StdoutLine: {'line': b'-- Up-to-date: /home/zheng/carerobot_slam_ros2/install/robot_communication/share/robot_communication/rust/src/msg.rs\n'}
[164.279335] (robot_communication) StdoutLine: {'line': b'-- Up-to-date: /home/zheng/carerobot_slam_ros2/install/robot_communication/share/robot_communication/rust/src/lib.rs\n'}
[164.279381] (robot_communication) StdoutLine: {'line': b'-- Up-to-date: /home/zheng/carerobot_slam_ros2/install/robot_communication/share/robot_communication/rust/src/msg\n'}
[164.287484] (robot_communication) StdoutLine: {'line': b'-- Up-to-date: /home/zheng/carerobot_slam_ros2/install/robot_communication/share/robot_communication/rust/src/msg/rmw.rs\n'}
[164.287765] (robot_communication) StdoutLine: {'line': b'-- Up-to-date: /home/zheng/carerobot_slam_ros2/install/robot_communication/share/robot_communication/rust/build.rs\n'}
[164.287982] (robot_communication) StdoutLine: {'line': b'-- Up-to-date: /home/zheng/carerobot_slam_ros2/install/robot_communication/share/robot_communication/rust/Cargo.toml\n'}
[164.288132] (robot_communication) StdoutLine: {'line': b'-- Up-to-date: /home/zheng/carerobot_slam_ros2/install/robot_communication/share/robot_communication/msg/LocalizationInfoBroadcast.idl\n'}
[164.288309] (robot_communication) StdoutLine: {'line': b'-- Up-to-date: /home/zheng/carerobot_slam_ros2/install/robot_communication/share/robot_communication/msg/ChassisControl.idl\n'}
[164.288452] (robot_communication) StdoutLine: {'line': b'-- Up-to-date: /home/zheng/carerobot_slam_ros2/install/robot_communication/share/robot_communication/msg/SensorData.idl\n'}
[164.288598] (robot_communication) StdoutLine: {'line': b'-- Up-to-date: /home/zheng/carerobot_slam_ros2/install/robot_communication/share/robot_communication/msg/Bspline.idl\n'}
[164.288704] (robot_communication) StdoutLine: {'line': b'-- Up-to-date: /home/zheng/carerobot_slam_ros2/install/robot_communication/share/robot_communication/msg/EsdfMap.idl\n'}
[164.288753] (robot_communication) StdoutLine: {'line': b'-- Up-to-date: /home/zheng/carerobot_slam_ros2/install/robot_communication/share/robot_communication/msg/Goal.idl\n'}
[164.288799] (robot_communication) StdoutLine: {'line': b'-- Up-to-date: /home/zheng/carerobot_slam_ros2/install/robot_communication/share/robot_communication/action/DoDishes.idl\n'}
[164.288844] (robot_communication) StdoutLine: {'line': b'-- Up-to-date: /home/zheng/carerobot_slam_ros2/install/robot_communication/share/robot_communication/msg/LocalizationInfoBroadcast.msg\n'}
[164.288888] (robot_communication) StdoutLine: {'line': b'-- Up-to-date: /home/zheng/carerobot_slam_ros2/install/robot_communication/share/robot_communication/msg/ChassisControl.msg\n'}
[164.288932] (robot_communication) StdoutLine: {'line': b'-- Up-to-date: /home/zheng/carerobot_slam_ros2/install/robot_communication/share/robot_communication/msg/SensorData.msg\n'}
[164.288976] (robot_communication) StdoutLine: {'line': b'-- Up-to-date: /home/zheng/carerobot_slam_ros2/install/robot_communication/share/robot_communication/msg/Bspline.msg\n'}
[164.289018] (robot_communication) StdoutLine: {'line': b'-- Up-to-date: /home/zheng/carerobot_slam_ros2/install/robot_communication/share/robot_communication/msg/EsdfMap.msg\n'}
[164.289061] (robot_communication) StdoutLine: {'line': b'-- Up-to-date: /home/zheng/carerobot_slam_ros2/install/robot_communication/share/robot_communication/msg/Goal.msg\n'}
[164.289103] (robot_communication) StdoutLine: {'line': b'-- Up-to-date: /home/zheng/carerobot_slam_ros2/install/robot_communication/share/robot_communication/action/DoDishes.action\n'}
[164.289629] (robot_communication) StdoutLine: {'line': b'-- Up-to-date: /home/zheng/carerobot_slam_ros2/install/robot_communication/share/ament_index/resource_index/package_run_dependencies/robot_communication\n'}
[164.289753] (robot_communication) StdoutLine: {'line': b'-- Up-to-date: /home/zheng/carerobot_slam_ros2/install/robot_communication/share/ament_index/resource_index/parent_prefix_path/robot_communication\n'}
[164.289886] (robot_communication) StdoutLine: {'line': b'-- Up-to-date: /home/zheng/carerobot_slam_ros2/install/robot_communication/share/robot_communication/environment/ament_prefix_path.sh\n'}
[164.290018] (robot_communication) StdoutLine: {'line': b'-- Up-to-date: /home/zheng/carerobot_slam_ros2/install/robot_communication/share/robot_communication/environment/ament_prefix_path.dsv\n'}
[164.290151] (robot_communication) StdoutLine: {'line': b'-- Up-to-date: /home/zheng/carerobot_slam_ros2/install/robot_communication/share/robot_communication/environment/path.sh\n'}
[164.290271] (robot_communication) StdoutLine: {'line': b'-- Up-to-date: /home/zheng/carerobot_slam_ros2/install/robot_communication/share/robot_communication/environment/path.dsv\n'}
[164.290411] (robot_communication) StdoutLine: {'line': b'-- Up-to-date: /home/zheng/carerobot_slam_ros2/install/robot_communication/share/robot_communication/local_setup.bash\n'}
[164.290516] (robot_communication) StdoutLine: {'line': b'-- Up-to-date: /home/zheng/carerobot_slam_ros2/install/robot_communication/share/robot_communication/local_setup.sh\n'}
[164.290590] (robot_communication) StdoutLine: {'line': b'-- Up-to-date: /home/zheng/carerobot_slam_ros2/install/robot_communication/share/robot_communication/local_setup.zsh\n'}
[164.290638] (robot_communication) StdoutLine: {'line': b'-- Up-to-date: /home/zheng/carerobot_slam_ros2/install/robot_communication/share/robot_communication/local_setup.dsv\n'}
[164.290682] (robot_communication) StdoutLine: {'line': b'-- Installing: /home/zheng/carerobot_slam_ros2/install/robot_communication/share/robot_communication/package.dsv\n'}
[164.328512] (-) TimerEvent: {}
[164.428814] (-) TimerEvent: {}
[164.445085] (robot_communication) StdoutLine: {'line': b'-- Up-to-date: /home/zheng/carerobot_slam_ros2/install/robot_communication/share/ament_index/resource_index/packages/robot_communication\n'}
[164.529074] (-) TimerEvent: {}
[164.629343] (-) TimerEvent: {}
[164.729776] (-) TimerEvent: {}
[164.830200] (-) TimerEvent: {}
[164.912172] (robot_communication) StdoutLine: {'line': b'-- Up-to-date: /home/zheng/carerobot_slam_ros2/install/robot_communication/share/robot_communication/cmake/export_robot_communication__rosidl_generator_cExport.cmake\n'}
[164.912523] (robot_communication) StdoutLine: {'line': b'-- Up-to-date: /home/zheng/carerobot_slam_ros2/install/robot_communication/share/robot_communication/cmake/export_robot_communication__rosidl_generator_cExport-noconfig.cmake\n'}
[164.913224] (robot_communication) StdoutLine: {'line': b'-- Up-to-date: /home/zheng/carerobot_slam_ros2/install/robot_communication/share/robot_communication/cmake/export_robot_communication__rosidl_typesupport_fastrtps_cExport.cmake\n'}
[164.913476] (robot_communication) StdoutLine: {'line': b'-- Up-to-date: /home/zheng/carerobot_slam_ros2/install/robot_communication/share/robot_communication/cmake/export_robot_communication__rosidl_typesupport_fastrtps_cExport-noconfig.cmake\n'}
[164.915462] (robot_communication) StdoutLine: {'line': b'-- Up-to-date: /home/zheng/carerobot_slam_ros2/install/robot_communication/share/robot_communication/cmake/robot_communication__rosidl_typesupport_introspection_cExport.cmake\n'}
[164.915618] (robot_communication) StdoutLine: {'line': b'-- Up-to-date: /home/zheng/carerobot_slam_ros2/install/robot_communication/share/robot_communication/cmake/robot_communication__rosidl_typesupport_introspection_cExport-noconfig.cmake\n'}
[164.923739] (robot_communication) StdoutLine: {'line': b'-- Up-to-date: /home/zheng/carerobot_slam_ros2/install/robot_communication/share/robot_communication/cmake/robot_communication__rosidl_typesupport_cExport.cmake\n'}
[164.924042] (robot_communication) StdoutLine: {'line': b'-- Up-to-date: /home/zheng/carerobot_slam_ros2/install/robot_communication/share/robot_communication/cmake/robot_communication__rosidl_typesupport_cExport-noconfig.cmake\n'}
[164.930293] (-) TimerEvent: {}
[165.030662] (-) TimerEvent: {}
[165.113090] (robot_communication) StdoutLine: {'line': b'-- Up-to-date: /home/zheng/carerobot_slam_ros2/install/robot_communication/share/robot_communication/cmake/export_robot_communication__rosidl_generator_cppExport.cmake\n'}
[165.115064] (robot_communication) StdoutLine: {'line': b'-- Up-to-date: /home/zheng/carerobot_slam_ros2/install/robot_communication/share/robot_communication/cmake/export_robot_communication__rosidl_typesupport_fastrtps_cppExport.cmake\n'}
[165.115301] (robot_communication) StdoutLine: {'line': b'-- Up-to-date: /home/zheng/carerobot_slam_ros2/install/robot_communication/share/robot_communication/cmake/export_robot_communication__rosidl_typesupport_fastrtps_cppExport-noconfig.cmake\n'}
[165.115645] (robot_communication) StdoutLine: {'line': b'-- Up-to-date: /home/zheng/carerobot_slam_ros2/install/robot_communication/share/robot_communication/cmake/robot_communication__rosidl_typesupport_introspection_cppExport.cmake\n'}
[165.115994] (robot_communication) StdoutLine: {'line': b'-- Up-to-date: /home/zheng/carerobot_slam_ros2/install/robot_communication/share/robot_communication/cmake/robot_communication__rosidl_typesupport_introspection_cppExport-noconfig.cmake\n'}
[165.116233] (robot_communication) StdoutLine: {'line': b'-- Up-to-date: /home/zheng/carerobot_slam_ros2/install/robot_communication/share/robot_communication/cmake/robot_communication__rosidl_typesupport_cppExport.cmake\n'}
[165.116395] (robot_communication) StdoutLine: {'line': b'-- Up-to-date: /home/zheng/carerobot_slam_ros2/install/robot_communication/share/robot_communication/cmake/robot_communication__rosidl_typesupport_cppExport-noconfig.cmake\n'}
[165.130749] (-) TimerEvent: {}
[165.171936] (robot_communication) StdoutLine: {'line': b'-- Up-to-date: /home/zheng/carerobot_slam_ros2/install/robot_communication/share/robot_communication/cmake/export_robot_communication__rosidl_generator_pyExport.cmake\n'}
[165.172359] (robot_communication) StdoutLine: {'line': b'-- Up-to-date: /home/zheng/carerobot_slam_ros2/install/robot_communication/share/robot_communication/cmake/export_robot_communication__rosidl_generator_pyExport-noconfig.cmake\n'}
[165.172535] (robot_communication) StdoutLine: {'line': b'-- Up-to-date: /home/zheng/carerobot_slam_ros2/install/robot_communication/share/robot_communication/cmake/rosidl_cmake-extras.cmake\n'}
[165.172777] (robot_communication) StdoutLine: {'line': b'-- Up-to-date: /home/zheng/carerobot_slam_ros2/install/robot_communication/share/robot_communication/cmake/ament_cmake_export_dependencies-extras.cmake\n'}
[165.172907] (robot_communication) StdoutLine: {'line': b'-- Up-to-date: /home/zheng/carerobot_slam_ros2/install/robot_communication/share/robot_communication/cmake/ament_cmake_export_include_directories-extras.cmake\n'}
[165.173056] (robot_communication) StdoutLine: {'line': b'-- Up-to-date: /home/zheng/carerobot_slam_ros2/install/robot_communication/share/robot_communication/cmake/ament_cmake_export_libraries-extras.cmake\n'}
[165.173184] (robot_communication) StdoutLine: {'line': b'-- Up-to-date: /home/zheng/carerobot_slam_ros2/install/robot_communication/share/robot_communication/cmake/ament_cmake_export_targets-extras.cmake\n'}
[165.173237] (robot_communication) StdoutLine: {'line': b'-- Up-to-date: /home/zheng/carerobot_slam_ros2/install/robot_communication/share/robot_communication/cmake/rosidl_cmake_export_typesupport_targets-extras.cmake\n'}
[165.173286] (robot_communication) StdoutLine: {'line': b'-- Up-to-date: /home/zheng/carerobot_slam_ros2/install/robot_communication/share/robot_communication/cmake/rosidl_cmake_export_typesupport_libraries-extras.cmake\n'}
[165.173332] (robot_communication) StdoutLine: {'line': b'-- Up-to-date: /home/zheng/carerobot_slam_ros2/install/robot_communication/share/robot_communication/cmake/rosidl_cmake_aggregate_target-extras.cmake\n'}
[165.173379] (robot_communication) StdoutLine: {'line': b'-- Up-to-date: /home/zheng/carerobot_slam_ros2/install/robot_communication/share/robot_communication/cmake/robot_communicationConfig.cmake\n'}
[165.173424] (robot_communication) StdoutLine: {'line': b'-- Up-to-date: /home/zheng/carerobot_slam_ros2/install/robot_communication/share/robot_communication/cmake/robot_communicationConfig-version.cmake\n'}
[165.173471] (robot_communication) StdoutLine: {'line': b'-- Up-to-date: /home/zheng/carerobot_slam_ros2/install/robot_communication/share/robot_communication/package.xml\n'}
[165.194019] (robot_communication) CommandEnded: {'returncode': 0}
[165.231048] (-) TimerEvent: {}
[165.331564] (-) TimerEvent: {}
[165.431799] (-) TimerEvent: {}
[165.525357] (robot_communication) JobEnded: {'identifier': 'robot_communication', 'rc': 0}
[165.525969] (robot_costmap) JobStarted: {'identifier': 'robot_costmap'}
[165.528033] (robot_pid_local_planner) JobStarted: {'identifier': 'robot_pid_local_planner'}
[165.531966] (-) TimerEvent: {}
[165.632415] (-) TimerEvent: {}
[165.732844] (-) TimerEvent: {}
[165.833351] (-) TimerEvent: {}
[165.933863] (-) TimerEvent: {}
[165.955962] (robot_costmap) JobProgress: {'identifier': 'robot_costmap', 'progress': 'cmake'}
[166.034216] (-) TimerEvent: {}
[166.134723] (-) TimerEvent: {}
[166.143506] (robot_costmap) JobProgress: {'identifier': 'robot_costmap', 'progress': 'build'}
[166.144624] (robot_costmap) Command: {'cmd': ['/usr/bin/cmake', '--build', '/home/zheng/carerobot_slam_ros2/build/robot_costmap', '--', '-j8', '-l8'], 'cwd': '/home/zheng/carerobot_slam_ros2/build/robot_costmap', 'env': OrderedDict([('LESSOPEN', '| /usr/bin/lesspipe %s'), ('HTTPS_PROXY', 'http://127.0.0.1:7890/'), ('no_proxy', 'localhost,127.0.0.0/8,::1'), ('LANGUAGE', 'zh_CN:zh'), ('USER', 'zheng'), ('all_proxy', 'socks://127.0.0.1:7890/'), ('XDG_SESSION_TYPE', 'x11'), ('SHLVL', '1'), ('LD_LIBRARY_PATH', '/home/zheng/carerobot_slam_ros2/install/robot_communication/lib:/usr/lib/x86_64-linux-gnu/gazebo-11/plugins:/opt/ros/humble/opt/rviz_ogre_vendor/lib:/opt/ros/humble/lib/x86_64-linux-gnu:/opt/ros/humble/lib'), ('HOME', '/home/zheng'), ('OLDPWD', '/home/zheng'), ('DESKTOP_SESSION', 'ubuntu-xorg'), ('NO_PROXY', 'localhost,127.0.0.0/8,::1'), ('ROS_PYTHON_VERSION', '3'), ('GNOME_SHELL_SESSION_MODE', 'ubuntu'), ('GTK_MODULES', 'gail:atk-bridge'), ('SYSTEMD_EXEC_PID', '1754'), ('DBUS_SESSION_BUS_ADDRESS', 'unix:path=/run/user/1000/bus'), ('COLORTERM', 'truecolor'), ('https_proxy', 'http://127.0.0.1:7890/'), ('ROS_DISTRO', 'humble'), ('GTK_IM_MODULE', 'ibus'), ('LOGNAME', 'zheng'), ('ALL_PROXY', 'socks://127.0.0.1:7890/'), ('http_proxy', 'http://127.0.0.1:7890/'), ('_', '/usr/bin/colcon'), ('ROS_VERSION', '2'), ('XDG_SESSION_CLASS', 'user'), ('USERNAME', 'zheng'), ('TERM', 'xterm-256color'), ('GNOME_DESKTOP_SESSION_ID', 'this-is-deprecated'), ('ROS_LOCALHOST_ONLY', '0'), ('WINDOWPATH', '2'), ('PATH', '/opt/ros/humble/bin:/home/zheng/.local/bin:/usr/local/sbin:/usr/local/bin:/usr/sbin:/usr/bin:/sbin:/bin:/usr/games:/usr/local/games:/snap/bin:/snap/bin'), ('SESSION_MANAGER', 'local/zheng-Lenovo-Product:@/tmp/.ICE-unix/1731,unix/zheng-Lenovo-Product:/tmp/.ICE-unix/1731'), ('XDG_MENU_PREFIX', 'gnome-'), ('GNOME_TERMINAL_SCREEN', '/org/gnome/Terminal/screen/d492a4b3_e7ac_4b4c_abe4_0222114e68da'), ('XDG_RUNTIME_DIR', '/run/user/1000'), ('DISPLAY', ':0'), ('LANG', 'zh_CN.UTF-8'), ('XDG_CURRENT_DESKTOP', 'ubuntu:GNOME'), ('XMODIFIERS', '@im=ibus'), ('XDG_SESSION_DESKTOP', 'ubuntu-xorg'), ('XAUTHORITY', '/run/user/1000/gdm/Xauthority'), ('LS_COLORS', 'rs=0:di=01;34:ln=01;36:mh=00:pi=40;33:so=01;35:do=01;35:bd=40;33;01:cd=40;33;01:or=40;31;01:mi=00:su=37;41:sg=30;43:ca=30;41:tw=30;42:ow=34;42:st=37;44:ex=01;32:*.tar=01;31:*.tgz=01;31:*.arc=01;31:*.arj=01;31:*.taz=01;31:*.lha=01;31:*.lz4=01;31:*.lzh=01;31:*.lzma=01;31:*.tlz=01;31:*.txz=01;31:*.tzo=01;31:*.t7z=01;31:*.zip=01;31:*.z=01;31:*.dz=01;31:*.gz=01;31:*.lrz=01;31:*.lz=01;31:*.lzo=01;31:*.xz=01;31:*.zst=01;31:*.tzst=01;31:*.bz2=01;31:*.bz=01;31:*.tbz=01;31:*.tbz2=01;31:*.tz=01;31:*.deb=01;31:*.rpm=01;31:*.jar=01;31:*.war=01;31:*.ear=01;31:*.sar=01;31:*.rar=01;31:*.alz=01;31:*.ace=01;31:*.zoo=01;31:*.cpio=01;31:*.7z=01;31:*.rz=01;31:*.cab=01;31:*.wim=01;31:*.swm=01;31:*.dwm=01;31:*.esd=01;31:*.jpg=01;35:*.jpeg=01;35:*.mjpg=01;35:*.mjpeg=01;35:*.gif=01;35:*.bmp=01;35:*.pbm=01;35:*.pgm=01;35:*.ppm=01;35:*.tga=01;35:*.xbm=01;35:*.xpm=01;35:*.tif=01;35:*.tiff=01;35:*.png=01;35:*.svg=01;35:*.svgz=01;35:*.mng=01;35:*.pcx=01;35:*.mov=01;35:*.mpg=01;35:*.mpeg=01;35:*.m2v=01;35:*.mkv=01;35:*.webm=01;35:*.webp=01;35:*.ogm=01;35:*.mp4=01;35:*.m4v=01;35:*.mp4v=01;35:*.vob=01;35:*.qt=01;35:*.nuv=01;35:*.wmv=01;35:*.asf=01;35:*.rm=01;35:*.rmvb=01;35:*.flc=01;35:*.avi=01;35:*.fli=01;35:*.flv=01;35:*.gl=01;35:*.dl=01;35:*.xcf=01;35:*.xwd=01;35:*.yuv=01;35:*.cgm=01;35:*.emf=01;35:*.ogv=01;35:*.ogx=01;35:*.aac=00;36:*.au=00;36:*.flac=00;36:*.m4a=00;36:*.mid=00;36:*.midi=00;36:*.mka=00;36:*.mp3=00;36:*.mpc=00;36:*.ogg=00;36:*.ra=00;36:*.wav=00;36:*.oga=00;36:*.opus=00;36:*.spx=00;36:*.xspf=00;36:'), ('GNOME_TERMINAL_SERVICE', ':1.321'), ('SSH_AGENT_LAUNCHER', 'gnome-keyring'), ('SSH_AUTH_SOCK', '/run/user/1000/keyring/ssh'), ('AMENT_PREFIX_PATH', '/home/zheng/carerobot_slam_ros2/install/robot_communication:/opt/ros/humble'), ('SHELL', '/bin/bash'), ('QT_ACCESSIBILITY', '1'), ('GDMSESSION', 'ubuntu-xorg'), ('LESSCLOSE', '/usr/bin/lesspipe %s %s'), ('GPG_AGENT_INFO', '/run/user/1000/gnupg/S.gpg-agent:0:1'), ('GAZEBO_MODEL_DATABASE_URI', ''), ('QT_IM_MODULE', 'ibus'), ('PWD', '/home/zheng/carerobot_slam_ros2/build/robot_costmap'), ('XDG_CONFIG_DIRS', '/etc/xdg/xdg-ubuntu-xorg:/etc/xdg'), ('XDG_DATA_DIRS', '/usr/share/ubuntu-xorg:/usr/share/gnome:/usr/local/share/:/usr/share/:/var/lib/snapd/desktop'), ('PYTHONPATH', '/home/zheng/carerobot_slam_ros2/install/robot_communication/local/lib/python3.10/dist-packages:/opt/ros/humble/lib/python3.10/site-packages:/opt/ros/humble/local/lib/python3.10/dist-packages'), ('HTTP_PROXY', 'http://127.0.0.1:7890/'), ('COLCON', '1'), ('VTE_VERSION', '6800'), ('CMAKE_PREFIX_PATH', '/home/zheng/carerobot_slam_ros2/install/robot_communication:/opt/ros/humble')]), 'shell': False}
[166.145683] (robot_pid_local_planner) JobProgress: {'identifier': 'robot_pid_local_planner', 'progress': 'cmake'}
[166.213995] (robot_pid_local_planner) JobProgress: {'identifier': 'robot_pid_local_planner', 'progress': 'build'}
[166.215463] (robot_pid_local_planner) Command: {'cmd': ['/usr/bin/cmake', '--build', '/home/zheng/carerobot_slam_ros2/build/robot_pid_local_planner', '--', '-j8', '-l8'], 'cwd': '/home/zheng/carerobot_slam_ros2/build/robot_pid_local_planner', 'env': OrderedDict([('LESSOPEN', '| /usr/bin/lesspipe %s'), ('HTTPS_PROXY', 'http://127.0.0.1:7890/'), ('no_proxy', 'localhost,127.0.0.0/8,::1'), ('LANGUAGE', 'zh_CN:zh'), ('USER', 'zheng'), ('all_proxy', 'socks://127.0.0.1:7890/'), ('XDG_SESSION_TYPE', 'x11'), ('SHLVL', '1'), ('LD_LIBRARY_PATH', '/home/zheng/carerobot_slam_ros2/install/robot_communication/lib:/usr/lib/x86_64-linux-gnu/gazebo-11/plugins:/opt/ros/humble/opt/rviz_ogre_vendor/lib:/opt/ros/humble/lib/x86_64-linux-gnu:/opt/ros/humble/lib'), ('HOME', '/home/zheng'), ('OLDPWD', '/home/zheng'), ('DESKTOP_SESSION', 'ubuntu-xorg'), ('NO_PROXY', 'localhost,127.0.0.0/8,::1'), ('ROS_PYTHON_VERSION', '3'), ('GNOME_SHELL_SESSION_MODE', 'ubuntu'), ('GTK_MODULES', 'gail:atk-bridge'), ('SYSTEMD_EXEC_PID', '1754'), ('DBUS_SESSION_BUS_ADDRESS', 'unix:path=/run/user/1000/bus'), ('COLORTERM', 'truecolor'), ('https_proxy', 'http://127.0.0.1:7890/'), ('ROS_DISTRO', 'humble'), ('GTK_IM_MODULE', 'ibus'), ('LOGNAME', 'zheng'), ('ALL_PROXY', 'socks://127.0.0.1:7890/'), ('http_proxy', 'http://127.0.0.1:7890/'), ('_', '/usr/bin/colcon'), ('ROS_VERSION', '2'), ('XDG_SESSION_CLASS', 'user'), ('USERNAME', 'zheng'), ('TERM', 'xterm-256color'), ('GNOME_DESKTOP_SESSION_ID', 'this-is-deprecated'), ('ROS_LOCALHOST_ONLY', '0'), ('WINDOWPATH', '2'), ('PATH', '/opt/ros/humble/bin:/home/zheng/.local/bin:/usr/local/sbin:/usr/local/bin:/usr/sbin:/usr/bin:/sbin:/bin:/usr/games:/usr/local/games:/snap/bin:/snap/bin'), ('SESSION_MANAGER', 'local/zheng-Lenovo-Product:@/tmp/.ICE-unix/1731,unix/zheng-Lenovo-Product:/tmp/.ICE-unix/1731'), ('XDG_MENU_PREFIX', 'gnome-'), ('GNOME_TERMINAL_SCREEN', '/org/gnome/Terminal/screen/d492a4b3_e7ac_4b4c_abe4_0222114e68da'), ('XDG_RUNTIME_DIR', '/run/user/1000'), ('DISPLAY', ':0'), ('LANG', 'zh_CN.UTF-8'), ('XDG_CURRENT_DESKTOP', 'ubuntu:GNOME'), ('XMODIFIERS', '@im=ibus'), ('XDG_SESSION_DESKTOP', 'ubuntu-xorg'), ('XAUTHORITY', '/run/user/1000/gdm/Xauthority'), ('LS_COLORS', 'rs=0:di=01;34:ln=01;36:mh=00:pi=40;33:so=01;35:do=01;35:bd=40;33;01:cd=40;33;01:or=40;31;01:mi=00:su=37;41:sg=30;43:ca=30;41:tw=30;42:ow=34;42:st=37;44:ex=01;32:*.tar=01;31:*.tgz=01;31:*.arc=01;31:*.arj=01;31:*.taz=01;31:*.lha=01;31:*.lz4=01;31:*.lzh=01;31:*.lzma=01;31:*.tlz=01;31:*.txz=01;31:*.tzo=01;31:*.t7z=01;31:*.zip=01;31:*.z=01;31:*.dz=01;31:*.gz=01;31:*.lrz=01;31:*.lz=01;31:*.lzo=01;31:*.xz=01;31:*.zst=01;31:*.tzst=01;31:*.bz2=01;31:*.bz=01;31:*.tbz=01;31:*.tbz2=01;31:*.tz=01;31:*.deb=01;31:*.rpm=01;31:*.jar=01;31:*.war=01;31:*.ear=01;31:*.sar=01;31:*.rar=01;31:*.alz=01;31:*.ace=01;31:*.zoo=01;31:*.cpio=01;31:*.7z=01;31:*.rz=01;31:*.cab=01;31:*.wim=01;31:*.swm=01;31:*.dwm=01;31:*.esd=01;31:*.jpg=01;35:*.jpeg=01;35:*.mjpg=01;35:*.mjpeg=01;35:*.gif=01;35:*.bmp=01;35:*.pbm=01;35:*.pgm=01;35:*.ppm=01;35:*.tga=01;35:*.xbm=01;35:*.xpm=01;35:*.tif=01;35:*.tiff=01;35:*.png=01;35:*.svg=01;35:*.svgz=01;35:*.mng=01;35:*.pcx=01;35:*.mov=01;35:*.mpg=01;35:*.mpeg=01;35:*.m2v=01;35:*.mkv=01;35:*.webm=01;35:*.webp=01;35:*.ogm=01;35:*.mp4=01;35:*.m4v=01;35:*.mp4v=01;35:*.vob=01;35:*.qt=01;35:*.nuv=01;35:*.wmv=01;35:*.asf=01;35:*.rm=01;35:*.rmvb=01;35:*.flc=01;35:*.avi=01;35:*.fli=01;35:*.flv=01;35:*.gl=01;35:*.dl=01;35:*.xcf=01;35:*.xwd=01;35:*.yuv=01;35:*.cgm=01;35:*.emf=01;35:*.ogv=01;35:*.ogx=01;35:*.aac=00;36:*.au=00;36:*.flac=00;36:*.m4a=00;36:*.mid=00;36:*.midi=00;36:*.mka=00;36:*.mp3=00;36:*.mpc=00;36:*.ogg=00;36:*.ra=00;36:*.wav=00;36:*.oga=00;36:*.opus=00;36:*.spx=00;36:*.xspf=00;36:'), ('GNOME_TERMINAL_SERVICE', ':1.321'), ('SSH_AGENT_LAUNCHER', 'gnome-keyring'), ('SSH_AUTH_SOCK', '/run/user/1000/keyring/ssh'), ('AMENT_PREFIX_PATH', '/home/zheng/carerobot_slam_ros2/install/robot_communication:/opt/ros/humble'), ('SHELL', '/bin/bash'), ('QT_ACCESSIBILITY', '1'), ('GDMSESSION', 'ubuntu-xorg'), ('LESSCLOSE', '/usr/bin/lesspipe %s %s'), ('GPG_AGENT_INFO', '/run/user/1000/gnupg/S.gpg-agent:0:1'), ('GAZEBO_MODEL_DATABASE_URI', ''), ('QT_IM_MODULE', 'ibus'), ('PWD', '/home/zheng/carerobot_slam_ros2/build/robot_pid_local_planner'), ('XDG_CONFIG_DIRS', '/etc/xdg/xdg-ubuntu-xorg:/etc/xdg'), ('XDG_DATA_DIRS', '/usr/share/ubuntu-xorg:/usr/share/gnome:/usr/local/share/:/usr/share/:/var/lib/snapd/desktop'), ('PYTHONPATH', '/home/zheng/carerobot_slam_ros2/install/robot_communication/local/lib/python3.10/dist-packages:/opt/ros/humble/lib/python3.10/site-packages:/opt/ros/humble/local/lib/python3.10/dist-packages'), ('HTTP_PROXY', 'http://127.0.0.1:7890/'), ('COLCON', '1'), ('VTE_VERSION', '6800'), ('CMAKE_PREFIX_PATH', '/home/zheng/carerobot_slam_ros2/install/robot_communication:/opt/ros/humble')]), 'shell': False}
[166.234811] (-) TimerEvent: {}
[166.335144] (-) TimerEvent: {}
[166.435650] (-) TimerEvent: {}
[166.536093] (-) TimerEvent: {}
[166.636458] (-) TimerEvent: {}
[166.736699] (-) TimerEvent: {}
[166.837041] (-) TimerEvent: {}
[166.937329] (-) TimerEvent: {}
[167.037713] (-) TimerEvent: {}
[167.137949] (-) TimerEvent: {}
[167.238385] (-) TimerEvent: {}
[167.338093] (robot_pid_local_planner) StdoutLine: {'line': b'[100%] Built target differential_pid_local_planner_node\n'}
[167.338449] (-) TimerEvent: {}
[167.347739] (robot_pid_local_planner) CommandEnded: {'returncode': 0}
[167.433982] (robot_pid_local_planner) JobProgress: {'identifier': 'robot_pid_local_planner', 'progress': 'install'}
[167.435107] (robot_pid_local_planner) Command: {'cmd': ['/usr/bin/cmake', '--install', '/home/zheng/carerobot_slam_ros2/build/robot_pid_local_planner'], 'cwd': '/home/zheng/carerobot_slam_ros2/build/robot_pid_local_planner', 'env': OrderedDict([('LESSOPEN', '| /usr/bin/lesspipe %s'), ('HTTPS_PROXY', 'http://127.0.0.1:7890/'), ('no_proxy', 'localhost,127.0.0.0/8,::1'), ('LANGUAGE', 'zh_CN:zh'), ('USER', 'zheng'), ('all_proxy', 'socks://127.0.0.1:7890/'), ('XDG_SESSION_TYPE', 'x11'), ('SHLVL', '1'), ('LD_LIBRARY_PATH', '/home/zheng/carerobot_slam_ros2/install/robot_communication/lib:/usr/lib/x86_64-linux-gnu/gazebo-11/plugins:/opt/ros/humble/opt/rviz_ogre_vendor/lib:/opt/ros/humble/lib/x86_64-linux-gnu:/opt/ros/humble/lib'), ('HOME', '/home/zheng'), ('OLDPWD', '/home/zheng'), ('DESKTOP_SESSION', 'ubuntu-xorg'), ('NO_PROXY', 'localhost,127.0.0.0/8,::1'), ('ROS_PYTHON_VERSION', '3'), ('GNOME_SHELL_SESSION_MODE', 'ubuntu'), ('GTK_MODULES', 'gail:atk-bridge'), ('SYSTEMD_EXEC_PID', '1754'), ('DBUS_SESSION_BUS_ADDRESS', 'unix:path=/run/user/1000/bus'), ('COLORTERM', 'truecolor'), ('https_proxy', 'http://127.0.0.1:7890/'), ('ROS_DISTRO', 'humble'), ('GTK_IM_MODULE', 'ibus'), ('LOGNAME', 'zheng'), ('ALL_PROXY', 'socks://127.0.0.1:7890/'), ('http_proxy', 'http://127.0.0.1:7890/'), ('_', '/usr/bin/colcon'), ('ROS_VERSION', '2'), ('XDG_SESSION_CLASS', 'user'), ('USERNAME', 'zheng'), ('TERM', 'xterm-256color'), ('GNOME_DESKTOP_SESSION_ID', 'this-is-deprecated'), ('ROS_LOCALHOST_ONLY', '0'), ('WINDOWPATH', '2'), ('PATH', '/opt/ros/humble/bin:/home/zheng/.local/bin:/usr/local/sbin:/usr/local/bin:/usr/sbin:/usr/bin:/sbin:/bin:/usr/games:/usr/local/games:/snap/bin:/snap/bin'), ('SESSION_MANAGER', 'local/zheng-Lenovo-Product:@/tmp/.ICE-unix/1731,unix/zheng-Lenovo-Product:/tmp/.ICE-unix/1731'), ('XDG_MENU_PREFIX', 'gnome-'), ('GNOME_TERMINAL_SCREEN', '/org/gnome/Terminal/screen/d492a4b3_e7ac_4b4c_abe4_0222114e68da'), ('XDG_RUNTIME_DIR', '/run/user/1000'), ('DISPLAY', ':0'), ('LANG', 'zh_CN.UTF-8'), ('XDG_CURRENT_DESKTOP', 'ubuntu:GNOME'), ('XMODIFIERS', '@im=ibus'), ('XDG_SESSION_DESKTOP', 'ubuntu-xorg'), ('XAUTHORITY', '/run/user/1000/gdm/Xauthority'), ('LS_COLORS', 'rs=0:di=01;34:ln=01;36:mh=00:pi=40;33:so=01;35:do=01;35:bd=40;33;01:cd=40;33;01:or=40;31;01:mi=00:su=37;41:sg=30;43:ca=30;41:tw=30;42:ow=34;42:st=37;44:ex=01;32:*.tar=01;31:*.tgz=01;31:*.arc=01;31:*.arj=01;31:*.taz=01;31:*.lha=01;31:*.lz4=01;31:*.lzh=01;31:*.lzma=01;31:*.tlz=01;31:*.txz=01;31:*.tzo=01;31:*.t7z=01;31:*.zip=01;31:*.z=01;31:*.dz=01;31:*.gz=01;31:*.lrz=01;31:*.lz=01;31:*.lzo=01;31:*.xz=01;31:*.zst=01;31:*.tzst=01;31:*.bz2=01;31:*.bz=01;31:*.tbz=01;31:*.tbz2=01;31:*.tz=01;31:*.deb=01;31:*.rpm=01;31:*.jar=01;31:*.war=01;31:*.ear=01;31:*.sar=01;31:*.rar=01;31:*.alz=01;31:*.ace=01;31:*.zoo=01;31:*.cpio=01;31:*.7z=01;31:*.rz=01;31:*.cab=01;31:*.wim=01;31:*.swm=01;31:*.dwm=01;31:*.esd=01;31:*.jpg=01;35:*.jpeg=01;35:*.mjpg=01;35:*.mjpeg=01;35:*.gif=01;35:*.bmp=01;35:*.pbm=01;35:*.pgm=01;35:*.ppm=01;35:*.tga=01;35:*.xbm=01;35:*.xpm=01;35:*.tif=01;35:*.tiff=01;35:*.png=01;35:*.svg=01;35:*.svgz=01;35:*.mng=01;35:*.pcx=01;35:*.mov=01;35:*.mpg=01;35:*.mpeg=01;35:*.m2v=01;35:*.mkv=01;35:*.webm=01;35:*.webp=01;35:*.ogm=01;35:*.mp4=01;35:*.m4v=01;35:*.mp4v=01;35:*.vob=01;35:*.qt=01;35:*.nuv=01;35:*.wmv=01;35:*.asf=01;35:*.rm=01;35:*.rmvb=01;35:*.flc=01;35:*.avi=01;35:*.fli=01;35:*.flv=01;35:*.gl=01;35:*.dl=01;35:*.xcf=01;35:*.xwd=01;35:*.yuv=01;35:*.cgm=01;35:*.emf=01;35:*.ogv=01;35:*.ogx=01;35:*.aac=00;36:*.au=00;36:*.flac=00;36:*.m4a=00;36:*.mid=00;36:*.midi=00;36:*.mka=00;36:*.mp3=00;36:*.mpc=00;36:*.ogg=00;36:*.ra=00;36:*.wav=00;36:*.oga=00;36:*.opus=00;36:*.spx=00;36:*.xspf=00;36:'), ('GNOME_TERMINAL_SERVICE', ':1.321'), ('SSH_AGENT_LAUNCHER', 'gnome-keyring'), ('SSH_AUTH_SOCK', '/run/user/1000/keyring/ssh'), ('AMENT_PREFIX_PATH', '/home/zheng/carerobot_slam_ros2/install/robot_communication:/opt/ros/humble'), ('SHELL', '/bin/bash'), ('QT_ACCESSIBILITY', '1'), ('GDMSESSION', 'ubuntu-xorg'), ('LESSCLOSE', '/usr/bin/lesspipe %s %s'), ('GPG_AGENT_INFO', '/run/user/1000/gnupg/S.gpg-agent:0:1'), ('GAZEBO_MODEL_DATABASE_URI', ''), ('QT_IM_MODULE', 'ibus'), ('PWD', '/home/zheng/carerobot_slam_ros2/build/robot_pid_local_planner'), ('XDG_CONFIG_DIRS', '/etc/xdg/xdg-ubuntu-xorg:/etc/xdg'), ('XDG_DATA_DIRS', '/usr/share/ubuntu-xorg:/usr/share/gnome:/usr/local/share/:/usr/share/:/var/lib/snapd/desktop'), ('PYTHONPATH', '/home/zheng/carerobot_slam_ros2/install/robot_communication/local/lib/python3.10/dist-packages:/opt/ros/humble/lib/python3.10/site-packages:/opt/ros/humble/local/lib/python3.10/dist-packages'), ('HTTP_PROXY', 'http://127.0.0.1:7890/'), ('COLCON', '1'), ('VTE_VERSION', '6800'), ('CMAKE_PREFIX_PATH', '/home/zheng/carerobot_slam_ros2/install/robot_communication:/opt/ros/humble')]), 'shell': False}
[167.438557] (-) TimerEvent: {}
[167.441743] (robot_pid_local_planner) StdoutLine: {'line': b'-- Install configuration: ""\n'}
[167.441988] (robot_pid_local_planner) StdoutLine: {'line': b'-- Up-to-date: /home/zheng/carerobot_slam_ros2/install/robot_pid_local_planner/lib/robot_pid_local_planner/differential_pid_local_planner_node\n'}
[167.442225] (robot_pid_local_planner) StdoutLine: {'line': b'-- Up-to-date: /home/zheng/carerobot_slam_ros2/install/robot_pid_local_planner/share/robot_pid_local_planner/launch\n'}
[167.493003] (robot_pid_local_planner) StdoutLine: {'line': b'-- Up-to-date: /home/zheng/carerobot_slam_ros2/install/robot_pid_local_planner/share/robot_pid_local_planner/launch/differential_PID.launch.py\n'}
[167.493129] (robot_pid_local_planner) StdoutLine: {'line': b'-- Up-to-date: /home/zheng/carerobot_slam_ros2/install/robot_pid_local_planner/share/robot_pid_local_planner/config\n'}
[167.494337] (robot_pid_local_planner) StdoutLine: {'line': b'-- Up-to-date: /home/zheng/carerobot_slam_ros2/install/robot_pid_local_planner/share/robot_pid_local_planner/config/differential_pid_param.yaml\n'}
[167.494664] (robot_pid_local_planner) StdoutLine: {'line': b'-- Up-to-date: /home/zheng/carerobot_slam_ros2/install/robot_pid_local_planner/share/ament_index/resource_index/package_run_dependencies/robot_pid_local_planner\n'}
[167.494880] (robot_pid_local_planner) StdoutLine: {'line': b'-- Up-to-date: /home/zheng/carerobot_slam_ros2/install/robot_pid_local_planner/share/ament_index/resource_index/parent_prefix_path/robot_pid_local_planner\n'}
[167.495017] (robot_pid_local_planner) StdoutLine: {'line': b'-- Up-to-date: /home/zheng/carerobot_slam_ros2/install/robot_pid_local_planner/share/robot_pid_local_planner/environment/ament_prefix_path.sh\n'}
[167.495125] (robot_pid_local_planner) StdoutLine: {'line': b'-- Up-to-date: /home/zheng/carerobot_slam_ros2/install/robot_pid_local_planner/share/robot_pid_local_planner/environment/ament_prefix_path.dsv\n'}
[167.495222] (robot_pid_local_planner) StdoutLine: {'line': b'-- Up-to-date: /home/zheng/carerobot_slam_ros2/install/robot_pid_local_planner/share/robot_pid_local_planner/environment/path.sh\n'}
[167.495317] (robot_pid_local_planner) StdoutLine: {'line': b'-- Up-to-date: /home/zheng/carerobot_slam_ros2/install/robot_pid_local_planner/share/robot_pid_local_planner/environment/path.dsv\n'}
[167.495411] (robot_pid_local_planner) StdoutLine: {'line': b'-- Up-to-date: /home/zheng/carerobot_slam_ros2/install/robot_pid_local_planner/share/robot_pid_local_planner/local_setup.bash\n'}
[167.495509] (robot_pid_local_planner) StdoutLine: {'line': b'-- Up-to-date: /home/zheng/carerobot_slam_ros2/install/robot_pid_local_planner/share/robot_pid_local_planner/local_setup.sh\n'}
[167.495675] (robot_pid_local_planner) StdoutLine: {'line': b'-- Up-to-date: /home/zheng/carerobot_slam_ros2/install/robot_pid_local_planner/share/robot_pid_local_planner/local_setup.zsh\n'}
[167.495755] (robot_pid_local_planner) StdoutLine: {'line': b'-- Up-to-date: /home/zheng/carerobot_slam_ros2/install/robot_pid_local_planner/share/robot_pid_local_planner/local_setup.dsv\n'}
[167.495830] (robot_pid_local_planner) StdoutLine: {'line': b'-- Installing: /home/zheng/carerobot_slam_ros2/install/robot_pid_local_planner/share/robot_pid_local_planner/package.dsv\n'}
[167.497638] (robot_pid_local_planner) StdoutLine: {'line': b'-- Up-to-date: /home/zheng/carerobot_slam_ros2/install/robot_pid_local_planner/share/ament_index/resource_index/packages/robot_pid_local_planner\n'}
[167.497769] (robot_pid_local_planner) StdoutLine: {'line': b'-- Up-to-date: /home/zheng/carerobot_slam_ros2/install/robot_pid_local_planner/share/robot_pid_local_planner/cmake/robot_pid_local_plannerConfig.cmake\n'}
[167.497851] (robot_pid_local_planner) StdoutLine: {'line': b'-- Up-to-date: /home/zheng/carerobot_slam_ros2/install/robot_pid_local_planner/share/robot_pid_local_planner/cmake/robot_pid_local_plannerConfig-version.cmake\n'}
[167.497976] (robot_pid_local_planner) StdoutLine: {'line': b'-- Up-to-date: /home/zheng/carerobot_slam_ros2/install/robot_pid_local_planner/share/robot_pid_local_planner/package.xml\n'}
[167.500312] (robot_pid_local_planner) CommandEnded: {'returncode': 0}
[167.519366] (robot_pid_local_planner) JobEnded: {'identifier': 'robot_pid_local_planner', 'rc': 0}
[167.538701] (-) TimerEvent: {}
[167.639203] (-) TimerEvent: {}
[167.739722] (-) TimerEvent: {}
[167.840225] (-) TimerEvent: {}
[167.940733] (-) TimerEvent: {}
[167.984708] (robot_costmap) StdoutLine: {'line': b'[ 66%] Built target robot_costmap\n'}
[168.041087] (-) TimerEvent: {}
[168.141368] (-) TimerEvent: {}
[168.241742] (-) TimerEvent: {}
[168.342251] (-) TimerEvent: {}
[168.442663] (-) TimerEvent: {}
[168.543169] (-) TimerEvent: {}
[168.643674] (-) TimerEvent: {}
[168.744170] (-) TimerEvent: {}
[168.844613] (-) TimerEvent: {}
[168.945121] (-) TimerEvent: {}
[169.045534] (-) TimerEvent: {}
[169.145952] (-) TimerEvent: {}
[169.246415] (-) TimerEvent: {}
[169.346804] (-) TimerEvent: {}
[169.447057] (-) TimerEvent: {}
[169.547383] (-) TimerEvent: {}
[169.647800] (-) TimerEvent: {}
[169.748108] (-) TimerEvent: {}
[169.848557] (-) TimerEvent: {}
[169.949052] (-) TimerEvent: {}
[170.049395] (-) TimerEvent: {}
[170.149924] (-) TimerEvent: {}
[170.250453] (-) TimerEvent: {}
[170.350821] (-) TimerEvent: {}
[170.451290] (-) TimerEvent: {}
[170.551774] (-) TimerEvent: {}
[170.652278] (-) TimerEvent: {}
[170.752680] (-) TimerEvent: {}
[170.853182] (-) TimerEvent: {}
[170.953553] (-) TimerEvent: {}
[171.054008] (-) TimerEvent: {}
[171.154409] (-) TimerEvent: {}
[171.254852] (-) TimerEvent: {}
[171.355204] (-) TimerEvent: {}
[171.413298] (robot_costmap) StdoutLine: {'line': b'[100%] Built target map_deal_node\n'}
[171.423154] (robot_costmap) CommandEnded: {'returncode': 0}
[171.455532] (-) TimerEvent: {}
[171.470116] (robot_costmap) JobProgress: {'identifier': 'robot_costmap', 'progress': 'install'}
[171.471648] (robot_costmap) Command: {'cmd': ['/usr/bin/cmake', '--install', '/home/zheng/carerobot_slam_ros2/build/robot_costmap'], 'cwd': '/home/zheng/carerobot_slam_ros2/build/robot_costmap', 'env': OrderedDict([('LESSOPEN', '| /usr/bin/lesspipe %s'), ('HTTPS_PROXY', 'http://127.0.0.1:7890/'), ('no_proxy', 'localhost,127.0.0.0/8,::1'), ('LANGUAGE', 'zh_CN:zh'), ('USER', 'zheng'), ('all_proxy', 'socks://127.0.0.1:7890/'), ('XDG_SESSION_TYPE', 'x11'), ('SHLVL', '1'), ('LD_LIBRARY_PATH', '/home/zheng/carerobot_slam_ros2/install/robot_communication/lib:/usr/lib/x86_64-linux-gnu/gazebo-11/plugins:/opt/ros/humble/opt/rviz_ogre_vendor/lib:/opt/ros/humble/lib/x86_64-linux-gnu:/opt/ros/humble/lib'), ('HOME', '/home/zheng'), ('OLDPWD', '/home/zheng'), ('DESKTOP_SESSION', 'ubuntu-xorg'), ('NO_PROXY', 'localhost,127.0.0.0/8,::1'), ('ROS_PYTHON_VERSION', '3'), ('GNOME_SHELL_SESSION_MODE', 'ubuntu'), ('GTK_MODULES', 'gail:atk-bridge'), ('SYSTEMD_EXEC_PID', '1754'), ('DBUS_SESSION_BUS_ADDRESS', 'unix:path=/run/user/1000/bus'), ('COLORTERM', 'truecolor'), ('https_proxy', 'http://127.0.0.1:7890/'), ('ROS_DISTRO', 'humble'), ('GTK_IM_MODULE', 'ibus'), ('LOGNAME', 'zheng'), ('ALL_PROXY', 'socks://127.0.0.1:7890/'), ('http_proxy', 'http://127.0.0.1:7890/'), ('_', '/usr/bin/colcon'), ('ROS_VERSION', '2'), ('XDG_SESSION_CLASS', 'user'), ('USERNAME', 'zheng'), ('TERM', 'xterm-256color'), ('GNOME_DESKTOP_SESSION_ID', 'this-is-deprecated'), ('ROS_LOCALHOST_ONLY', '0'), ('WINDOWPATH', '2'), ('PATH', '/opt/ros/humble/bin:/home/zheng/.local/bin:/usr/local/sbin:/usr/local/bin:/usr/sbin:/usr/bin:/sbin:/bin:/usr/games:/usr/local/games:/snap/bin:/snap/bin'), ('SESSION_MANAGER', 'local/zheng-Lenovo-Product:@/tmp/.ICE-unix/1731,unix/zheng-Lenovo-Product:/tmp/.ICE-unix/1731'), ('XDG_MENU_PREFIX', 'gnome-'), ('GNOME_TERMINAL_SCREEN', '/org/gnome/Terminal/screen/d492a4b3_e7ac_4b4c_abe4_0222114e68da'), ('XDG_RUNTIME_DIR', '/run/user/1000'), ('DISPLAY', ':0'), ('LANG', 'zh_CN.UTF-8'), ('XDG_CURRENT_DESKTOP', 'ubuntu:GNOME'), ('XMODIFIERS', '@im=ibus'), ('XDG_SESSION_DESKTOP', 'ubuntu-xorg'), ('XAUTHORITY', '/run/user/1000/gdm/Xauthority'), ('LS_COLORS', 'rs=0:di=01;34:ln=01;36:mh=00:pi=40;33:so=01;35:do=01;35:bd=40;33;01:cd=40;33;01:or=40;31;01:mi=00:su=37;41:sg=30;43:ca=30;41:tw=30;42:ow=34;42:st=37;44:ex=01;32:*.tar=01;31:*.tgz=01;31:*.arc=01;31:*.arj=01;31:*.taz=01;31:*.lha=01;31:*.lz4=01;31:*.lzh=01;31:*.lzma=01;31:*.tlz=01;31:*.txz=01;31:*.tzo=01;31:*.t7z=01;31:*.zip=01;31:*.z=01;31:*.dz=01;31:*.gz=01;31:*.lrz=01;31:*.lz=01;31:*.lzo=01;31:*.xz=01;31:*.zst=01;31:*.tzst=01;31:*.bz2=01;31:*.bz=01;31:*.tbz=01;31:*.tbz2=01;31:*.tz=01;31:*.deb=01;31:*.rpm=01;31:*.jar=01;31:*.war=01;31:*.ear=01;31:*.sar=01;31:*.rar=01;31:*.alz=01;31:*.ace=01;31:*.zoo=01;31:*.cpio=01;31:*.7z=01;31:*.rz=01;31:*.cab=01;31:*.wim=01;31:*.swm=01;31:*.dwm=01;31:*.esd=01;31:*.jpg=01;35:*.jpeg=01;35:*.mjpg=01;35:*.mjpeg=01;35:*.gif=01;35:*.bmp=01;35:*.pbm=01;35:*.pgm=01;35:*.ppm=01;35:*.tga=01;35:*.xbm=01;35:*.xpm=01;35:*.tif=01;35:*.tiff=01;35:*.png=01;35:*.svg=01;35:*.svgz=01;35:*.mng=01;35:*.pcx=01;35:*.mov=01;35:*.mpg=01;35:*.mpeg=01;35:*.m2v=01;35:*.mkv=01;35:*.webm=01;35:*.webp=01;35:*.ogm=01;35:*.mp4=01;35:*.m4v=01;35:*.mp4v=01;35:*.vob=01;35:*.qt=01;35:*.nuv=01;35:*.wmv=01;35:*.asf=01;35:*.rm=01;35:*.rmvb=01;35:*.flc=01;35:*.avi=01;35:*.fli=01;35:*.flv=01;35:*.gl=01;35:*.dl=01;35:*.xcf=01;35:*.xwd=01;35:*.yuv=01;35:*.cgm=01;35:*.emf=01;35:*.ogv=01;35:*.ogx=01;35:*.aac=00;36:*.au=00;36:*.flac=00;36:*.m4a=00;36:*.mid=00;36:*.midi=00;36:*.mka=00;36:*.mp3=00;36:*.mpc=00;36:*.ogg=00;36:*.ra=00;36:*.wav=00;36:*.oga=00;36:*.opus=00;36:*.spx=00;36:*.xspf=00;36:'), ('GNOME_TERMINAL_SERVICE', ':1.321'), ('SSH_AGENT_LAUNCHER', 'gnome-keyring'), ('SSH_AUTH_SOCK', '/run/user/1000/keyring/ssh'), ('AMENT_PREFIX_PATH', '/home/zheng/carerobot_slam_ros2/install/robot_communication:/opt/ros/humble'), ('SHELL', '/bin/bash'), ('QT_ACCESSIBILITY', '1'), ('GDMSESSION', 'ubuntu-xorg'), ('LESSCLOSE', '/usr/bin/lesspipe %s %s'), ('GPG_AGENT_INFO', '/run/user/1000/gnupg/S.gpg-agent:0:1'), ('GAZEBO_MODEL_DATABASE_URI', ''), ('QT_IM_MODULE', 'ibus'), ('PWD', '/home/zheng/carerobot_slam_ros2/build/robot_costmap'), ('XDG_CONFIG_DIRS', '/etc/xdg/xdg-ubuntu-xorg:/etc/xdg'), ('XDG_DATA_DIRS', '/usr/share/ubuntu-xorg:/usr/share/gnome:/usr/local/share/:/usr/share/:/var/lib/snapd/desktop'), ('PYTHONPATH', '/home/zheng/carerobot_slam_ros2/install/robot_communication/local/lib/python3.10/dist-packages:/opt/ros/humble/lib/python3.10/site-packages:/opt/ros/humble/local/lib/python3.10/dist-packages'), ('HTTP_PROXY', 'http://127.0.0.1:7890/'), ('COLCON', '1'), ('VTE_VERSION', '6800'), ('CMAKE_PREFIX_PATH', '/home/zheng/carerobot_slam_ros2/install/robot_communication:/opt/ros/humble')]), 'shell': False}
[171.544437] (robot_costmap) StdoutLine: {'line': b'-- Install configuration: "Debug"\n'}
[171.544722] (robot_costmap) StdoutLine: {'line': b'-- Up-to-date: /home/zheng/carerobot_slam_ros2/install/robot_costmap/include\n'}
[171.544824] (robot_costmap) StdoutLine: {'line': b'-- Up-to-date: /home/zheng/carerobot_slam_ros2/install/robot_costmap/include/map_deal\n'}
[171.555930] (-) TimerEvent: {}
[171.656358] (-) TimerEvent: {}
[171.756749] (-) TimerEvent: {}
[171.857165] (-) TimerEvent: {}
[171.957404] (-) TimerEvent: {}
[172.057656] (-) TimerEvent: {}
[172.074753] (robot_costmap) StdoutLine: {'line': b'-- Up-to-date: /home/zheng/carerobot_slam_ros2/install/robot_costmap/include/map_deal/global_map_deal.h\n'}
[172.074965] (robot_costmap) StdoutLine: {'line': b'-- Up-to-date: /home/zheng/carerobot_slam_ros2/install/robot_costmap/include/map_deal/map_deal.h\n'}
[172.075149] (robot_costmap) StdoutLine: {'line': b'-- Up-to-date: /home/zheng/carerobot_slam_ros2/install/robot_costmap/include/map_deal/signed_distance_field_2d.h\n'}
[172.075261] (robot_costmap) StdoutLine: {'line': b'-- Up-to-date: /home/zheng/carerobot_slam_ros2/install/robot_costmap/include/map_deal/edt_environment.h\n'}
[172.075367] (robot_costmap) StdoutLine: {'line': b'-- Up-to-date: /home/zheng/carerobot_slam_ros2/install/robot_costmap/include/map_deal/local_map_deal.h\n'}
[172.075471] (robot_costmap) StdoutLine: {'line': b'-- Up-to-date: /home/zheng/carerobot_slam_ros2/install/robot_costmap/include/map_deal/grid_map_2d.h\n'}
[172.075597] (robot_costmap) StdoutLine: {'line': b'-- Up-to-date: /home/zheng/carerobot_slam_ros2/install/robot_costmap/include/common\n'}
[172.075712] (robot_costmap) StdoutLine: {'line': b'-- Up-to-date: /home/zheng/carerobot_slam_ros2/install/robot_costmap/include/common/base\n'}
[172.076360] (robot_costmap) StdoutLine: {'line': b'-- Up-to-date: /home/zheng/carerobot_slam_ros2/install/robot_costmap/include/common/base/state.h\n'}
[172.076585] (robot_costmap) StdoutLine: {'line': b'-- Up-to-date: /home/zheng/carerobot_slam_ros2/install/robot_costmap/include/common/base/trajectory.h\n'}
[172.076747] (robot_costmap) StdoutLine: {'line': b'-- Up-to-date: /home/zheng/carerobot_slam_ros2/install/robot_costmap/include/common/base/type.h\n'}
[172.076880] (robot_costmap) StdoutLine: {'line': b'-- Up-to-date: /home/zheng/carerobot_slam_ros2/install/robot_costmap/share/robot_costmap/launch\n'}
[172.077051] (robot_costmap) StdoutLine: {'line': b'-- Up-to-date: /home/zheng/carerobot_slam_ros2/install/robot_costmap/share/robot_costmap/launch/map_deal.launch.py\n'}
[172.157632] (robot_costmap) StdoutLine: {'line': b'-- Up-to-date: /home/zheng/carerobot_slam_ros2/install/robot_costmap/share/robot_costmap/launch/map_deal_real.launch\n'}
[172.159682] (-) TimerEvent: {}
[172.159962] (robot_costmap) StdoutLine: {'line': b'-- Up-to-date: /home/zheng/carerobot_slam_ros2/install/robot_costmap/lib/librobot_costmap.a\n'}
[172.260046] (-) TimerEvent: {}
[172.360575] (-) TimerEvent: {}
[172.460887] (-) TimerEvent: {}
[172.476514] (robot_costmap) StdoutLine: {'line': b'-- Up-to-date: /home/zheng/carerobot_slam_ros2/install/robot_costmap/lib/robot_costmap/map_deal_node\n'}
[172.476885] (robot_costmap) StdoutLine: {'line': b'-- Up-to-date: /home/zheng/carerobot_slam_ros2/install/robot_costmap/share/robot_costmap/environment/library_path.sh\n'}
[172.477016] (robot_costmap) StdoutLine: {'line': b'-- Up-to-date: /home/zheng/carerobot_slam_ros2/install/robot_costmap/share/robot_costmap/environment/library_path.dsv\n'}
[172.477190] (robot_costmap) StdoutLine: {'line': b'-- Up-to-date: /home/zheng/carerobot_slam_ros2/install/robot_costmap/share/ament_index/resource_index/package_run_dependencies/robot_costmap\n'}
[172.477381] (robot_costmap) StdoutLine: {'line': b'-- Up-to-date: /home/zheng/carerobot_slam_ros2/install/robot_costmap/share/ament_index/resource_index/parent_prefix_path/robot_costmap\n'}
[172.477480] (robot_costmap) StdoutLine: {'line': b'-- Up-to-date: /home/zheng/carerobot_slam_ros2/install/robot_costmap/share/robot_costmap/environment/ament_prefix_path.sh\n'}
[172.477533] (robot_costmap) StdoutLine: {'line': b'-- Up-to-date: /home/zheng/carerobot_slam_ros2/install/robot_costmap/share/robot_costmap/environment/ament_prefix_path.dsv\n'}
[172.477605] (robot_costmap) StdoutLine: {'line': b'-- Up-to-date: /home/zheng/carerobot_slam_ros2/install/robot_costmap/share/robot_costmap/environment/path.sh\n'}
[172.477654] (robot_costmap) StdoutLine: {'line': b'-- Up-to-date: /home/zheng/carerobot_slam_ros2/install/robot_costmap/share/robot_costmap/environment/path.dsv\n'}
[172.477701] (robot_costmap) StdoutLine: {'line': b'-- Up-to-date: /home/zheng/carerobot_slam_ros2/install/robot_costmap/share/robot_costmap/local_setup.bash\n'}
[172.477746] (robot_costmap) StdoutLine: {'line': b'-- Up-to-date: /home/zheng/carerobot_slam_ros2/install/robot_costmap/share/robot_costmap/local_setup.sh\n'}
[172.477791] (robot_costmap) StdoutLine: {'line': b'-- Up-to-date: /home/zheng/carerobot_slam_ros2/install/robot_costmap/share/robot_costmap/local_setup.zsh\n'}
[172.477836] (robot_costmap) StdoutLine: {'line': b'-- Up-to-date: /home/zheng/carerobot_slam_ros2/install/robot_costmap/share/robot_costmap/local_setup.dsv\n'}
[172.477894] (robot_costmap) StdoutLine: {'line': b'-- Installing: /home/zheng/carerobot_slam_ros2/install/robot_costmap/share/robot_costmap/package.dsv\n'}
[172.561244] (-) TimerEvent: {}
[172.646185] (robot_costmap) StdoutLine: {'line': b'-- Up-to-date: /home/zheng/carerobot_slam_ros2/install/robot_costmap/share/ament_index/resource_index/packages/robot_costmap\n'}
[172.661371] (-) TimerEvent: {}
[172.761791] (-) TimerEvent: {}
[172.862220] (-) TimerEvent: {}
[172.962657] (-) TimerEvent: {}
[173.063005] (-) TimerEvent: {}
[173.163494] (-) TimerEvent: {}
[173.263854] (-) TimerEvent: {}
[173.364268] (-) TimerEvent: {}
[173.464770] (-) TimerEvent: {}
[173.565127] (-) TimerEvent: {}
[173.665618] (-) TimerEvent: {}
[173.766121] (-) TimerEvent: {}
[173.861896] (robot_costmap) StdoutLine: {'line': b'-- Up-to-date: /home/zheng/carerobot_slam_ros2/install/robot_costmap/share/robot_costmap/cmake/export_robot_costmapExport.cmake\n'}
[173.862181] (robot_costmap) StdoutLine: {'line': b'-- Up-to-date: /home/zheng/carerobot_slam_ros2/install/robot_costmap/share/robot_costmap/cmake/export_robot_costmapExport-debug.cmake\n'}
[173.862297] (robot_costmap) StdoutLine: {'line': b'-- Up-to-date: /home/zheng/carerobot_slam_ros2/install/robot_costmap/share/robot_costmap/cmake/ament_cmake_export_targets-extras.cmake\n'}
[173.862381] (robot_costmap) StdoutLine: {'line': b'-- Up-to-date: /home/zheng/carerobot_slam_ros2/install/robot_costmap/share/robot_costmap/cmake/ament_cmake_export_include_directories-extras.cmake\n'}
[173.862467] (robot_costmap) StdoutLine: {'line': b'-- Up-to-date: /home/zheng/carerobot_slam_ros2/install/robot_costmap/share/robot_costmap/cmake/ament_cmake_export_dependencies-extras.cmake\n'}
[173.862652] (robot_costmap) StdoutLine: {'line': b'-- Up-to-date: /home/zheng/carerobot_slam_ros2/install/robot_costmap/share/robot_costmap/cmake/robot_costmapConfig.cmake\n'}
[173.862716] (robot_costmap) StdoutLine: {'line': b'-- Up-to-date: /home/zheng/carerobot_slam_ros2/install/robot_costmap/share/robot_costmap/cmake/robot_costmapConfig-version.cmake\n'}
[173.862764] (robot_costmap) StdoutLine: {'line': b'-- Up-to-date: /home/zheng/carerobot_slam_ros2/install/robot_costmap/share/robot_costmap/package.xml\n'}
[173.864805] (robot_costmap) CommandEnded: {'returncode': 0}
[173.866221] (-) TimerEvent: {}
[173.875584] (robot_costmap) JobEnded: {'identifier': 'robot_costmap', 'rc': 0}
[173.876683] (robot_navigation) JobStarted: {'identifier': 'robot_navigation'}
[173.966384] (-) TimerEvent: {}
[174.066885] (-) TimerEvent: {}
[174.167253] (-) TimerEvent: {}
[174.267841] (-) TimerEvent: {}
[174.368248] (-) TimerEvent: {}
[174.468746] (-) TimerEvent: {}
[174.530417] (robot_navigation) JobProgress: {'identifier': 'robot_navigation', 'progress': 'cmake'}
[174.569106] (-) TimerEvent: {}
[174.669538] (-) TimerEvent: {}
[174.769813] (-) TimerEvent: {}
[174.870317] (-) TimerEvent: {}
[174.960309] (robot_navigation) JobProgress: {'identifier': 'robot_navigation', 'progress': 'build'}
[174.961501] (robot_navigation) Command: {'cmd': ['/usr/bin/cmake', '--build', '/home/zheng/carerobot_slam_ros2/build/robot_navigation', '--', '-j8', '-l8'], 'cwd': '/home/zheng/carerobot_slam_ros2/build/robot_navigation', 'env': OrderedDict([('LESSOPEN', '| /usr/bin/lesspipe %s'), ('HTTPS_PROXY', 'http://127.0.0.1:7890/'), ('no_proxy', 'localhost,127.0.0.0/8,::1'), ('LANGUAGE', 'zh_CN:zh'), ('USER', 'zheng'), ('all_proxy', 'socks://127.0.0.1:7890/'), ('XDG_SESSION_TYPE', 'x11'), ('SHLVL', '1'), ('LD_LIBRARY_PATH', '/home/zheng/carerobot_slam_ros2/install/robot_costmap/lib:/home/zheng/carerobot_slam_ros2/install/robot_communication/lib:/usr/lib/x86_64-linux-gnu/gazebo-11/plugins:/opt/ros/humble/opt/rviz_ogre_vendor/lib:/opt/ros/humble/lib/x86_64-linux-gnu:/opt/ros/humble/lib'), ('HOME', '/home/zheng'), ('OLDPWD', '/home/zheng'), ('DESKTOP_SESSION', 'ubuntu-xorg'), ('NO_PROXY', 'localhost,127.0.0.0/8,::1'), ('ROS_PYTHON_VERSION', '3'), ('GNOME_SHELL_SESSION_MODE', 'ubuntu'), ('GTK_MODULES', 'gail:atk-bridge'), ('SYSTEMD_EXEC_PID', '1754'), ('DBUS_SESSION_BUS_ADDRESS', 'unix:path=/run/user/1000/bus'), ('COLORTERM', 'truecolor'), ('https_proxy', 'http://127.0.0.1:7890/'), ('ROS_DISTRO', 'humble'), ('GTK_IM_MODULE', 'ibus'), ('LOGNAME', 'zheng'), ('ALL_PROXY', 'socks://127.0.0.1:7890/'), ('http_proxy', 'http://127.0.0.1:7890/'), ('_', '/usr/bin/colcon'), ('ROS_VERSION', '2'), ('XDG_SESSION_CLASS', 'user'), ('USERNAME', 'zheng'), ('TERM', 'xterm-256color'), ('GNOME_DESKTOP_SESSION_ID', 'this-is-deprecated'), ('ROS_LOCALHOST_ONLY', '0'), ('WINDOWPATH', '2'), ('PATH', '/opt/ros/humble/bin:/home/zheng/.local/bin:/usr/local/sbin:/usr/local/bin:/usr/sbin:/usr/bin:/sbin:/bin:/usr/games:/usr/local/games:/snap/bin:/snap/bin'), ('SESSION_MANAGER', 'local/zheng-Lenovo-Product:@/tmp/.ICE-unix/1731,unix/zheng-Lenovo-Product:/tmp/.ICE-unix/1731'), ('XDG_MENU_PREFIX', 'gnome-'), ('GNOME_TERMINAL_SCREEN', '/org/gnome/Terminal/screen/d492a4b3_e7ac_4b4c_abe4_0222114e68da'), ('XDG_RUNTIME_DIR', '/run/user/1000'), ('DISPLAY', ':0'), ('LANG', 'zh_CN.UTF-8'), ('XDG_CURRENT_DESKTOP', 'ubuntu:GNOME'), ('XMODIFIERS', '@im=ibus'), ('XDG_SESSION_DESKTOP', 'ubuntu-xorg'), ('XAUTHORITY', '/run/user/1000/gdm/Xauthority'), ('LS_COLORS', 'rs=0:di=01;34:ln=01;36:mh=00:pi=40;33:so=01;35:do=01;35:bd=40;33;01:cd=40;33;01:or=40;31;01:mi=00:su=37;41:sg=30;43:ca=30;41:tw=30;42:ow=34;42:st=37;44:ex=01;32:*.tar=01;31:*.tgz=01;31:*.arc=01;31:*.arj=01;31:*.taz=01;31:*.lha=01;31:*.lz4=01;31:*.lzh=01;31:*.lzma=01;31:*.tlz=01;31:*.txz=01;31:*.tzo=01;31:*.t7z=01;31:*.zip=01;31:*.z=01;31:*.dz=01;31:*.gz=01;31:*.lrz=01;31:*.lz=01;31:*.lzo=01;31:*.xz=01;31:*.zst=01;31:*.tzst=01;31:*.bz2=01;31:*.bz=01;31:*.tbz=01;31:*.tbz2=01;31:*.tz=01;31:*.deb=01;31:*.rpm=01;31:*.jar=01;31:*.war=01;31:*.ear=01;31:*.sar=01;31:*.rar=01;31:*.alz=01;31:*.ace=01;31:*.zoo=01;31:*.cpio=01;31:*.7z=01;31:*.rz=01;31:*.cab=01;31:*.wim=01;31:*.swm=01;31:*.dwm=01;31:*.esd=01;31:*.jpg=01;35:*.jpeg=01;35:*.mjpg=01;35:*.mjpeg=01;35:*.gif=01;35:*.bmp=01;35:*.pbm=01;35:*.pgm=01;35:*.ppm=01;35:*.tga=01;35:*.xbm=01;35:*.xpm=01;35:*.tif=01;35:*.tiff=01;35:*.png=01;35:*.svg=01;35:*.svgz=01;35:*.mng=01;35:*.pcx=01;35:*.mov=01;35:*.mpg=01;35:*.mpeg=01;35:*.m2v=01;35:*.mkv=01;35:*.webm=01;35:*.webp=01;35:*.ogm=01;35:*.mp4=01;35:*.m4v=01;35:*.mp4v=01;35:*.vob=01;35:*.qt=01;35:*.nuv=01;35:*.wmv=01;35:*.asf=01;35:*.rm=01;35:*.rmvb=01;35:*.flc=01;35:*.avi=01;35:*.fli=01;35:*.flv=01;35:*.gl=01;35:*.dl=01;35:*.xcf=01;35:*.xwd=01;35:*.yuv=01;35:*.cgm=01;35:*.emf=01;35:*.ogv=01;35:*.ogx=01;35:*.aac=00;36:*.au=00;36:*.flac=00;36:*.m4a=00;36:*.mid=00;36:*.midi=00;36:*.mka=00;36:*.mp3=00;36:*.mpc=00;36:*.ogg=00;36:*.ra=00;36:*.wav=00;36:*.oga=00;36:*.opus=00;36:*.spx=00;36:*.xspf=00;36:'), ('GNOME_TERMINAL_SERVICE', ':1.321'), ('SSH_AGENT_LAUNCHER', 'gnome-keyring'), ('SSH_AUTH_SOCK', '/run/user/1000/keyring/ssh'), ('AMENT_PREFIX_PATH', '/home/zheng/carerobot_slam_ros2/install/robot_costmap:/home/zheng/carerobot_slam_ros2/install/robot_communication:/opt/ros/humble'), ('SHELL', '/bin/bash'), ('QT_ACCESSIBILITY', '1'), ('GDMSESSION', 'ubuntu-xorg'), ('LESSCLOSE', '/usr/bin/lesspipe %s %s'), ('GPG_AGENT_INFO', '/run/user/1000/gnupg/S.gpg-agent:0:1'), ('GAZEBO_MODEL_DATABASE_URI', ''), ('QT_IM_MODULE', 'ibus'), ('PWD', '/home/zheng/carerobot_slam_ros2/build/robot_navigation'), ('XDG_CONFIG_DIRS', '/etc/xdg/xdg-ubuntu-xorg:/etc/xdg'), ('XDG_DATA_DIRS', '/usr/share/ubuntu-xorg:/usr/share/gnome:/usr/local/share/:/usr/share/:/var/lib/snapd/desktop'), ('PYTHONPATH', '/home/zheng/carerobot_slam_ros2/install/robot_communication/local/lib/python3.10/dist-packages:/opt/ros/humble/lib/python3.10/site-packages:/opt/ros/humble/local/lib/python3.10/dist-packages'), ('HTTP_PROXY', 'http://127.0.0.1:7890/'), ('COLCON', '1'), ('VTE_VERSION', '6800'), ('CMAKE_PREFIX_PATH', '/home/zheng/carerobot_slam_ros2/install/robot_costmap:/home/zheng/carerobot_slam_ros2/install/robot_communication:/opt/ros/humble')]), 'shell': False}
[174.970517] (-) TimerEvent: {}
[175.071049] (-) TimerEvent: {}
[175.171320] (-) TimerEvent: {}
[175.271723] (-) TimerEvent: {}
[175.371983] (-) TimerEvent: {}
[175.472450] (-) TimerEvent: {}
[175.572867] (-) TimerEvent: {}
[175.673354] (-) TimerEvent: {}
[175.773780] (-) TimerEvent: {}
[175.874168] (-) TimerEvent: {}
[175.974554] (-) TimerEvent: {}
[176.074975] (-) TimerEvent: {}
[176.175445] (-) TimerEvent: {}
[176.275740] (-) TimerEvent: {}
[176.376177] (-) TimerEvent: {}
[176.476490] (-) TimerEvent: {}
[176.577007] (-) TimerEvent: {}
[176.677465] (-) TimerEvent: {}
[176.777736] (-) TimerEvent: {}
[176.878126] (-) TimerEvent: {}
[176.978651] (-) TimerEvent: {}
[177.078944] (-) TimerEvent: {}
[177.179217] (-) TimerEvent: {}
[177.279624] (-) TimerEvent: {}
[177.380072] (-) TimerEvent: {}
[177.480495] (-) TimerEvent: {}
[177.580945] (-) TimerEvent: {}
[177.681380] (-) TimerEvent: {}
[177.781731] (-) TimerEvent: {}
[177.882143] (-) TimerEvent: {}
[177.982581] (-) TimerEvent: {}
[178.082903] (-) TimerEvent: {}
[178.183284] (-) TimerEvent: {}
[178.283519] (-) TimerEvent: {}
[178.384036] (-) TimerEvent: {}
[178.484572] (-) TimerEvent: {}
[178.584839] (-) TimerEvent: {}
[178.685200] (-) TimerEvent: {}
[178.785702] (-) TimerEvent: {}
[178.886070] (-) TimerEvent: {}
[178.986424] (-) TimerEvent: {}
[179.086729] (-) TimerEvent: {}
[179.187075] (-) TimerEvent: {}
[179.287398] (-) TimerEvent: {}
[179.387729] (-) TimerEvent: {}
[179.487960] (-) TimerEvent: {}
[179.588208] (-) TimerEvent: {}
[179.688742] (-) TimerEvent: {}
[179.789008] (-) TimerEvent: {}
[179.889423] (-) TimerEvent: {}
[179.989720] (-) TimerEvent: {}
[180.089977] (-) TimerEvent: {}
[180.190363] (-) TimerEvent: {}
[180.290630] (-) TimerEvent: {}
[180.391066] (-) TimerEvent: {}
[180.491410] (-) TimerEvent: {}
[180.591860] (-) TimerEvent: {}
[180.692226] (-) TimerEvent: {}
[180.792640] (-) TimerEvent: {}
[180.893148] (-) TimerEvent: {}
[180.993618] (-) TimerEvent: {}
[181.094141] (-) TimerEvent: {}
[181.194422] (-) TimerEvent: {}
[181.294680] (-) TimerEvent: {}
[181.395109] (-) TimerEvent: {}
[181.495588] (-) TimerEvent: {}
[181.596015] (-) TimerEvent: {}
[181.696356] (-) TimerEvent: {}
[181.796819] (-) TimerEvent: {}
[181.897305] (-) TimerEvent: {}
[181.997771] (-) TimerEvent: {}
[182.098010] (-) TimerEvent: {}
[182.198300] (-) TimerEvent: {}
[182.298620] (-) TimerEvent: {}
[182.399035] (-) TimerEvent: {}
[182.499448] (-) TimerEvent: {}
[182.599693] (-) TimerEvent: {}
[182.700148] (-) TimerEvent: {}
[182.800417] (-) TimerEvent: {}
[182.900781] (-) TimerEvent: {}
[183.001039] (-) TimerEvent: {}
[183.101533] (-) TimerEvent: {}
[183.201810] (-) TimerEvent: {}
[183.302117] (-) TimerEvent: {}
[183.402518] (-) TimerEvent: {}
[183.502789] (-) TimerEvent: {}
[183.603231] (-) TimerEvent: {}
[183.703663] (-) TimerEvent: {}
[183.804078] (-) TimerEvent: {}
[183.904361] (-) TimerEvent: {}
[184.004828] (-) TimerEvent: {}
[184.105201] (-) TimerEvent: {}
[184.205633] (-) TimerEvent: {}
[184.306068] (-) TimerEvent: {}
[184.406432] (-) TimerEvent: {}
[184.506943] (-) TimerEvent: {}
[184.607468] (-) TimerEvent: {}
[184.707749] (-) TimerEvent: {}
[184.808248] (-) TimerEvent: {}
[184.908649] (-) TimerEvent: {}
[185.009067] (-) TimerEvent: {}
[185.070401] (robot_navigation) StdoutLine: {'line': b'[ 50%] Built target motionPlan_node\n'}
[185.109230] (-) TimerEvent: {}
[185.209638] (-) TimerEvent: {}
[185.309874] (-) TimerEvent: {}
[185.410298] (-) TimerEvent: {}
[185.510600] (-) TimerEvent: {}
[185.610947] (-) TimerEvent: {}
[185.711392] (-) TimerEvent: {}
[185.811884] (-) TimerEvent: {}
[185.912301] (-) TimerEvent: {}
[186.012787] (-) TimerEvent: {}
[186.113146] (-) TimerEvent: {}
[186.213486] (-) TimerEvent: {}
[186.313824] (-) TimerEvent: {}
[186.414243] (-) TimerEvent: {}
[186.514515] (-) TimerEvent: {}
[186.614881] (-) TimerEvent: {}
[186.715219] (-) TimerEvent: {}
[186.815670] (-) TimerEvent: {}
[186.916106] (-) TimerEvent: {}
[187.016415] (-) TimerEvent: {}
[187.116921] (-) TimerEvent: {}
[187.217185] (-) TimerEvent: {}
[187.317703] (-) TimerEvent: {}
[187.418044] (-) TimerEvent: {}
[187.518556] (-) TimerEvent: {}
[187.618940] (-) TimerEvent: {}
[187.719429] (-) TimerEvent: {}
[187.819861] (-) TimerEvent: {}
[187.920206] (-) TimerEvent: {}
[188.020580] (-) TimerEvent: {}
[188.121100] (-) TimerEvent: {}
[188.221585] (-) TimerEvent: {}
[188.321829] (-) TimerEvent: {}
[188.422334] (-) TimerEvent: {}
[188.522769] (-) TimerEvent: {}
[188.623272] (-) TimerEvent: {}
[188.723526] (-) TimerEvent: {}
[188.823994] (-) TimerEvent: {}
[188.924441] (-) TimerEvent: {}
[189.024710] (-) TimerEvent: {}
[189.125123] (-) TimerEvent: {}
[189.225473] (-) TimerEvent: {}
[189.325918] (-) TimerEvent: {}
[189.426247] (-) TimerEvent: {}
[189.526605] (-) TimerEvent: {}
[189.626839] (-) TimerEvent: {}
[189.727321] (-) TimerEvent: {}
[189.827607] (-) TimerEvent: {}
[189.927860] (-) TimerEvent: {}
[190.028173] (-) TimerEvent: {}
[190.128628] (-) TimerEvent: {}
[190.228866] (-) TimerEvent: {}
[190.329212] (-) TimerEvent: {}
[190.429580] (-) TimerEvent: {}
[190.530067] (-) TimerEvent: {}
[190.630343] (-) TimerEvent: {}
[190.660458] (robot_navigation) StdoutLine: {'line': b'[100%] Built target Differential_DWA_node\n'}
[190.670892] (robot_navigation) CommandEnded: {'returncode': 0}
[190.730539] (-) TimerEvent: {}
[190.831078] (-) TimerEvent: {}
[190.931480] (-) TimerEvent: {}
[191.031856] (-) TimerEvent: {}
[191.132268] (-) TimerEvent: {}
[191.232659] (-) TimerEvent: {}
[191.333096] (-) TimerEvent: {}
[191.400754] (robot_navigation) JobProgress: {'identifier': 'robot_navigation', 'progress': 'install'}
[191.401702] (robot_navigation) Command: {'cmd': ['/usr/bin/cmake', '--install', '/home/zheng/carerobot_slam_ros2/build/robot_navigation'], 'cwd': '/home/zheng/carerobot_slam_ros2/build/robot_navigation', 'env': OrderedDict([('LESSOPEN', '| /usr/bin/lesspipe %s'), ('HTTPS_PROXY', 'http://127.0.0.1:7890/'), ('no_proxy', 'localhost,127.0.0.0/8,::1'), ('LANGUAGE', 'zh_CN:zh'), ('USER', 'zheng'), ('all_proxy', 'socks://127.0.0.1:7890/'), ('XDG_SESSION_TYPE', 'x11'), ('SHLVL', '1'), ('LD_LIBRARY_PATH', '/home/zheng/carerobot_slam_ros2/install/robot_costmap/lib:/home/zheng/carerobot_slam_ros2/install/robot_communication/lib:/usr/lib/x86_64-linux-gnu/gazebo-11/plugins:/opt/ros/humble/opt/rviz_ogre_vendor/lib:/opt/ros/humble/lib/x86_64-linux-gnu:/opt/ros/humble/lib'), ('HOME', '/home/zheng'), ('OLDPWD', '/home/zheng'), ('DESKTOP_SESSION', 'ubuntu-xorg'), ('NO_PROXY', 'localhost,127.0.0.0/8,::1'), ('ROS_PYTHON_VERSION', '3'), ('GNOME_SHELL_SESSION_MODE', 'ubuntu'), ('GTK_MODULES', 'gail:atk-bridge'), ('SYSTEMD_EXEC_PID', '1754'), ('DBUS_SESSION_BUS_ADDRESS', 'unix:path=/run/user/1000/bus'), ('COLORTERM', 'truecolor'), ('https_proxy', 'http://127.0.0.1:7890/'), ('ROS_DISTRO', 'humble'), ('GTK_IM_MODULE', 'ibus'), ('LOGNAME', 'zheng'), ('ALL_PROXY', 'socks://127.0.0.1:7890/'), ('http_proxy', 'http://127.0.0.1:7890/'), ('_', '/usr/bin/colcon'), ('ROS_VERSION', '2'), ('XDG_SESSION_CLASS', 'user'), ('USERNAME', 'zheng'), ('TERM', 'xterm-256color'), ('GNOME_DESKTOP_SESSION_ID', 'this-is-deprecated'), ('ROS_LOCALHOST_ONLY', '0'), ('WINDOWPATH', '2'), ('PATH', '/opt/ros/humble/bin:/home/zheng/.local/bin:/usr/local/sbin:/usr/local/bin:/usr/sbin:/usr/bin:/sbin:/bin:/usr/games:/usr/local/games:/snap/bin:/snap/bin'), ('SESSION_MANAGER', 'local/zheng-Lenovo-Product:@/tmp/.ICE-unix/1731,unix/zheng-Lenovo-Product:/tmp/.ICE-unix/1731'), ('XDG_MENU_PREFIX', 'gnome-'), ('GNOME_TERMINAL_SCREEN', '/org/gnome/Terminal/screen/d492a4b3_e7ac_4b4c_abe4_0222114e68da'), ('XDG_RUNTIME_DIR', '/run/user/1000'), ('DISPLAY', ':0'), ('LANG', 'zh_CN.UTF-8'), ('XDG_CURRENT_DESKTOP', 'ubuntu:GNOME'), ('XMODIFIERS', '@im=ibus'), ('XDG_SESSION_DESKTOP', 'ubuntu-xorg'), ('XAUTHORITY', '/run/user/1000/gdm/Xauthority'), ('LS_COLORS', 'rs=0:di=01;34:ln=01;36:mh=00:pi=40;33:so=01;35:do=01;35:bd=40;33;01:cd=40;33;01:or=40;31;01:mi=00:su=37;41:sg=30;43:ca=30;41:tw=30;42:ow=34;42:st=37;44:ex=01;32:*.tar=01;31:*.tgz=01;31:*.arc=01;31:*.arj=01;31:*.taz=01;31:*.lha=01;31:*.lz4=01;31:*.lzh=01;31:*.lzma=01;31:*.tlz=01;31:*.txz=01;31:*.tzo=01;31:*.t7z=01;31:*.zip=01;31:*.z=01;31:*.dz=01;31:*.gz=01;31:*.lrz=01;31:*.lz=01;31:*.lzo=01;31:*.xz=01;31:*.zst=01;31:*.tzst=01;31:*.bz2=01;31:*.bz=01;31:*.tbz=01;31:*.tbz2=01;31:*.tz=01;31:*.deb=01;31:*.rpm=01;31:*.jar=01;31:*.war=01;31:*.ear=01;31:*.sar=01;31:*.rar=01;31:*.alz=01;31:*.ace=01;31:*.zoo=01;31:*.cpio=01;31:*.7z=01;31:*.rz=01;31:*.cab=01;31:*.wim=01;31:*.swm=01;31:*.dwm=01;31:*.esd=01;31:*.jpg=01;35:*.jpeg=01;35:*.mjpg=01;35:*.mjpeg=01;35:*.gif=01;35:*.bmp=01;35:*.pbm=01;35:*.pgm=01;35:*.ppm=01;35:*.tga=01;35:*.xbm=01;35:*.xpm=01;35:*.tif=01;35:*.tiff=01;35:*.png=01;35:*.svg=01;35:*.svgz=01;35:*.mng=01;35:*.pcx=01;35:*.mov=01;35:*.mpg=01;35:*.mpeg=01;35:*.m2v=01;35:*.mkv=01;35:*.webm=01;35:*.webp=01;35:*.ogm=01;35:*.mp4=01;35:*.m4v=01;35:*.mp4v=01;35:*.vob=01;35:*.qt=01;35:*.nuv=01;35:*.wmv=01;35:*.asf=01;35:*.rm=01;35:*.rmvb=01;35:*.flc=01;35:*.avi=01;35:*.fli=01;35:*.flv=01;35:*.gl=01;35:*.dl=01;35:*.xcf=01;35:*.xwd=01;35:*.yuv=01;35:*.cgm=01;35:*.emf=01;35:*.ogv=01;35:*.ogx=01;35:*.aac=00;36:*.au=00;36:*.flac=00;36:*.m4a=00;36:*.mid=00;36:*.midi=00;36:*.mka=00;36:*.mp3=00;36:*.mpc=00;36:*.ogg=00;36:*.ra=00;36:*.wav=00;36:*.oga=00;36:*.opus=00;36:*.spx=00;36:*.xspf=00;36:'), ('GNOME_TERMINAL_SERVICE', ':1.321'), ('SSH_AGENT_LAUNCHER', 'gnome-keyring'), ('SSH_AUTH_SOCK', '/run/user/1000/keyring/ssh'), ('AMENT_PREFIX_PATH', '/home/zheng/carerobot_slam_ros2/install/robot_costmap:/home/zheng/carerobot_slam_ros2/install/robot_communication:/opt/ros/humble'), ('SHELL', '/bin/bash'), ('QT_ACCESSIBILITY', '1'), ('GDMSESSION', 'ubuntu-xorg'), ('LESSCLOSE', '/usr/bin/lesspipe %s %s'), ('GPG_AGENT_INFO', '/run/user/1000/gnupg/S.gpg-agent:0:1'), ('GAZEBO_MODEL_DATABASE_URI', ''), ('QT_IM_MODULE', 'ibus'), ('PWD', '/home/zheng/carerobot_slam_ros2/build/robot_navigation'), ('XDG_CONFIG_DIRS', '/etc/xdg/xdg-ubuntu-xorg:/etc/xdg'), ('XDG_DATA_DIRS', '/usr/share/ubuntu-xorg:/usr/share/gnome:/usr/local/share/:/usr/share/:/var/lib/snapd/desktop'), ('PYTHONPATH', '/home/zheng/carerobot_slam_ros2/install/robot_communication/local/lib/python3.10/dist-packages:/opt/ros/humble/lib/python3.10/site-packages:/opt/ros/humble/local/lib/python3.10/dist-packages'), ('HTTP_PROXY', 'http://127.0.0.1:7890/'), ('COLCON', '1'), ('VTE_VERSION', '6800'), ('CMAKE_PREFIX_PATH', '/home/zheng/carerobot_slam_ros2/install/robot_costmap:/home/zheng/carerobot_slam_ros2/install/robot_communication:/opt/ros/humble')]), 'shell': False}
[191.433300] (-) TimerEvent: {}
[191.529619] (robot_navigation) StdoutLine: {'line': b'-- Install configuration: "Release"\n'}
[191.533616] (-) TimerEvent: {}
[191.633883] (-) TimerEvent: {}
[191.734280] (-) TimerEvent: {}
[191.834777] (-) TimerEvent: {}
[191.935222] (-) TimerEvent: {}
[192.035725] (-) TimerEvent: {}
[192.136238] (-) TimerEvent: {}
[192.236699] (-) TimerEvent: {}
[192.336985] (-) TimerEvent: {}
[192.437344] (-) TimerEvent: {}
[192.537794] (-) TimerEvent: {}
[192.638138] (-) TimerEvent: {}
[192.738672] (-) TimerEvent: {}
[192.839011] (-) TimerEvent: {}
[192.858883] (robot_navigation) StdoutLine: {'line': b'-- Up-to-date: /home/zheng/carerobot_slam_ros2/install/robot_navigation/lib/robot_navigation/motionPlan_node\n'}
[192.939119] (-) TimerEvent: {}
[193.039605] (-) TimerEvent: {}
[193.139855] (-) TimerEvent: {}
[193.240271] (-) TimerEvent: {}
[193.340775] (-) TimerEvent: {}
[193.441046] (-) TimerEvent: {}
[193.541532] (-) TimerEvent: {}
[193.641824] (-) TimerEvent: {}
[193.742204] (-) TimerEvent: {}
[193.842577] (-) TimerEvent: {}
[193.943055] (-) TimerEvent: {}
[194.043583] (-) TimerEvent: {}
[194.143839] (-) TimerEvent: {}
[194.178659] (robot_navigation) StdoutLine: {'line': b'-- Up-to-date: /home/zheng/carerobot_slam_ros2/install/robot_navigation/lib/robot_navigation/Differential_DWA_node\n'}
[194.178937] (robot_navigation) StdoutLine: {'line': b'-- Up-to-date: /home/zheng/carerobot_slam_ros2/install/robot_navigation/include/\n'}
[194.243947] (-) TimerEvent: {}
[194.254724] (robot_navigation) StdoutLine: {'line': b'-- Up-to-date: /home/zheng/carerobot_slam_ros2/install/robot_navigation/include//vel_transform\n'}
[194.344107] (-) TimerEvent: {}
[194.444395] (-) TimerEvent: {}
[194.544725] (-) TimerEvent: {}
[194.645075] (-) TimerEvent: {}
[194.745382] (-) TimerEvent: {}
[194.845801] (-) TimerEvent: {}
[194.946224] (-) TimerEvent: {}
[195.046584] (-) TimerEvent: {}
[195.146910] (-) TimerEvent: {}
[195.247153] (-) TimerEvent: {}
[195.347479] (-) TimerEvent: {}
[195.447705] (-) TimerEvent: {}
[195.548026] (-) TimerEvent: {}
[195.648368] (-) TimerEvent: {}
[195.748698] (-) TimerEvent: {}
[195.787124] (robot_navigation) StdoutLine: {'line': b'-- Up-to-date: /home/zheng/carerobot_slam_ros2/install/robot_navigation/include//vel_transform/vel_transform.h\n'}
[195.787257] (robot_navigation) StdoutLine: {'line': b'-- Up-to-date: /home/zheng/carerobot_slam_ros2/install/robot_navigation/include//path_searcher\n'}
[195.789113] (robot_navigation) StdoutLine: {'line': b'-- Up-to-date: /home/zheng/carerobot_slam_ros2/install/robot_navigation/include//path_searcher/node.h\n'}
[195.848860] (-) TimerEvent: {}
[195.949246] (-) TimerEvent: {}
[196.049658] (-) TimerEvent: {}
[196.150008] (-) TimerEvent: {}
[196.250497] (-) TimerEvent: {}
[196.350800] (-) TimerEvent: {}
[196.451017] (-) TimerEvent: {}
[196.551293] (-) TimerEvent: {}
[196.651557] (-) TimerEvent: {}
[196.751871] (-) TimerEvent: {}
[196.852102] (-) TimerEvent: {}
[196.952444] (-) TimerEvent: {}
[197.052714] (-) TimerEvent: {}
[197.153059] (-) TimerEvent: {}
[197.253517] (-) TimerEvent: {}
[197.306232] (robot_navigation) StdoutLine: {'line': b'-- Up-to-date: /home/zheng/carerobot_slam_ros2/install/robot_navigation/include//path_searcher/Hybrid_astar.h\n'}
[197.306505] (robot_navigation) StdoutLine: {'line': b'-- Up-to-date: /home/zheng/carerobot_slam_ros2/install/robot_navigation/include//path_searcher/nav_app.h\n'}
[197.306594] (robot_navigation) StdoutLine: {'line': b'-- Up-to-date: /home/zheng/carerobot_slam_ros2/install/robot_navigation/include//path_searcher/Astar_searcher.h\n'}
[197.306653] (robot_navigation) StdoutLine: {'line': b'-- Up-to-date: /home/zheng/carerobot_slam_ros2/install/robot_navigation/include//path_searcher/JPS_searcher.h\n'}
[197.306706] (robot_navigation) StdoutLine: {'line': b'-- Up-to-date: /home/zheng/carerobot_slam_ros2/install/robot_navigation/include//path_searcher/two_way_rrt.h\n'}
[197.306757] (robot_navigation) StdoutLine: {'line': b'-- Up-to-date: /home/zheng/carerobot_slam_ros2/install/robot_navigation/include//path_searcher/JPS_utils.h\n'}
[197.306807] (robot_navigation) StdoutLine: {'line': b'-- Up-to-date: /home/zheng/carerobot_slam_ros2/install/robot_navigation/include//motionPlan\n'}
[197.353864] (-) TimerEvent: {}
[197.454364] (-) TimerEvent: {}
[197.554872] (-) TimerEvent: {}
[197.562829] (robot_navigation) StdoutLine: {'line': b'-- Up-to-date: /home/zheng/carerobot_slam_ros2/install/robot_navigation/include//motionPlan/motionPlan.h\n'}
[197.562971] (robot_navigation) StdoutLine: {'line': b'-- Up-to-date: /home/zheng/carerobot_slam_ros2/install/robot_navigation/include//utility\n'}
[197.655079] (-) TimerEvent: {}
[197.704913] (robot_navigation) StdoutLine: {'line': b'-- Up-to-date: /home/zheng/carerobot_slam_ros2/install/robot_navigation/include//utility/type.h\n'}
[197.705081] (robot_navigation) StdoutLine: {'line': b'-- Up-to-date: /home/zheng/carerobot_slam_ros2/install/robot_navigation/include//utility/math_function.h\n'}
[197.705168] (robot_navigation) StdoutLine: {'line': b'-- Up-to-date: /home/zheng/carerobot_slam_ros2/install/robot_navigation/include//math_tools\n'}
[197.747075] (robot_navigation) StdoutLine: {'line': b'-- Up-to-date: /home/zheng/carerobot_slam_ros2/install/robot_navigation/include//math_tools/filter.h\n'}
[197.747430] (robot_navigation) StdoutLine: {'line': b'-- Up-to-date: /home/zheng/carerobot_slam_ros2/install/robot_navigation/include//math_tools/curve_fitting.h\n'}
[197.747525] (robot_navigation) StdoutLine: {'line': b'-- Up-to-date: /home/zheng/carerobot_slam_ros2/install/robot_navigation/include//path_optimization\n'}
[197.749057] (robot_navigation) StdoutLine: {'line': b'-- Up-to-date: /home/zheng/carerobot_slam_ros2/install/robot_navigation/include//path_optimization/fast_security.h\n'}
[197.749388] (robot_navigation) StdoutLine: {'line': b'-- Up-to-date: /home/zheng/carerobot_slam_ros2/install/robot_navigation/include//path_optimization/minimum_snap.h\n'}
[197.749572] (robot_navigation) StdoutLine: {'line': b'-- Up-to-date: /home/zheng/carerobot_slam_ros2/install/robot_navigation/include//path_optimization/bspline_optimizer.h\n'}
[197.749680] (robot_navigation) StdoutLine: {'line': b'-- Up-to-date: /home/zheng/carerobot_slam_ros2/install/robot_navigation/include//path_optimization/bezier_curve.h\n'}
[197.749780] (robot_navigation) StdoutLine: {'line': b'-- Up-to-date: /home/zheng/carerobot_slam_ros2/install/robot_navigation/include//path_optimization/corridor_optimizer.h\n'}
[197.749863] (robot_navigation) StdoutLine: {'line': b'-- Up-to-date: /home/zheng/carerobot_slam_ros2/install/robot_navigation/include//path_optimization/non_uniform_bspline.h\n'}
[197.749943] (robot_navigation) StdoutLine: {'line': b'-- Up-to-date: /home/zheng/carerobot_slam_ros2/install/robot_navigation/include//path_optimization/BSpline.h\n'}
[197.750023] (robot_navigation) StdoutLine: {'line': b'-- Up-to-date: /home/zheng/carerobot_slam_ros2/install/robot_navigation/include//path_follow\n'}
[197.750102] (robot_navigation) StdoutLine: {'line': b'-- Up-to-date: /home/zheng/carerobot_slam_ros2/install/robot_navigation/include//path_follow/pid_follow.h\n'}
[197.750182] (robot_navigation) StdoutLine: {'line': b'-- Up-to-date: /home/zheng/carerobot_slam_ros2/install/robot_navigation/include//local_plan\n'}
[197.755435] (-) TimerEvent: {}
[197.855894] (-) TimerEvent: {}
[197.956205] (-) TimerEvent: {}
[198.021211] (robot_navigation) StdoutLine: {'line': b'-- Up-to-date: /home/zheng/carerobot_slam_ros2/install/robot_navigation/include//local_plan/differential_dwa.h\n'}
[198.021435] (robot_navigation) StdoutLine: {'line': b'-- Up-to-date: /home/zheng/carerobot_slam_ros2/install/robot_navigation/share/robot_navigation/config\n'}
[198.025129] (robot_navigation) StdoutLine: {'line': b'-- Up-to-date: /home/zheng/carerobot_slam_ros2/install/robot_navigation/share/robot_navigation/config/dwa_param.yaml\n'}
[198.025332] (robot_navigation) StdoutLine: {'line': b'-- Up-to-date: /home/zheng/carerobot_slam_ros2/install/robot_navigation/share/robot_navigation/config/pid_param.yaml\n'}
[198.025418] (robot_navigation) StdoutLine: {'line': b'-- Up-to-date: /home/zheng/carerobot_slam_ros2/install/robot_navigation/share/robot_navigation/launch\n'}
[198.056295] (-) TimerEvent: {}
[198.156803] (-) TimerEvent: {}
[198.167180] (robot_navigation) StdoutLine: {'line': b'-- Up-to-date: /home/zheng/carerobot_slam_ros2/install/robot_navigation/share/robot_navigation/launch/differential_dwa.launch.py\n'}
[198.167561] (robot_navigation) StdoutLine: {'line': b'-- Up-to-date: /home/zheng/carerobot_slam_ros2/install/robot_navigation/share/robot_navigation/launch/motionPlan.launch.py\n'}
[198.167808] (robot_navigation) StdoutLine: {'line': b'-- Up-to-date: /home/zheng/carerobot_slam_ros2/install/robot_navigation/share/ament_index/resource_index/package_run_dependencies/robot_navigation\n'}
[198.167930] (robot_navigation) StdoutLine: {'line': b'-- Up-to-date: /home/zheng/carerobot_slam_ros2/install/robot_navigation/share/ament_index/resource_index/parent_prefix_path/robot_navigation\n'}
[198.168023] (robot_navigation) StdoutLine: {'line': b'-- Up-to-date: /home/zheng/carerobot_slam_ros2/install/robot_navigation/share/robot_navigation/environment/ament_prefix_path.sh\n'}
[198.168106] (robot_navigation) StdoutLine: {'line': b'-- Up-to-date: /home/zheng/carerobot_slam_ros2/install/robot_navigation/share/robot_navigation/environment/ament_prefix_path.dsv\n'}
[198.168189] (robot_navigation) StdoutLine: {'line': b'-- Up-to-date: /home/zheng/carerobot_slam_ros2/install/robot_navigation/share/robot_navigation/environment/path.sh\n'}
[198.168271] (robot_navigation) StdoutLine: {'line': b'-- Up-to-date: /home/zheng/carerobot_slam_ros2/install/robot_navigation/share/robot_navigation/environment/path.dsv\n'}
[198.168353] (robot_navigation) StdoutLine: {'line': b'-- Up-to-date: /home/zheng/carerobot_slam_ros2/install/robot_navigation/share/robot_navigation/local_setup.bash\n'}
[198.168434] (robot_navigation) StdoutLine: {'line': b'-- Up-to-date: /home/zheng/carerobot_slam_ros2/install/robot_navigation/share/robot_navigation/local_setup.sh\n'}
[198.168553] (robot_navigation) StdoutLine: {'line': b'-- Up-to-date: /home/zheng/carerobot_slam_ros2/install/robot_navigation/share/robot_navigation/local_setup.zsh\n'}
[198.168656] (robot_navigation) StdoutLine: {'line': b'-- Up-to-date: /home/zheng/carerobot_slam_ros2/install/robot_navigation/share/robot_navigation/local_setup.dsv\n'}
[198.168744] (robot_navigation) StdoutLine: {'line': b'-- Installing: /home/zheng/carerobot_slam_ros2/install/robot_navigation/share/robot_navigation/package.dsv\n'}
[198.180294] (robot_navigation) StdoutLine: {'line': b'-- Up-to-date: /home/zheng/carerobot_slam_ros2/install/robot_navigation/share/ament_index/resource_index/packages/robot_navigation\n'}
[198.180569] (robot_navigation) StdoutLine: {'line': b'-- Up-to-date: /home/zheng/carerobot_slam_ros2/install/robot_navigation/share/robot_navigation/cmake/robot_navigationConfig.cmake\n'}
[198.180750] (robot_navigation) StdoutLine: {'line': b'-- Up-to-date: /home/zheng/carerobot_slam_ros2/install/robot_navigation/share/robot_navigation/cmake/robot_navigationConfig-version.cmake\n'}
[198.180850] (robot_navigation) StdoutLine: {'line': b'-- Up-to-date: /home/zheng/carerobot_slam_ros2/install/robot_navigation/share/robot_navigation/package.xml\n'}
[198.182731] (robot_navigation) CommandEnded: {'returncode': 0}
[198.257023] (-) TimerEvent: {}
[198.357292] (-) TimerEvent: {}
[198.457666] (-) TimerEvent: {}
[198.558068] (-) TimerEvent: {}
[198.658343] (-) TimerEvent: {}
[198.758750] (-) TimerEvent: {}
[198.859012] (-) TimerEvent: {}
[198.959299] (-) TimerEvent: {}
[199.059742] (-) TimerEvent: {}
[199.160203] (-) TimerEvent: {}
[199.260579] (-) TimerEvent: {}
[199.361026] (-) TimerEvent: {}
[199.812172] (-) TimerEvent: {}
[199.912649] (-) TimerEvent: {}
[200.012923] (-) TimerEvent: {}
[200.107429] (robot_navigation) JobEnded: {'identifier': 'robot_navigation', 'rc': 0}
[200.108120] (-) EventReactorShutdown: {}
