[0.231s] DEBUG:colcon:Command line arguments: ['/usr/bin/colcon', 'build']
[0.231s] DEBUG:colcon:Parsed command line arguments: Namespace(log_base=None, log_level=None, verb_name='build', build_base='build', install_base='install', merge_install=False, symlink_install=False, test_result_base=None, continue_on_error=False, executor='parallel', parallel_workers=8, event_handlers=None, ignore_user_meta=False, metas=['./colcon.meta'], base_paths=['.'], packages_ignore=None, packages_ignore_regex=None, paths=None, packages_up_to=None, packages_up_to_regex=None, packages_above=None, packages_above_and_dependencies=None, packages_above_depth=None, packages_select_by_dep=None, packages_skip_by_dep=None, packages_skip_up_to=None, packages_select_build_failed=False, packages_skip_build_finished=False, packages_select_test_failures=False, packages_skip_test_passed=False, packages_select=None, packages_skip=None, packages_select_regex=None, packages_skip_regex=None, packages_start=None, packages_end=None, allow_overriding=[], cmake_args=None, cmake_target=None, cmake_target_skip_unavailable=False, cmake_clean_cache=False, cmake_clean_first=False, cmake_force_configure=False, ament_cmake_args=None, catkin_cmake_args=None, catkin_skip_building_tests=False, verb_parser=<colcon_defaults.argument_parser.defaults.DefaultArgumentsDecorator object at 0x7f4b6779f970>, verb_extension=<colcon_core.verb.build.BuildVerb object at 0x7f4b678dd000>, main=<bound method BuildVerb.main of <colcon_core.verb.build.BuildVerb object at 0x7f4b678dd000>>)
[2.582s] Level 1:colcon.colcon_core.package_discovery:discover_packages(colcon_meta) check parameters
[2.582s] Level 1:colcon.colcon_core.package_discovery:discover_packages(recursive) check parameters
[2.582s] Level 1:colcon.colcon_core.package_discovery:discover_packages(ignore) check parameters
[2.582s] Level 1:colcon.colcon_core.package_discovery:discover_packages(path) check parameters
[2.582s] Level 1:colcon.colcon_core.package_discovery:discover_packages(colcon_meta) discover
[2.582s] Level 1:colcon.colcon_core.package_discovery:discover_packages(recursive) discover
[2.583s] INFO:colcon.colcon_core.package_discovery:Crawling recursively for packages in '/home/zheng/carerobot_slam_ros2'
[2.583s] Level 1:colcon.colcon_core.package_identification:_identify(.) by extensions ['ignore', 'ignore_ament_install']
[2.583s] Level 1:colcon.colcon_core.package_identification:_identify(.) by extension 'ignore'
[2.583s] Level 1:colcon.colcon_core.package_identification:_identify(.) by extension 'ignore_ament_install'
[2.583s] Level 1:colcon.colcon_core.package_identification:_identify(.) by extensions ['colcon_pkg']
[2.583s] Level 1:colcon.colcon_core.package_identification:_identify(.) by extension 'colcon_pkg'
[2.583s] Level 1:colcon.colcon_core.package_identification:_identify(.) by extensions ['colcon_meta']
[2.583s] Level 1:colcon.colcon_core.package_identification:_identify(.) by extension 'colcon_meta'
[2.583s] Level 1:colcon.colcon_core.package_identification:_identify(.) by extensions ['ros']
[2.583s] Level 1:colcon.colcon_core.package_identification:_identify(.) by extension 'ros'
[2.613s] Level 1:colcon.colcon_core.package_identification:_identify(.) by extensions ['cmake', 'python']
[2.614s] Level 1:colcon.colcon_core.package_identification:_identify(.) by extension 'cmake'
[2.614s] Level 1:colcon.colcon_core.package_identification:_identify(.) by extension 'python'
[2.614s] Level 1:colcon.colcon_core.package_identification:_identify(.) by extensions ['python_setup_py']
[2.614s] Level 1:colcon.colcon_core.package_identification:_identify(.) by extension 'python_setup_py'
[2.614s] Level 1:colcon.colcon_core.package_identification:_identify(__pycache__) by extensions ['ignore', 'ignore_ament_install']
[2.614s] Level 1:colcon.colcon_core.package_identification:_identify(__pycache__) by extension 'ignore'
[2.614s] Level 1:colcon.colcon_core.package_identification:_identify(__pycache__) by extension 'ignore_ament_install'
[2.614s] Level 1:colcon.colcon_core.package_identification:_identify(__pycache__) by extensions ['colcon_pkg']
[2.614s] Level 1:colcon.colcon_core.package_identification:_identify(__pycache__) by extension 'colcon_pkg'
[2.614s] Level 1:colcon.colcon_core.package_identification:_identify(__pycache__) by extensions ['colcon_meta']
[2.614s] Level 1:colcon.colcon_core.package_identification:_identify(__pycache__) by extension 'colcon_meta'
[2.614s] Level 1:colcon.colcon_core.package_identification:_identify(__pycache__) by extensions ['ros']
[2.614s] Level 1:colcon.colcon_core.package_identification:_identify(__pycache__) by extension 'ros'
[2.614s] Level 1:colcon.colcon_core.package_identification:_identify(__pycache__) by extensions ['cmake', 'python']
[2.614s] Level 1:colcon.colcon_core.package_identification:_identify(__pycache__) by extension 'cmake'
[2.614s] Level 1:colcon.colcon_core.package_identification:_identify(__pycache__) by extension 'python'
[2.614s] Level 1:colcon.colcon_core.package_identification:_identify(__pycache__) by extensions ['python_setup_py']
[2.614s] Level 1:colcon.colcon_core.package_identification:_identify(__pycache__) by extension 'python_setup_py'
[2.614s] Level 1:colcon.colcon_core.package_identification:_identify(build) by extensions ['ignore', 'ignore_ament_install']
[2.614s] Level 1:colcon.colcon_core.package_identification:_identify(build) by extension 'ignore'
[2.615s] Level 1:colcon.colcon_core.package_identification:_identify(build) ignored
[2.615s] Level 1:colcon.colcon_core.package_identification:_identify(install) by extensions ['ignore', 'ignore_ament_install']
[2.615s] Level 1:colcon.colcon_core.package_identification:_identify(install) by extension 'ignore'
[2.615s] Level 1:colcon.colcon_core.package_identification:_identify(install) ignored
[2.615s] Level 1:colcon.colcon_core.package_identification:_identify(log) by extensions ['ignore', 'ignore_ament_install']
[2.615s] Level 1:colcon.colcon_core.package_identification:_identify(log) by extension 'ignore'
[2.615s] Level 1:colcon.colcon_core.package_identification:_identify(log) ignored
[2.615s] Level 1:colcon.colcon_core.package_identification:_identify(src) by extensions ['ignore', 'ignore_ament_install']
[2.615s] Level 1:colcon.colcon_core.package_identification:_identify(src) by extension 'ignore'
[2.615s] Level 1:colcon.colcon_core.package_identification:_identify(src) by extension 'ignore_ament_install'
[2.615s] Level 1:colcon.colcon_core.package_identification:_identify(src) by extensions ['colcon_pkg']
[2.615s] Level 1:colcon.colcon_core.package_identification:_identify(src) by extension 'colcon_pkg'
[2.615s] Level 1:colcon.colcon_core.package_identification:_identify(src) by extensions ['colcon_meta']
[2.615s] Level 1:colcon.colcon_core.package_identification:_identify(src) by extension 'colcon_meta'
[2.615s] Level 1:colcon.colcon_core.package_identification:_identify(src) by extensions ['ros']
[2.615s] Level 1:colcon.colcon_core.package_identification:_identify(src) by extension 'ros'
[2.615s] Level 1:colcon.colcon_core.package_identification:_identify(src) by extensions ['cmake', 'python']
[2.616s] Level 1:colcon.colcon_core.package_identification:_identify(src) by extension 'cmake'
[2.616s] Level 1:colcon.colcon_core.package_identification:_identify(src) by extension 'python'
[2.616s] Level 1:colcon.colcon_core.package_identification:_identify(src) by extensions ['python_setup_py']
[2.616s] Level 1:colcon.colcon_core.package_identification:_identify(src) by extension 'python_setup_py'
[2.616s] Level 1:colcon.colcon_core.package_identification:_identify(src/diff_drive_gazebo) by extensions ['ignore', 'ignore_ament_install']
[2.616s] Level 1:colcon.colcon_core.package_identification:_identify(src/diff_drive_gazebo) by extension 'ignore'
[2.616s] Level 1:colcon.colcon_core.package_identification:_identify(src/diff_drive_gazebo) by extension 'ignore_ament_install'
[2.616s] Level 1:colcon.colcon_core.package_identification:_identify(src/diff_drive_gazebo) by extensions ['colcon_pkg']
[2.616s] Level 1:colcon.colcon_core.package_identification:_identify(src/diff_drive_gazebo) by extension 'colcon_pkg'
[2.616s] Level 1:colcon.colcon_core.package_identification:_identify(src/diff_drive_gazebo) by extensions ['colcon_meta']
[2.616s] Level 1:colcon.colcon_core.package_identification:_identify(src/diff_drive_gazebo) by extension 'colcon_meta'
[2.616s] Level 1:colcon.colcon_core.package_identification:_identify(src/diff_drive_gazebo) by extensions ['ros']
[2.616s] Level 1:colcon.colcon_core.package_identification:_identify(src/diff_drive_gazebo) by extension 'ros'
[2.645s] DEBUG:colcon.colcon_core.package_identification:Package 'src/diff_drive_gazebo' with type 'ros.ament_cmake' and name 'diff_drive_gazebo'
[2.646s] Level 1:colcon.colcon_core.package_identification:_identify(src/explore_lite) by extensions ['ignore', 'ignore_ament_install']
[2.646s] Level 1:colcon.colcon_core.package_identification:_identify(src/explore_lite) by extension 'ignore'
[2.646s] Level 1:colcon.colcon_core.package_identification:_identify(src/explore_lite) by extension 'ignore_ament_install'
[2.646s] Level 1:colcon.colcon_core.package_identification:_identify(src/explore_lite) by extensions ['colcon_pkg']
[2.646s] Level 1:colcon.colcon_core.package_identification:_identify(src/explore_lite) by extension 'colcon_pkg'
[2.646s] Level 1:colcon.colcon_core.package_identification:_identify(src/explore_lite) by extensions ['colcon_meta']
[2.646s] Level 1:colcon.colcon_core.package_identification:_identify(src/explore_lite) by extension 'colcon_meta'
[2.646s] Level 1:colcon.colcon_core.package_identification:_identify(src/explore_lite) by extensions ['ros']
[2.646s] Level 1:colcon.colcon_core.package_identification:_identify(src/explore_lite) by extension 'ros'
[2.657s] DEBUG:colcon.colcon_core.package_identification:Package 'src/explore_lite' with type 'ros.ament_cmake' and name 'explore_lite'
[2.657s] Level 1:colcon.colcon_core.package_identification:_identify(src/keyboard_control) by extensions ['ignore', 'ignore_ament_install']
[2.657s] Level 1:colcon.colcon_core.package_identification:_identify(src/keyboard_control) by extension 'ignore'
[2.657s] Level 1:colcon.colcon_core.package_identification:_identify(src/keyboard_control) by extension 'ignore_ament_install'
[2.657s] Level 1:colcon.colcon_core.package_identification:_identify(src/keyboard_control) by extensions ['colcon_pkg']
[2.658s] Level 1:colcon.colcon_core.package_identification:_identify(src/keyboard_control) by extension 'colcon_pkg'
[2.658s] Level 1:colcon.colcon_core.package_identification:_identify(src/keyboard_control) by extensions ['colcon_meta']
[2.658s] Level 1:colcon.colcon_core.package_identification:_identify(src/keyboard_control) by extension 'colcon_meta'
[2.658s] Level 1:colcon.colcon_core.package_identification:_identify(src/keyboard_control) by extensions ['ros']
[2.658s] Level 1:colcon.colcon_core.package_identification:_identify(src/keyboard_control) by extension 'ros'
[2.673s] DEBUG:colcon.colcon_core.package_identification:Package 'src/keyboard_control' with type 'ros.ament_cmake' and name 'keyboard_control'
[2.673s] Level 1:colcon.colcon_core.package_identification:_identify(src/openslam_gmapping) by extensions ['ignore', 'ignore_ament_install']
[2.673s] Level 1:colcon.colcon_core.package_identification:_identify(src/openslam_gmapping) by extension 'ignore'
[2.673s] Level 1:colcon.colcon_core.package_identification:_identify(src/openslam_gmapping) by extension 'ignore_ament_install'
[2.673s] Level 1:colcon.colcon_core.package_identification:_identify(src/openslam_gmapping) by extensions ['colcon_pkg']
[2.673s] Level 1:colcon.colcon_core.package_identification:_identify(src/openslam_gmapping) by extension 'colcon_pkg'
[2.674s] Level 1:colcon.colcon_core.package_identification:_identify(src/openslam_gmapping) by extensions ['colcon_meta']
[2.674s] Level 1:colcon.colcon_core.package_identification:_identify(src/openslam_gmapping) by extension 'colcon_meta'
[2.674s] Level 1:colcon.colcon_core.package_identification:_identify(src/openslam_gmapping) by extensions ['ros']
[2.674s] Level 1:colcon.colcon_core.package_identification:_identify(src/openslam_gmapping) by extension 'ros'
[2.694s] DEBUG:colcon.colcon_core.package_identification:Package 'src/openslam_gmapping' with type 'ros.ament_cmake' and name 'openslam_gmapping'
[2.695s] Level 1:colcon.colcon_core.package_identification:_identify(src/read_laser_data) by extensions ['ignore', 'ignore_ament_install']
[2.695s] Level 1:colcon.colcon_core.package_identification:_identify(src/read_laser_data) by extension 'ignore'
[2.695s] Level 1:colcon.colcon_core.package_identification:_identify(src/read_laser_data) by extension 'ignore_ament_install'
[2.695s] Level 1:colcon.colcon_core.package_identification:_identify(src/read_laser_data) by extensions ['colcon_pkg']
[2.695s] Level 1:colcon.colcon_core.package_identification:_identify(src/read_laser_data) by extension 'colcon_pkg'
[2.695s] Level 1:colcon.colcon_core.package_identification:_identify(src/read_laser_data) by extensions ['colcon_meta']
[2.695s] Level 1:colcon.colcon_core.package_identification:_identify(src/read_laser_data) by extension 'colcon_meta'
[2.695s] Level 1:colcon.colcon_core.package_identification:_identify(src/read_laser_data) by extensions ['ros']
[2.695s] Level 1:colcon.colcon_core.package_identification:_identify(src/read_laser_data) by extension 'ros'
[2.705s] DEBUG:colcon.colcon_core.package_identification:Package 'src/read_laser_data' with type 'ros.ament_cmake' and name 'read_laser_data'
[2.705s] Level 1:colcon.colcon_core.package_identification:_identify(src/robot_communication) by extensions ['ignore', 'ignore_ament_install']
[2.706s] Level 1:colcon.colcon_core.package_identification:_identify(src/robot_communication) by extension 'ignore'
[2.706s] Level 1:colcon.colcon_core.package_identification:_identify(src/robot_communication) by extension 'ignore_ament_install'
[2.706s] Level 1:colcon.colcon_core.package_identification:_identify(src/robot_communication) by extensions ['colcon_pkg']
[2.706s] Level 1:colcon.colcon_core.package_identification:_identify(src/robot_communication) by extension 'colcon_pkg'
[2.706s] Level 1:colcon.colcon_core.package_identification:_identify(src/robot_communication) by extensions ['colcon_meta']
[2.706s] Level 1:colcon.colcon_core.package_identification:_identify(src/robot_communication) by extension 'colcon_meta'
[2.706s] Level 1:colcon.colcon_core.package_identification:_identify(src/robot_communication) by extensions ['ros']
[2.706s] Level 1:colcon.colcon_core.package_identification:_identify(src/robot_communication) by extension 'ros'
[2.718s] DEBUG:colcon.colcon_core.package_identification:Package 'src/robot_communication' with type 'ros.ament_cmake' and name 'robot_communication'
[2.719s] Level 1:colcon.colcon_core.package_identification:_identify(src/robot_costmap) by extensions ['ignore', 'ignore_ament_install']
[2.719s] Level 1:colcon.colcon_core.package_identification:_identify(src/robot_costmap) by extension 'ignore'
[2.719s] Level 1:colcon.colcon_core.package_identification:_identify(src/robot_costmap) by extension 'ignore_ament_install'
[2.719s] Level 1:colcon.colcon_core.package_identification:_identify(src/robot_costmap) by extensions ['colcon_pkg']
[2.719s] Level 1:colcon.colcon_core.package_identification:_identify(src/robot_costmap) by extension 'colcon_pkg'
[2.719s] Level 1:colcon.colcon_core.package_identification:_identify(src/robot_costmap) by extensions ['colcon_meta']
[2.719s] Level 1:colcon.colcon_core.package_identification:_identify(src/robot_costmap) by extension 'colcon_meta'
[2.719s] Level 1:colcon.colcon_core.package_identification:_identify(src/robot_costmap) by extensions ['ros']
[2.719s] Level 1:colcon.colcon_core.package_identification:_identify(src/robot_costmap) by extension 'ros'
[2.728s] DEBUG:colcon.colcon_core.package_identification:Package 'src/robot_costmap' with type 'ros.ament_cmake' and name 'robot_costmap'
[2.728s] Level 1:colcon.colcon_core.package_identification:_identify(src/robot_navigation) by extensions ['ignore', 'ignore_ament_install']
[2.728s] Level 1:colcon.colcon_core.package_identification:_identify(src/robot_navigation) by extension 'ignore'
[2.728s] Level 1:colcon.colcon_core.package_identification:_identify(src/robot_navigation) by extension 'ignore_ament_install'
[2.728s] Level 1:colcon.colcon_core.package_identification:_identify(src/robot_navigation) by extensions ['colcon_pkg']
[2.728s] Level 1:colcon.colcon_core.package_identification:_identify(src/robot_navigation) by extension 'colcon_pkg'
[2.728s] Level 1:colcon.colcon_core.package_identification:_identify(src/robot_navigation) by extensions ['colcon_meta']
[2.728s] Level 1:colcon.colcon_core.package_identification:_identify(src/robot_navigation) by extension 'colcon_meta'
[2.728s] Level 1:colcon.colcon_core.package_identification:_identify(src/robot_navigation) by extensions ['ros']
[2.728s] Level 1:colcon.colcon_core.package_identification:_identify(src/robot_navigation) by extension 'ros'
[2.739s] DEBUG:colcon.colcon_core.package_identification:Package 'src/robot_navigation' with type 'ros.ament_cmake' and name 'robot_navigation'
[2.740s] Level 1:colcon.colcon_core.package_identification:_identify(src/robot_pid_local_planner) by extensions ['ignore', 'ignore_ament_install']
[2.740s] Level 1:colcon.colcon_core.package_identification:_identify(src/robot_pid_local_planner) by extension 'ignore'
[2.740s] Level 1:colcon.colcon_core.package_identification:_identify(src/robot_pid_local_planner) by extension 'ignore_ament_install'
[2.740s] Level 1:colcon.colcon_core.package_identification:_identify(src/robot_pid_local_planner) by extensions ['colcon_pkg']
[2.740s] Level 1:colcon.colcon_core.package_identification:_identify(src/robot_pid_local_planner) by extension 'colcon_pkg'
[2.740s] Level 1:colcon.colcon_core.package_identification:_identify(src/robot_pid_local_planner) by extensions ['colcon_meta']
[2.740s] Level 1:colcon.colcon_core.package_identification:_identify(src/robot_pid_local_planner) by extension 'colcon_meta'
[2.740s] Level 1:colcon.colcon_core.package_identification:_identify(src/robot_pid_local_planner) by extensions ['ros']
[2.740s] Level 1:colcon.colcon_core.package_identification:_identify(src/robot_pid_local_planner) by extension 'ros'
[2.751s] DEBUG:colcon.colcon_core.package_identification:Package 'src/robot_pid_local_planner' with type 'ros.ament_cmake' and name 'robot_pid_local_planner'
[2.751s] Level 1:colcon.colcon_core.package_identification:_identify(src/slam_gmapping) by extensions ['ignore', 'ignore_ament_install']
[2.751s] Level 1:colcon.colcon_core.package_identification:_identify(src/slam_gmapping) by extension 'ignore'
[2.751s] Level 1:colcon.colcon_core.package_identification:_identify(src/slam_gmapping) by extension 'ignore_ament_install'
[2.751s] Level 1:colcon.colcon_core.package_identification:_identify(src/slam_gmapping) by extensions ['colcon_pkg']
[2.751s] Level 1:colcon.colcon_core.package_identification:_identify(src/slam_gmapping) by extension 'colcon_pkg'
[2.751s] Level 1:colcon.colcon_core.package_identification:_identify(src/slam_gmapping) by extensions ['colcon_meta']
[2.751s] Level 1:colcon.colcon_core.package_identification:_identify(src/slam_gmapping) by extension 'colcon_meta'
[2.752s] Level 1:colcon.colcon_core.package_identification:_identify(src/slam_gmapping) by extensions ['ros']
[2.752s] Level 1:colcon.colcon_core.package_identification:_identify(src/slam_gmapping) by extension 'ros'
[2.753s] DEBUG:colcon.colcon_core.package_identification:Package 'src/slam_gmapping' with type 'ros.ament_cmake' and name 'slam_gmapping'
[2.753s] Level 1:colcon.colcon_core.package_discovery:discover_packages(recursive) using defaults
[2.753s] Level 1:colcon.colcon_core.package_discovery:discover_packages(ignore) discover
[2.753s] Level 1:colcon.colcon_core.package_discovery:discover_packages(ignore) using defaults
[2.753s] Level 1:colcon.colcon_core.package_discovery:discover_packages(path) discover
[2.753s] Level 1:colcon.colcon_core.package_discovery:discover_packages(path) using defaults
[2.866s] Level 1:colcon.colcon_core.package_discovery:discover_packages(prefix_path) check parameters
[2.866s] Level 1:colcon.colcon_core.package_discovery:discover_packages(prefix_path) discover
[2.872s] DEBUG:colcon.colcon_installed_package_information.package_discovery:Found 329 installed packages in /opt/ros/humble
[2.873s] Level 1:colcon.colcon_core.package_discovery:discover_packages(prefix_path) using defaults
[2.928s] Level 5:colcon.colcon_core.verb:set package 'diff_drive_gazebo' build argument 'cmake_args' from command line to 'None'
[2.928s] Level 5:colcon.colcon_core.verb:set package 'diff_drive_gazebo' build argument 'cmake_target' from command line to 'None'
[2.928s] Level 5:colcon.colcon_core.verb:set package 'diff_drive_gazebo' build argument 'cmake_target_skip_unavailable' from command line to 'False'
[2.928s] Level 5:colcon.colcon_core.verb:set package 'diff_drive_gazebo' build argument 'cmake_clean_cache' from command line to 'False'
[2.928s] Level 5:colcon.colcon_core.verb:set package 'diff_drive_gazebo' build argument 'cmake_clean_first' from command line to 'False'
[2.928s] Level 5:colcon.colcon_core.verb:set package 'diff_drive_gazebo' build argument 'cmake_force_configure' from command line to 'False'
[2.928s] Level 5:colcon.colcon_core.verb:set package 'diff_drive_gazebo' build argument 'ament_cmake_args' from command line to 'None'
[2.928s] Level 5:colcon.colcon_core.verb:set package 'diff_drive_gazebo' build argument 'catkin_cmake_args' from command line to 'None'
[2.928s] Level 5:colcon.colcon_core.verb:set package 'diff_drive_gazebo' build argument 'catkin_skip_building_tests' from command line to 'False'
[2.928s] DEBUG:colcon.colcon_core.verb:Building package 'diff_drive_gazebo' with the following arguments: {'ament_cmake_args': None, 'build_base': '/home/zheng/carerobot_slam_ros2/build/diff_drive_gazebo', 'catkin_cmake_args': None, 'catkin_skip_building_tests': False, 'cmake_args': None, 'cmake_clean_cache': False, 'cmake_clean_first': False, 'cmake_force_configure': False, 'cmake_target': None, 'cmake_target_skip_unavailable': False, 'install_base': '/home/zheng/carerobot_slam_ros2/install/diff_drive_gazebo', 'merge_install': False, 'path': '/home/zheng/carerobot_slam_ros2/src/diff_drive_gazebo', 'symlink_install': False, 'test_result_base': None}
[2.928s] Level 5:colcon.colcon_core.verb:set package 'explore_lite' build argument 'cmake_args' from command line to 'None'
[2.928s] Level 5:colcon.colcon_core.verb:set package 'explore_lite' build argument 'cmake_target' from command line to 'None'
[2.928s] Level 5:colcon.colcon_core.verb:set package 'explore_lite' build argument 'cmake_target_skip_unavailable' from command line to 'False'
[2.928s] Level 5:colcon.colcon_core.verb:set package 'explore_lite' build argument 'cmake_clean_cache' from command line to 'False'
[2.928s] Level 5:colcon.colcon_core.verb:set package 'explore_lite' build argument 'cmake_clean_first' from command line to 'False'
[2.928s] Level 5:colcon.colcon_core.verb:set package 'explore_lite' build argument 'cmake_force_configure' from command line to 'False'
[2.928s] Level 5:colcon.colcon_core.verb:set package 'explore_lite' build argument 'ament_cmake_args' from command line to 'None'
[2.929s] Level 5:colcon.colcon_core.verb:set package 'explore_lite' build argument 'catkin_cmake_args' from command line to 'None'
[2.929s] Level 5:colcon.colcon_core.verb:set package 'explore_lite' build argument 'catkin_skip_building_tests' from command line to 'False'
[2.929s] DEBUG:colcon.colcon_core.verb:Building package 'explore_lite' with the following arguments: {'ament_cmake_args': None, 'build_base': '/home/zheng/carerobot_slam_ros2/build/explore_lite', 'catkin_cmake_args': None, 'catkin_skip_building_tests': False, 'cmake_args': None, 'cmake_clean_cache': False, 'cmake_clean_first': False, 'cmake_force_configure': False, 'cmake_target': None, 'cmake_target_skip_unavailable': False, 'install_base': '/home/zheng/carerobot_slam_ros2/install/explore_lite', 'merge_install': False, 'path': '/home/zheng/carerobot_slam_ros2/src/explore_lite', 'symlink_install': False, 'test_result_base': None}
[2.929s] Level 5:colcon.colcon_core.verb:set package 'keyboard_control' build argument 'cmake_args' from command line to 'None'
[2.929s] Level 5:colcon.colcon_core.verb:set package 'keyboard_control' build argument 'cmake_target' from command line to 'None'
[2.929s] Level 5:colcon.colcon_core.verb:set package 'keyboard_control' build argument 'cmake_target_skip_unavailable' from command line to 'False'
[2.929s] Level 5:colcon.colcon_core.verb:set package 'keyboard_control' build argument 'cmake_clean_cache' from command line to 'False'
[2.929s] Level 5:colcon.colcon_core.verb:set package 'keyboard_control' build argument 'cmake_clean_first' from command line to 'False'
[2.929s] Level 5:colcon.colcon_core.verb:set package 'keyboard_control' build argument 'cmake_force_configure' from command line to 'False'
[2.929s] Level 5:colcon.colcon_core.verb:set package 'keyboard_control' build argument 'ament_cmake_args' from command line to 'None'
[2.929s] Level 5:colcon.colcon_core.verb:set package 'keyboard_control' build argument 'catkin_cmake_args' from command line to 'None'
[2.929s] Level 5:colcon.colcon_core.verb:set package 'keyboard_control' build argument 'catkin_skip_building_tests' from command line to 'False'
[2.929s] DEBUG:colcon.colcon_core.verb:Building package 'keyboard_control' with the following arguments: {'ament_cmake_args': None, 'build_base': '/home/zheng/carerobot_slam_ros2/build/keyboard_control', 'catkin_cmake_args': None, 'catkin_skip_building_tests': False, 'cmake_args': None, 'cmake_clean_cache': False, 'cmake_clean_first': False, 'cmake_force_configure': False, 'cmake_target': None, 'cmake_target_skip_unavailable': False, 'install_base': '/home/zheng/carerobot_slam_ros2/install/keyboard_control', 'merge_install': False, 'path': '/home/zheng/carerobot_slam_ros2/src/keyboard_control', 'symlink_install': False, 'test_result_base': None}
[2.929s] Level 5:colcon.colcon_core.verb:set package 'openslam_gmapping' build argument 'cmake_args' from command line to 'None'
[2.929s] Level 5:colcon.colcon_core.verb:set package 'openslam_gmapping' build argument 'cmake_target' from command line to 'None'
[2.929s] Level 5:colcon.colcon_core.verb:set package 'openslam_gmapping' build argument 'cmake_target_skip_unavailable' from command line to 'False'
[2.929s] Level 5:colcon.colcon_core.verb:set package 'openslam_gmapping' build argument 'cmake_clean_cache' from command line to 'False'
[2.929s] Level 5:colcon.colcon_core.verb:set package 'openslam_gmapping' build argument 'cmake_clean_first' from command line to 'False'
[2.929s] Level 5:colcon.colcon_core.verb:set package 'openslam_gmapping' build argument 'cmake_force_configure' from command line to 'False'
[2.930s] Level 5:colcon.colcon_core.verb:set package 'openslam_gmapping' build argument 'ament_cmake_args' from command line to 'None'
[2.930s] Level 5:colcon.colcon_core.verb:set package 'openslam_gmapping' build argument 'catkin_cmake_args' from command line to 'None'
[2.930s] Level 5:colcon.colcon_core.verb:set package 'openslam_gmapping' build argument 'catkin_skip_building_tests' from command line to 'False'
[2.930s] DEBUG:colcon.colcon_core.verb:Building package 'openslam_gmapping' with the following arguments: {'ament_cmake_args': None, 'build_base': '/home/zheng/carerobot_slam_ros2/build/openslam_gmapping', 'catkin_cmake_args': None, 'catkin_skip_building_tests': False, 'cmake_args': None, 'cmake_clean_cache': False, 'cmake_clean_first': False, 'cmake_force_configure': False, 'cmake_target': None, 'cmake_target_skip_unavailable': False, 'install_base': '/home/zheng/carerobot_slam_ros2/install/openslam_gmapping', 'merge_install': False, 'path': '/home/zheng/carerobot_slam_ros2/src/openslam_gmapping', 'symlink_install': False, 'test_result_base': None}
[2.930s] Level 5:colcon.colcon_core.verb:set package 'read_laser_data' build argument 'cmake_args' from command line to 'None'
[2.930s] Level 5:colcon.colcon_core.verb:set package 'read_laser_data' build argument 'cmake_target' from command line to 'None'
[2.930s] Level 5:colcon.colcon_core.verb:set package 'read_laser_data' build argument 'cmake_target_skip_unavailable' from command line to 'False'
[2.930s] Level 5:colcon.colcon_core.verb:set package 'read_laser_data' build argument 'cmake_clean_cache' from command line to 'False'
[2.930s] Level 5:colcon.colcon_core.verb:set package 'read_laser_data' build argument 'cmake_clean_first' from command line to 'False'
[2.930s] Level 5:colcon.colcon_core.verb:set package 'read_laser_data' build argument 'cmake_force_configure' from command line to 'False'
[2.930s] Level 5:colcon.colcon_core.verb:set package 'read_laser_data' build argument 'ament_cmake_args' from command line to 'None'
[2.930s] Level 5:colcon.colcon_core.verb:set package 'read_laser_data' build argument 'catkin_cmake_args' from command line to 'None'
[2.930s] Level 5:colcon.colcon_core.verb:set package 'read_laser_data' build argument 'catkin_skip_building_tests' from command line to 'False'
[2.930s] DEBUG:colcon.colcon_core.verb:Building package 'read_laser_data' with the following arguments: {'ament_cmake_args': None, 'build_base': '/home/zheng/carerobot_slam_ros2/build/read_laser_data', 'catkin_cmake_args': None, 'catkin_skip_building_tests': False, 'cmake_args': None, 'cmake_clean_cache': False, 'cmake_clean_first': False, 'cmake_force_configure': False, 'cmake_target': None, 'cmake_target_skip_unavailable': False, 'install_base': '/home/zheng/carerobot_slam_ros2/install/read_laser_data', 'merge_install': False, 'path': '/home/zheng/carerobot_slam_ros2/src/read_laser_data', 'symlink_install': False, 'test_result_base': None}
[2.930s] Level 5:colcon.colcon_core.verb:set package 'robot_communication' build argument 'cmake_args' from command line to 'None'
[2.931s] Level 5:colcon.colcon_core.verb:set package 'robot_communication' build argument 'cmake_target' from command line to 'None'
[2.931s] Level 5:colcon.colcon_core.verb:set package 'robot_communication' build argument 'cmake_target_skip_unavailable' from command line to 'False'
[2.931s] Level 5:colcon.colcon_core.verb:set package 'robot_communication' build argument 'cmake_clean_cache' from command line to 'False'
[2.931s] Level 5:colcon.colcon_core.verb:set package 'robot_communication' build argument 'cmake_clean_first' from command line to 'False'
[2.931s] Level 5:colcon.colcon_core.verb:set package 'robot_communication' build argument 'cmake_force_configure' from command line to 'False'
[2.931s] Level 5:colcon.colcon_core.verb:set package 'robot_communication' build argument 'ament_cmake_args' from command line to 'None'
[2.931s] Level 5:colcon.colcon_core.verb:set package 'robot_communication' build argument 'catkin_cmake_args' from command line to 'None'
[2.931s] Level 5:colcon.colcon_core.verb:set package 'robot_communication' build argument 'catkin_skip_building_tests' from command line to 'False'
[2.931s] DEBUG:colcon.colcon_core.verb:Building package 'robot_communication' with the following arguments: {'ament_cmake_args': None, 'build_base': '/home/zheng/carerobot_slam_ros2/build/robot_communication', 'catkin_cmake_args': None, 'catkin_skip_building_tests': False, 'cmake_args': None, 'cmake_clean_cache': False, 'cmake_clean_first': False, 'cmake_force_configure': False, 'cmake_target': None, 'cmake_target_skip_unavailable': False, 'install_base': '/home/zheng/carerobot_slam_ros2/install/robot_communication', 'merge_install': False, 'path': '/home/zheng/carerobot_slam_ros2/src/robot_communication', 'symlink_install': False, 'test_result_base': None}
[2.931s] Level 5:colcon.colcon_core.verb:set package 'robot_costmap' build argument 'cmake_args' from command line to 'None'
[2.931s] Level 5:colcon.colcon_core.verb:set package 'robot_costmap' build argument 'cmake_target' from command line to 'None'
[2.931s] Level 5:colcon.colcon_core.verb:set package 'robot_costmap' build argument 'cmake_target_skip_unavailable' from command line to 'False'
[2.931s] Level 5:colcon.colcon_core.verb:set package 'robot_costmap' build argument 'cmake_clean_cache' from command line to 'False'
[2.931s] Level 5:colcon.colcon_core.verb:set package 'robot_costmap' build argument 'cmake_clean_first' from command line to 'False'
[2.931s] Level 5:colcon.colcon_core.verb:set package 'robot_costmap' build argument 'cmake_force_configure' from command line to 'False'
[2.931s] Level 5:colcon.colcon_core.verb:set package 'robot_costmap' build argument 'ament_cmake_args' from command line to 'None'
[2.931s] Level 5:colcon.colcon_core.verb:set package 'robot_costmap' build argument 'catkin_cmake_args' from command line to 'None'
[2.931s] Level 5:colcon.colcon_core.verb:set package 'robot_costmap' build argument 'catkin_skip_building_tests' from command line to 'False'
[2.931s] DEBUG:colcon.colcon_core.verb:Building package 'robot_costmap' with the following arguments: {'ament_cmake_args': None, 'build_base': '/home/zheng/carerobot_slam_ros2/build/robot_costmap', 'catkin_cmake_args': None, 'catkin_skip_building_tests': False, 'cmake_args': None, 'cmake_clean_cache': False, 'cmake_clean_first': False, 'cmake_force_configure': False, 'cmake_target': None, 'cmake_target_skip_unavailable': False, 'install_base': '/home/zheng/carerobot_slam_ros2/install/robot_costmap', 'merge_install': False, 'path': '/home/zheng/carerobot_slam_ros2/src/robot_costmap', 'symlink_install': False, 'test_result_base': None}
[2.931s] Level 5:colcon.colcon_core.verb:set package 'robot_pid_local_planner' build argument 'cmake_args' from command line to 'None'
[2.932s] Level 5:colcon.colcon_core.verb:set package 'robot_pid_local_planner' build argument 'cmake_target' from command line to 'None'
[2.932s] Level 5:colcon.colcon_core.verb:set package 'robot_pid_local_planner' build argument 'cmake_target_skip_unavailable' from command line to 'False'
[2.932s] Level 5:colcon.colcon_core.verb:set package 'robot_pid_local_planner' build argument 'cmake_clean_cache' from command line to 'False'
[2.932s] Level 5:colcon.colcon_core.verb:set package 'robot_pid_local_planner' build argument 'cmake_clean_first' from command line to 'False'
[2.932s] Level 5:colcon.colcon_core.verb:set package 'robot_pid_local_planner' build argument 'cmake_force_configure' from command line to 'False'
[2.932s] Level 5:colcon.colcon_core.verb:set package 'robot_pid_local_planner' build argument 'ament_cmake_args' from command line to 'None'
[2.932s] Level 5:colcon.colcon_core.verb:set package 'robot_pid_local_planner' build argument 'catkin_cmake_args' from command line to 'None'
[2.932s] Level 5:colcon.colcon_core.verb:set package 'robot_pid_local_planner' build argument 'catkin_skip_building_tests' from command line to 'False'
[2.932s] DEBUG:colcon.colcon_core.verb:Building package 'robot_pid_local_planner' with the following arguments: {'ament_cmake_args': None, 'build_base': '/home/zheng/carerobot_slam_ros2/build/robot_pid_local_planner', 'catkin_cmake_args': None, 'catkin_skip_building_tests': False, 'cmake_args': None, 'cmake_clean_cache': False, 'cmake_clean_first': False, 'cmake_force_configure': False, 'cmake_target': None, 'cmake_target_skip_unavailable': False, 'install_base': '/home/zheng/carerobot_slam_ros2/install/robot_pid_local_planner', 'merge_install': False, 'path': '/home/zheng/carerobot_slam_ros2/src/robot_pid_local_planner', 'symlink_install': False, 'test_result_base': None}
[2.932s] Level 5:colcon.colcon_core.verb:set package 'slam_gmapping' build argument 'cmake_args' from command line to 'None'
[2.932s] Level 5:colcon.colcon_core.verb:set package 'slam_gmapping' build argument 'cmake_target' from command line to 'None'
[2.932s] Level 5:colcon.colcon_core.verb:set package 'slam_gmapping' build argument 'cmake_target_skip_unavailable' from command line to 'False'
[2.932s] Level 5:colcon.colcon_core.verb:set package 'slam_gmapping' build argument 'cmake_clean_cache' from command line to 'False'
[2.932s] Level 5:colcon.colcon_core.verb:set package 'slam_gmapping' build argument 'cmake_clean_first' from command line to 'False'
[2.932s] Level 5:colcon.colcon_core.verb:set package 'slam_gmapping' build argument 'cmake_force_configure' from command line to 'False'
[2.932s] Level 5:colcon.colcon_core.verb:set package 'slam_gmapping' build argument 'ament_cmake_args' from command line to 'None'
[2.932s] Level 5:colcon.colcon_core.verb:set package 'slam_gmapping' build argument 'catkin_cmake_args' from command line to 'None'
[2.932s] Level 5:colcon.colcon_core.verb:set package 'slam_gmapping' build argument 'catkin_skip_building_tests' from command line to 'False'
[2.932s] DEBUG:colcon.colcon_core.verb:Building package 'slam_gmapping' with the following arguments: {'ament_cmake_args': None, 'build_base': '/home/zheng/carerobot_slam_ros2/build/slam_gmapping', 'catkin_cmake_args': None, 'catkin_skip_building_tests': False, 'cmake_args': None, 'cmake_clean_cache': False, 'cmake_clean_first': False, 'cmake_force_configure': False, 'cmake_target': None, 'cmake_target_skip_unavailable': False, 'install_base': '/home/zheng/carerobot_slam_ros2/install/slam_gmapping', 'merge_install': False, 'path': '/home/zheng/carerobot_slam_ros2/src/slam_gmapping', 'symlink_install': False, 'test_result_base': None}
[2.933s] Level 5:colcon.colcon_core.verb:set package 'robot_navigation' build argument 'cmake_args' from command line to 'None'
[2.933s] Level 5:colcon.colcon_core.verb:set package 'robot_navigation' build argument 'cmake_target' from command line to 'None'
[2.933s] Level 5:colcon.colcon_core.verb:set package 'robot_navigation' build argument 'cmake_target_skip_unavailable' from command line to 'False'
[2.933s] Level 5:colcon.colcon_core.verb:set package 'robot_navigation' build argument 'cmake_clean_cache' from command line to 'False'
[2.933s] Level 5:colcon.colcon_core.verb:set package 'robot_navigation' build argument 'cmake_clean_first' from command line to 'False'
[2.933s] Level 5:colcon.colcon_core.verb:set package 'robot_navigation' build argument 'cmake_force_configure' from command line to 'False'
[2.933s] Level 5:colcon.colcon_core.verb:set package 'robot_navigation' build argument 'ament_cmake_args' from command line to 'None'
[2.933s] Level 5:colcon.colcon_core.verb:set package 'robot_navigation' build argument 'catkin_cmake_args' from command line to 'None'
[2.933s] Level 5:colcon.colcon_core.verb:set package 'robot_navigation' build argument 'catkin_skip_building_tests' from command line to 'False'
[2.933s] DEBUG:colcon.colcon_core.verb:Building package 'robot_navigation' with the following arguments: {'ament_cmake_args': None, 'build_base': '/home/zheng/carerobot_slam_ros2/build/robot_navigation', 'catkin_cmake_args': None, 'catkin_skip_building_tests': False, 'cmake_args': None, 'cmake_clean_cache': False, 'cmake_clean_first': False, 'cmake_force_configure': False, 'cmake_target': None, 'cmake_target_skip_unavailable': False, 'install_base': '/home/zheng/carerobot_slam_ros2/install/robot_navigation', 'merge_install': False, 'path': '/home/zheng/carerobot_slam_ros2/src/robot_navigation', 'symlink_install': False, 'test_result_base': None}
[2.933s] INFO:colcon.colcon_core.executor:Executing jobs using 'parallel' executor
[2.934s] DEBUG:colcon.colcon_parallel_executor.executor.parallel:run_until_complete
[2.934s] INFO:colcon.colcon_ros.task.ament_cmake.build:Building ROS package in '/home/zheng/carerobot_slam_ros2/src/robot_communication' with build type 'ament_cmake'
[2.934s] INFO:colcon.colcon_cmake.task.cmake.build:Building CMake package in '/home/zheng/carerobot_slam_ros2/src/robot_communication'
[2.938s] INFO:colcon.colcon_core.plugin_system:Skipping extension 'colcon_core.shell.bat': Not used on non-Windows systems
[2.938s] INFO:colcon.colcon_core.shell:Skip shell extension 'powershell' for command environment: Not usable outside of PowerShell
[2.938s] DEBUG:colcon.colcon_core.shell:Skip shell extension 'dsv' for command environment
[2.946s] INFO:colcon.colcon_ros.task.ament_cmake.build:Building ROS package in '/home/zheng/carerobot_slam_ros2/src/openslam_gmapping' with build type 'ament_cmake'
[2.947s] INFO:colcon.colcon_cmake.task.cmake.build:Building CMake package in '/home/zheng/carerobot_slam_ros2/src/openslam_gmapping'
[2.947s] INFO:colcon.colcon_core.shell:Skip shell extension 'powershell' for command environment: Not usable outside of PowerShell
[2.947s] DEBUG:colcon.colcon_core.shell:Skip shell extension 'dsv' for command environment
[2.949s] INFO:colcon.colcon_ros.task.ament_cmake.build:Building ROS package in '/home/zheng/carerobot_slam_ros2/src/diff_drive_gazebo' with build type 'ament_cmake'
[2.950s] INFO:colcon.colcon_cmake.task.cmake.build:Building CMake package in '/home/zheng/carerobot_slam_ros2/src/diff_drive_gazebo'
[2.950s] INFO:colcon.colcon_core.shell:Skip shell extension 'powershell' for command environment: Not usable outside of PowerShell
[2.950s] DEBUG:colcon.colcon_core.shell:Skip shell extension 'dsv' for command environment
[2.952s] INFO:colcon.colcon_ros.task.ament_cmake.build:Building ROS package in '/home/zheng/carerobot_slam_ros2/src/explore_lite' with build type 'ament_cmake'
[2.953s] INFO:colcon.colcon_cmake.task.cmake.build:Building CMake package in '/home/zheng/carerobot_slam_ros2/src/explore_lite'
[2.953s] INFO:colcon.colcon_core.shell:Skip shell extension 'powershell' for command environment: Not usable outside of PowerShell
[2.953s] DEBUG:colcon.colcon_core.shell:Skip shell extension 'dsv' for command environment
[2.957s] INFO:colcon.colcon_ros.task.ament_cmake.build:Building ROS package in '/home/zheng/carerobot_slam_ros2/src/keyboard_control' with build type 'ament_cmake'
[2.957s] INFO:colcon.colcon_cmake.task.cmake.build:Building CMake package in '/home/zheng/carerobot_slam_ros2/src/keyboard_control'
[2.957s] INFO:colcon.colcon_core.shell:Skip shell extension 'powershell' for command environment: Not usable outside of PowerShell
[2.957s] DEBUG:colcon.colcon_core.shell:Skip shell extension 'dsv' for command environment
[2.961s] INFO:colcon.colcon_ros.task.ament_cmake.build:Building ROS package in '/home/zheng/carerobot_slam_ros2/src/read_laser_data' with build type 'ament_cmake'
[2.962s] INFO:colcon.colcon_cmake.task.cmake.build:Building CMake package in '/home/zheng/carerobot_slam_ros2/src/read_laser_data'
[2.962s] INFO:colcon.colcon_core.shell:Skip shell extension 'powershell' for command environment: Not usable outside of PowerShell
[2.962s] DEBUG:colcon.colcon_core.shell:Skip shell extension 'dsv' for command environment
[3.000s] DEBUG:colcon.colcon_core.event_handler.log_command:Invoking command in '/home/zheng/carerobot_slam_ros2/build/robot_communication': CMAKE_PREFIX_PATH=/opt/ros/humble /usr/bin/cmake --build /home/zheng/carerobot_slam_ros2/build/robot_communication -- -j8 -l8
[3.029s] DEBUG:colcon.colcon_core.event_handler.log_command:Invoking command in '/home/zheng/carerobot_slam_ros2/build/openslam_gmapping': CMAKE_PREFIX_PATH=/opt/ros/humble /usr/bin/cmake --build /home/zheng/carerobot_slam_ros2/build/openslam_gmapping -- -j8 -l8
[3.056s] DEBUG:colcon.colcon_core.event_handler.log_command:Invoking command in '/home/zheng/carerobot_slam_ros2/build/diff_drive_gazebo': CMAKE_PREFIX_PATH=/opt/ros/humble /usr/bin/cmake --build /home/zheng/carerobot_slam_ros2/build/diff_drive_gazebo -- -j8 -l8
[3.071s] DEBUG:colcon.colcon_core.event_handler.log_command:Invoking command in '/home/zheng/carerobot_slam_ros2/build/explore_lite': CMAKE_PREFIX_PATH=/opt/ros/humble /usr/bin/cmake --build /home/zheng/carerobot_slam_ros2/build/explore_lite -- -j8 -l8
[3.088s] DEBUG:colcon.colcon_core.event_handler.log_command:Invoking command in '/home/zheng/carerobot_slam_ros2/build/keyboard_control': CMAKE_PREFIX_PATH=/opt/ros/humble /usr/bin/cmake --build /home/zheng/carerobot_slam_ros2/build/keyboard_control -- -j8 -l8
[3.165s] DEBUG:colcon.colcon_core.event_handler.log_command:Invoking command in '/home/zheng/carerobot_slam_ros2/build/read_laser_data': CMAKE_PREFIX_PATH=/opt/ros/humble /usr/bin/cmake --build /home/zheng/carerobot_slam_ros2/build/read_laser_data -- -j8 -l8
[3.531s] DEBUG:colcon.colcon_core.event_handler.log_command:Invoked command in '/home/zheng/carerobot_slam_ros2/build/diff_drive_gazebo' returned '0': CMAKE_PREFIX_PATH=/opt/ros/humble /usr/bin/cmake --build /home/zheng/carerobot_slam_ros2/build/diff_drive_gazebo -- -j8 -l8
[3.554s] DEBUG:colcon.colcon_core.event_handler.log_command:Invoking command in '/home/zheng/carerobot_slam_ros2/build/diff_drive_gazebo': CMAKE_PREFIX_PATH=/opt/ros/humble /usr/bin/cmake --install /home/zheng/carerobot_slam_ros2/build/diff_drive_gazebo
[3.694s] Level 1:colcon.colcon_core.environment:create_environment_scripts_only(diff_drive_gazebo)
[3.697s] DEBUG:colcon.colcon_core.event_handler.log_command:Invoked command in '/home/zheng/carerobot_slam_ros2/build/diff_drive_gazebo' returned '0': CMAKE_PREFIX_PATH=/opt/ros/humble /usr/bin/cmake --install /home/zheng/carerobot_slam_ros2/build/diff_drive_gazebo
[3.718s] Level 1:colcon.colcon_core.environment:checking '/home/zheng/carerobot_slam_ros2/install/diff_drive_gazebo' for CMake module files
[3.718s] Level 1:colcon.colcon_core.environment:checking '/home/zheng/carerobot_slam_ros2/install/diff_drive_gazebo' for CMake config files
[3.719s] Level 1:colcon.colcon_core.shell:create_environment_hook('diff_drive_gazebo', 'cmake_prefix_path')
[3.719s] INFO:colcon.colcon_core.shell:Creating environment hook '/home/zheng/carerobot_slam_ros2/install/diff_drive_gazebo/share/diff_drive_gazebo/hook/cmake_prefix_path.ps1'
[3.753s] INFO:colcon.colcon_core.shell:Creating environment descriptor '/home/zheng/carerobot_slam_ros2/install/diff_drive_gazebo/share/diff_drive_gazebo/hook/cmake_prefix_path.dsv'
[3.754s] INFO:colcon.colcon_core.shell:Creating environment hook '/home/zheng/carerobot_slam_ros2/install/diff_drive_gazebo/share/diff_drive_gazebo/hook/cmake_prefix_path.sh'
[3.755s] Level 1:colcon.colcon_core.environment:checking '/home/zheng/carerobot_slam_ros2/install/diff_drive_gazebo/bin'
[3.755s] Level 1:colcon.colcon_core.environment:checking '/home/zheng/carerobot_slam_ros2/install/diff_drive_gazebo/lib/pkgconfig/diff_drive_gazebo.pc'
[3.756s] Level 1:colcon.colcon_core.environment:checking '/home/zheng/carerobot_slam_ros2/install/diff_drive_gazebo/lib/python3.10/site-packages'
[3.756s] Level 1:colcon.colcon_core.environment:checking '/home/zheng/carerobot_slam_ros2/install/diff_drive_gazebo/bin'
[3.757s] INFO:colcon.colcon_core.shell:Creating package script '/home/zheng/carerobot_slam_ros2/install/diff_drive_gazebo/share/diff_drive_gazebo/package.ps1'
[3.759s] INFO:colcon.colcon_core.shell:Creating package descriptor '/home/zheng/carerobot_slam_ros2/install/diff_drive_gazebo/share/diff_drive_gazebo/package.dsv'
[3.760s] INFO:colcon.colcon_core.shell:Creating package script '/home/zheng/carerobot_slam_ros2/install/diff_drive_gazebo/share/diff_drive_gazebo/package.sh'
[3.761s] INFO:colcon.colcon_core.shell:Creating package script '/home/zheng/carerobot_slam_ros2/install/diff_drive_gazebo/share/diff_drive_gazebo/package.bash'
[3.796s] INFO:colcon.colcon_core.shell:Creating package script '/home/zheng/carerobot_slam_ros2/install/diff_drive_gazebo/share/diff_drive_gazebo/package.zsh'
[3.813s] Level 1:colcon.colcon_core.environment:create_file_with_runtime_dependencies(/home/zheng/carerobot_slam_ros2/install/diff_drive_gazebo/share/colcon-core/packages/diff_drive_gazebo)
[3.814s] Level 1:colcon.colcon_core.environment:create_environment_scripts_only(diff_drive_gazebo)
[3.814s] Level 1:colcon.colcon_core.environment:checking '/home/zheng/carerobot_slam_ros2/install/diff_drive_gazebo' for CMake module files
[3.815s] Level 1:colcon.colcon_core.environment:checking '/home/zheng/carerobot_slam_ros2/install/diff_drive_gazebo' for CMake config files
[3.815s] Level 1:colcon.colcon_core.shell:create_environment_hook('diff_drive_gazebo', 'cmake_prefix_path')
[3.815s] INFO:colcon.colcon_core.shell:Creating environment hook '/home/zheng/carerobot_slam_ros2/install/diff_drive_gazebo/share/diff_drive_gazebo/hook/cmake_prefix_path.ps1'
[3.816s] INFO:colcon.colcon_core.shell:Creating environment descriptor '/home/zheng/carerobot_slam_ros2/install/diff_drive_gazebo/share/diff_drive_gazebo/hook/cmake_prefix_path.dsv'
[3.816s] INFO:colcon.colcon_core.shell:Creating environment hook '/home/zheng/carerobot_slam_ros2/install/diff_drive_gazebo/share/diff_drive_gazebo/hook/cmake_prefix_path.sh'
[3.816s] Level 1:colcon.colcon_core.environment:checking '/home/zheng/carerobot_slam_ros2/install/diff_drive_gazebo/bin'
[3.816s] Level 1:colcon.colcon_core.environment:checking '/home/zheng/carerobot_slam_ros2/install/diff_drive_gazebo/lib/pkgconfig/diff_drive_gazebo.pc'
[3.817s] Level 1:colcon.colcon_core.environment:checking '/home/zheng/carerobot_slam_ros2/install/diff_drive_gazebo/lib/python3.10/site-packages'
[3.817s] Level 1:colcon.colcon_core.environment:checking '/home/zheng/carerobot_slam_ros2/install/diff_drive_gazebo/bin'
[3.817s] INFO:colcon.colcon_core.shell:Creating package script '/home/zheng/carerobot_slam_ros2/install/diff_drive_gazebo/share/diff_drive_gazebo/package.ps1'
[3.818s] INFO:colcon.colcon_core.shell:Creating package descriptor '/home/zheng/carerobot_slam_ros2/install/diff_drive_gazebo/share/diff_drive_gazebo/package.dsv'
[3.818s] INFO:colcon.colcon_core.shell:Creating package script '/home/zheng/carerobot_slam_ros2/install/diff_drive_gazebo/share/diff_drive_gazebo/package.sh'
[3.819s] INFO:colcon.colcon_core.shell:Creating package script '/home/zheng/carerobot_slam_ros2/install/diff_drive_gazebo/share/diff_drive_gazebo/package.bash'
[3.822s] INFO:colcon.colcon_core.shell:Creating package script '/home/zheng/carerobot_slam_ros2/install/diff_drive_gazebo/share/diff_drive_gazebo/package.zsh'
[3.822s] Level 1:colcon.colcon_core.environment:create_file_with_runtime_dependencies(/home/zheng/carerobot_slam_ros2/install/diff_drive_gazebo/share/colcon-core/packages/diff_drive_gazebo)
[3.825s] DEBUG:colcon.colcon_core.event_handler.log_command:Invoked command in '/home/zheng/carerobot_slam_ros2/build/keyboard_control' returned '0': CMAKE_PREFIX_PATH=/opt/ros/humble /usr/bin/cmake --build /home/zheng/carerobot_slam_ros2/build/keyboard_control -- -j8 -l8
[3.827s] DEBUG:colcon.colcon_core.event_handler.log_command:Invoking command in '/home/zheng/carerobot_slam_ros2/build/keyboard_control': CMAKE_PREFIX_PATH=/opt/ros/humble /usr/bin/cmake --install /home/zheng/carerobot_slam_ros2/build/keyboard_control
[3.849s] DEBUG:colcon.colcon_core.event_handler.log_command:Invoked command in '/home/zheng/carerobot_slam_ros2/build/explore_lite' returned '0': CMAKE_PREFIX_PATH=/opt/ros/humble /usr/bin/cmake --build /home/zheng/carerobot_slam_ros2/build/explore_lite -- -j8 -l8
[3.887s] DEBUG:colcon.colcon_core.event_handler.log_command:Invoking command in '/home/zheng/carerobot_slam_ros2/build/explore_lite': CMAKE_PREFIX_PATH=/opt/ros/humble /usr/bin/cmake --install /home/zheng/carerobot_slam_ros2/build/explore_lite
[3.889s] DEBUG:colcon.colcon_core.event_handler.log_command:Invoked command in '/home/zheng/carerobot_slam_ros2/build/read_laser_data' returned '0': CMAKE_PREFIX_PATH=/opt/ros/humble /usr/bin/cmake --build /home/zheng/carerobot_slam_ros2/build/read_laser_data -- -j8 -l8
[3.958s] DEBUG:colcon.colcon_core.event_handler.log_command:Invoking command in '/home/zheng/carerobot_slam_ros2/build/read_laser_data': CMAKE_PREFIX_PATH=/opt/ros/humble /usr/bin/cmake --install /home/zheng/carerobot_slam_ros2/build/read_laser_data
[3.959s] Level 1:colcon.colcon_core.environment:create_environment_scripts_only(keyboard_control)
[3.960s] Level 1:colcon.colcon_core.environment:checking '/home/zheng/carerobot_slam_ros2/install/keyboard_control' for CMake module files
[3.961s] DEBUG:colcon.colcon_core.event_handler.log_command:Invoked command in '/home/zheng/carerobot_slam_ros2/build/keyboard_control' returned '0': CMAKE_PREFIX_PATH=/opt/ros/humble /usr/bin/cmake --install /home/zheng/carerobot_slam_ros2/build/keyboard_control
[3.961s] Level 1:colcon.colcon_core.environment:checking '/home/zheng/carerobot_slam_ros2/install/keyboard_control' for CMake config files
[3.962s] Level 1:colcon.colcon_core.shell:create_environment_hook('keyboard_control', 'cmake_prefix_path')
[3.962s] INFO:colcon.colcon_core.shell:Creating environment hook '/home/zheng/carerobot_slam_ros2/install/keyboard_control/share/keyboard_control/hook/cmake_prefix_path.ps1'
[3.963s] INFO:colcon.colcon_core.shell:Creating environment descriptor '/home/zheng/carerobot_slam_ros2/install/keyboard_control/share/keyboard_control/hook/cmake_prefix_path.dsv'
[3.963s] INFO:colcon.colcon_core.shell:Creating environment hook '/home/zheng/carerobot_slam_ros2/install/keyboard_control/share/keyboard_control/hook/cmake_prefix_path.sh'
[3.964s] Level 1:colcon.colcon_core.environment:checking '/home/zheng/carerobot_slam_ros2/install/keyboard_control/lib'
[3.965s] Level 1:colcon.colcon_core.environment:checking '/home/zheng/carerobot_slam_ros2/install/keyboard_control/bin'
[3.965s] Level 1:colcon.colcon_core.environment:checking '/home/zheng/carerobot_slam_ros2/install/keyboard_control/lib/pkgconfig/keyboard_control.pc'
[3.965s] Level 1:colcon.colcon_core.environment:checking '/home/zheng/carerobot_slam_ros2/install/keyboard_control/lib/python3.10/site-packages'
[3.966s] Level 1:colcon.colcon_core.environment:checking '/home/zheng/carerobot_slam_ros2/install/keyboard_control/bin'
[3.966s] INFO:colcon.colcon_core.shell:Creating package script '/home/zheng/carerobot_slam_ros2/install/keyboard_control/share/keyboard_control/package.ps1'
[3.967s] INFO:colcon.colcon_core.shell:Creating package descriptor '/home/zheng/carerobot_slam_ros2/install/keyboard_control/share/keyboard_control/package.dsv'
[3.968s] INFO:colcon.colcon_core.shell:Creating package script '/home/zheng/carerobot_slam_ros2/install/keyboard_control/share/keyboard_control/package.sh'
[3.968s] INFO:colcon.colcon_core.shell:Creating package script '/home/zheng/carerobot_slam_ros2/install/keyboard_control/share/keyboard_control/package.bash'
[3.969s] INFO:colcon.colcon_core.shell:Creating package script '/home/zheng/carerobot_slam_ros2/install/keyboard_control/share/keyboard_control/package.zsh'
[3.969s] Level 1:colcon.colcon_core.environment:create_file_with_runtime_dependencies(/home/zheng/carerobot_slam_ros2/install/keyboard_control/share/colcon-core/packages/keyboard_control)
[3.970s] Level 1:colcon.colcon_core.environment:create_environment_scripts_only(keyboard_control)
[3.970s] Level 1:colcon.colcon_core.environment:checking '/home/zheng/carerobot_slam_ros2/install/keyboard_control' for CMake module files
[3.971s] Level 1:colcon.colcon_core.environment:checking '/home/zheng/carerobot_slam_ros2/install/keyboard_control' for CMake config files
[3.971s] Level 1:colcon.colcon_core.shell:create_environment_hook('keyboard_control', 'cmake_prefix_path')
[3.972s] INFO:colcon.colcon_core.shell:Creating environment hook '/home/zheng/carerobot_slam_ros2/install/keyboard_control/share/keyboard_control/hook/cmake_prefix_path.ps1'
[3.973s] INFO:colcon.colcon_core.shell:Creating environment descriptor '/home/zheng/carerobot_slam_ros2/install/keyboard_control/share/keyboard_control/hook/cmake_prefix_path.dsv'
[3.974s] INFO:colcon.colcon_core.shell:Creating environment hook '/home/zheng/carerobot_slam_ros2/install/keyboard_control/share/keyboard_control/hook/cmake_prefix_path.sh'
[3.976s] Level 1:colcon.colcon_core.environment:checking '/home/zheng/carerobot_slam_ros2/install/keyboard_control/lib'
[3.976s] Level 1:colcon.colcon_core.environment:checking '/home/zheng/carerobot_slam_ros2/install/keyboard_control/bin'
[3.976s] Level 1:colcon.colcon_core.environment:checking '/home/zheng/carerobot_slam_ros2/install/keyboard_control/lib/pkgconfig/keyboard_control.pc'
[3.977s] Level 1:colcon.colcon_core.environment:checking '/home/zheng/carerobot_slam_ros2/install/keyboard_control/lib/python3.10/site-packages'
[3.977s] Level 1:colcon.colcon_core.environment:checking '/home/zheng/carerobot_slam_ros2/install/keyboard_control/bin'
[3.977s] INFO:colcon.colcon_core.shell:Creating package script '/home/zheng/carerobot_slam_ros2/install/keyboard_control/share/keyboard_control/package.ps1'
[3.978s] INFO:colcon.colcon_core.shell:Creating package descriptor '/home/zheng/carerobot_slam_ros2/install/keyboard_control/share/keyboard_control/package.dsv'
[3.979s] INFO:colcon.colcon_core.shell:Creating package script '/home/zheng/carerobot_slam_ros2/install/keyboard_control/share/keyboard_control/package.sh'
[3.979s] INFO:colcon.colcon_core.shell:Creating package script '/home/zheng/carerobot_slam_ros2/install/keyboard_control/share/keyboard_control/package.bash'
[3.983s] INFO:colcon.colcon_core.shell:Creating package script '/home/zheng/carerobot_slam_ros2/install/keyboard_control/share/keyboard_control/package.zsh'
[3.984s] Level 1:colcon.colcon_core.environment:create_file_with_runtime_dependencies(/home/zheng/carerobot_slam_ros2/install/keyboard_control/share/colcon-core/packages/keyboard_control)
[4.013s] Level 1:colcon.colcon_core.environment:create_environment_scripts_only(explore_lite)
[4.013s] Level 1:colcon.colcon_core.environment:checking '/home/zheng/carerobot_slam_ros2/install/explore_lite' for CMake module files
[4.014s] DEBUG:colcon.colcon_core.event_handler.log_command:Invoked command in '/home/zheng/carerobot_slam_ros2/build/explore_lite' returned '0': CMAKE_PREFIX_PATH=/opt/ros/humble /usr/bin/cmake --install /home/zheng/carerobot_slam_ros2/build/explore_lite
[4.015s] Level 1:colcon.colcon_core.environment:checking '/home/zheng/carerobot_slam_ros2/install/explore_lite' for CMake config files
[4.015s] Level 1:colcon.colcon_core.shell:create_environment_hook('explore_lite', 'cmake_prefix_path')
[4.016s] INFO:colcon.colcon_core.shell:Creating environment hook '/home/zheng/carerobot_slam_ros2/install/explore_lite/share/explore_lite/hook/cmake_prefix_path.ps1'
[4.016s] INFO:colcon.colcon_core.shell:Creating environment descriptor '/home/zheng/carerobot_slam_ros2/install/explore_lite/share/explore_lite/hook/cmake_prefix_path.dsv'
[4.017s] INFO:colcon.colcon_core.shell:Creating environment hook '/home/zheng/carerobot_slam_ros2/install/explore_lite/share/explore_lite/hook/cmake_prefix_path.sh'
[4.017s] Level 1:colcon.colcon_core.environment:checking '/home/zheng/carerobot_slam_ros2/install/explore_lite/lib'
[4.018s] Level 1:colcon.colcon_core.environment:checking '/home/zheng/carerobot_slam_ros2/install/explore_lite/bin'
[4.018s] Level 1:colcon.colcon_core.environment:checking '/home/zheng/carerobot_slam_ros2/install/explore_lite/lib/pkgconfig/explore_lite.pc'
[4.018s] Level 1:colcon.colcon_core.environment:checking '/home/zheng/carerobot_slam_ros2/install/explore_lite/lib/python3.10/site-packages'
[4.019s] Level 1:colcon.colcon_core.environment:checking '/home/zheng/carerobot_slam_ros2/install/explore_lite/bin'
[4.019s] INFO:colcon.colcon_core.shell:Creating package script '/home/zheng/carerobot_slam_ros2/install/explore_lite/share/explore_lite/package.ps1'
[4.020s] INFO:colcon.colcon_core.shell:Creating package descriptor '/home/zheng/carerobot_slam_ros2/install/explore_lite/share/explore_lite/package.dsv'
[4.021s] INFO:colcon.colcon_core.shell:Creating package script '/home/zheng/carerobot_slam_ros2/install/explore_lite/share/explore_lite/package.sh'
[4.021s] INFO:colcon.colcon_core.shell:Creating package script '/home/zheng/carerobot_slam_ros2/install/explore_lite/share/explore_lite/package.bash'
[4.022s] INFO:colcon.colcon_core.shell:Creating package script '/home/zheng/carerobot_slam_ros2/install/explore_lite/share/explore_lite/package.zsh'
[4.023s] Level 1:colcon.colcon_core.environment:create_file_with_runtime_dependencies(/home/zheng/carerobot_slam_ros2/install/explore_lite/share/colcon-core/packages/explore_lite)
[4.025s] Level 1:colcon.colcon_core.environment:create_environment_scripts_only(explore_lite)
[4.026s] Level 1:colcon.colcon_core.environment:checking '/home/zheng/carerobot_slam_ros2/install/explore_lite' for CMake module files
[4.027s] Level 1:colcon.colcon_core.environment:checking '/home/zheng/carerobot_slam_ros2/install/explore_lite' for CMake config files
[4.028s] Level 1:colcon.colcon_core.shell:create_environment_hook('explore_lite', 'cmake_prefix_path')
[4.028s] INFO:colcon.colcon_core.shell:Creating environment hook '/home/zheng/carerobot_slam_ros2/install/explore_lite/share/explore_lite/hook/cmake_prefix_path.ps1'
[4.030s] INFO:colcon.colcon_core.shell:Creating environment descriptor '/home/zheng/carerobot_slam_ros2/install/explore_lite/share/explore_lite/hook/cmake_prefix_path.dsv'
[4.031s] INFO:colcon.colcon_core.shell:Creating environment hook '/home/zheng/carerobot_slam_ros2/install/explore_lite/share/explore_lite/hook/cmake_prefix_path.sh'
[4.032s] Level 1:colcon.colcon_core.environment:checking '/home/zheng/carerobot_slam_ros2/install/explore_lite/lib'
[4.032s] Level 1:colcon.colcon_core.environment:checking '/home/zheng/carerobot_slam_ros2/install/explore_lite/bin'
[4.032s] Level 1:colcon.colcon_core.environment:checking '/home/zheng/carerobot_slam_ros2/install/explore_lite/lib/pkgconfig/explore_lite.pc'
[4.033s] Level 1:colcon.colcon_core.environment:checking '/home/zheng/carerobot_slam_ros2/install/explore_lite/lib/python3.10/site-packages'
[4.033s] Level 1:colcon.colcon_core.environment:checking '/home/zheng/carerobot_slam_ros2/install/explore_lite/bin'
[4.034s] INFO:colcon.colcon_core.shell:Creating package script '/home/zheng/carerobot_slam_ros2/install/explore_lite/share/explore_lite/package.ps1'
[4.034s] INFO:colcon.colcon_core.shell:Creating package descriptor '/home/zheng/carerobot_slam_ros2/install/explore_lite/share/explore_lite/package.dsv'
[4.035s] INFO:colcon.colcon_core.shell:Creating package script '/home/zheng/carerobot_slam_ros2/install/explore_lite/share/explore_lite/package.sh'
[4.035s] INFO:colcon.colcon_core.shell:Creating package script '/home/zheng/carerobot_slam_ros2/install/explore_lite/share/explore_lite/package.bash'
[4.036s] INFO:colcon.colcon_core.shell:Creating package script '/home/zheng/carerobot_slam_ros2/install/explore_lite/share/explore_lite/package.zsh'
[4.037s] Level 1:colcon.colcon_core.environment:create_file_with_runtime_dependencies(/home/zheng/carerobot_slam_ros2/install/explore_lite/share/colcon-core/packages/explore_lite)
[4.038s] Level 1:colcon.colcon_core.environment:create_environment_scripts_only(read_laser_data)
[4.039s] Level 1:colcon.colcon_core.environment:checking '/home/zheng/carerobot_slam_ros2/install/read_laser_data' for CMake module files
[4.040s] DEBUG:colcon.colcon_core.event_handler.log_command:Invoked command in '/home/zheng/carerobot_slam_ros2/build/read_laser_data' returned '0': CMAKE_PREFIX_PATH=/opt/ros/humble /usr/bin/cmake --install /home/zheng/carerobot_slam_ros2/build/read_laser_data
[4.040s] Level 1:colcon.colcon_core.environment:checking '/home/zheng/carerobot_slam_ros2/install/read_laser_data' for CMake config files
[4.041s] Level 1:colcon.colcon_core.shell:create_environment_hook('read_laser_data', 'cmake_prefix_path')
[4.042s] INFO:colcon.colcon_core.shell:Creating environment hook '/home/zheng/carerobot_slam_ros2/install/read_laser_data/share/read_laser_data/hook/cmake_prefix_path.ps1'
[4.044s] INFO:colcon.colcon_core.shell:Creating environment descriptor '/home/zheng/carerobot_slam_ros2/install/read_laser_data/share/read_laser_data/hook/cmake_prefix_path.dsv'
[4.045s] INFO:colcon.colcon_core.shell:Creating environment hook '/home/zheng/carerobot_slam_ros2/install/read_laser_data/share/read_laser_data/hook/cmake_prefix_path.sh'
[4.046s] Level 1:colcon.colcon_core.environment:checking '/home/zheng/carerobot_slam_ros2/install/read_laser_data/lib'
[4.046s] Level 1:colcon.colcon_core.environment:checking '/home/zheng/carerobot_slam_ros2/install/read_laser_data/bin'
[4.046s] Level 1:colcon.colcon_core.environment:checking '/home/zheng/carerobot_slam_ros2/install/read_laser_data/lib/pkgconfig/read_laser_data.pc'
[4.047s] Level 1:colcon.colcon_core.environment:checking '/home/zheng/carerobot_slam_ros2/install/read_laser_data/lib/python3.10/site-packages'
[4.047s] Level 1:colcon.colcon_core.environment:checking '/home/zheng/carerobot_slam_ros2/install/read_laser_data/bin'
[4.048s] INFO:colcon.colcon_core.shell:Creating package script '/home/zheng/carerobot_slam_ros2/install/read_laser_data/share/read_laser_data/package.ps1'
[4.049s] INFO:colcon.colcon_core.shell:Creating package descriptor '/home/zheng/carerobot_slam_ros2/install/read_laser_data/share/read_laser_data/package.dsv'
[4.049s] INFO:colcon.colcon_core.shell:Creating package script '/home/zheng/carerobot_slam_ros2/install/read_laser_data/share/read_laser_data/package.sh'
[4.050s] INFO:colcon.colcon_core.shell:Creating package script '/home/zheng/carerobot_slam_ros2/install/read_laser_data/share/read_laser_data/package.bash'
[4.050s] INFO:colcon.colcon_core.shell:Creating package script '/home/zheng/carerobot_slam_ros2/install/read_laser_data/share/read_laser_data/package.zsh'
[4.051s] Level 1:colcon.colcon_core.environment:create_file_with_runtime_dependencies(/home/zheng/carerobot_slam_ros2/install/read_laser_data/share/colcon-core/packages/read_laser_data)
[4.052s] Level 1:colcon.colcon_core.environment:create_environment_scripts_only(read_laser_data)
[4.052s] Level 1:colcon.colcon_core.environment:checking '/home/zheng/carerobot_slam_ros2/install/read_laser_data' for CMake module files
[4.053s] Level 1:colcon.colcon_core.environment:checking '/home/zheng/carerobot_slam_ros2/install/read_laser_data' for CMake config files
[4.053s] Level 1:colcon.colcon_core.shell:create_environment_hook('read_laser_data', 'cmake_prefix_path')
[4.054s] INFO:colcon.colcon_core.shell:Creating environment hook '/home/zheng/carerobot_slam_ros2/install/read_laser_data/share/read_laser_data/hook/cmake_prefix_path.ps1'
[4.054s] INFO:colcon.colcon_core.shell:Creating environment descriptor '/home/zheng/carerobot_slam_ros2/install/read_laser_data/share/read_laser_data/hook/cmake_prefix_path.dsv'
[4.055s] INFO:colcon.colcon_core.shell:Creating environment hook '/home/zheng/carerobot_slam_ros2/install/read_laser_data/share/read_laser_data/hook/cmake_prefix_path.sh'
[4.055s] Level 1:colcon.colcon_core.environment:checking '/home/zheng/carerobot_slam_ros2/install/read_laser_data/lib'
[4.056s] Level 1:colcon.colcon_core.environment:checking '/home/zheng/carerobot_slam_ros2/install/read_laser_data/bin'
[4.056s] Level 1:colcon.colcon_core.environment:checking '/home/zheng/carerobot_slam_ros2/install/read_laser_data/lib/pkgconfig/read_laser_data.pc'
[4.056s] Level 1:colcon.colcon_core.environment:checking '/home/zheng/carerobot_slam_ros2/install/read_laser_data/lib/python3.10/site-packages'
[4.057s] Level 1:colcon.colcon_core.environment:checking '/home/zheng/carerobot_slam_ros2/install/read_laser_data/bin'
[4.057s] INFO:colcon.colcon_core.shell:Creating package script '/home/zheng/carerobot_slam_ros2/install/read_laser_data/share/read_laser_data/package.ps1'
[4.059s] INFO:colcon.colcon_core.shell:Creating package descriptor '/home/zheng/carerobot_slam_ros2/install/read_laser_data/share/read_laser_data/package.dsv'
[4.061s] INFO:colcon.colcon_core.shell:Creating package script '/home/zheng/carerobot_slam_ros2/install/read_laser_data/share/read_laser_data/package.sh'
[4.063s] INFO:colcon.colcon_core.shell:Creating package script '/home/zheng/carerobot_slam_ros2/install/read_laser_data/share/read_laser_data/package.bash'
[4.063s] INFO:colcon.colcon_core.shell:Creating package script '/home/zheng/carerobot_slam_ros2/install/read_laser_data/share/read_laser_data/package.zsh'
[4.064s] Level 1:colcon.colcon_core.environment:create_file_with_runtime_dependencies(/home/zheng/carerobot_slam_ros2/install/read_laser_data/share/colcon-core/packages/read_laser_data)
[4.107s] DEBUG:colcon.colcon_core.event_handler.log_command:Invoked command in '/home/zheng/carerobot_slam_ros2/build/openslam_gmapping' returned '0': CMAKE_PREFIX_PATH=/opt/ros/humble /usr/bin/cmake --build /home/zheng/carerobot_slam_ros2/build/openslam_gmapping -- -j8 -l8
[4.119s] DEBUG:colcon.colcon_core.event_handler.log_command:Invoking command in '/home/zheng/carerobot_slam_ros2/build/openslam_gmapping': CMAKE_PREFIX_PATH=/opt/ros/humble /usr/bin/cmake --install /home/zheng/carerobot_slam_ros2/build/openslam_gmapping
[4.184s] Level 1:colcon.colcon_core.environment:create_environment_scripts_only(openslam_gmapping)
[4.184s] Level 1:colcon.colcon_core.environment:checking '/home/zheng/carerobot_slam_ros2/install/openslam_gmapping' for CMake module files
[4.185s] Level 1:colcon.colcon_core.environment:checking '/home/zheng/carerobot_slam_ros2/install/openslam_gmapping' for CMake config files
[4.185s] Level 1:colcon.colcon_core.shell:create_environment_hook('openslam_gmapping', 'cmake_prefix_path')
[4.186s] INFO:colcon.colcon_core.shell:Creating environment hook '/home/zheng/carerobot_slam_ros2/install/openslam_gmapping/share/openslam_gmapping/hook/cmake_prefix_path.ps1'
[4.186s] INFO:colcon.colcon_core.shell:Creating environment descriptor '/home/zheng/carerobot_slam_ros2/install/openslam_gmapping/share/openslam_gmapping/hook/cmake_prefix_path.dsv'
[4.187s] DEBUG:colcon.colcon_core.event_handler.log_command:Invoked command in '/home/zheng/carerobot_slam_ros2/build/openslam_gmapping' returned '0': CMAKE_PREFIX_PATH=/opt/ros/humble /usr/bin/cmake --install /home/zheng/carerobot_slam_ros2/build/openslam_gmapping
[4.188s] INFO:colcon.colcon_core.shell:Creating environment hook '/home/zheng/carerobot_slam_ros2/install/openslam_gmapping/share/openslam_gmapping/hook/cmake_prefix_path.sh'
[4.189s] Level 1:colcon.colcon_core.environment:checking '/home/zheng/carerobot_slam_ros2/install/openslam_gmapping/lib'
[4.189s] Level 1:colcon.colcon_core.environment:checking '/home/zheng/carerobot_slam_ros2/install/openslam_gmapping/bin'
[4.189s] Level 1:colcon.colcon_core.environment:checking '/home/zheng/carerobot_slam_ros2/install/openslam_gmapping/lib/pkgconfig/openslam_gmapping.pc'
[4.190s] Level 1:colcon.colcon_core.environment:checking '/home/zheng/carerobot_slam_ros2/install/openslam_gmapping/lib/python3.10/site-packages'
[4.190s] Level 1:colcon.colcon_core.environment:checking '/home/zheng/carerobot_slam_ros2/install/openslam_gmapping/bin'
[4.193s] INFO:colcon.colcon_core.shell:Creating package script '/home/zheng/carerobot_slam_ros2/install/openslam_gmapping/share/openslam_gmapping/package.ps1'
[4.194s] INFO:colcon.colcon_core.shell:Creating package descriptor '/home/zheng/carerobot_slam_ros2/install/openslam_gmapping/share/openslam_gmapping/package.dsv'
[4.197s] INFO:colcon.colcon_core.shell:Creating package script '/home/zheng/carerobot_slam_ros2/install/openslam_gmapping/share/openslam_gmapping/package.sh'
[4.198s] INFO:colcon.colcon_core.shell:Creating package script '/home/zheng/carerobot_slam_ros2/install/openslam_gmapping/share/openslam_gmapping/package.bash'
[4.198s] INFO:colcon.colcon_core.shell:Creating package script '/home/zheng/carerobot_slam_ros2/install/openslam_gmapping/share/openslam_gmapping/package.zsh'
[4.200s] Level 1:colcon.colcon_core.environment:create_file_with_runtime_dependencies(/home/zheng/carerobot_slam_ros2/install/openslam_gmapping/share/colcon-core/packages/openslam_gmapping)
[4.201s] Level 1:colcon.colcon_core.environment:create_environment_scripts_only(openslam_gmapping)
[4.201s] Level 1:colcon.colcon_core.environment:checking '/home/zheng/carerobot_slam_ros2/install/openslam_gmapping' for CMake module files
[4.201s] Level 1:colcon.colcon_core.environment:checking '/home/zheng/carerobot_slam_ros2/install/openslam_gmapping' for CMake config files
[4.202s] Level 1:colcon.colcon_core.shell:create_environment_hook('openslam_gmapping', 'cmake_prefix_path')
[4.202s] INFO:colcon.colcon_core.shell:Creating environment hook '/home/zheng/carerobot_slam_ros2/install/openslam_gmapping/share/openslam_gmapping/hook/cmake_prefix_path.ps1'
[4.205s] INFO:colcon.colcon_core.shell:Creating environment descriptor '/home/zheng/carerobot_slam_ros2/install/openslam_gmapping/share/openslam_gmapping/hook/cmake_prefix_path.dsv'
[4.206s] INFO:colcon.colcon_core.shell:Creating environment hook '/home/zheng/carerobot_slam_ros2/install/openslam_gmapping/share/openslam_gmapping/hook/cmake_prefix_path.sh'
[4.206s] Level 1:colcon.colcon_core.environment:checking '/home/zheng/carerobot_slam_ros2/install/openslam_gmapping/lib'
[4.207s] Level 1:colcon.colcon_core.environment:checking '/home/zheng/carerobot_slam_ros2/install/openslam_gmapping/bin'
[4.208s] Level 1:colcon.colcon_core.environment:checking '/home/zheng/carerobot_slam_ros2/install/openslam_gmapping/lib/pkgconfig/openslam_gmapping.pc'
[4.208s] Level 1:colcon.colcon_core.environment:checking '/home/zheng/carerobot_slam_ros2/install/openslam_gmapping/lib/python3.10/site-packages'
[4.211s] Level 1:colcon.colcon_core.environment:checking '/home/zheng/carerobot_slam_ros2/install/openslam_gmapping/bin'
[4.212s] INFO:colcon.colcon_core.shell:Creating package script '/home/zheng/carerobot_slam_ros2/install/openslam_gmapping/share/openslam_gmapping/package.ps1'
[4.213s] INFO:colcon.colcon_core.shell:Creating package descriptor '/home/zheng/carerobot_slam_ros2/install/openslam_gmapping/share/openslam_gmapping/package.dsv'
[4.214s] INFO:colcon.colcon_core.shell:Creating package script '/home/zheng/carerobot_slam_ros2/install/openslam_gmapping/share/openslam_gmapping/package.sh'
[4.215s] INFO:colcon.colcon_core.shell:Creating package script '/home/zheng/carerobot_slam_ros2/install/openslam_gmapping/share/openslam_gmapping/package.bash'
[4.215s] INFO:colcon.colcon_core.shell:Creating package script '/home/zheng/carerobot_slam_ros2/install/openslam_gmapping/share/openslam_gmapping/package.zsh'
[4.216s] Level 1:colcon.colcon_core.environment:create_file_with_runtime_dependencies(/home/zheng/carerobot_slam_ros2/install/openslam_gmapping/share/colcon-core/packages/openslam_gmapping)
[4.217s] INFO:colcon.colcon_ros.task.ament_cmake.build:Building ROS package in '/home/zheng/carerobot_slam_ros2/src/slam_gmapping' with build type 'ament_cmake'
[4.218s] INFO:colcon.colcon_cmake.task.cmake.build:Building CMake package in '/home/zheng/carerobot_slam_ros2/src/slam_gmapping'
[4.218s] INFO:colcon.colcon_core.shell:Skip shell extension 'powershell' for command environment: Not usable outside of PowerShell
[4.218s] DEBUG:colcon.colcon_core.shell:Skip shell extension 'dsv' for command environment
[4.254s] DEBUG:colcon.colcon_core.event_handler.log_command:Invoking command in '/home/zheng/carerobot_slam_ros2/build/slam_gmapping': AMENT_PREFIX_PATH=/home/zheng/carerobot_slam_ros2/install/openslam_gmapping:${AMENT_PREFIX_PATH} CMAKE_PREFIX_PATH=/home/zheng/carerobot_slam_ros2/install/openslam_gmapping:/opt/ros/humble LD_LIBRARY_PATH=/home/zheng/carerobot_slam_ros2/install/openslam_gmapping/lib:${LD_LIBRARY_PATH} /usr/bin/cmake --build /home/zheng/carerobot_slam_ros2/build/slam_gmapping -- -j8 -l8
[4.451s] DEBUG:colcon.colcon_core.event_handler.log_command:Invoked command in '/home/zheng/carerobot_slam_ros2/build/slam_gmapping' returned '0': AMENT_PREFIX_PATH=/home/zheng/carerobot_slam_ros2/install/openslam_gmapping:${AMENT_PREFIX_PATH} CMAKE_PREFIX_PATH=/home/zheng/carerobot_slam_ros2/install/openslam_gmapping:/opt/ros/humble LD_LIBRARY_PATH=/home/zheng/carerobot_slam_ros2/install/openslam_gmapping/lib:${LD_LIBRARY_PATH} /usr/bin/cmake --build /home/zheng/carerobot_slam_ros2/build/slam_gmapping -- -j8 -l8
[4.486s] DEBUG:colcon.colcon_core.event_handler.log_command:Invoking command in '/home/zheng/carerobot_slam_ros2/build/slam_gmapping': AMENT_PREFIX_PATH=/home/zheng/carerobot_slam_ros2/install/openslam_gmapping:${AMENT_PREFIX_PATH} CMAKE_PREFIX_PATH=/home/zheng/carerobot_slam_ros2/install/openslam_gmapping:/opt/ros/humble LD_LIBRARY_PATH=/home/zheng/carerobot_slam_ros2/install/openslam_gmapping/lib:${LD_LIBRARY_PATH} /usr/bin/cmake --install /home/zheng/carerobot_slam_ros2/build/slam_gmapping
[4.499s] Level 1:colcon.colcon_core.environment:create_environment_scripts_only(slam_gmapping)
[4.500s] Level 1:colcon.colcon_core.environment:checking '/home/zheng/carerobot_slam_ros2/install/slam_gmapping' for CMake module files
[4.500s] DEBUG:colcon.colcon_core.event_handler.log_command:Invoked command in '/home/zheng/carerobot_slam_ros2/build/slam_gmapping' returned '0': AMENT_PREFIX_PATH=/home/zheng/carerobot_slam_ros2/install/openslam_gmapping:${AMENT_PREFIX_PATH} CMAKE_PREFIX_PATH=/home/zheng/carerobot_slam_ros2/install/openslam_gmapping:/opt/ros/humble LD_LIBRARY_PATH=/home/zheng/carerobot_slam_ros2/install/openslam_gmapping/lib:${LD_LIBRARY_PATH} /usr/bin/cmake --install /home/zheng/carerobot_slam_ros2/build/slam_gmapping
[4.501s] Level 1:colcon.colcon_core.environment:checking '/home/zheng/carerobot_slam_ros2/install/slam_gmapping' for CMake config files
[4.501s] Level 1:colcon.colcon_core.shell:create_environment_hook('slam_gmapping', 'cmake_prefix_path')
[4.501s] INFO:colcon.colcon_core.shell:Creating environment hook '/home/zheng/carerobot_slam_ros2/install/slam_gmapping/share/slam_gmapping/hook/cmake_prefix_path.ps1'
[4.502s] INFO:colcon.colcon_core.shell:Creating environment descriptor '/home/zheng/carerobot_slam_ros2/install/slam_gmapping/share/slam_gmapping/hook/cmake_prefix_path.dsv'
[4.502s] INFO:colcon.colcon_core.shell:Creating environment hook '/home/zheng/carerobot_slam_ros2/install/slam_gmapping/share/slam_gmapping/hook/cmake_prefix_path.sh'
[4.502s] Level 1:colcon.colcon_core.environment:checking '/home/zheng/carerobot_slam_ros2/install/slam_gmapping/lib'
[4.502s] Level 1:colcon.colcon_core.environment:checking '/home/zheng/carerobot_slam_ros2/install/slam_gmapping/bin'
[4.503s] Level 1:colcon.colcon_core.environment:checking '/home/zheng/carerobot_slam_ros2/install/slam_gmapping/lib/pkgconfig/slam_gmapping.pc'
[4.503s] Level 1:colcon.colcon_core.environment:checking '/home/zheng/carerobot_slam_ros2/install/slam_gmapping/lib/python3.10/site-packages'
[4.503s] Level 1:colcon.colcon_core.environment:checking '/home/zheng/carerobot_slam_ros2/install/slam_gmapping/bin'
[4.504s] INFO:colcon.colcon_core.shell:Creating package script '/home/zheng/carerobot_slam_ros2/install/slam_gmapping/share/slam_gmapping/package.ps1'
[4.504s] INFO:colcon.colcon_core.shell:Creating package descriptor '/home/zheng/carerobot_slam_ros2/install/slam_gmapping/share/slam_gmapping/package.dsv'
[4.505s] INFO:colcon.colcon_core.shell:Creating package script '/home/zheng/carerobot_slam_ros2/install/slam_gmapping/share/slam_gmapping/package.sh'
[4.505s] INFO:colcon.colcon_core.shell:Creating package script '/home/zheng/carerobot_slam_ros2/install/slam_gmapping/share/slam_gmapping/package.bash'
[4.506s] INFO:colcon.colcon_core.shell:Creating package script '/home/zheng/carerobot_slam_ros2/install/slam_gmapping/share/slam_gmapping/package.zsh'
[4.506s] Level 1:colcon.colcon_core.environment:create_file_with_runtime_dependencies(/home/zheng/carerobot_slam_ros2/install/slam_gmapping/share/colcon-core/packages/slam_gmapping)
[4.506s] Level 1:colcon.colcon_core.environment:create_environment_scripts_only(slam_gmapping)
[4.507s] Level 1:colcon.colcon_core.environment:checking '/home/zheng/carerobot_slam_ros2/install/slam_gmapping' for CMake module files
[4.508s] Level 1:colcon.colcon_core.environment:checking '/home/zheng/carerobot_slam_ros2/install/slam_gmapping' for CMake config files
[4.508s] Level 1:colcon.colcon_core.shell:create_environment_hook('slam_gmapping', 'cmake_prefix_path')
[4.509s] INFO:colcon.colcon_core.shell:Creating environment hook '/home/zheng/carerobot_slam_ros2/install/slam_gmapping/share/slam_gmapping/hook/cmake_prefix_path.ps1'
[4.510s] INFO:colcon.colcon_core.shell:Creating environment descriptor '/home/zheng/carerobot_slam_ros2/install/slam_gmapping/share/slam_gmapping/hook/cmake_prefix_path.dsv'
[4.511s] INFO:colcon.colcon_core.shell:Creating environment hook '/home/zheng/carerobot_slam_ros2/install/slam_gmapping/share/slam_gmapping/hook/cmake_prefix_path.sh'
[4.511s] Level 1:colcon.colcon_core.environment:checking '/home/zheng/carerobot_slam_ros2/install/slam_gmapping/lib'
[4.511s] Level 1:colcon.colcon_core.environment:checking '/home/zheng/carerobot_slam_ros2/install/slam_gmapping/bin'
[4.511s] Level 1:colcon.colcon_core.environment:checking '/home/zheng/carerobot_slam_ros2/install/slam_gmapping/lib/pkgconfig/slam_gmapping.pc'
[4.511s] Level 1:colcon.colcon_core.environment:checking '/home/zheng/carerobot_slam_ros2/install/slam_gmapping/lib/python3.10/site-packages'
[4.512s] Level 1:colcon.colcon_core.environment:checking '/home/zheng/carerobot_slam_ros2/install/slam_gmapping/bin'
[4.512s] INFO:colcon.colcon_core.shell:Creating package script '/home/zheng/carerobot_slam_ros2/install/slam_gmapping/share/slam_gmapping/package.ps1'
[4.512s] INFO:colcon.colcon_core.shell:Creating package descriptor '/home/zheng/carerobot_slam_ros2/install/slam_gmapping/share/slam_gmapping/package.dsv'
[4.513s] INFO:colcon.colcon_core.shell:Creating package script '/home/zheng/carerobot_slam_ros2/install/slam_gmapping/share/slam_gmapping/package.sh'
[4.513s] INFO:colcon.colcon_core.shell:Creating package script '/home/zheng/carerobot_slam_ros2/install/slam_gmapping/share/slam_gmapping/package.bash'
[4.514s] INFO:colcon.colcon_core.shell:Creating package script '/home/zheng/carerobot_slam_ros2/install/slam_gmapping/share/slam_gmapping/package.zsh'
[4.514s] Level 1:colcon.colcon_core.environment:create_file_with_runtime_dependencies(/home/zheng/carerobot_slam_ros2/install/slam_gmapping/share/colcon-core/packages/slam_gmapping)
[5.301s] DEBUG:colcon.colcon_core.event_handler.log_command:Invoked command in '/home/zheng/carerobot_slam_ros2/build/robot_communication' returned '0': CMAKE_PREFIX_PATH=/opt/ros/humble /usr/bin/cmake --build /home/zheng/carerobot_slam_ros2/build/robot_communication -- -j8 -l8
[5.303s] DEBUG:colcon.colcon_core.event_handler.log_command:Invoking command in '/home/zheng/carerobot_slam_ros2/build/robot_communication': CMAKE_PREFIX_PATH=/opt/ros/humble /usr/bin/cmake --install /home/zheng/carerobot_slam_ros2/build/robot_communication
[5.418s] Level 1:colcon.colcon_core.environment:create_environment_scripts_only(robot_communication)
[5.418s] Level 1:colcon.colcon_core.environment:checking '/home/zheng/carerobot_slam_ros2/install/robot_communication' for CMake module files
[5.419s] DEBUG:colcon.colcon_core.event_handler.log_command:Invoked command in '/home/zheng/carerobot_slam_ros2/build/robot_communication' returned '0': CMAKE_PREFIX_PATH=/opt/ros/humble /usr/bin/cmake --install /home/zheng/carerobot_slam_ros2/build/robot_communication
[5.419s] Level 1:colcon.colcon_core.environment:checking '/home/zheng/carerobot_slam_ros2/install/robot_communication' for CMake config files
[5.420s] Level 1:colcon.colcon_core.shell:create_environment_hook('robot_communication', 'cmake_prefix_path')
[5.420s] INFO:colcon.colcon_core.shell:Creating environment hook '/home/zheng/carerobot_slam_ros2/install/robot_communication/share/robot_communication/hook/cmake_prefix_path.ps1'
[5.421s] INFO:colcon.colcon_core.shell:Creating environment descriptor '/home/zheng/carerobot_slam_ros2/install/robot_communication/share/robot_communication/hook/cmake_prefix_path.dsv'
[5.421s] INFO:colcon.colcon_core.shell:Creating environment hook '/home/zheng/carerobot_slam_ros2/install/robot_communication/share/robot_communication/hook/cmake_prefix_path.sh'
[5.422s] Level 1:colcon.colcon_core.environment:checking '/home/zheng/carerobot_slam_ros2/install/robot_communication/lib'
[5.422s] Level 1:colcon.colcon_core.shell:create_environment_hook('robot_communication', 'ld_library_path_lib')
[5.422s] INFO:colcon.colcon_core.shell:Creating environment hook '/home/zheng/carerobot_slam_ros2/install/robot_communication/share/robot_communication/hook/ld_library_path_lib.ps1'
[5.422s] INFO:colcon.colcon_core.shell:Creating environment descriptor '/home/zheng/carerobot_slam_ros2/install/robot_communication/share/robot_communication/hook/ld_library_path_lib.dsv'
[5.423s] INFO:colcon.colcon_core.shell:Creating environment hook '/home/zheng/carerobot_slam_ros2/install/robot_communication/share/robot_communication/hook/ld_library_path_lib.sh'
[5.423s] Level 1:colcon.colcon_core.environment:checking '/home/zheng/carerobot_slam_ros2/install/robot_communication/bin'
[5.423s] Level 1:colcon.colcon_core.environment:checking '/home/zheng/carerobot_slam_ros2/install/robot_communication/lib/pkgconfig/robot_communication.pc'
[5.424s] Level 1:colcon.colcon_core.environment:checking '/home/zheng/carerobot_slam_ros2/install/robot_communication/lib/python3.10/site-packages'
[5.424s] Level 1:colcon.colcon_core.environment:checking '/home/zheng/carerobot_slam_ros2/install/robot_communication/bin'
[5.425s] INFO:colcon.colcon_core.shell:Creating package script '/home/zheng/carerobot_slam_ros2/install/robot_communication/share/robot_communication/package.ps1'
[5.426s] INFO:colcon.colcon_core.shell:Creating package descriptor '/home/zheng/carerobot_slam_ros2/install/robot_communication/share/robot_communication/package.dsv'
[5.427s] INFO:colcon.colcon_core.shell:Creating package script '/home/zheng/carerobot_slam_ros2/install/robot_communication/share/robot_communication/package.sh'
[5.428s] INFO:colcon.colcon_core.shell:Creating package script '/home/zheng/carerobot_slam_ros2/install/robot_communication/share/robot_communication/package.bash'
[5.428s] INFO:colcon.colcon_core.shell:Creating package script '/home/zheng/carerobot_slam_ros2/install/robot_communication/share/robot_communication/package.zsh'
[5.428s] Level 1:colcon.colcon_core.environment:create_file_with_runtime_dependencies(/home/zheng/carerobot_slam_ros2/install/robot_communication/share/colcon-core/packages/robot_communication)
[5.429s] Level 1:colcon.colcon_core.environment:create_environment_scripts_only(robot_communication)
[5.429s] Level 1:colcon.colcon_core.environment:checking '/home/zheng/carerobot_slam_ros2/install/robot_communication' for CMake module files
[5.429s] Level 1:colcon.colcon_core.environment:checking '/home/zheng/carerobot_slam_ros2/install/robot_communication' for CMake config files
[5.430s] Level 1:colcon.colcon_core.shell:create_environment_hook('robot_communication', 'cmake_prefix_path')
[5.430s] INFO:colcon.colcon_core.shell:Creating environment hook '/home/zheng/carerobot_slam_ros2/install/robot_communication/share/robot_communication/hook/cmake_prefix_path.ps1'
[5.431s] INFO:colcon.colcon_core.shell:Creating environment descriptor '/home/zheng/carerobot_slam_ros2/install/robot_communication/share/robot_communication/hook/cmake_prefix_path.dsv'
[5.431s] INFO:colcon.colcon_core.shell:Creating environment hook '/home/zheng/carerobot_slam_ros2/install/robot_communication/share/robot_communication/hook/cmake_prefix_path.sh'
[5.432s] Level 1:colcon.colcon_core.environment:checking '/home/zheng/carerobot_slam_ros2/install/robot_communication/lib'
[5.432s] Level 1:colcon.colcon_core.shell:create_environment_hook('robot_communication', 'ld_library_path_lib')
[5.432s] INFO:colcon.colcon_core.shell:Creating environment hook '/home/zheng/carerobot_slam_ros2/install/robot_communication/share/robot_communication/hook/ld_library_path_lib.ps1'
[5.432s] INFO:colcon.colcon_core.shell:Creating environment descriptor '/home/zheng/carerobot_slam_ros2/install/robot_communication/share/robot_communication/hook/ld_library_path_lib.dsv'
[5.433s] INFO:colcon.colcon_core.shell:Creating environment hook '/home/zheng/carerobot_slam_ros2/install/robot_communication/share/robot_communication/hook/ld_library_path_lib.sh'
[5.433s] Level 1:colcon.colcon_core.environment:checking '/home/zheng/carerobot_slam_ros2/install/robot_communication/bin'
[5.433s] Level 1:colcon.colcon_core.environment:checking '/home/zheng/carerobot_slam_ros2/install/robot_communication/lib/pkgconfig/robot_communication.pc'
[5.433s] Level 1:colcon.colcon_core.environment:checking '/home/zheng/carerobot_slam_ros2/install/robot_communication/lib/python3.10/site-packages'
[5.433s] Level 1:colcon.colcon_core.environment:checking '/home/zheng/carerobot_slam_ros2/install/robot_communication/bin'
[5.434s] INFO:colcon.colcon_core.shell:Creating package script '/home/zheng/carerobot_slam_ros2/install/robot_communication/share/robot_communication/package.ps1'
[5.434s] INFO:colcon.colcon_core.shell:Creating package descriptor '/home/zheng/carerobot_slam_ros2/install/robot_communication/share/robot_communication/package.dsv'
[5.435s] INFO:colcon.colcon_core.shell:Creating package script '/home/zheng/carerobot_slam_ros2/install/robot_communication/share/robot_communication/package.sh'
[5.442s] INFO:colcon.colcon_core.shell:Creating package script '/home/zheng/carerobot_slam_ros2/install/robot_communication/share/robot_communication/package.bash'
[5.443s] INFO:colcon.colcon_core.shell:Creating package script '/home/zheng/carerobot_slam_ros2/install/robot_communication/share/robot_communication/package.zsh'
[5.444s] Level 1:colcon.colcon_core.environment:create_file_with_runtime_dependencies(/home/zheng/carerobot_slam_ros2/install/robot_communication/share/colcon-core/packages/robot_communication)
[5.444s] INFO:colcon.colcon_ros.task.ament_cmake.build:Building ROS package in '/home/zheng/carerobot_slam_ros2/src/robot_costmap' with build type 'ament_cmake'
[5.445s] INFO:colcon.colcon_cmake.task.cmake.build:Building CMake package in '/home/zheng/carerobot_slam_ros2/src/robot_costmap'
[5.445s] INFO:colcon.colcon_core.shell:Skip shell extension 'powershell' for command environment: Not usable outside of PowerShell
[5.445s] DEBUG:colcon.colcon_core.shell:Skip shell extension 'dsv' for command environment
[5.448s] INFO:colcon.colcon_ros.task.ament_cmake.build:Building ROS package in '/home/zheng/carerobot_slam_ros2/src/robot_pid_local_planner' with build type 'ament_cmake'
[5.448s] INFO:colcon.colcon_cmake.task.cmake.build:Building CMake package in '/home/zheng/carerobot_slam_ros2/src/robot_pid_local_planner'
[5.449s] INFO:colcon.colcon_core.shell:Skip shell extension 'powershell' for command environment: Not usable outside of PowerShell
[5.449s] DEBUG:colcon.colcon_core.shell:Skip shell extension 'dsv' for command environment
[5.471s] DEBUG:colcon.colcon_core.event_handler.log_command:Invoking command in '/home/zheng/carerobot_slam_ros2/build/robot_costmap': AMENT_PREFIX_PATH=/home/zheng/carerobot_slam_ros2/install/robot_communication:${AMENT_PREFIX_PATH} CMAKE_PREFIX_PATH=/home/zheng/carerobot_slam_ros2/install/robot_communication:/opt/ros/humble LD_LIBRARY_PATH=/home/zheng/carerobot_slam_ros2/install/robot_communication/lib:${LD_LIBRARY_PATH} PYTHONPATH=/home/zheng/carerobot_slam_ros2/install/robot_communication/local/lib/python3.10/dist-packages:${PYTHONPATH} /usr/bin/cmake --build /home/zheng/carerobot_slam_ros2/build/robot_costmap -- -j8 -l8
[5.489s] DEBUG:colcon.colcon_core.event_handler.log_command:Invoking command in '/home/zheng/carerobot_slam_ros2/build/robot_pid_local_planner': AMENT_PREFIX_PATH=/home/zheng/carerobot_slam_ros2/install/robot_communication:${AMENT_PREFIX_PATH} CMAKE_PREFIX_PATH=/home/zheng/carerobot_slam_ros2/install/robot_communication:/opt/ros/humble LD_LIBRARY_PATH=/home/zheng/carerobot_slam_ros2/install/robot_communication/lib:${LD_LIBRARY_PATH} PYTHONPATH=/home/zheng/carerobot_slam_ros2/install/robot_communication/local/lib/python3.10/dist-packages:${PYTHONPATH} /usr/bin/cmake --build /home/zheng/carerobot_slam_ros2/build/robot_pid_local_planner -- -j8 -l8
[5.594s] DEBUG:colcon.colcon_core.event_handler.log_command:Invoked command in '/home/zheng/carerobot_slam_ros2/build/robot_pid_local_planner' returned '0': AMENT_PREFIX_PATH=/home/zheng/carerobot_slam_ros2/install/robot_communication:${AMENT_PREFIX_PATH} CMAKE_PREFIX_PATH=/home/zheng/carerobot_slam_ros2/install/robot_communication:/opt/ros/humble LD_LIBRARY_PATH=/home/zheng/carerobot_slam_ros2/install/robot_communication/lib:${LD_LIBRARY_PATH} PYTHONPATH=/home/zheng/carerobot_slam_ros2/install/robot_communication/local/lib/python3.10/dist-packages:${PYTHONPATH} /usr/bin/cmake --build /home/zheng/carerobot_slam_ros2/build/robot_pid_local_planner -- -j8 -l8
[5.619s] DEBUG:colcon.colcon_core.event_handler.log_command:Invoking command in '/home/zheng/carerobot_slam_ros2/build/robot_pid_local_planner': AMENT_PREFIX_PATH=/home/zheng/carerobot_slam_ros2/install/robot_communication:${AMENT_PREFIX_PATH} CMAKE_PREFIX_PATH=/home/zheng/carerobot_slam_ros2/install/robot_communication:/opt/ros/humble LD_LIBRARY_PATH=/home/zheng/carerobot_slam_ros2/install/robot_communication/lib:${LD_LIBRARY_PATH} PYTHONPATH=/home/zheng/carerobot_slam_ros2/install/robot_communication/local/lib/python3.10/dist-packages:${PYTHONPATH} /usr/bin/cmake --install /home/zheng/carerobot_slam_ros2/build/robot_pid_local_planner
[5.634s] Level 1:colcon.colcon_core.environment:create_environment_scripts_only(robot_pid_local_planner)
[5.635s] DEBUG:colcon.colcon_core.event_handler.log_command:Invoked command in '/home/zheng/carerobot_slam_ros2/build/robot_pid_local_planner' returned '0': AMENT_PREFIX_PATH=/home/zheng/carerobot_slam_ros2/install/robot_communication:${AMENT_PREFIX_PATH} CMAKE_PREFIX_PATH=/home/zheng/carerobot_slam_ros2/install/robot_communication:/opt/ros/humble LD_LIBRARY_PATH=/home/zheng/carerobot_slam_ros2/install/robot_communication/lib:${LD_LIBRARY_PATH} PYTHONPATH=/home/zheng/carerobot_slam_ros2/install/robot_communication/local/lib/python3.10/dist-packages:${PYTHONPATH} /usr/bin/cmake --install /home/zheng/carerobot_slam_ros2/build/robot_pid_local_planner
[5.635s] Level 1:colcon.colcon_core.environment:checking '/home/zheng/carerobot_slam_ros2/install/robot_pid_local_planner' for CMake module files
[5.636s] Level 1:colcon.colcon_core.environment:checking '/home/zheng/carerobot_slam_ros2/install/robot_pid_local_planner' for CMake config files
[5.636s] Level 1:colcon.colcon_core.shell:create_environment_hook('robot_pid_local_planner', 'cmake_prefix_path')
[5.636s] INFO:colcon.colcon_core.shell:Creating environment hook '/home/zheng/carerobot_slam_ros2/install/robot_pid_local_planner/share/robot_pid_local_planner/hook/cmake_prefix_path.ps1'
[5.637s] INFO:colcon.colcon_core.shell:Creating environment descriptor '/home/zheng/carerobot_slam_ros2/install/robot_pid_local_planner/share/robot_pid_local_planner/hook/cmake_prefix_path.dsv'
[5.637s] INFO:colcon.colcon_core.shell:Creating environment hook '/home/zheng/carerobot_slam_ros2/install/robot_pid_local_planner/share/robot_pid_local_planner/hook/cmake_prefix_path.sh'
[5.637s] Level 1:colcon.colcon_core.environment:checking '/home/zheng/carerobot_slam_ros2/install/robot_pid_local_planner/lib'
[5.638s] Level 1:colcon.colcon_core.environment:checking '/home/zheng/carerobot_slam_ros2/install/robot_pid_local_planner/bin'
[5.638s] Level 1:colcon.colcon_core.environment:checking '/home/zheng/carerobot_slam_ros2/install/robot_pid_local_planner/lib/pkgconfig/robot_pid_local_planner.pc'
[5.638s] Level 1:colcon.colcon_core.environment:checking '/home/zheng/carerobot_slam_ros2/install/robot_pid_local_planner/lib/python3.10/site-packages'
[5.639s] Level 1:colcon.colcon_core.environment:checking '/home/zheng/carerobot_slam_ros2/install/robot_pid_local_planner/bin'
[5.639s] INFO:colcon.colcon_core.shell:Creating package script '/home/zheng/carerobot_slam_ros2/install/robot_pid_local_planner/share/robot_pid_local_planner/package.ps1'
[5.640s] INFO:colcon.colcon_core.shell:Creating package descriptor '/home/zheng/carerobot_slam_ros2/install/robot_pid_local_planner/share/robot_pid_local_planner/package.dsv'
[5.641s] INFO:colcon.colcon_core.shell:Creating package script '/home/zheng/carerobot_slam_ros2/install/robot_pid_local_planner/share/robot_pid_local_planner/package.sh'
[5.642s] INFO:colcon.colcon_core.shell:Creating package script '/home/zheng/carerobot_slam_ros2/install/robot_pid_local_planner/share/robot_pid_local_planner/package.bash'
[5.642s] INFO:colcon.colcon_core.shell:Creating package script '/home/zheng/carerobot_slam_ros2/install/robot_pid_local_planner/share/robot_pid_local_planner/package.zsh'
[5.643s] Level 1:colcon.colcon_core.environment:create_file_with_runtime_dependencies(/home/zheng/carerobot_slam_ros2/install/robot_pid_local_planner/share/colcon-core/packages/robot_pid_local_planner)
[5.644s] Level 1:colcon.colcon_core.environment:create_environment_scripts_only(robot_pid_local_planner)
[5.644s] Level 1:colcon.colcon_core.environment:checking '/home/zheng/carerobot_slam_ros2/install/robot_pid_local_planner' for CMake module files
[5.645s] Level 1:colcon.colcon_core.environment:checking '/home/zheng/carerobot_slam_ros2/install/robot_pid_local_planner' for CMake config files
[5.645s] Level 1:colcon.colcon_core.shell:create_environment_hook('robot_pid_local_planner', 'cmake_prefix_path')
[5.646s] INFO:colcon.colcon_core.shell:Creating environment hook '/home/zheng/carerobot_slam_ros2/install/robot_pid_local_planner/share/robot_pid_local_planner/hook/cmake_prefix_path.ps1'
[5.646s] INFO:colcon.colcon_core.shell:Creating environment descriptor '/home/zheng/carerobot_slam_ros2/install/robot_pid_local_planner/share/robot_pid_local_planner/hook/cmake_prefix_path.dsv'
[5.647s] INFO:colcon.colcon_core.shell:Creating environment hook '/home/zheng/carerobot_slam_ros2/install/robot_pid_local_planner/share/robot_pid_local_planner/hook/cmake_prefix_path.sh'
[5.647s] Level 1:colcon.colcon_core.environment:checking '/home/zheng/carerobot_slam_ros2/install/robot_pid_local_planner/lib'
[5.647s] Level 1:colcon.colcon_core.environment:checking '/home/zheng/carerobot_slam_ros2/install/robot_pid_local_planner/bin'
[5.647s] Level 1:colcon.colcon_core.environment:checking '/home/zheng/carerobot_slam_ros2/install/robot_pid_local_planner/lib/pkgconfig/robot_pid_local_planner.pc'
[5.648s] Level 1:colcon.colcon_core.environment:checking '/home/zheng/carerobot_slam_ros2/install/robot_pid_local_planner/lib/python3.10/site-packages'
[5.648s] Level 1:colcon.colcon_core.environment:checking '/home/zheng/carerobot_slam_ros2/install/robot_pid_local_planner/bin'
[5.648s] INFO:colcon.colcon_core.shell:Creating package script '/home/zheng/carerobot_slam_ros2/install/robot_pid_local_planner/share/robot_pid_local_planner/package.ps1'
[5.649s] INFO:colcon.colcon_core.shell:Creating package descriptor '/home/zheng/carerobot_slam_ros2/install/robot_pid_local_planner/share/robot_pid_local_planner/package.dsv'
[5.650s] INFO:colcon.colcon_core.shell:Creating package script '/home/zheng/carerobot_slam_ros2/install/robot_pid_local_planner/share/robot_pid_local_planner/package.sh'
[5.650s] INFO:colcon.colcon_core.shell:Creating package script '/home/zheng/carerobot_slam_ros2/install/robot_pid_local_planner/share/robot_pid_local_planner/package.bash'
[5.695s] INFO:colcon.colcon_core.shell:Creating package script '/home/zheng/carerobot_slam_ros2/install/robot_pid_local_planner/share/robot_pid_local_planner/package.zsh'
[5.697s] Level 1:colcon.colcon_core.environment:create_file_with_runtime_dependencies(/home/zheng/carerobot_slam_ros2/install/robot_pid_local_planner/share/colcon-core/packages/robot_pid_local_planner)
[5.977s] DEBUG:colcon.colcon_core.event_handler.log_command:Invoked command in '/home/zheng/carerobot_slam_ros2/build/robot_costmap' returned '0': AMENT_PREFIX_PATH=/home/zheng/carerobot_slam_ros2/install/robot_communication:${AMENT_PREFIX_PATH} CMAKE_PREFIX_PATH=/home/zheng/carerobot_slam_ros2/install/robot_communication:/opt/ros/humble LD_LIBRARY_PATH=/home/zheng/carerobot_slam_ros2/install/robot_communication/lib:${LD_LIBRARY_PATH} PYTHONPATH=/home/zheng/carerobot_slam_ros2/install/robot_communication/local/lib/python3.10/dist-packages:${PYTHONPATH} /usr/bin/cmake --build /home/zheng/carerobot_slam_ros2/build/robot_costmap -- -j8 -l8
[5.980s] DEBUG:colcon.colcon_core.event_handler.log_command:Invoking command in '/home/zheng/carerobot_slam_ros2/build/robot_costmap': AMENT_PREFIX_PATH=/home/zheng/carerobot_slam_ros2/install/robot_communication:${AMENT_PREFIX_PATH} CMAKE_PREFIX_PATH=/home/zheng/carerobot_slam_ros2/install/robot_communication:/opt/ros/humble LD_LIBRARY_PATH=/home/zheng/carerobot_slam_ros2/install/robot_communication/lib:${LD_LIBRARY_PATH} PYTHONPATH=/home/zheng/carerobot_slam_ros2/install/robot_communication/local/lib/python3.10/dist-packages:${PYTHONPATH} /usr/bin/cmake --install /home/zheng/carerobot_slam_ros2/build/robot_costmap
[5.992s] Level 1:colcon.colcon_core.environment:create_environment_scripts_only(robot_costmap)
[5.993s] Level 1:colcon.colcon_core.environment:checking '/home/zheng/carerobot_slam_ros2/install/robot_costmap' for CMake module files
[5.993s] DEBUG:colcon.colcon_core.event_handler.log_command:Invoked command in '/home/zheng/carerobot_slam_ros2/build/robot_costmap' returned '0': AMENT_PREFIX_PATH=/home/zheng/carerobot_slam_ros2/install/robot_communication:${AMENT_PREFIX_PATH} CMAKE_PREFIX_PATH=/home/zheng/carerobot_slam_ros2/install/robot_communication:/opt/ros/humble LD_LIBRARY_PATH=/home/zheng/carerobot_slam_ros2/install/robot_communication/lib:${LD_LIBRARY_PATH} PYTHONPATH=/home/zheng/carerobot_slam_ros2/install/robot_communication/local/lib/python3.10/dist-packages:${PYTHONPATH} /usr/bin/cmake --install /home/zheng/carerobot_slam_ros2/build/robot_costmap
[5.993s] Level 1:colcon.colcon_core.environment:checking '/home/zheng/carerobot_slam_ros2/install/robot_costmap' for CMake config files
[5.994s] Level 1:colcon.colcon_core.shell:create_environment_hook('robot_costmap', 'cmake_prefix_path')
[5.994s] INFO:colcon.colcon_core.shell:Creating environment hook '/home/zheng/carerobot_slam_ros2/install/robot_costmap/share/robot_costmap/hook/cmake_prefix_path.ps1'
[5.994s] INFO:colcon.colcon_core.shell:Creating environment descriptor '/home/zheng/carerobot_slam_ros2/install/robot_costmap/share/robot_costmap/hook/cmake_prefix_path.dsv'
[5.995s] INFO:colcon.colcon_core.shell:Creating environment hook '/home/zheng/carerobot_slam_ros2/install/robot_costmap/share/robot_costmap/hook/cmake_prefix_path.sh'
[5.995s] Level 1:colcon.colcon_core.environment:checking '/home/zheng/carerobot_slam_ros2/install/robot_costmap/lib'
[5.995s] Level 1:colcon.colcon_core.environment:checking '/home/zheng/carerobot_slam_ros2/install/robot_costmap/bin'
[5.995s] Level 1:colcon.colcon_core.environment:checking '/home/zheng/carerobot_slam_ros2/install/robot_costmap/lib/pkgconfig/robot_costmap.pc'
[5.996s] Level 1:colcon.colcon_core.environment:checking '/home/zheng/carerobot_slam_ros2/install/robot_costmap/lib/python3.10/site-packages'
[5.996s] Level 1:colcon.colcon_core.environment:checking '/home/zheng/carerobot_slam_ros2/install/robot_costmap/bin'
[5.997s] INFO:colcon.colcon_core.shell:Creating package script '/home/zheng/carerobot_slam_ros2/install/robot_costmap/share/robot_costmap/package.ps1'
[5.998s] INFO:colcon.colcon_core.shell:Creating package descriptor '/home/zheng/carerobot_slam_ros2/install/robot_costmap/share/robot_costmap/package.dsv'
[5.998s] INFO:colcon.colcon_core.shell:Creating package script '/home/zheng/carerobot_slam_ros2/install/robot_costmap/share/robot_costmap/package.sh'
[5.999s] INFO:colcon.colcon_core.shell:Creating package script '/home/zheng/carerobot_slam_ros2/install/robot_costmap/share/robot_costmap/package.bash'
[5.999s] INFO:colcon.colcon_core.shell:Creating package script '/home/zheng/carerobot_slam_ros2/install/robot_costmap/share/robot_costmap/package.zsh'
[5.999s] Level 1:colcon.colcon_core.environment:create_file_with_runtime_dependencies(/home/zheng/carerobot_slam_ros2/install/robot_costmap/share/colcon-core/packages/robot_costmap)
[6.000s] Level 1:colcon.colcon_core.environment:create_environment_scripts_only(robot_costmap)
[6.000s] Level 1:colcon.colcon_core.environment:checking '/home/zheng/carerobot_slam_ros2/install/robot_costmap' for CMake module files
[6.000s] Level 1:colcon.colcon_core.environment:checking '/home/zheng/carerobot_slam_ros2/install/robot_costmap' for CMake config files
[6.001s] Level 1:colcon.colcon_core.shell:create_environment_hook('robot_costmap', 'cmake_prefix_path')
[6.001s] INFO:colcon.colcon_core.shell:Creating environment hook '/home/zheng/carerobot_slam_ros2/install/robot_costmap/share/robot_costmap/hook/cmake_prefix_path.ps1'
[6.001s] INFO:colcon.colcon_core.shell:Creating environment descriptor '/home/zheng/carerobot_slam_ros2/install/robot_costmap/share/robot_costmap/hook/cmake_prefix_path.dsv'
[6.002s] INFO:colcon.colcon_core.shell:Creating environment hook '/home/zheng/carerobot_slam_ros2/install/robot_costmap/share/robot_costmap/hook/cmake_prefix_path.sh'
[6.002s] Level 1:colcon.colcon_core.environment:checking '/home/zheng/carerobot_slam_ros2/install/robot_costmap/lib'
[6.003s] Level 1:colcon.colcon_core.environment:checking '/home/zheng/carerobot_slam_ros2/install/robot_costmap/bin'
[6.003s] Level 1:colcon.colcon_core.environment:checking '/home/zheng/carerobot_slam_ros2/install/robot_costmap/lib/pkgconfig/robot_costmap.pc'
[6.003s] Level 1:colcon.colcon_core.environment:checking '/home/zheng/carerobot_slam_ros2/install/robot_costmap/lib/python3.10/site-packages'
[6.004s] Level 1:colcon.colcon_core.environment:checking '/home/zheng/carerobot_slam_ros2/install/robot_costmap/bin'
[6.004s] INFO:colcon.colcon_core.shell:Creating package script '/home/zheng/carerobot_slam_ros2/install/robot_costmap/share/robot_costmap/package.ps1'
[6.005s] INFO:colcon.colcon_core.shell:Creating package descriptor '/home/zheng/carerobot_slam_ros2/install/robot_costmap/share/robot_costmap/package.dsv'
[6.005s] INFO:colcon.colcon_core.shell:Creating package script '/home/zheng/carerobot_slam_ros2/install/robot_costmap/share/robot_costmap/package.sh'
[6.005s] INFO:colcon.colcon_core.shell:Creating package script '/home/zheng/carerobot_slam_ros2/install/robot_costmap/share/robot_costmap/package.bash'
[6.006s] INFO:colcon.colcon_core.shell:Creating package script '/home/zheng/carerobot_slam_ros2/install/robot_costmap/share/robot_costmap/package.zsh'
[6.006s] Level 1:colcon.colcon_core.environment:create_file_with_runtime_dependencies(/home/zheng/carerobot_slam_ros2/install/robot_costmap/share/colcon-core/packages/robot_costmap)
[6.007s] INFO:colcon.colcon_ros.task.ament_cmake.build:Building ROS package in '/home/zheng/carerobot_slam_ros2/src/robot_navigation' with build type 'ament_cmake'
[6.007s] INFO:colcon.colcon_cmake.task.cmake.build:Building CMake package in '/home/zheng/carerobot_slam_ros2/src/robot_navigation'
[6.007s] INFO:colcon.colcon_core.shell:Skip shell extension 'powershell' for command environment: Not usable outside of PowerShell
[6.007s] DEBUG:colcon.colcon_core.shell:Skip shell extension 'dsv' for command environment
[6.042s] DEBUG:colcon.colcon_core.event_handler.log_command:Invoking command in '/home/zheng/carerobot_slam_ros2/build/robot_navigation': AMENT_PREFIX_PATH=/home/zheng/carerobot_slam_ros2/install/robot_costmap:/home/zheng/carerobot_slam_ros2/install/robot_communication:${AMENT_PREFIX_PATH} CMAKE_PREFIX_PATH=/home/zheng/carerobot_slam_ros2/install/robot_costmap:/home/zheng/carerobot_slam_ros2/install/robot_communication:/opt/ros/humble LD_LIBRARY_PATH=/home/zheng/carerobot_slam_ros2/install/robot_costmap/lib:/home/zheng/carerobot_slam_ros2/install/robot_communication/lib:${LD_LIBRARY_PATH} PYTHONPATH=/home/zheng/carerobot_slam_ros2/install/robot_communication/local/lib/python3.10/dist-packages:${PYTHONPATH} /usr/bin/cmake --build /home/zheng/carerobot_slam_ros2/build/robot_navigation -- -j8 -l8
[6.855s] DEBUG:colcon.colcon_core.event_handler.log_command:Invoked command in '/home/zheng/carerobot_slam_ros2/build/robot_navigation' returned '0': AMENT_PREFIX_PATH=/home/zheng/carerobot_slam_ros2/install/robot_costmap:/home/zheng/carerobot_slam_ros2/install/robot_communication:${AMENT_PREFIX_PATH} CMAKE_PREFIX_PATH=/home/zheng/carerobot_slam_ros2/install/robot_costmap:/home/zheng/carerobot_slam_ros2/install/robot_communication:/opt/ros/humble LD_LIBRARY_PATH=/home/zheng/carerobot_slam_ros2/install/robot_costmap/lib:/home/zheng/carerobot_slam_ros2/install/robot_communication/lib:${LD_LIBRARY_PATH} PYTHONPATH=/home/zheng/carerobot_slam_ros2/install/robot_communication/local/lib/python3.10/dist-packages:${PYTHONPATH} /usr/bin/cmake --build /home/zheng/carerobot_slam_ros2/build/robot_navigation -- -j8 -l8
[6.900s] DEBUG:colcon.colcon_core.event_handler.log_command:Invoking command in '/home/zheng/carerobot_slam_ros2/build/robot_navigation': AMENT_PREFIX_PATH=/home/zheng/carerobot_slam_ros2/install/robot_costmap:/home/zheng/carerobot_slam_ros2/install/robot_communication:${AMENT_PREFIX_PATH} CMAKE_PREFIX_PATH=/home/zheng/carerobot_slam_ros2/install/robot_costmap:/home/zheng/carerobot_slam_ros2/install/robot_communication:/opt/ros/humble LD_LIBRARY_PATH=/home/zheng/carerobot_slam_ros2/install/robot_costmap/lib:/home/zheng/carerobot_slam_ros2/install/robot_communication/lib:${LD_LIBRARY_PATH} PYTHONPATH=/home/zheng/carerobot_slam_ros2/install/robot_communication/local/lib/python3.10/dist-packages:${PYTHONPATH} /usr/bin/cmake --install /home/zheng/carerobot_slam_ros2/build/robot_navigation
[7.048s] Level 1:colcon.colcon_core.environment:create_environment_scripts_only(robot_navigation)
[7.048s] Level 1:colcon.colcon_core.environment:checking '/home/zheng/carerobot_slam_ros2/install/robot_navigation' for CMake module files
[7.050s] DEBUG:colcon.colcon_core.event_handler.log_command:Invoked command in '/home/zheng/carerobot_slam_ros2/build/robot_navigation' returned '0': AMENT_PREFIX_PATH=/home/zheng/carerobot_slam_ros2/install/robot_costmap:/home/zheng/carerobot_slam_ros2/install/robot_communication:${AMENT_PREFIX_PATH} CMAKE_PREFIX_PATH=/home/zheng/carerobot_slam_ros2/install/robot_costmap:/home/zheng/carerobot_slam_ros2/install/robot_communication:/opt/ros/humble LD_LIBRARY_PATH=/home/zheng/carerobot_slam_ros2/install/robot_costmap/lib:/home/zheng/carerobot_slam_ros2/install/robot_communication/lib:${LD_LIBRARY_PATH} PYTHONPATH=/home/zheng/carerobot_slam_ros2/install/robot_communication/local/lib/python3.10/dist-packages:${PYTHONPATH} /usr/bin/cmake --install /home/zheng/carerobot_slam_ros2/build/robot_navigation
[7.051s] Level 1:colcon.colcon_core.environment:checking '/home/zheng/carerobot_slam_ros2/install/robot_navigation' for CMake config files
[7.051s] Level 1:colcon.colcon_core.shell:create_environment_hook('robot_navigation', 'cmake_prefix_path')
[7.052s] INFO:colcon.colcon_core.shell:Creating environment hook '/home/zheng/carerobot_slam_ros2/install/robot_navigation/share/robot_navigation/hook/cmake_prefix_path.ps1'
[7.052s] INFO:colcon.colcon_core.shell:Creating environment descriptor '/home/zheng/carerobot_slam_ros2/install/robot_navigation/share/robot_navigation/hook/cmake_prefix_path.dsv'
[7.052s] INFO:colcon.colcon_core.shell:Creating environment hook '/home/zheng/carerobot_slam_ros2/install/robot_navigation/share/robot_navigation/hook/cmake_prefix_path.sh'
[7.053s] Level 1:colcon.colcon_core.environment:checking '/home/zheng/carerobot_slam_ros2/install/robot_navigation/lib'
[7.053s] Level 1:colcon.colcon_core.environment:checking '/home/zheng/carerobot_slam_ros2/install/robot_navigation/bin'
[7.053s] Level 1:colcon.colcon_core.environment:checking '/home/zheng/carerobot_slam_ros2/install/robot_navigation/lib/pkgconfig/robot_navigation.pc'
[7.054s] Level 1:colcon.colcon_core.environment:checking '/home/zheng/carerobot_slam_ros2/install/robot_navigation/lib/python3.10/site-packages'
[7.055s] Level 1:colcon.colcon_core.environment:checking '/home/zheng/carerobot_slam_ros2/install/robot_navigation/bin'
[7.056s] INFO:colcon.colcon_core.shell:Creating package script '/home/zheng/carerobot_slam_ros2/install/robot_navigation/share/robot_navigation/package.ps1'
[7.058s] INFO:colcon.colcon_core.shell:Creating package descriptor '/home/zheng/carerobot_slam_ros2/install/robot_navigation/share/robot_navigation/package.dsv'
[7.059s] INFO:colcon.colcon_core.shell:Creating package script '/home/zheng/carerobot_slam_ros2/install/robot_navigation/share/robot_navigation/package.sh'
[7.060s] INFO:colcon.colcon_core.shell:Creating package script '/home/zheng/carerobot_slam_ros2/install/robot_navigation/share/robot_navigation/package.bash'
[7.061s] INFO:colcon.colcon_core.shell:Creating package script '/home/zheng/carerobot_slam_ros2/install/robot_navigation/share/robot_navigation/package.zsh'
[7.061s] Level 1:colcon.colcon_core.environment:create_file_with_runtime_dependencies(/home/zheng/carerobot_slam_ros2/install/robot_navigation/share/colcon-core/packages/robot_navigation)
[7.062s] Level 1:colcon.colcon_core.environment:create_environment_scripts_only(robot_navigation)
[7.062s] Level 1:colcon.colcon_core.environment:checking '/home/zheng/carerobot_slam_ros2/install/robot_navigation' for CMake module files
[7.063s] Level 1:colcon.colcon_core.environment:checking '/home/zheng/carerobot_slam_ros2/install/robot_navigation' for CMake config files
[7.064s] Level 1:colcon.colcon_core.shell:create_environment_hook('robot_navigation', 'cmake_prefix_path')
[7.064s] INFO:colcon.colcon_core.shell:Creating environment hook '/home/zheng/carerobot_slam_ros2/install/robot_navigation/share/robot_navigation/hook/cmake_prefix_path.ps1'
[7.065s] INFO:colcon.colcon_core.shell:Creating environment descriptor '/home/zheng/carerobot_slam_ros2/install/robot_navigation/share/robot_navigation/hook/cmake_prefix_path.dsv'
[7.065s] INFO:colcon.colcon_core.shell:Creating environment hook '/home/zheng/carerobot_slam_ros2/install/robot_navigation/share/robot_navigation/hook/cmake_prefix_path.sh'
[7.066s] Level 1:colcon.colcon_core.environment:checking '/home/zheng/carerobot_slam_ros2/install/robot_navigation/lib'
[7.066s] Level 1:colcon.colcon_core.environment:checking '/home/zheng/carerobot_slam_ros2/install/robot_navigation/bin'
[7.066s] Level 1:colcon.colcon_core.environment:checking '/home/zheng/carerobot_slam_ros2/install/robot_navigation/lib/pkgconfig/robot_navigation.pc'
[7.067s] Level 1:colcon.colcon_core.environment:checking '/home/zheng/carerobot_slam_ros2/install/robot_navigation/lib/python3.10/site-packages'
[7.067s] Level 1:colcon.colcon_core.environment:checking '/home/zheng/carerobot_slam_ros2/install/robot_navigation/bin'
[7.068s] INFO:colcon.colcon_core.shell:Creating package script '/home/zheng/carerobot_slam_ros2/install/robot_navigation/share/robot_navigation/package.ps1'
[7.069s] INFO:colcon.colcon_core.shell:Creating package descriptor '/home/zheng/carerobot_slam_ros2/install/robot_navigation/share/robot_navigation/package.dsv'
[7.070s] INFO:colcon.colcon_core.shell:Creating package script '/home/zheng/carerobot_slam_ros2/install/robot_navigation/share/robot_navigation/package.sh'
[7.070s] INFO:colcon.colcon_core.shell:Creating package script '/home/zheng/carerobot_slam_ros2/install/robot_navigation/share/robot_navigation/package.bash'
[7.071s] INFO:colcon.colcon_core.shell:Creating package script '/home/zheng/carerobot_slam_ros2/install/robot_navigation/share/robot_navigation/package.zsh'
[7.072s] Level 1:colcon.colcon_core.environment:create_file_with_runtime_dependencies(/home/zheng/carerobot_slam_ros2/install/robot_navigation/share/colcon-core/packages/robot_navigation)
[7.073s] DEBUG:colcon.colcon_parallel_executor.executor.parallel:closing loop
[7.073s] DEBUG:colcon.colcon_parallel_executor.executor.parallel:loop closed
[7.073s] DEBUG:colcon.colcon_parallel_executor.executor.parallel:run_until_complete finished with '0'
[7.073s] DEBUG:colcon.colcon_core.event_reactor:joining thread
[7.129s] INFO:colcon.colcon_core.plugin_system:Skipping extension 'colcon_notification.desktop_notification.terminal_notifier': Not used on non-Darwin systems
[7.129s] INFO:colcon.colcon_core.plugin_system:Skipping extension 'colcon_notification.desktop_notification.win32': Not used on non-Windows systems
[7.129s] INFO:colcon.colcon_notification.desktop_notification:Sending desktop notification using 'notify2'
[7.159s] DEBUG:colcon.colcon_core.event_reactor:joined thread
[7.160s] INFO:colcon.colcon_core.shell:Creating prefix script '/home/zheng/carerobot_slam_ros2/install/local_setup.ps1'
[7.173s] INFO:colcon.colcon_core.shell:Creating prefix util module '/home/zheng/carerobot_slam_ros2/install/_local_setup_util_ps1.py'
[7.183s] INFO:colcon.colcon_core.shell:Creating prefix chain script '/home/zheng/carerobot_slam_ros2/install/setup.ps1'
[7.184s] INFO:colcon.colcon_core.shell:Creating prefix script '/home/zheng/carerobot_slam_ros2/install/local_setup.sh'
[7.190s] INFO:colcon.colcon_core.shell:Creating prefix util module '/home/zheng/carerobot_slam_ros2/install/_local_setup_util_sh.py'
[7.190s] INFO:colcon.colcon_core.shell:Creating prefix chain script '/home/zheng/carerobot_slam_ros2/install/setup.sh'
[7.192s] INFO:colcon.colcon_core.shell:Creating prefix script '/home/zheng/carerobot_slam_ros2/install/local_setup.bash'
[7.197s] INFO:colcon.colcon_core.shell:Creating prefix chain script '/home/zheng/carerobot_slam_ros2/install/setup.bash'
[7.198s] INFO:colcon.colcon_core.shell:Creating prefix script '/home/zheng/carerobot_slam_ros2/install/local_setup.zsh'
[7.206s] INFO:colcon.colcon_core.shell:Creating prefix chain script '/home/zheng/carerobot_slam_ros2/install/setup.zsh'
