[0.000000] (-) TimerEvent: {}
[0.000635] (diff_drive_gazebo) JobQueued: {'identifier': 'diff_drive_gazebo', 'dependencies': OrderedDict()}
[0.000845] (robot_communication) JobQueued: {'identifier': 'robot_communication', 'dependencies': OrderedDict()}
[0.001075] (robot_costmap) JobQueued: {'identifier': 'robot_costmap', 'dependencies': OrderedDict([('robot_communication', '/home/zheng/carerobot_slam_ros2/install/robot_communication')])}
[0.001159] (robot_pid_local_planner) JobQueued: {'identifier': 'robot_pid_local_planner', 'dependencies': OrderedDict([('robot_communication', '/home/zheng/carerobot_slam_ros2/install/robot_communication')])}
[0.001194] (robot_navigation) JobQueued: {'identifier': 'robot_navigation', 'dependencies': OrderedDict([('robot_communication', '/home/zheng/carerobot_slam_ros2/install/robot_communication'), ('robot_costmap', '/home/zheng/carerobot_slam_ros2/install/robot_costmap')])}
[0.001231] (robot_communication) JobStarted: {'identifier': 'robot_communication'}
[0.007623] (diff_drive_gazebo) JobStarted: {'identifier': 'diff_drive_gazebo'}
[0.013398] (robot_communication) JobProgress: {'identifier': 'robot_communication', 'progress': 'cmake'}
[0.014335] (robot_communication) JobProgress: {'identifier': 'robot_communication', 'progress': 'build'}
[0.015322] (robot_communication) Command: {'cmd': ['/usr/bin/cmake', '--build', '/home/zheng/carerobot_slam_ros2/build/robot_communication', '--', '-j8', '-l8'], 'cwd': '/home/zheng/carerobot_slam_ros2/build/robot_communication', 'env': OrderedDict([('GJS_DEBUG_TOPICS', 'JS ERROR;JS LOG'), ('PYTHON_BASIC_REPL', '1'), ('LESSOPEN', '| /usr/bin/lesspipe %s'), ('LANGUAGE', 'zh_CN:zh'), ('USER', 'zheng'), ('XDG_SESSION_TYPE', 'x11'), ('GIT_ASKPASS', '/usr/share/code/resources/app/extensions/git/dist/askpass.sh'), ('SHLVL', '1'), ('LD_LIBRARY_PATH', '/usr/lib/x86_64-linux-gnu/gazebo-11/plugins:/opt/ros/humble/opt/rviz_ogre_vendor/lib:/opt/ros/humble/lib/x86_64-linux-gnu:/opt/ros/humble/lib'), ('HOME', '/home/zheng'), ('CHROME_DESKTOP', 'code.desktop'), ('TERM_PROGRAM_VERSION', '1.135.0'), ('DESKTOP_SESSION', 'ubuntu-xorg'), ('GIO_LAUNCHED_DESKTOP_FILE', '/usr/share/applications/code.desktop'), ('ROS_PYTHON_VERSION', '3'), ('GNOME_SHELL_SESSION_MODE', 'ubuntu'), ('GTK_MODULES', 'gail:atk-bridge'), ('VSCODE_GIT_ASKPASS_MAIN', '/usr/share/code/resources/app/extensions/git/dist/askpass-main.js'), ('VSCODE_GIT_ASKPASS_NODE', '/usr/share/code/code'), ('MANAGERPID', '1463'), ('PYDEVD_DISABLE_FILE_VALIDATION', '1'), ('SYSTEMD_EXEC_PID', '1745'), ('BUNDLED_DEBUGPY_PATH', '/home/zheng/.vscode/extensions/ms-python.debugpy-2026.6.0-linux-x64/bundled/libs/debugpy'), ('VSCODE_PYTHON_AUTOACTIVATE_GUARD', '1'), ('DBUS_SESSION_BUS_ADDRESS', 'unix:path=/run/user/1000/bus'), ('COLORTERM', 'truecolor'), ('GIO_LAUNCHED_DESKTOP_FILE_PID', '16113'), ('ROS_DISTRO', 'humble'), ('GTK_IM_MODULE', 'ibus'), ('LOGNAME', 'zheng'), ('JOURNAL_STREAM', '8:9109'), ('_', '/usr/bin/colcon'), ('ROS_VERSION', '2'), ('XDG_SESSION_CLASS', 'user'), ('USERNAME', 'zheng'), ('TERM', 'xterm-256color'), ('GNOME_DESKTOP_SESSION_ID', 'this-is-deprecated'), ('FC_FONTATIONS', '1'), ('ROS_LOCALHOST_ONLY', '0'), ('WINDOWPATH', '2'), ('PATH', '/home/zheng/.config/Code/User/globalStorage/github.copilot-chat/debugCommand:/home/zheng/.config/Code/User/globalStorage/github.copilot-chat/copilotCli:/opt/ros/humble/bin:/usr/local/sbin:/usr/local/bin:/usr/sbin:/usr/bin:/sbin:/bin:/usr/games:/usr/local/games:/snap/bin:/snap/bin:/home/zheng/.vscode/extensions/ms-python.debugpy-2026.6.0-linux-x64/bundled/scripts/noConfigScripts'), ('SESSION_MANAGER', 'local/zheng-Lenovo-Product:@/tmp/.ICE-unix/1722,unix/zheng-Lenovo-Product:/tmp/.ICE-unix/1722'), ('INVOCATION_ID', 'ac074399a22843219e3ebd3049ddf590'), ('XDG_MENU_PREFIX', 'gnome-'), ('XDG_RUNTIME_DIR', '/run/user/1000'), ('GDK_BACKEND', 'x11'), ('DISPLAY', ':0'), ('VSCODE_DEBUGPY_ADAPTER_ENDPOINTS', '/home/zheng/.vscode/extensions/ms-python.debugpy-2026.6.0-linux-x64/.noConfigDebugAdapterEndpoints/endpoint-85e0bbdd27a237cb.txt'), ('LANG', 'zh_CN.UTF-8'), ('XDG_CURRENT_DESKTOP', 'ubuntu:GNOME'), ('PYTHONSTARTUP', '/home/zheng/.config/Code/User/workspaceStorage/7c1638c18d6b6e2173098eecef125327/ms-python.python/pythonrc.py'), ('XMODIFIERS', '@im=ibus'), ('XDG_SESSION_DESKTOP', 'ubuntu-xorg'), ('XAUTHORITY', '/run/user/1000/gdm/Xauthority'), ('LS_COLORS', 'rs=0:di=01;34:ln=01;36:mh=00:pi=40;33:so=01;35:do=01;35:bd=40;33;01:cd=40;33;01:or=40;31;01:mi=00:su=37;41:sg=30;43:ca=30;41:tw=30;42:ow=34;42:st=37;44:ex=01;32:*.tar=01;31:*.tgz=01;31:*.arc=01;31:*.arj=01;31:*.taz=01;31:*.lha=01;31:*.lz4=01;31:*.lzh=01;31:*.lzma=01;31:*.tlz=01;31:*.txz=01;31:*.tzo=01;31:*.t7z=01;31:*.zip=01;31:*.z=01;31:*.dz=01;31:*.gz=01;31:*.lrz=01;31:*.lz=01;31:*.lzo=01;31:*.xz=01;31:*.zst=01;31:*.tzst=01;31:*.bz2=01;31:*.bz=01;31:*.tbz=01;31:*.tbz2=01;31:*.tz=01;31:*.deb=01;31:*.rpm=01;31:*.jar=01;31:*.war=01;31:*.ear=01;31:*.sar=01;31:*.rar=01;31:*.alz=01;31:*.ace=01;31:*.zoo=01;31:*.cpio=01;31:*.7z=01;31:*.rz=01;31:*.cab=01;31:*.wim=01;31:*.swm=01;31:*.dwm=01;31:*.esd=01;31:*.jpg=01;35:*.jpeg=01;35:*.mjpg=01;35:*.mjpeg=01;35:*.gif=01;35:*.bmp=01;35:*.pbm=01;35:*.pgm=01;35:*.ppm=01;35:*.tga=01;35:*.xbm=01;35:*.xpm=01;35:*.tif=01;35:*.tiff=01;35:*.png=01;35:*.svg=01;35:*.svgz=01;35:*.mng=01;35:*.pcx=01;35:*.mov=01;35:*.mpg=01;35:*.mpeg=01;35:*.m2v=01;35:*.mkv=01;35:*.webm=01;35:*.webp=01;35:*.ogm=01;35:*.mp4=01;35:*.m4v=01;35:*.mp4v=01;35:*.vob=01;35:*.qt=01;35:*.nuv=01;35:*.wmv=01;35:*.asf=01;35:*.rm=01;35:*.rmvb=01;35:*.flc=01;35:*.avi=01;35:*.fli=01;35:*.flv=01;35:*.gl=01;35:*.dl=01;35:*.xcf=01;35:*.xwd=01;35:*.yuv=01;35:*.cgm=01;35:*.emf=01;35:*.ogv=01;35:*.ogx=01;35:*.aac=00;36:*.au=00;36:*.flac=00;36:*.m4a=00;36:*.mid=00;36:*.midi=00;36:*.mka=00;36:*.mp3=00;36:*.mpc=00;36:*.ogg=00;36:*.ra=00;36:*.wav=00;36:*.oga=00;36:*.opus=00;36:*.spx=00;36:*.xspf=00;36:'), ('VSCODE_GIT_IPC_HANDLE', '/run/user/1000/vscode-git-f64114791b.sock'), ('TERM_PROGRAM', 'vscode'), ('SSH_AGENT_LAUNCHER', 'gnome-keyring'), ('SSH_AUTH_SOCK', '/run/user/1000/keyring/ssh'), ('AMENT_PREFIX_PATH', '/opt/ros/humble'), ('SHELL', '/bin/bash'), ('QT_ACCESSIBILITY', '1'), ('GDMSESSION', 'ubuntu-xorg'), ('LESSCLOSE', '/usr/bin/lesspipe %s %s'), ('GPG_AGENT_INFO', '/run/user/1000/gnupg/S.gpg-agent:0:1'), ('GJS_DEBUG_OUTPUT', 'stderr'), ('GAZEBO_MODEL_DATABASE_URI', ''), ('VSCODE_GIT_ASKPASS_EXTRA_ARGS', ''), ('QT_IM_MODULE', 'ibus'), ('PWD', '/home/zheng/carerobot_slam_ros2/build/robot_communication'), ('XDG_CONFIG_DIRS', '/etc/xdg/xdg-ubuntu-xorg:/etc/xdg'), ('COPILOT_DEBUG_NONCE', 'b2678e8931ad5b1b6842b5b0f9197177'), ('XDG_DATA_DIRS', '/usr/share/ubuntu-xorg:/usr/share/gnome:/usr/local/share/:/usr/share/:/var/lib/snapd/desktop'), ('PYTHONPATH', '/opt/ros/humble/lib/python3.10/site-packages:/opt/ros/humble/local/lib/python3.10/dist-packages'), ('COLCON', '1'), ('CMAKE_PREFIX_PATH', '/opt/ros/humble')]), 'shell': False}
[0.019354] (diff_drive_gazebo) JobProgress: {'identifier': 'diff_drive_gazebo', 'progress': 'cmake'}
[0.020088] (diff_drive_gazebo) Command: {'cmd': ['/usr/bin/cmake', '/home/zheng/carerobot_slam_ros2/src/diff_drive_gazebo', '-DCMAKE_INSTALL_PREFIX=/home/zheng/carerobot_slam_ros2/install/diff_drive_gazebo'], 'cwd': '/home/zheng/carerobot_slam_ros2/build/diff_drive_gazebo', 'env': OrderedDict([('GJS_DEBUG_TOPICS', 'JS ERROR;JS LOG'), ('PYTHON_BASIC_REPL', '1'), ('LESSOPEN', '| /usr/bin/lesspipe %s'), ('LANGUAGE', 'zh_CN:zh'), ('USER', 'zheng'), ('XDG_SESSION_TYPE', 'x11'), ('GIT_ASKPASS', '/usr/share/code/resources/app/extensions/git/dist/askpass.sh'), ('SHLVL', '1'), ('LD_LIBRARY_PATH', '/usr/lib/x86_64-linux-gnu/gazebo-11/plugins:/opt/ros/humble/opt/rviz_ogre_vendor/lib:/opt/ros/humble/lib/x86_64-linux-gnu:/opt/ros/humble/lib'), ('HOME', '/home/zheng'), ('CHROME_DESKTOP', 'code.desktop'), ('TERM_PROGRAM_VERSION', '1.135.0'), ('DESKTOP_SESSION', 'ubuntu-xorg'), ('GIO_LAUNCHED_DESKTOP_FILE', '/usr/share/applications/code.desktop'), ('ROS_PYTHON_VERSION', '3'), ('GNOME_SHELL_SESSION_MODE', 'ubuntu'), ('GTK_MODULES', 'gail:atk-bridge'), ('VSCODE_GIT_ASKPASS_MAIN', '/usr/share/code/resources/app/extensions/git/dist/askpass-main.js'), ('VSCODE_GIT_ASKPASS_NODE', '/usr/share/code/code'), ('MANAGERPID', '1463'), ('PYDEVD_DISABLE_FILE_VALIDATION', '1'), ('SYSTEMD_EXEC_PID', '1745'), ('BUNDLED_DEBUGPY_PATH', '/home/zheng/.vscode/extensions/ms-python.debugpy-2026.6.0-linux-x64/bundled/libs/debugpy'), ('VSCODE_PYTHON_AUTOACTIVATE_GUARD', '1'), ('DBUS_SESSION_BUS_ADDRESS', 'unix:path=/run/user/1000/bus'), ('COLORTERM', 'truecolor'), ('GIO_LAUNCHED_DESKTOP_FILE_PID', '16113'), ('ROS_DISTRO', 'humble'), ('GTK_IM_MODULE', 'ibus'), ('LOGNAME', 'zheng'), ('JOURNAL_STREAM', '8:9109'), ('_', '/usr/bin/colcon'), ('ROS_VERSION', '2'), ('XDG_SESSION_CLASS', 'user'), ('USERNAME', 'zheng'), ('TERM', 'xterm-256color'), ('GNOME_DESKTOP_SESSION_ID', 'this-is-deprecated'), ('FC_FONTATIONS', '1'), ('ROS_LOCALHOST_ONLY', '0'), ('WINDOWPATH', '2'), ('PATH', '/home/zheng/.config/Code/User/globalStorage/github.copilot-chat/debugCommand:/home/zheng/.config/Code/User/globalStorage/github.copilot-chat/copilotCli:/opt/ros/humble/bin:/usr/local/sbin:/usr/local/bin:/usr/sbin:/usr/bin:/sbin:/bin:/usr/games:/usr/local/games:/snap/bin:/snap/bin:/home/zheng/.vscode/extensions/ms-python.debugpy-2026.6.0-linux-x64/bundled/scripts/noConfigScripts'), ('SESSION_MANAGER', 'local/zheng-Lenovo-Product:@/tmp/.ICE-unix/1722,unix/zheng-Lenovo-Product:/tmp/.ICE-unix/1722'), ('INVOCATION_ID', 'ac074399a22843219e3ebd3049ddf590'), ('XDG_MENU_PREFIX', 'gnome-'), ('XDG_RUNTIME_DIR', '/run/user/1000'), ('GDK_BACKEND', 'x11'), ('DISPLAY', ':0'), ('VSCODE_DEBUGPY_ADAPTER_ENDPOINTS', '/home/zheng/.vscode/extensions/ms-python.debugpy-2026.6.0-linux-x64/.noConfigDebugAdapterEndpoints/endpoint-85e0bbdd27a237cb.txt'), ('LANG', 'zh_CN.UTF-8'), ('XDG_CURRENT_DESKTOP', 'ubuntu:GNOME'), ('PYTHONSTARTUP', '/home/zheng/.config/Code/User/workspaceStorage/7c1638c18d6b6e2173098eecef125327/ms-python.python/pythonrc.py'), ('XMODIFIERS', '@im=ibus'), ('XDG_SESSION_DESKTOP', 'ubuntu-xorg'), ('XAUTHORITY', '/run/user/1000/gdm/Xauthority'), ('LS_COLORS', 'rs=0:di=01;34:ln=01;36:mh=00:pi=40;33:so=01;35:do=01;35:bd=40;33;01:cd=40;33;01:or=40;31;01:mi=00:su=37;41:sg=30;43:ca=30;41:tw=30;42:ow=34;42:st=37;44:ex=01;32:*.tar=01;31:*.tgz=01;31:*.arc=01;31:*.arj=01;31:*.taz=01;31:*.lha=01;31:*.lz4=01;31:*.lzh=01;31:*.lzma=01;31:*.tlz=01;31:*.txz=01;31:*.tzo=01;31:*.t7z=01;31:*.zip=01;31:*.z=01;31:*.dz=01;31:*.gz=01;31:*.lrz=01;31:*.lz=01;31:*.lzo=01;31:*.xz=01;31:*.zst=01;31:*.tzst=01;31:*.bz2=01;31:*.bz=01;31:*.tbz=01;31:*.tbz2=01;31:*.tz=01;31:*.deb=01;31:*.rpm=01;31:*.jar=01;31:*.war=01;31:*.ear=01;31:*.sar=01;31:*.rar=01;31:*.alz=01;31:*.ace=01;31:*.zoo=01;31:*.cpio=01;31:*.7z=01;31:*.rz=01;31:*.cab=01;31:*.wim=01;31:*.swm=01;31:*.dwm=01;31:*.esd=01;31:*.jpg=01;35:*.jpeg=01;35:*.mjpg=01;35:*.mjpeg=01;35:*.gif=01;35:*.bmp=01;35:*.pbm=01;35:*.pgm=01;35:*.ppm=01;35:*.tga=01;35:*.xbm=01;35:*.xpm=01;35:*.tif=01;35:*.tiff=01;35:*.png=01;35:*.svg=01;35:*.svgz=01;35:*.mng=01;35:*.pcx=01;35:*.mov=01;35:*.mpg=01;35:*.mpeg=01;35:*.m2v=01;35:*.mkv=01;35:*.webm=01;35:*.webp=01;35:*.ogm=01;35:*.mp4=01;35:*.m4v=01;35:*.mp4v=01;35:*.vob=01;35:*.qt=01;35:*.nuv=01;35:*.wmv=01;35:*.asf=01;35:*.rm=01;35:*.rmvb=01;35:*.flc=01;35:*.avi=01;35:*.fli=01;35:*.flv=01;35:*.gl=01;35:*.dl=01;35:*.xcf=01;35:*.xwd=01;35:*.yuv=01;35:*.cgm=01;35:*.emf=01;35:*.ogv=01;35:*.ogx=01;35:*.aac=00;36:*.au=00;36:*.flac=00;36:*.m4a=00;36:*.mid=00;36:*.midi=00;36:*.mka=00;36:*.mp3=00;36:*.mpc=00;36:*.ogg=00;36:*.ra=00;36:*.wav=00;36:*.oga=00;36:*.opus=00;36:*.spx=00;36:*.xspf=00;36:'), ('VSCODE_GIT_IPC_HANDLE', '/run/user/1000/vscode-git-f64114791b.sock'), ('TERM_PROGRAM', 'vscode'), ('SSH_AGENT_LAUNCHER', 'gnome-keyring'), ('SSH_AUTH_SOCK', '/run/user/1000/keyring/ssh'), ('AMENT_PREFIX_PATH', '/opt/ros/humble'), ('SHELL', '/bin/bash'), ('QT_ACCESSIBILITY', '1'), ('GDMSESSION', 'ubuntu-xorg'), ('LESSCLOSE', '/usr/bin/lesspipe %s %s'), ('GPG_AGENT_INFO', '/run/user/1000/gnupg/S.gpg-agent:0:1'), ('GJS_DEBUG_OUTPUT', 'stderr'), ('GAZEBO_MODEL_DATABASE_URI', ''), ('VSCODE_GIT_ASKPASS_EXTRA_ARGS', ''), ('QT_IM_MODULE', 'ibus'), ('PWD', '/home/zheng/carerobot_slam_ros2/build/diff_drive_gazebo'), ('XDG_CONFIG_DIRS', '/etc/xdg/xdg-ubuntu-xorg:/etc/xdg'), ('COPILOT_DEBUG_NONCE', 'b2678e8931ad5b1b6842b5b0f9197177'), ('XDG_DATA_DIRS', '/usr/share/ubuntu-xorg:/usr/share/gnome:/usr/local/share/:/usr/share/:/var/lib/snapd/desktop'), ('PYTHONPATH', '/opt/ros/humble/lib/python3.10/site-packages:/opt/ros/humble/local/lib/python3.10/dist-packages'), ('COLCON', '1'), ('CMAKE_PREFIX_PATH', '/opt/ros/humble')]), 'shell': False}
[0.075130] (robot_communication) StdoutLine: {'line': b'\x1b[35m\x1b[1mConsolidate compiler generated dependencies of target robot_communication__rosidl_generator_c\x1b[0m\n'}
[0.099770] (-) TimerEvent: {}
[0.101830] (robot_communication) StdoutLine: {'line': b'[  1%] Built target robot_communication__rs\n'}
[0.105337] (robot_communication) StdoutLine: {'line': b'[ 12%] Built target robot_communication__rosidl_generator_c\n'}
[0.111827] (robot_communication) StdoutLine: {'line': b'[ 13%] Built target robot_communication__cpp\n'}
[0.132000] (robot_communication) StdoutLine: {'line': b'[ 13%] Built target ament_cmake_python_copy_robot_communication\n'}
[0.142514] (robot_communication) StdoutLine: {'line': b'\x1b[35m\x1b[1mConsolidate compiler generated dependencies of target robot_communication__rosidl_typesupport_fastrtps_cpp\x1b[0m\n'}
[0.143122] (robot_communication) StdoutLine: {'line': b'\x1b[35m\x1b[1mConsolidate compiler generated dependencies of target robot_communication__rosidl_typesupport_cpp\x1b[0m\n'}
[0.143231] (robot_communication) StdoutLine: {'line': b'\x1b[35m\x1b[1mConsolidate compiler generated dependencies of target robot_communication__rosidl_typesupport_introspection_c\x1b[0m\n'}
[0.157294] (robot_communication) StdoutLine: {'line': b'\x1b[35m\x1b[1mConsolidate compiler generated dependencies of target robot_communication__rosidl_typesupport_introspection_cpp\x1b[0m\n'}
[0.161233] (robot_communication) StdoutLine: {'line': b'\x1b[35m\x1b[1mConsolidate compiler generated dependencies of target robot_communication__rosidl_typesupport_c\x1b[0m\n'}
[0.168706] (robot_communication) StdoutLine: {'line': b'\x1b[35m\x1b[1mConsolidate compiler generated dependencies of target robot_communication__rosidl_typesupport_fastrtps_c\x1b[0m\n'}
[0.184805] (diff_drive_gazebo) StdoutLine: {'line': b'-- The C compiler identification is GNU 11.4.0\n'}
[0.186371] (robot_communication) StdoutLine: {'line': b'[ 25%] Built target robot_communication__rosidl_typesupport_introspection_c\n'}
[0.195522] (robot_communication) StdoutLine: {'line': b'[ 36%] Built target robot_communication__rosidl_typesupport_fastrtps_cpp\n'}
[0.199867] (-) TimerEvent: {}
[0.203824] (robot_communication) StdoutLine: {'line': b'[ 47%] Built target robot_communication__rosidl_typesupport_cpp\n'}
[0.207196] (robot_communication) StdoutLine: {'line': b'[ 58%] Built target robot_communication__rosidl_typesupport_c\n'}
[0.217105] (robot_communication) StdoutLine: {'line': b'[ 70%] Built target robot_communication__rosidl_typesupport_introspection_cpp\n'}
[0.219439] (robot_communication) StdoutLine: {'line': b'[ 81%] Built target robot_communication__rosidl_typesupport_fastrtps_c\n'}
[0.249763] (robot_communication) StdoutLine: {'line': b'[ 81%] Built target robot_communication\n'}
[0.278383] (robot_communication) StdoutLine: {'line': b'[ 82%] Built target robot_communication__py\n'}
[0.289205] (diff_drive_gazebo) StdoutLine: {'line': b'-- The CXX compiler identification is GNU 11.4.0\n'}
[0.297977] (robot_communication) StdoutLine: {'line': b'\x1b[35m\x1b[1mConsolidate compiler generated dependencies of target robot_communication__rosidl_generator_py\x1b[0m\n'}
[0.303365] (diff_drive_gazebo) StdoutLine: {'line': b'-- Detecting C compiler ABI info\n'}
[0.303568] (-) TimerEvent: {}
[0.327430] (robot_communication) StdoutLine: {'line': b'[ 92%] Built target robot_communication__rosidl_generator_py\n'}
[0.343947] (robot_communication) StdoutLine: {'line': b'\x1b[35m\x1b[1mConsolidate compiler generated dependencies of target robot_communication__rosidl_typesupport_fastrtps_c__pyext\x1b[0m\n'}
[0.348886] (robot_communication) StdoutLine: {'line': b'\x1b[35m\x1b[1mConsolidate compiler generated dependencies of target robot_communication__rosidl_typesupport_introspection_c__pyext\x1b[0m\n'}
[0.364891] (robot_communication) StdoutLine: {'line': b'\x1b[35m\x1b[1mConsolidate compiler generated dependencies of target robot_communication__rosidl_typesupport_c__pyext\x1b[0m\n'}
[0.365272] (robot_communication) StdoutLine: {'line': b'[ 95%] Built target robot_communication__rosidl_typesupport_fastrtps_c__pyext\n'}
[0.374589] (robot_communication) StdoutLine: {'line': b'[ 97%] Built target robot_communication__rosidl_typesupport_introspection_c__pyext\n'}
[0.386103] (robot_communication) StdoutLine: {'line': b'[100%] Built target robot_communication__rosidl_typesupport_c__pyext\n'}
[0.403678] (-) TimerEvent: {}
[0.445779] (diff_drive_gazebo) StdoutLine: {'line': b'-- Detecting C compiler ABI info - done\n'}
[0.462720] (diff_drive_gazebo) StdoutLine: {'line': b'-- Check for working C compiler: /usr/bin/cc - skipped\n'}
[0.463088] (diff_drive_gazebo) StdoutLine: {'line': b'-- Detecting C compile features\n'}
[0.466209] (diff_drive_gazebo) StdoutLine: {'line': b'-- Detecting C compile features - done\n'}
[0.469515] (diff_drive_gazebo) StdoutLine: {'line': b'-- Detecting CXX compiler ABI info\n'}
[0.505011] (-) TimerEvent: {}
[0.542960] (robot_communication) StdoutLine: {'line': b'running egg_info\n'}
[0.544322] (robot_communication) StdoutLine: {'line': b'writing robot_communication.egg-info/PKG-INFO\n'}
[0.544600] (robot_communication) StdoutLine: {'line': b'writing dependency_links to robot_communication.egg-info/dependency_links.txt\n'}
[0.544840] (robot_communication) StdoutLine: {'line': b'writing top-level names to robot_communication.egg-info/top_level.txt\n'}
[0.548524] (robot_communication) StdoutLine: {'line': b"reading manifest file 'robot_communication.egg-info/SOURCES.txt'\n"}
[0.549638] (robot_communication) StdoutLine: {'line': b"writing manifest file 'robot_communication.egg-info/SOURCES.txt'\n"}
[0.579532] (diff_drive_gazebo) StdoutLine: {'line': b'-- Detecting CXX compiler ABI info - done\n'}
[0.592703] (robot_communication) StdoutLine: {'line': b'[100%] Built target ament_cmake_python_build_robot_communication_egg\n'}
[0.598284] (diff_drive_gazebo) StdoutLine: {'line': b'-- Check for working CXX compiler: /usr/bin/c++ - skipped\n'}
[0.599012] (diff_drive_gazebo) StdoutLine: {'line': b'-- Detecting CXX compile features\n'}
[0.599466] (diff_drive_gazebo) StdoutLine: {'line': b'-- Detecting CXX compile features - done\n'}
[0.603168] (diff_drive_gazebo) StdoutLine: {'line': b'-- Found ament_cmake: 1.3.14 (/opt/ros/humble/share/ament_cmake/cmake)\n'}
[0.605109] (-) TimerEvent: {}
[0.607765] (robot_communication) CommandEnded: {'returncode': 0}
[0.609282] (robot_communication) JobProgress: {'identifier': 'robot_communication', 'progress': 'install'}
[0.618720] (robot_communication) Command: {'cmd': ['/usr/bin/cmake', '--install', '/home/zheng/carerobot_slam_ros2/build/robot_communication'], 'cwd': '/home/zheng/carerobot_slam_ros2/build/robot_communication', 'env': OrderedDict([('GJS_DEBUG_TOPICS', 'JS ERROR;JS LOG'), ('PYTHON_BASIC_REPL', '1'), ('LESSOPEN', '| /usr/bin/lesspipe %s'), ('LANGUAGE', 'zh_CN:zh'), ('USER', 'zheng'), ('XDG_SESSION_TYPE', 'x11'), ('GIT_ASKPASS', '/usr/share/code/resources/app/extensions/git/dist/askpass.sh'), ('SHLVL', '1'), ('LD_LIBRARY_PATH', '/usr/lib/x86_64-linux-gnu/gazebo-11/plugins:/opt/ros/humble/opt/rviz_ogre_vendor/lib:/opt/ros/humble/lib/x86_64-linux-gnu:/opt/ros/humble/lib'), ('HOME', '/home/zheng'), ('CHROME_DESKTOP', 'code.desktop'), ('TERM_PROGRAM_VERSION', '1.135.0'), ('DESKTOP_SESSION', 'ubuntu-xorg'), ('GIO_LAUNCHED_DESKTOP_FILE', '/usr/share/applications/code.desktop'), ('ROS_PYTHON_VERSION', '3'), ('GNOME_SHELL_SESSION_MODE', 'ubuntu'), ('GTK_MODULES', 'gail:atk-bridge'), ('VSCODE_GIT_ASKPASS_MAIN', '/usr/share/code/resources/app/extensions/git/dist/askpass-main.js'), ('VSCODE_GIT_ASKPASS_NODE', '/usr/share/code/code'), ('MANAGERPID', '1463'), ('PYDEVD_DISABLE_FILE_VALIDATION', '1'), ('SYSTEMD_EXEC_PID', '1745'), ('BUNDLED_DEBUGPY_PATH', '/home/zheng/.vscode/extensions/ms-python.debugpy-2026.6.0-linux-x64/bundled/libs/debugpy'), ('VSCODE_PYTHON_AUTOACTIVATE_GUARD', '1'), ('DBUS_SESSION_BUS_ADDRESS', 'unix:path=/run/user/1000/bus'), ('COLORTERM', 'truecolor'), ('GIO_LAUNCHED_DESKTOP_FILE_PID', '16113'), ('ROS_DISTRO', 'humble'), ('GTK_IM_MODULE', 'ibus'), ('LOGNAME', 'zheng'), ('JOURNAL_STREAM', '8:9109'), ('_', '/usr/bin/colcon'), ('ROS_VERSION', '2'), ('XDG_SESSION_CLASS', 'user'), ('USERNAME', 'zheng'), ('TERM', 'xterm-256color'), ('GNOME_DESKTOP_SESSION_ID', 'this-is-deprecated'), ('FC_FONTATIONS', '1'), ('ROS_LOCALHOST_ONLY', '0'), ('WINDOWPATH', '2'), ('PATH', '/home/zheng/.config/Code/User/globalStorage/github.copilot-chat/debugCommand:/home/zheng/.config/Code/User/globalStorage/github.copilot-chat/copilotCli:/opt/ros/humble/bin:/usr/local/sbin:/usr/local/bin:/usr/sbin:/usr/bin:/sbin:/bin:/usr/games:/usr/local/games:/snap/bin:/snap/bin:/home/zheng/.vscode/extensions/ms-python.debugpy-2026.6.0-linux-x64/bundled/scripts/noConfigScripts'), ('SESSION_MANAGER', 'local/zheng-Lenovo-Product:@/tmp/.ICE-unix/1722,unix/zheng-Lenovo-Product:/tmp/.ICE-unix/1722'), ('INVOCATION_ID', 'ac074399a22843219e3ebd3049ddf590'), ('XDG_MENU_PREFIX', 'gnome-'), ('XDG_RUNTIME_DIR', '/run/user/1000'), ('GDK_BACKEND', 'x11'), ('DISPLAY', ':0'), ('VSCODE_DEBUGPY_ADAPTER_ENDPOINTS', '/home/zheng/.vscode/extensions/ms-python.debugpy-2026.6.0-linux-x64/.noConfigDebugAdapterEndpoints/endpoint-85e0bbdd27a237cb.txt'), ('LANG', 'zh_CN.UTF-8'), ('XDG_CURRENT_DESKTOP', 'ubuntu:GNOME'), ('PYTHONSTARTUP', '/home/zheng/.config/Code/User/workspaceStorage/7c1638c18d6b6e2173098eecef125327/ms-python.python/pythonrc.py'), ('XMODIFIERS', '@im=ibus'), ('XDG_SESSION_DESKTOP', 'ubuntu-xorg'), ('XAUTHORITY', '/run/user/1000/gdm/Xauthority'), ('LS_COLORS', 'rs=0:di=01;34:ln=01;36:mh=00:pi=40;33:so=01;35:do=01;35:bd=40;33;01:cd=40;33;01:or=40;31;01:mi=00:su=37;41:sg=30;43:ca=30;41:tw=30;42:ow=34;42:st=37;44:ex=01;32:*.tar=01;31:*.tgz=01;31:*.arc=01;31:*.arj=01;31:*.taz=01;31:*.lha=01;31:*.lz4=01;31:*.lzh=01;31:*.lzma=01;31:*.tlz=01;31:*.txz=01;31:*.tzo=01;31:*.t7z=01;31:*.zip=01;31:*.z=01;31:*.dz=01;31:*.gz=01;31:*.lrz=01;31:*.lz=01;31:*.lzo=01;31:*.xz=01;31:*.zst=01;31:*.tzst=01;31:*.bz2=01;31:*.bz=01;31:*.tbz=01;31:*.tbz2=01;31:*.tz=01;31:*.deb=01;31:*.rpm=01;31:*.jar=01;31:*.war=01;31:*.ear=01;31:*.sar=01;31:*.rar=01;31:*.alz=01;31:*.ace=01;31:*.zoo=01;31:*.cpio=01;31:*.7z=01;31:*.rz=01;31:*.cab=01;31:*.wim=01;31:*.swm=01;31:*.dwm=01;31:*.esd=01;31:*.jpg=01;35:*.jpeg=01;35:*.mjpg=01;35:*.mjpeg=01;35:*.gif=01;35:*.bmp=01;35:*.pbm=01;35:*.pgm=01;35:*.ppm=01;35:*.tga=01;35:*.xbm=01;35:*.xpm=01;35:*.tif=01;35:*.tiff=01;35:*.png=01;35:*.svg=01;35:*.svgz=01;35:*.mng=01;35:*.pcx=01;35:*.mov=01;35:*.mpg=01;35:*.mpeg=01;35:*.m2v=01;35:*.mkv=01;35:*.webm=01;35:*.webp=01;35:*.ogm=01;35:*.mp4=01;35:*.m4v=01;35:*.mp4v=01;35:*.vob=01;35:*.qt=01;35:*.nuv=01;35:*.wmv=01;35:*.asf=01;35:*.rm=01;35:*.rmvb=01;35:*.flc=01;35:*.avi=01;35:*.fli=01;35:*.flv=01;35:*.gl=01;35:*.dl=01;35:*.xcf=01;35:*.xwd=01;35:*.yuv=01;35:*.cgm=01;35:*.emf=01;35:*.ogv=01;35:*.ogx=01;35:*.aac=00;36:*.au=00;36:*.flac=00;36:*.m4a=00;36:*.mid=00;36:*.midi=00;36:*.mka=00;36:*.mp3=00;36:*.mpc=00;36:*.ogg=00;36:*.ra=00;36:*.wav=00;36:*.oga=00;36:*.opus=00;36:*.spx=00;36:*.xspf=00;36:'), ('VSCODE_GIT_IPC_HANDLE', '/run/user/1000/vscode-git-f64114791b.sock'), ('TERM_PROGRAM', 'vscode'), ('SSH_AGENT_LAUNCHER', 'gnome-keyring'), ('SSH_AUTH_SOCK', '/run/user/1000/keyring/ssh'), ('AMENT_PREFIX_PATH', '/opt/ros/humble'), ('SHELL', '/bin/bash'), ('QT_ACCESSIBILITY', '1'), ('GDMSESSION', 'ubuntu-xorg'), ('LESSCLOSE', '/usr/bin/lesspipe %s %s'), ('GPG_AGENT_INFO', '/run/user/1000/gnupg/S.gpg-agent:0:1'), ('GJS_DEBUG_OUTPUT', 'stderr'), ('GAZEBO_MODEL_DATABASE_URI', ''), ('VSCODE_GIT_ASKPASS_EXTRA_ARGS', ''), ('QT_IM_MODULE', 'ibus'), ('PWD', '/home/zheng/carerobot_slam_ros2/build/robot_communication'), ('XDG_CONFIG_DIRS', '/etc/xdg/xdg-ubuntu-xorg:/etc/xdg'), ('COPILOT_DEBUG_NONCE', 'b2678e8931ad5b1b6842b5b0f9197177'), ('XDG_DATA_DIRS', '/usr/share/ubuntu-xorg:/usr/share/gnome:/usr/local/share/:/usr/share/:/var/lib/snapd/desktop'), ('PYTHONPATH', '/opt/ros/humble/lib/python3.10/site-packages:/opt/ros/humble/local/lib/python3.10/dist-packages'), ('COLCON', '1'), ('CMAKE_PREFIX_PATH', '/opt/ros/humble')]), 'shell': False}
[0.628310] (robot_communication) StdoutLine: {'line': b'-- Install configuration: ""\n'}
[0.628756] (robot_communication) StdoutLine: {'line': b'-- Up-to-date: /home/zheng/carerobot_slam_ros2/install/robot_communication/share/ament_index/resource_index/rosidl_interfaces/robot_communication\n'}
[0.628871] (robot_communication) StdoutLine: {'line': b'-- Up-to-date: /home/zheng/carerobot_slam_ros2/install/robot_communication/include/robot_communication/robot_communication\n'}
[0.628985] (robot_communication) StdoutLine: {'line': b'-- Up-to-date: /home/zheng/carerobot_slam_ros2/install/robot_communication/include/robot_communication/robot_communication/action\n'}
[0.629095] (robot_communication) StdoutLine: {'line': b'-- Up-to-date: /home/zheng/carerobot_slam_ros2/install/robot_communication/include/robot_communication/robot_communication/action/do_dishes.h\n'}
[0.629191] (robot_communication) StdoutLine: {'line': b'-- Up-to-date: /home/zheng/carerobot_slam_ros2/install/robot_communication/include/robot_communication/robot_communication/action/detail\n'}
[0.629284] (robot_communication) StdoutLine: {'line': b'-- Up-to-date: /home/zheng/carerobot_slam_ros2/install/robot_communication/include/robot_communication/robot_communication/action/detail/do_dishes__functions.c\n'}
[0.629568] (robot_communication) StdoutLine: {'line': b'-- Up-to-date: /home/zheng/carerobot_slam_ros2/install/robot_communication/include/robot_communication/robot_communication/action/detail/do_dishes__functions.h\n'}
[0.629684] (robot_communication) StdoutLine: {'line': b'-- Up-to-date: /home/zheng/carerobot_slam_ros2/install/robot_communication/include/robot_communication/robot_communication/action/detail/do_dishes__type_support.h\n'}
[0.629777] (robot_communication) StdoutLine: {'line': b'-- Up-to-date: /home/zheng/carerobot_slam_ros2/install/robot_communication/include/robot_communication/robot_communication/action/detail/do_dishes__struct.h\n'}
[0.629857] (robot_communication) StdoutLine: {'line': b'-- Up-to-date: /home/zheng/carerobot_slam_ros2/install/robot_communication/include/robot_communication/robot_communication/msg\n'}
[0.629963] (robot_communication) StdoutLine: {'line': b'-- Up-to-date: /home/zheng/carerobot_slam_ros2/install/robot_communication/include/robot_communication/robot_communication/msg/localization_info_broadcast.h\n'}
[0.630047] (robot_communication) StdoutLine: {'line': b'-- Up-to-date: /home/zheng/carerobot_slam_ros2/install/robot_communication/include/robot_communication/robot_communication/msg/chassis_control.h\n'}
[0.630126] (robot_communication) StdoutLine: {'line': b'-- Up-to-date: /home/zheng/carerobot_slam_ros2/install/robot_communication/include/robot_communication/robot_communication/msg/goal.h\n'}
[0.630208] (robot_communication) StdoutLine: {'line': b'-- Up-to-date: /home/zheng/carerobot_slam_ros2/install/robot_communication/include/robot_communication/robot_communication/msg/bspline.h\n'}
[0.630301] (robot_communication) StdoutLine: {'line': b'-- Up-to-date: /home/zheng/carerobot_slam_ros2/install/robot_communication/include/robot_communication/robot_communication/msg/rosidl_generator_c__visibility_control.h\n'}
[0.630390] (robot_communication) StdoutLine: {'line': b'-- Up-to-date: /home/zheng/carerobot_slam_ros2/install/robot_communication/include/robot_communication/robot_communication/msg/sensor_data.h\n'}
[0.630470] (robot_communication) StdoutLine: {'line': b'-- Up-to-date: /home/zheng/carerobot_slam_ros2/install/robot_communication/include/robot_communication/robot_communication/msg/esdf_map.h\n'}
[0.630591] (robot_communication) StdoutLine: {'line': b'-- Up-to-date: /home/zheng/carerobot_slam_ros2/install/robot_communication/include/robot_communication/robot_communication/msg/detail\n'}
[0.630667] (robot_communication) StdoutLine: {'line': b'-- Up-to-date: /home/zheng/carerobot_slam_ros2/install/robot_communication/include/robot_communication/robot_communication/msg/detail/chassis_control__functions.c\n'}
[0.630899] (robot_communication) StdoutLine: {'line': b'-- Up-to-date: /home/zheng/carerobot_slam_ros2/install/robot_communication/include/robot_communication/robot_communication/msg/detail/bspline__functions.c\n'}
[0.631125] (robot_communication) StdoutLine: {'line': b'-- Up-to-date: /home/zheng/carerobot_slam_ros2/install/robot_communication/include/robot_communication/robot_communication/msg/detail/bspline__functions.h\n'}
[0.631299] (robot_communication) StdoutLine: {'line': b'-- Up-to-date: /home/zheng/carerobot_slam_ros2/install/robot_communication/include/robot_communication/robot_communication/msg/detail/chassis_control__type_support.h\n'}
[0.631409] (robot_communication) StdoutLine: {'line': b'-- Up-to-date: /home/zheng/carerobot_slam_ros2/install/robot_communication/include/robot_communication/robot_communication/msg/detail/esdf_map__functions.h\n'}
[0.631511] (robot_communication) StdoutLine: {'line': b'-- Up-to-date: /home/zheng/carerobot_slam_ros2/install/robot_communication/include/robot_communication/robot_communication/msg/detail/esdf_map__type_support.h\n'}
[0.631607] (robot_communication) StdoutLine: {'line': b'-- Up-to-date: /home/zheng/carerobot_slam_ros2/install/robot_communication/include/robot_communication/robot_communication/msg/detail/bspline__struct.h\n'}
[0.631703] (robot_communication) StdoutLine: {'line': b'-- Up-to-date: /home/zheng/carerobot_slam_ros2/install/robot_communication/include/robot_communication/robot_communication/msg/detail/sensor_data__functions.h\n'}
[0.631800] (robot_communication) StdoutLine: {'line': b'-- Up-to-date: /home/zheng/carerobot_slam_ros2/install/robot_communication/include/robot_communication/robot_communication/msg/detail/esdf_map__struct.h\n'}
[0.631898] (robot_communication) StdoutLine: {'line': b'-- Up-to-date: /home/zheng/carerobot_slam_ros2/install/robot_communication/include/robot_communication/robot_communication/msg/detail/sensor_data__functions.c\n'}
[0.632014] (robot_communication) StdoutLine: {'line': b'-- Up-to-date: /home/zheng/carerobot_slam_ros2/install/robot_communication/include/robot_communication/robot_communication/msg/detail/localization_info_broadcast__type_support.h\n'}
[0.632129] (robot_communication) StdoutLine: {'line': b'-- Up-to-date: /home/zheng/carerobot_slam_ros2/install/robot_communication/include/robot_communication/robot_communication/msg/detail/localization_info_broadcast__functions.h\n'}
[0.632238] (robot_communication) StdoutLine: {'line': b'-- Up-to-date: /home/zheng/carerobot_slam_ros2/install/robot_communication/include/robot_communication/robot_communication/msg/detail/chassis_control__functions.h\n'}
[0.632343] (robot_communication) StdoutLine: {'line': b'-- Up-to-date: /home/zheng/carerobot_slam_ros2/install/robot_communication/include/robot_communication/robot_communication/msg/detail/goal__functions.h\n'}
[0.632446] (robot_communication) StdoutLine: {'line': b'-- Up-to-date: /home/zheng/carerobot_slam_ros2/install/robot_communication/include/robot_communication/robot_communication/msg/detail/goal__type_support.h\n'}
[0.632551] (robot_communication) StdoutLine: {'line': b'-- Up-to-date: /home/zheng/carerobot_slam_ros2/install/robot_communication/include/robot_communication/robot_communication/msg/detail/sensor_data__type_support.h\n'}
[0.632667] (robot_communication) StdoutLine: {'line': b'-- Up-to-date: /home/zheng/carerobot_slam_ros2/install/robot_communication/include/robot_communication/robot_communication/msg/detail/localization_info_broadcast__functions.c\n'}
[0.632775] (robot_communication) StdoutLine: {'line': b'-- Up-to-date: /home/zheng/carerobot_slam_ros2/install/robot_communication/include/robot_communication/robot_communication/msg/detail/esdf_map__functions.c\n'}
[0.632888] (robot_communication) StdoutLine: {'line': b'-- Up-to-date: /home/zheng/carerobot_slam_ros2/install/robot_communication/include/robot_communication/robot_communication/msg/detail/bspline__type_support.h\n'}
[0.633012] (robot_communication) StdoutLine: {'line': b'-- Up-to-date: /home/zheng/carerobot_slam_ros2/install/robot_communication/include/robot_communication/robot_communication/msg/detail/sensor_data__struct.h\n'}
[0.633121] (robot_communication) StdoutLine: {'line': b'-- Up-to-date: /home/zheng/carerobot_slam_ros2/install/robot_communication/include/robot_communication/robot_communication/msg/detail/goal__functions.c\n'}
[0.633226] (robot_communication) StdoutLine: {'line': b'-- Up-to-date: /home/zheng/carerobot_slam_ros2/install/robot_communication/include/robot_communication/robot_communication/msg/detail/chassis_control__struct.h\n'}
[0.633331] (robot_communication) StdoutLine: {'line': b'-- Up-to-date: /home/zheng/carerobot_slam_ros2/install/robot_communication/include/robot_communication/robot_communication/msg/detail/goal__struct.h\n'}
[0.633437] (robot_communication) StdoutLine: {'line': b'-- Up-to-date: /home/zheng/carerobot_slam_ros2/install/robot_communication/include/robot_communication/robot_communication/msg/detail/localization_info_broadcast__struct.h\n'}
[0.633541] (robot_communication) StdoutLine: {'line': b'-- Up-to-date: /home/zheng/carerobot_slam_ros2/install/robot_communication/share/robot_communication/environment/library_path.sh\n'}
[0.633645] (robot_communication) StdoutLine: {'line': b'-- Up-to-date: /home/zheng/carerobot_slam_ros2/install/robot_communication/share/robot_communication/environment/library_path.dsv\n'}
[0.633754] (robot_communication) StdoutLine: {'line': b'-- Up-to-date: /home/zheng/carerobot_slam_ros2/install/robot_communication/lib/librobot_communication__rosidl_generator_c.so\n'}
[0.633855] (robot_communication) StdoutLine: {'line': b'-- Up-to-date: /home/zheng/carerobot_slam_ros2/install/robot_communication/include/robot_communication/robot_communication\n'}
[0.633967] (robot_communication) StdoutLine: {'line': b'-- Up-to-date: /home/zheng/carerobot_slam_ros2/install/robot_communication/include/robot_communication/robot_communication/action\n'}
[0.634073] (robot_communication) StdoutLine: {'line': b'-- Up-to-date: /home/zheng/carerobot_slam_ros2/install/robot_communication/include/robot_communication/robot_communication/action/detail\n'}
[0.634173] (robot_communication) StdoutLine: {'line': b'-- Up-to-date: /home/zheng/carerobot_slam_ros2/install/robot_communication/include/robot_communication/robot_communication/action/detail/do_dishes__rosidl_typesupport_fastrtps_c.h\n'}
[0.634269] (robot_communication) StdoutLine: {'line': b'-- Up-to-date: /home/zheng/carerobot_slam_ros2/install/robot_communication/include/robot_communication/robot_communication/msg\n'}
[0.634368] (robot_communication) StdoutLine: {'line': b'-- Up-to-date: /home/zheng/carerobot_slam_ros2/install/robot_communication/include/robot_communication/robot_communication/msg/rosidl_typesupport_fastrtps_c__visibility_control.h\n'}
[0.634627] (robot_communication) StdoutLine: {'line': b'-- Up-to-date: /home/zheng/carerobot_slam_ros2/install/robot_communication/include/robot_communication/robot_communication/msg/detail\n'}
[0.635121] (robot_communication) StdoutLine: {'line': b'-- Up-to-date: /home/zheng/carerobot_slam_ros2/install/robot_communication/include/robot_communication/robot_communication/msg/detail/bspline__rosidl_typesupport_fastrtps_c.h\n'}
[0.635229] (robot_communication) StdoutLine: {'line': b'-- Up-to-date: /home/zheng/carerobot_slam_ros2/install/robot_communication/include/robot_communication/robot_communication/msg/detail/esdf_map__rosidl_typesupport_fastrtps_c.h\n'}
[0.635340] (robot_communication) StdoutLine: {'line': b'-- Up-to-date: /home/zheng/carerobot_slam_ros2/install/robot_communication/include/robot_communication/robot_communication/msg/detail/localization_info_broadcast__rosidl_typesupport_fastrtps_c.h\n'}
[0.635722] (robot_communication) StdoutLine: {'line': b'-- Up-to-date: /home/zheng/carerobot_slam_ros2/install/robot_communication/include/robot_communication/robot_communication/msg/detail/sensor_data__rosidl_typesupport_fastrtps_c.h\n'}
[0.635994] (robot_communication) StdoutLine: {'line': b'-- Up-to-date: /home/zheng/carerobot_slam_ros2/install/robot_communication/include/robot_communication/robot_communication/msg/detail/goal__rosidl_typesupport_fastrtps_c.h\n'}
[0.636139] (robot_communication) StdoutLine: {'line': b'-- Up-to-date: /home/zheng/carerobot_slam_ros2/install/robot_communication/include/robot_communication/robot_communication/msg/detail/chassis_control__rosidl_typesupport_fastrtps_c.h\n'}
[0.636238] (robot_communication) StdoutLine: {'line': b'-- Up-to-date: /home/zheng/carerobot_slam_ros2/install/robot_communication/lib/librobot_communication__rosidl_typesupport_fastrtps_c.so\n'}
[0.636372] (robot_communication) StdoutLine: {'line': b'-- Up-to-date: /home/zheng/carerobot_slam_ros2/install/robot_communication/include/robot_communication/robot_communication\n'}
[0.636474] (robot_communication) StdoutLine: {'line': b'-- Up-to-date: /home/zheng/carerobot_slam_ros2/install/robot_communication/include/robot_communication/robot_communication/action\n'}
[0.636564] (robot_communication) StdoutLine: {'line': b'-- Up-to-date: /home/zheng/carerobot_slam_ros2/install/robot_communication/include/robot_communication/robot_communication/action/detail\n'}
[0.636712] (robot_communication) StdoutLine: {'line': b'-- Up-to-date: /home/zheng/carerobot_slam_ros2/install/robot_communication/include/robot_communication/robot_communication/action/detail/do_dishes__rosidl_typesupport_introspection_c.h\n'}
[0.636903] (robot_communication) StdoutLine: {'line': b'-- Up-to-date: /home/zheng/carerobot_slam_ros2/install/robot_communication/include/robot_communication/robot_communication/action/detail/do_dishes__type_support.c\n'}
[0.637353] (robot_communication) StdoutLine: {'line': b'-- Up-to-date: /home/zheng/carerobot_slam_ros2/install/robot_communication/include/robot_communication/robot_communication/msg\n'}
[0.637463] (robot_communication) StdoutLine: {'line': b'-- Up-to-date: /home/zheng/carerobot_slam_ros2/install/robot_communication/include/robot_communication/robot_communication/msg/rosidl_typesupport_introspection_c__visibility_control.h\n'}
[0.637574] (robot_communication) StdoutLine: {'line': b'-- Up-to-date: /home/zheng/carerobot_slam_ros2/install/robot_communication/include/robot_communication/robot_communication/msg/detail\n'}
[0.637677] (robot_communication) StdoutLine: {'line': b'-- Up-to-date: /home/zheng/carerobot_slam_ros2/install/robot_communication/include/robot_communication/robot_communication/msg/detail/esdf_map__rosidl_typesupport_introspection_c.h\n'}
[0.637776] (robot_communication) StdoutLine: {'line': b'-- Up-to-date: /home/zheng/carerobot_slam_ros2/install/robot_communication/include/robot_communication/robot_communication/msg/detail/bspline__type_support.c\n'}
[0.637883] (robot_communication) StdoutLine: {'line': b'-- Up-to-date: /home/zheng/carerobot_slam_ros2/install/robot_communication/include/robot_communication/robot_communication/msg/detail/bspline__rosidl_typesupport_introspection_c.h\n'}
[0.638056] (robot_communication) StdoutLine: {'line': b'-- Up-to-date: /home/zheng/carerobot_slam_ros2/install/robot_communication/include/robot_communication/robot_communication/msg/detail/chassis_control__rosidl_typesupport_introspection_c.h\n'}
[0.638705] (robot_communication) StdoutLine: {'line': b'-- Up-to-date: /home/zheng/carerobot_slam_ros2/install/robot_communication/include/robot_communication/robot_communication/msg/detail/goal__rosidl_typesupport_introspection_c.h\n'}
[0.638834] (robot_communication) StdoutLine: {'line': b'-- Up-to-date: /home/zheng/carerobot_slam_ros2/install/robot_communication/include/robot_communication/robot_communication/msg/detail/localization_info_broadcast__type_support.c\n'}
[0.638945] (robot_communication) StdoutLine: {'line': b'-- Up-to-date: /home/zheng/carerobot_slam_ros2/install/robot_communication/include/robot_communication/robot_communication/msg/detail/chassis_control__type_support.c\n'}
[0.639056] (robot_communication) StdoutLine: {'line': b'-- Up-to-date: /home/zheng/carerobot_slam_ros2/install/robot_communication/include/robot_communication/robot_communication/msg/detail/goal__type_support.c\n'}
[0.639165] (robot_communication) StdoutLine: {'line': b'-- Up-to-date: /home/zheng/carerobot_slam_ros2/install/robot_communication/include/robot_communication/robot_communication/msg/detail/sensor_data__type_support.c\n'}
[0.639269] (robot_communication) StdoutLine: {'line': b'-- Up-to-date: /home/zheng/carerobot_slam_ros2/install/robot_communication/include/robot_communication/robot_communication/msg/detail/sensor_data__rosidl_typesupport_introspection_c.h\n'}
[0.639511] (robot_communication) StdoutLine: {'line': b'-- Up-to-date: /home/zheng/carerobot_slam_ros2/install/robot_communication/include/robot_communication/robot_communication/msg/detail/esdf_map__type_support.c\n'}
[0.639624] (robot_communication) StdoutLine: {'line': b'-- Up-to-date: /home/zheng/carerobot_slam_ros2/install/robot_communication/include/robot_communication/robot_communication/msg/detail/localization_info_broadcast__rosidl_typesupport_introspection_c.h\n'}
[0.639722] (robot_communication) StdoutLine: {'line': b'-- Up-to-date: /home/zheng/carerobot_slam_ros2/install/robot_communication/lib/librobot_communication__rosidl_typesupport_introspection_c.so\n'}
[0.639822] (robot_communication) StdoutLine: {'line': b'-- Up-to-date: /home/zheng/carerobot_slam_ros2/install/robot_communication/lib/librobot_communication__rosidl_typesupport_c.so\n'}
[0.639953] (robot_communication) StdoutLine: {'line': b'-- Up-to-date: /home/zheng/carerobot_slam_ros2/install/robot_communication/include/robot_communication/robot_communication\n'}
[0.640064] (robot_communication) StdoutLine: {'line': b'-- Up-to-date: /home/zheng/carerobot_slam_ros2/install/robot_communication/include/robot_communication/robot_communication/action\n'}
[0.640164] (robot_communication) StdoutLine: {'line': b'-- Up-to-date: /home/zheng/carerobot_slam_ros2/install/robot_communication/include/robot_communication/robot_communication/action/do_dishes.hpp\n'}
[0.640262] (robot_communication) StdoutLine: {'line': b'-- Up-to-date: /home/zheng/carerobot_slam_ros2/install/robot_communication/include/robot_communication/robot_communication/action/detail\n'}
[0.640652] (robot_communication) StdoutLine: {'line': b'-- Up-to-date: /home/zheng/carerobot_slam_ros2/install/robot_communication/include/robot_communication/robot_communication/action/detail/do_dishes__type_support.hpp\n'}
[0.640759] (robot_communication) StdoutLine: {'line': b'-- Up-to-date: /home/zheng/carerobot_slam_ros2/install/robot_communication/include/robot_communication/robot_communication/action/detail/do_dishes__builder.hpp\n'}
[0.640857] (robot_communication) StdoutLine: {'line': b'-- Up-to-date: /home/zheng/carerobot_slam_ros2/install/robot_communication/include/robot_communication/robot_communication/action/detail/do_dishes__traits.hpp\n'}
[0.640967] (robot_communication) StdoutLine: {'line': b'-- Up-to-date: /home/zheng/carerobot_slam_ros2/install/robot_communication/include/robot_communication/robot_communication/action/detail/do_dishes__struct.hpp\n'}
[0.641098] (robot_communication) StdoutLine: {'line': b'-- Up-to-date: /home/zheng/carerobot_slam_ros2/install/robot_communication/include/robot_communication/robot_communication/msg\n'}
[0.641230] (robot_communication) StdoutLine: {'line': b'-- Up-to-date: /home/zheng/carerobot_slam_ros2/install/robot_communication/include/robot_communication/robot_communication/msg/bspline.hpp\n'}
[0.641360] (robot_communication) StdoutLine: {'line': b'-- Up-to-date: /home/zheng/carerobot_slam_ros2/install/robot_communication/include/robot_communication/robot_communication/msg/chassis_control.hpp\n'}
[0.641492] (robot_communication) StdoutLine: {'line': b'-- Up-to-date: /home/zheng/carerobot_slam_ros2/install/robot_communication/include/robot_communication/robot_communication/msg/sensor_data.hpp\n'}
[0.641610] (robot_communication) StdoutLine: {'line': b'-- Up-to-date: /home/zheng/carerobot_slam_ros2/install/robot_communication/include/robot_communication/robot_communication/msg/localization_info_broadcast.hpp\n'}
[0.641735] (robot_communication) StdoutLine: {'line': b'-- Up-to-date: /home/zheng/carerobot_slam_ros2/install/robot_communication/include/robot_communication/robot_communication/msg/rosidl_generator_cpp__visibility_control.hpp\n'}
[0.641857] (robot_communication) StdoutLine: {'line': b'-- Up-to-date: /home/zheng/carerobot_slam_ros2/install/robot_communication/include/robot_communication/robot_communication/msg/goal.hpp\n'}
[0.642002] (robot_communication) StdoutLine: {'line': b'-- Up-to-date: /home/zheng/carerobot_slam_ros2/install/robot_communication/include/robot_communication/robot_communication/msg/esdf_map.hpp\n'}
[0.642148] (robot_communication) StdoutLine: {'line': b'-- Up-to-date: /home/zheng/carerobot_slam_ros2/install/robot_communication/include/robot_communication/robot_communication/msg/detail\n'}
[0.642285] (robot_communication) StdoutLine: {'line': b'-- Up-to-date: /home/zheng/carerobot_slam_ros2/install/robot_communication/include/robot_communication/robot_communication/msg/detail/goal__traits.hpp\n'}
[0.642412] (robot_communication) StdoutLine: {'line': b'-- Up-to-date: /home/zheng/carerobot_slam_ros2/install/robot_communication/include/robot_communication/robot_communication/msg/detail/sensor_data__builder.hpp\n'}
[0.642520] (robot_communication) StdoutLine: {'line': b'-- Up-to-date: /home/zheng/carerobot_slam_ros2/install/robot_communication/include/robot_communication/robot_communication/msg/detail/localization_info_broadcast__traits.hpp\n'}
[0.642621] (robot_communication) StdoutLine: {'line': b'-- Up-to-date: /home/zheng/carerobot_slam_ros2/install/robot_communication/include/robot_communication/robot_communication/msg/detail/goal__builder.hpp\n'}
[0.642891] (robot_communication) StdoutLine: {'line': b'-- Up-to-date: /home/zheng/carerobot_slam_ros2/install/robot_communication/include/robot_communication/robot_communication/msg/detail/localization_info_broadcast__type_support.hpp\n'}
[0.643047] (robot_communication) StdoutLine: {'line': b'-- Up-to-date: /home/zheng/carerobot_slam_ros2/install/robot_communication/include/robot_communication/robot_communication/msg/detail/chassis_control__builder.hpp\n'}
[0.643181] (robot_communication) StdoutLine: {'line': b'-- Up-to-date: /home/zheng/carerobot_slam_ros2/install/robot_communication/include/robot_communication/robot_communication/msg/detail/esdf_map__builder.hpp\n'}
[0.643306] (robot_communication) StdoutLine: {'line': b'-- Up-to-date: /home/zheng/carerobot_slam_ros2/install/robot_communication/include/robot_communication/robot_communication/msg/detail/localization_info_broadcast__struct.hpp\n'}
[0.643425] (robot_communication) StdoutLine: {'line': b'-- Up-to-date: /home/zheng/carerobot_slam_ros2/install/robot_communication/include/robot_communication/robot_communication/msg/detail/bspline__builder.hpp\n'}
[0.643530] (robot_communication) StdoutLine: {'line': b'-- Up-to-date: /home/zheng/carerobot_slam_ros2/install/robot_communication/include/robot_communication/robot_communication/msg/detail/sensor_data__type_support.hpp\n'}
[0.643625] (robot_communication) StdoutLine: {'line': b'-- Up-to-date: /home/zheng/carerobot_slam_ros2/install/robot_communication/include/robot_communication/robot_communication/msg/detail/chassis_control__struct.hpp\n'}
[0.643718] (robot_communication) StdoutLine: {'line': b'-- Up-to-date: /home/zheng/carerobot_slam_ros2/install/robot_communication/include/robot_communication/robot_communication/msg/detail/chassis_control__traits.hpp\n'}
[0.643811] (robot_communication) StdoutLine: {'line': b'-- Up-to-date: /home/zheng/carerobot_slam_ros2/install/robot_communication/include/robot_communication/robot_communication/msg/detail/bspline__type_support.hpp\n'}
[0.643904] (robot_communication) StdoutLine: {'line': b'-- Up-to-date: /home/zheng/carerobot_slam_ros2/install/robot_communication/include/robot_communication/robot_communication/msg/detail/localization_info_broadcast__builder.hpp\n'}
[0.644122] (robot_communication) StdoutLine: {'line': b'-- Up-to-date: /home/zheng/carerobot_slam_ros2/install/robot_communication/include/robot_communication/robot_communication/msg/detail/bspline__traits.hpp\n'}
[0.644263] (robot_communication) StdoutLine: {'line': b'-- Up-to-date: /home/zheng/carerobot_slam_ros2/install/robot_communication/include/robot_communication/robot_communication/msg/detail/goal__type_support.hpp\n'}
[0.644376] (robot_communication) StdoutLine: {'line': b'-- Up-to-date: /home/zheng/carerobot_slam_ros2/install/robot_communication/include/robot_communication/robot_communication/msg/detail/esdf_map__traits.hpp\n'}
[0.644501] (robot_communication) StdoutLine: {'line': b'-- Up-to-date: /home/zheng/carerobot_slam_ros2/install/robot_communication/include/robot_communication/robot_communication/msg/detail/esdf_map__type_support.hpp\n'}
[0.644605] (robot_communication) StdoutLine: {'line': b'-- Up-to-date: /home/zheng/carerobot_slam_ros2/install/robot_communication/include/robot_communication/robot_communication/msg/detail/goal__struct.hpp\n'}
[0.644707] (robot_communication) StdoutLine: {'line': b'-- Up-to-date: /home/zheng/carerobot_slam_ros2/install/robot_communication/include/robot_communication/robot_communication/msg/detail/sensor_data__traits.hpp\n'}
[0.644802] (robot_communication) StdoutLine: {'line': b'-- Up-to-date: /home/zheng/carerobot_slam_ros2/install/robot_communication/include/robot_communication/robot_communication/msg/detail/sensor_data__struct.hpp\n'}
[0.644900] (robot_communication) StdoutLine: {'line': b'-- Up-to-date: /home/zheng/carerobot_slam_ros2/install/robot_communication/include/robot_communication/robot_communication/msg/detail/bspline__struct.hpp\n'}
[0.645017] (robot_communication) StdoutLine: {'line': b'-- Up-to-date: /home/zheng/carerobot_slam_ros2/install/robot_communication/include/robot_communication/robot_communication/msg/detail/esdf_map__struct.hpp\n'}
[0.645116] (robot_communication) StdoutLine: {'line': b'-- Up-to-date: /home/zheng/carerobot_slam_ros2/install/robot_communication/include/robot_communication/robot_communication/msg/detail/chassis_control__type_support.hpp\n'}
[0.645210] (robot_communication) StdoutLine: {'line': b'-- Up-to-date: /home/zheng/carerobot_slam_ros2/install/robot_communication/include/robot_communication/robot_communication\n'}
[0.645307] (robot_communication) StdoutLine: {'line': b'-- Up-to-date: /home/zheng/carerobot_slam_ros2/install/robot_communication/include/robot_communication/robot_communication/action\n'}
[0.645410] (robot_communication) StdoutLine: {'line': b'-- Up-to-date: /home/zheng/carerobot_slam_ros2/install/robot_communication/include/robot_communication/robot_communication/action/detail\n'}
[0.645508] (robot_communication) StdoutLine: {'line': b'-- Up-to-date: /home/zheng/carerobot_slam_ros2/install/robot_communication/include/robot_communication/robot_communication/action/detail/do_dishes__rosidl_typesupport_fastrtps_cpp.hpp\n'}
[0.645613] (robot_communication) StdoutLine: {'line': b'-- Up-to-date: /home/zheng/carerobot_slam_ros2/install/robot_communication/include/robot_communication/robot_communication/action/detail/dds_fastrtps\n'}
[0.645714] (robot_communication) StdoutLine: {'line': b'-- Up-to-date: /home/zheng/carerobot_slam_ros2/install/robot_communication/include/robot_communication/robot_communication/msg\n'}
[0.645821] (robot_communication) StdoutLine: {'line': b'-- Up-to-date: /home/zheng/carerobot_slam_ros2/install/robot_communication/include/robot_communication/robot_communication/msg/rosidl_typesupport_fastrtps_cpp__visibility_control.h\n'}
[0.645923] (robot_communication) StdoutLine: {'line': b'-- Up-to-date: /home/zheng/carerobot_slam_ros2/install/robot_communication/include/robot_communication/robot_communication/msg/detail\n'}
[0.646051] (robot_communication) StdoutLine: {'line': b'-- Up-to-date: /home/zheng/carerobot_slam_ros2/install/robot_communication/include/robot_communication/robot_communication/msg/detail/chassis_control__rosidl_typesupport_fastrtps_cpp.hpp\n'}
[0.646197] (robot_communication) StdoutLine: {'line': b'-- Up-to-date: /home/zheng/carerobot_slam_ros2/install/robot_communication/include/robot_communication/robot_communication/msg/detail/bspline__rosidl_typesupport_fastrtps_cpp.hpp\n'}
[0.646307] (robot_communication) StdoutLine: {'line': b'-- Up-to-date: /home/zheng/carerobot_slam_ros2/install/robot_communication/include/robot_communication/robot_communication/msg/detail/localization_info_broadcast__rosidl_typesupport_fastrtps_cpp.hpp\n'}
[0.646409] (robot_communication) StdoutLine: {'line': b'-- Up-to-date: /home/zheng/carerobot_slam_ros2/install/robot_communication/include/robot_communication/robot_communication/msg/detail/dds_fastrtps\n'}
[0.646516] (robot_communication) StdoutLine: {'line': b'-- Up-to-date: /home/zheng/carerobot_slam_ros2/install/robot_communication/include/robot_communication/robot_communication/msg/detail/esdf_map__rosidl_typesupport_fastrtps_cpp.hpp\n'}
[0.646615] (robot_communication) StdoutLine: {'line': b'-- Up-to-date: /home/zheng/carerobot_slam_ros2/install/robot_communication/include/robot_communication/robot_communication/msg/detail/goal__rosidl_typesupport_fastrtps_cpp.hpp\n'}
[0.647269] (robot_communication) StdoutLine: {'line': b'-- Up-to-date: /home/zheng/carerobot_slam_ros2/install/robot_communication/include/robot_communication/robot_communication/msg/detail/sensor_data__rosidl_typesupport_fastrtps_cpp.hpp\n'}
[0.647459] (robot_communication) StdoutLine: {'line': b'-- Up-to-date: /home/zheng/carerobot_slam_ros2/install/robot_communication/lib/librobot_communication__rosidl_typesupport_fastrtps_cpp.so\n'}
[0.647598] (robot_communication) StdoutLine: {'line': b'-- Up-to-date: /home/zheng/carerobot_slam_ros2/install/robot_communication/include/robot_communication/robot_communication\n'}
[0.647731] (robot_communication) StdoutLine: {'line': b'-- Up-to-date: /home/zheng/carerobot_slam_ros2/install/robot_communication/include/robot_communication/robot_communication/action\n'}
[0.647867] (robot_communication) StdoutLine: {'line': b'-- Up-to-date: /home/zheng/carerobot_slam_ros2/install/robot_communication/include/robot_communication/robot_communication/action/detail\n'}
[0.648004] (robot_communication) StdoutLine: {'line': b'-- Up-to-date: /home/zheng/carerobot_slam_ros2/install/robot_communication/include/robot_communication/robot_communication/action/detail/do_dishes__rosidl_typesupport_introspection_cpp.hpp\n'}
[0.648143] (robot_communication) StdoutLine: {'line': b'-- Up-to-date: /home/zheng/carerobot_slam_ros2/install/robot_communication/include/robot_communication/robot_communication/action/detail/do_dishes__type_support.cpp\n'}
[0.648251] (robot_communication) StdoutLine: {'line': b'-- Up-to-date: /home/zheng/carerobot_slam_ros2/install/robot_communication/include/robot_communication/robot_communication/msg\n'}
[0.648346] (robot_communication) StdoutLine: {'line': b'-- Up-to-date: /home/zheng/carerobot_slam_ros2/install/robot_communication/include/robot_communication/robot_communication/msg/detail\n'}
[0.648439] (robot_communication) StdoutLine: {'line': b'-- Up-to-date: /home/zheng/carerobot_slam_ros2/install/robot_communication/include/robot_communication/robot_communication/msg/detail/goal__rosidl_typesupport_introspection_cpp.hpp\n'}
[0.648525] (robot_communication) StdoutLine: {'line': b'-- Up-to-date: /home/zheng/carerobot_slam_ros2/install/robot_communication/include/robot_communication/robot_communication/msg/detail/esdf_map__rosidl_typesupport_introspection_cpp.hpp\n'}
[0.648612] (robot_communication) StdoutLine: {'line': b'-- Up-to-date: /home/zheng/carerobot_slam_ros2/install/robot_communication/include/robot_communication/robot_communication/msg/detail/sensor_data__rosidl_typesupport_introspection_cpp.hpp\n'}
[0.648705] (robot_communication) StdoutLine: {'line': b'-- Up-to-date: /home/zheng/carerobot_slam_ros2/install/robot_communication/include/robot_communication/robot_communication/msg/detail/chassis_control__type_support.cpp\n'}
[0.648922] (robot_communication) StdoutLine: {'line': b'-- Up-to-date: /home/zheng/carerobot_slam_ros2/install/robot_communication/include/robot_communication/robot_communication/msg/detail/bspline__rosidl_typesupport_introspection_cpp.hpp\n'}
[0.649075] (robot_communication) StdoutLine: {'line': b'-- Up-to-date: /home/zheng/carerobot_slam_ros2/install/robot_communication/include/robot_communication/robot_communication/msg/detail/bspline__type_support.cpp\n'}
[0.649201] (robot_communication) StdoutLine: {'line': b'-- Up-to-date: /home/zheng/carerobot_slam_ros2/install/robot_communication/include/robot_communication/robot_communication/msg/detail/localization_info_broadcast__type_support.cpp\n'}
[0.649335] (robot_communication) StdoutLine: {'line': b'-- Up-to-date: /home/zheng/carerobot_slam_ros2/install/robot_communication/include/robot_communication/robot_communication/msg/detail/sensor_data__type_support.cpp\n'}
[0.649471] (robot_communication) StdoutLine: {'line': b'-- Up-to-date: /home/zheng/carerobot_slam_ros2/install/robot_communication/include/robot_communication/robot_communication/msg/detail/chassis_control__rosidl_typesupport_introspection_cpp.hpp\n'}
[0.649605] (robot_communication) StdoutLine: {'line': b'-- Up-to-date: /home/zheng/carerobot_slam_ros2/install/robot_communication/include/robot_communication/robot_communication/msg/detail/esdf_map__type_support.cpp\n'}
[0.649743] (robot_communication) StdoutLine: {'line': b'-- Up-to-date: /home/zheng/carerobot_slam_ros2/install/robot_communication/include/robot_communication/robot_communication/msg/detail/localization_info_broadcast__rosidl_typesupport_introspection_cpp.hpp\n'}
[0.649876] (robot_communication) StdoutLine: {'line': b'-- Up-to-date: /home/zheng/carerobot_slam_ros2/install/robot_communication/include/robot_communication/robot_communication/msg/detail/goal__type_support.cpp\n'}
[0.650027] (robot_communication) StdoutLine: {'line': b'-- Up-to-date: /home/zheng/carerobot_slam_ros2/install/robot_communication/lib/librobot_communication__rosidl_typesupport_introspection_cpp.so\n'}
[0.650142] (robot_communication) StdoutLine: {'line': b'-- Up-to-date: /home/zheng/carerobot_slam_ros2/install/robot_communication/lib/librobot_communication__rosidl_typesupport_cpp.so\n'}
[0.650283] (robot_communication) StdoutLine: {'line': b'-- Up-to-date: /home/zheng/carerobot_slam_ros2/install/robot_communication/share/robot_communication/environment/pythonpath.sh\n'}
[0.650384] (robot_communication) StdoutLine: {'line': b'-- Up-to-date: /home/zheng/carerobot_slam_ros2/install/robot_communication/share/robot_communication/environment/pythonpath.dsv\n'}
[0.650470] (robot_communication) StdoutLine: {'line': b'-- Up-to-date: /home/zheng/carerobot_slam_ros2/install/robot_communication/local/lib/python3.10/dist-packages/robot_communication-0.0.0-py3.10.egg-info\n'}
[0.650554] (robot_communication) StdoutLine: {'line': b'-- Installing: /home/zheng/carerobot_slam_ros2/install/robot_communication/local/lib/python3.10/dist-packages/robot_communication-0.0.0-py3.10.egg-info/dependency_links.txt\n'}
[0.650637] (robot_communication) StdoutLine: {'line': b'-- Installing: /home/zheng/carerobot_slam_ros2/install/robot_communication/local/lib/python3.10/dist-packages/robot_communication-0.0.0-py3.10.egg-info/PKG-INFO\n'}
[0.650720] (robot_communication) StdoutLine: {'line': b'-- Installing: /home/zheng/carerobot_slam_ros2/install/robot_communication/local/lib/python3.10/dist-packages/robot_communication-0.0.0-py3.10.egg-info/top_level.txt\n'}
[0.650802] (robot_communication) StdoutLine: {'line': b'-- Installing: /home/zheng/carerobot_slam_ros2/install/robot_communication/local/lib/python3.10/dist-packages/robot_communication-0.0.0-py3.10.egg-info/SOURCES.txt\n'}
[0.651025] (robot_communication) StdoutLine: {'line': b'-- Up-to-date: /home/zheng/carerobot_slam_ros2/install/robot_communication/local/lib/python3.10/dist-packages/robot_communication\n'}
[0.651141] (robot_communication) StdoutLine: {'line': b'-- Up-to-date: /home/zheng/carerobot_slam_ros2/install/robot_communication/local/lib/python3.10/dist-packages/robot_communication/action\n'}
[0.651250] (robot_communication) StdoutLine: {'line': b'-- Up-to-date: /home/zheng/carerobot_slam_ros2/install/robot_communication/local/lib/python3.10/dist-packages/robot_communication/action/__init__.py\n'}
[0.651394] (robot_communication) StdoutLine: {'line': b'-- Up-to-date: /home/zheng/carerobot_slam_ros2/install/robot_communication/local/lib/python3.10/dist-packages/robot_communication/action/_do_dishes_s.c\n'}
[0.651531] (robot_communication) StdoutLine: {'line': b'-- Up-to-date: /home/zheng/carerobot_slam_ros2/install/robot_communication/local/lib/python3.10/dist-packages/robot_communication/action/_do_dishes.py\n'}
[0.651664] (robot_communication) StdoutLine: {'line': b'-- Up-to-date: /home/zheng/carerobot_slam_ros2/install/robot_communication/local/lib/python3.10/dist-packages/robot_communication/_robot_communication_s.ep.rosidl_typesupport_fastrtps_c.c\n'}
[0.653324] (robot_communication) StdoutLine: {'line': b'-- Up-to-date: /home/zheng/carerobot_slam_ros2/install/robot_communication/local/lib/python3.10/dist-packages/robot_communication/robot_communication_s__rosidl_typesupport_c.cpython-310-x86_64-linux-gnu.so\n'}
[0.653451] (robot_communication) StdoutLine: {'line': b'-- Up-to-date: /home/zheng/carerobot_slam_ros2/install/robot_communication/local/lib/python3.10/dist-packages/robot_communication/__init__.py\n'}
[0.653552] (robot_communication) StdoutLine: {'line': b'-- Up-to-date: /home/zheng/carerobot_slam_ros2/install/robot_communication/local/lib/python3.10/dist-packages/robot_communication/_robot_communication_s.ep.rosidl_typesupport_introspection_c.c\n'}
[0.654008] (robot_communication) StdoutLine: {'line': b'-- Up-to-date: /home/zheng/carerobot_slam_ros2/install/robot_communication/local/lib/python3.10/dist-packages/robot_communication/robot_communication_s__rosidl_typesupport_fastrtps_c.cpython-310-x86_64-linux-gnu.so\n'}
[0.654138] (robot_communication) StdoutLine: {'line': b'-- Up-to-date: /home/zheng/carerobot_slam_ros2/install/robot_communication/local/lib/python3.10/dist-packages/robot_communication/robot_communication_s__rosidl_typesupport_introspection_c.cpython-310-x86_64-linux-gnu.so\n'}
[0.654246] (robot_communication) StdoutLine: {'line': b'-- Up-to-date: /home/zheng/carerobot_slam_ros2/install/robot_communication/local/lib/python3.10/dist-packages/robot_communication/librobot_communication__rosidl_generator_py.so\n'}
[0.654345] (robot_communication) StdoutLine: {'line': b'-- Up-to-date: /home/zheng/carerobot_slam_ros2/install/robot_communication/local/lib/python3.10/dist-packages/robot_communication/_robot_communication_s.ep.rosidl_typesupport_c.c\n'}
[0.654436] (robot_communication) StdoutLine: {'line': b'-- Up-to-date: /home/zheng/carerobot_slam_ros2/install/robot_communication/local/lib/python3.10/dist-packages/robot_communication/msg\n'}
[0.654525] (robot_communication) StdoutLine: {'line': b'-- Up-to-date: /home/zheng/carerobot_slam_ros2/install/robot_communication/local/lib/python3.10/dist-packages/robot_communication/msg/_goal_s.c\n'}
[0.654614] (robot_communication) StdoutLine: {'line': b'-- Up-to-date: /home/zheng/carerobot_slam_ros2/install/robot_communication/local/lib/python3.10/dist-packages/robot_communication/msg/_bspline.py\n'}
[0.654705] (robot_communication) StdoutLine: {'line': b'-- Up-to-date: /home/zheng/carerobot_slam_ros2/install/robot_communication/local/lib/python3.10/dist-packages/robot_communication/msg/_localization_info_broadcast.py\n'}
[0.654799] (robot_communication) StdoutLine: {'line': b'-- Up-to-date: /home/zheng/carerobot_slam_ros2/install/robot_communication/local/lib/python3.10/dist-packages/robot_communication/msg/_chassis_control.py\n'}
[0.654889] (robot_communication) StdoutLine: {'line': b'-- Up-to-date: /home/zheng/carerobot_slam_ros2/install/robot_communication/local/lib/python3.10/dist-packages/robot_communication/msg/__init__.py\n'}
[0.655013] (robot_communication) StdoutLine: {'line': b'-- Up-to-date: /home/zheng/carerobot_slam_ros2/install/robot_communication/local/lib/python3.10/dist-packages/robot_communication/msg/_localization_info_broadcast_s.c\n'}
[0.655119] (robot_communication) StdoutLine: {'line': b'-- Up-to-date: /home/zheng/carerobot_slam_ros2/install/robot_communication/local/lib/python3.10/dist-packages/robot_communication/msg/_chassis_control_s.c\n'}
[0.655245] (robot_communication) StdoutLine: {'line': b'-- Up-to-date: /home/zheng/carerobot_slam_ros2/install/robot_communication/local/lib/python3.10/dist-packages/robot_communication/msg/_sensor_data_s.c\n'}
[0.655358] (robot_communication) StdoutLine: {'line': b'-- Up-to-date: /home/zheng/carerobot_slam_ros2/install/robot_communication/local/lib/python3.10/dist-packages/robot_communication/msg/_esdf_map_s.c\n'}
[0.655521] (robot_communication) StdoutLine: {'line': b'-- Up-to-date: /home/zheng/carerobot_slam_ros2/install/robot_communication/local/lib/python3.10/dist-packages/robot_communication/msg/_sensor_data.py\n'}
[0.656131] (robot_communication) StdoutLine: {'line': b'-- Up-to-date: /home/zheng/carerobot_slam_ros2/install/robot_communication/local/lib/python3.10/dist-packages/robot_communication/msg/_goal.py\n'}
[0.656294] (robot_communication) StdoutLine: {'line': b'-- Up-to-date: /home/zheng/carerobot_slam_ros2/install/robot_communication/local/lib/python3.10/dist-packages/robot_communication/msg/_bspline_s.c\n'}
[0.656474] (robot_communication) StdoutLine: {'line': b'-- Up-to-date: /home/zheng/carerobot_slam_ros2/install/robot_communication/local/lib/python3.10/dist-packages/robot_communication/msg/_esdf_map.py\n'}
[0.683985] (robot_communication) StdoutLine: {'line': b"Listing '/home/zheng/carerobot_slam_ros2/install/robot_communication/local/lib/python3.10/dist-packages/robot_communication'...\n"}
[0.684221] (robot_communication) StdoutLine: {'line': b"Listing '/home/zheng/carerobot_slam_ros2/install/robot_communication/local/lib/python3.10/dist-packages/robot_communication/action'...\n"}
[0.684337] (robot_communication) StdoutLine: {'line': b"Listing '/home/zheng/carerobot_slam_ros2/install/robot_communication/local/lib/python3.10/dist-packages/robot_communication/msg'...\n"}
[0.691254] (robot_communication) StdoutLine: {'line': b'-- Up-to-date: /home/zheng/carerobot_slam_ros2/install/robot_communication/local/lib/python3.10/dist-packages/robot_communication/robot_communication_s__rosidl_typesupport_fastrtps_c.cpython-310-x86_64-linux-gnu.so\n'}
[0.691468] (robot_communication) StdoutLine: {'line': b'-- Up-to-date: /home/zheng/carerobot_slam_ros2/install/robot_communication/local/lib/python3.10/dist-packages/robot_communication/robot_communication_s__rosidl_typesupport_introspection_c.cpython-310-x86_64-linux-gnu.so\n'}
[0.691597] (robot_communication) StdoutLine: {'line': b'-- Up-to-date: /home/zheng/carerobot_slam_ros2/install/robot_communication/local/lib/python3.10/dist-packages/robot_communication/robot_communication_s__rosidl_typesupport_c.cpython-310-x86_64-linux-gnu.so\n'}
[0.691812] (robot_communication) StdoutLine: {'line': b'-- Up-to-date: /home/zheng/carerobot_slam_ros2/install/robot_communication/lib/librobot_communication__rosidl_generator_py.so\n'}
[0.692259] (robot_communication) StdoutLine: {'line': b'-- Up-to-date: /home/zheng/carerobot_slam_ros2/install/robot_communication/share/ament_index/resource_index/rust_packages/robot_communication\n'}
[0.692404] (robot_communication) StdoutLine: {'line': b'-- Up-to-date: /home/zheng/carerobot_slam_ros2/install/robot_communication/share/robot_communication/rust\n'}
[0.694141] (robot_communication) StdoutLine: {'line': b'-- Up-to-date: /home/zheng/carerobot_slam_ros2/install/robot_communication/share/robot_communication/rust/src\n'}
[0.694346] (robot_communication) StdoutLine: {'line': b'-- Up-to-date: /home/zheng/carerobot_slam_ros2/install/robot_communication/share/robot_communication/rust/src/action\n'}
[0.694460] (robot_communication) StdoutLine: {'line': b'-- Up-to-date: /home/zheng/carerobot_slam_ros2/install/robot_communication/share/robot_communication/rust/src/action/rmw.rs\n'}
[0.694568] (robot_communication) StdoutLine: {'line': b'-- Up-to-date: /home/zheng/carerobot_slam_ros2/install/robot_communication/share/robot_communication/rust/src/action.rs\n'}
[0.694674] (robot_communication) StdoutLine: {'line': b'-- Up-to-date: /home/zheng/carerobot_slam_ros2/install/robot_communication/share/robot_communication/rust/src/msg.rs\n'}
[0.694978] (robot_communication) StdoutLine: {'line': b'-- Up-to-date: /home/zheng/carerobot_slam_ros2/install/robot_communication/share/robot_communication/rust/src/lib.rs\n'}
[0.695093] (robot_communication) StdoutLine: {'line': b'-- Up-to-date: /home/zheng/carerobot_slam_ros2/install/robot_communication/share/robot_communication/rust/src/msg\n'}
[0.695198] (robot_communication) StdoutLine: {'line': b'-- Up-to-date: /home/zheng/carerobot_slam_ros2/install/robot_communication/share/robot_communication/rust/src/msg/rmw.rs\n'}
[0.695303] (robot_communication) StdoutLine: {'line': b'-- Up-to-date: /home/zheng/carerobot_slam_ros2/install/robot_communication/share/robot_communication/rust/build.rs\n'}
[0.696127] (robot_communication) StdoutLine: {'line': b'-- Up-to-date: /home/zheng/carerobot_slam_ros2/install/robot_communication/share/robot_communication/rust/Cargo.toml\n'}
[0.696393] (robot_communication) StdoutLine: {'line': b'-- Up-to-date: /home/zheng/carerobot_slam_ros2/install/robot_communication/share/robot_communication/msg/LocalizationInfoBroadcast.idl\n'}
[0.696799] (robot_communication) StdoutLine: {'line': b'-- Up-to-date: /home/zheng/carerobot_slam_ros2/install/robot_communication/share/robot_communication/msg/ChassisControl.idl\n'}
[0.697957] (robot_communication) StdoutLine: {'line': b'-- Up-to-date: /home/zheng/carerobot_slam_ros2/install/robot_communication/share/robot_communication/msg/SensorData.idl\n'}
[0.698088] (robot_communication) StdoutLine: {'line': b'-- Up-to-date: /home/zheng/carerobot_slam_ros2/install/robot_communication/share/robot_communication/msg/Bspline.idl\n'}
[0.698203] (robot_communication) StdoutLine: {'line': b'-- Up-to-date: /home/zheng/carerobot_slam_ros2/install/robot_communication/share/robot_communication/msg/EsdfMap.idl\n'}
[0.698312] (robot_communication) StdoutLine: {'line': b'-- Up-to-date: /home/zheng/carerobot_slam_ros2/install/robot_communication/share/robot_communication/msg/Goal.idl\n'}
[0.698420] (robot_communication) StdoutLine: {'line': b'-- Up-to-date: /home/zheng/carerobot_slam_ros2/install/robot_communication/share/robot_communication/action/DoDishes.idl\n'}
[0.698529] (robot_communication) StdoutLine: {'line': b'-- Up-to-date: /home/zheng/carerobot_slam_ros2/install/robot_communication/share/robot_communication/msg/LocalizationInfoBroadcast.msg\n'}
[0.698637] (robot_communication) StdoutLine: {'line': b'-- Up-to-date: /home/zheng/carerobot_slam_ros2/install/robot_communication/share/robot_communication/msg/ChassisControl.msg\n'}
[0.698743] (robot_communication) StdoutLine: {'line': b'-- Up-to-date: /home/zheng/carerobot_slam_ros2/install/robot_communication/share/robot_communication/msg/SensorData.msg\n'}
[0.698845] (robot_communication) StdoutLine: {'line': b'-- Up-to-date: /home/zheng/carerobot_slam_ros2/install/robot_communication/share/robot_communication/msg/Bspline.msg\n'}
[0.698976] (robot_communication) StdoutLine: {'line': b'-- Up-to-date: /home/zheng/carerobot_slam_ros2/install/robot_communication/share/robot_communication/msg/EsdfMap.msg\n'}
[0.699090] (robot_communication) StdoutLine: {'line': b'-- Up-to-date: /home/zheng/carerobot_slam_ros2/install/robot_communication/share/robot_communication/msg/Goal.msg\n'}
[0.699196] (robot_communication) StdoutLine: {'line': b'-- Up-to-date: /home/zheng/carerobot_slam_ros2/install/robot_communication/share/robot_communication/action/DoDishes.action\n'}
[0.699299] (robot_communication) StdoutLine: {'line': b'-- Up-to-date: /home/zheng/carerobot_slam_ros2/install/robot_communication/share/ament_index/resource_index/package_run_dependencies/robot_communication\n'}
[0.699404] (robot_communication) StdoutLine: {'line': b'-- Up-to-date: /home/zheng/carerobot_slam_ros2/install/robot_communication/share/ament_index/resource_index/parent_prefix_path/robot_communication\n'}
[0.699509] (robot_communication) StdoutLine: {'line': b'-- Up-to-date: /home/zheng/carerobot_slam_ros2/install/robot_communication/share/robot_communication/environment/ament_prefix_path.sh\n'}
[0.699613] (robot_communication) StdoutLine: {'line': b'-- Up-to-date: /home/zheng/carerobot_slam_ros2/install/robot_communication/share/robot_communication/environment/ament_prefix_path.dsv\n'}
[0.699723] (robot_communication) StdoutLine: {'line': b'-- Up-to-date: /home/zheng/carerobot_slam_ros2/install/robot_communication/share/robot_communication/environment/path.sh\n'}
[0.699833] (robot_communication) StdoutLine: {'line': b'-- Up-to-date: /home/zheng/carerobot_slam_ros2/install/robot_communication/share/robot_communication/environment/path.dsv\n'}
[0.699946] (robot_communication) StdoutLine: {'line': b'-- Up-to-date: /home/zheng/carerobot_slam_ros2/install/robot_communication/share/robot_communication/local_setup.bash\n'}
[0.700059] (robot_communication) StdoutLine: {'line': b'-- Up-to-date: /home/zheng/carerobot_slam_ros2/install/robot_communication/share/robot_communication/local_setup.sh\n'}
[0.700159] (robot_communication) StdoutLine: {'line': b'-- Up-to-date: /home/zheng/carerobot_slam_ros2/install/robot_communication/share/robot_communication/local_setup.zsh\n'}
[0.700259] (robot_communication) StdoutLine: {'line': b'-- Up-to-date: /home/zheng/carerobot_slam_ros2/install/robot_communication/share/robot_communication/local_setup.dsv\n'}
[0.700355] (robot_communication) StdoutLine: {'line': b'-- Installing: /home/zheng/carerobot_slam_ros2/install/robot_communication/share/robot_communication/package.dsv\n'}
[0.700451] (robot_communication) StdoutLine: {'line': b'-- Up-to-date: /home/zheng/carerobot_slam_ros2/install/robot_communication/share/ament_index/resource_index/packages/robot_communication\n'}
[0.700547] (robot_communication) StdoutLine: {'line': b'-- Up-to-date: /home/zheng/carerobot_slam_ros2/install/robot_communication/share/robot_communication/cmake/export_robot_communication__rosidl_generator_cExport.cmake\n'}
[0.700643] (robot_communication) StdoutLine: {'line': b'-- Up-to-date: /home/zheng/carerobot_slam_ros2/install/robot_communication/share/robot_communication/cmake/export_robot_communication__rosidl_generator_cExport-noconfig.cmake\n'}
[0.700741] (robot_communication) StdoutLine: {'line': b'-- Up-to-date: /home/zheng/carerobot_slam_ros2/install/robot_communication/share/robot_communication/cmake/export_robot_communication__rosidl_typesupport_fastrtps_cExport.cmake\n'}
[0.700843] (robot_communication) StdoutLine: {'line': b'-- Up-to-date: /home/zheng/carerobot_slam_ros2/install/robot_communication/share/robot_communication/cmake/export_robot_communication__rosidl_typesupport_fastrtps_cExport-noconfig.cmake\n'}
[0.703376] (robot_communication) StdoutLine: {'line': b'-- Up-to-date: /home/zheng/carerobot_slam_ros2/install/robot_communication/share/robot_communication/cmake/robot_communication__rosidl_typesupport_introspection_cExport.cmake\n'}
[0.703680] (robot_communication) StdoutLine: {'line': b'-- Up-to-date: /home/zheng/carerobot_slam_ros2/install/robot_communication/share/robot_communication/cmake/robot_communication__rosidl_typesupport_introspection_cExport-noconfig.cmake\n'}
[0.703789] (robot_communication) StdoutLine: {'line': b'-- Up-to-date: /home/zheng/carerobot_slam_ros2/install/robot_communication/share/robot_communication/cmake/robot_communication__rosidl_typesupport_cExport.cmake\n'}
[0.703894] (robot_communication) StdoutLine: {'line': b'-- Up-to-date: /home/zheng/carerobot_slam_ros2/install/robot_communication/share/robot_communication/cmake/robot_communication__rosidl_typesupport_cExport-noconfig.cmake\n'}
[0.704098] (robot_communication) StdoutLine: {'line': b'-- Up-to-date: /home/zheng/carerobot_slam_ros2/install/robot_communication/share/robot_communication/cmake/export_robot_communication__rosidl_generator_cppExport.cmake\n'}
[0.704332] (robot_communication) StdoutLine: {'line': b'-- Up-to-date: /home/zheng/carerobot_slam_ros2/install/robot_communication/share/robot_communication/cmake/export_robot_communication__rosidl_typesupport_fastrtps_cppExport.cmake\n'}
[0.704436] (robot_communication) StdoutLine: {'line': b'-- Up-to-date: /home/zheng/carerobot_slam_ros2/install/robot_communication/share/robot_communication/cmake/export_robot_communication__rosidl_typesupport_fastrtps_cppExport-noconfig.cmake\n'}
[0.706195] (-) TimerEvent: {}
[0.706333] (robot_communication) StdoutLine: {'line': b'-- Up-to-date: /home/zheng/carerobot_slam_ros2/install/robot_communication/share/robot_communication/cmake/robot_communication__rosidl_typesupport_introspection_cppExport.cmake\n'}
[0.706453] (robot_communication) StdoutLine: {'line': b'-- Up-to-date: /home/zheng/carerobot_slam_ros2/install/robot_communication/share/robot_communication/cmake/robot_communication__rosidl_typesupport_introspection_cppExport-noconfig.cmake\n'}
[0.706577] (robot_communication) StdoutLine: {'line': b'-- Up-to-date: /home/zheng/carerobot_slam_ros2/install/robot_communication/share/robot_communication/cmake/robot_communication__rosidl_typesupport_cppExport.cmake\n'}
[0.706684] (robot_communication) StdoutLine: {'line': b'-- Up-to-date: /home/zheng/carerobot_slam_ros2/install/robot_communication/share/robot_communication/cmake/robot_communication__rosidl_typesupport_cppExport-noconfig.cmake\n'}
[0.706793] (robot_communication) StdoutLine: {'line': b'-- Up-to-date: /home/zheng/carerobot_slam_ros2/install/robot_communication/share/robot_communication/cmake/export_robot_communication__rosidl_generator_pyExport.cmake\n'}
[0.706900] (robot_communication) StdoutLine: {'line': b'-- Up-to-date: /home/zheng/carerobot_slam_ros2/install/robot_communication/share/robot_communication/cmake/export_robot_communication__rosidl_generator_pyExport-noconfig.cmake\n'}
[0.707029] (robot_communication) StdoutLine: {'line': b'-- Up-to-date: /home/zheng/carerobot_slam_ros2/install/robot_communication/share/robot_communication/cmake/rosidl_cmake-extras.cmake\n'}
[0.707141] (robot_communication) StdoutLine: {'line': b'-- Up-to-date: /home/zheng/carerobot_slam_ros2/install/robot_communication/share/robot_communication/cmake/ament_cmake_export_dependencies-extras.cmake\n'}
[0.707250] (robot_communication) StdoutLine: {'line': b'-- Up-to-date: /home/zheng/carerobot_slam_ros2/install/robot_communication/share/robot_communication/cmake/ament_cmake_export_include_directories-extras.cmake\n'}
[0.707358] (robot_communication) StdoutLine: {'line': b'-- Up-to-date: /home/zheng/carerobot_slam_ros2/install/robot_communication/share/robot_communication/cmake/ament_cmake_export_libraries-extras.cmake\n'}
[0.707463] (robot_communication) StdoutLine: {'line': b'-- Up-to-date: /home/zheng/carerobot_slam_ros2/install/robot_communication/share/robot_communication/cmake/ament_cmake_export_targets-extras.cmake\n'}
[0.707566] (robot_communication) StdoutLine: {'line': b'-- Up-to-date: /home/zheng/carerobot_slam_ros2/install/robot_communication/share/robot_communication/cmake/rosidl_cmake_export_typesupport_targets-extras.cmake\n'}
[0.707669] (robot_communication) StdoutLine: {'line': b'-- Up-to-date: /home/zheng/carerobot_slam_ros2/install/robot_communication/share/robot_communication/cmake/rosidl_cmake_export_typesupport_libraries-extras.cmake\n'}
[0.707770] (robot_communication) StdoutLine: {'line': b'-- Up-to-date: /home/zheng/carerobot_slam_ros2/install/robot_communication/share/robot_communication/cmake/rosidl_cmake_aggregate_target-extras.cmake\n'}
[0.707871] (robot_communication) StdoutLine: {'line': b'-- Up-to-date: /home/zheng/carerobot_slam_ros2/install/robot_communication/share/robot_communication/cmake/robot_communicationConfig.cmake\n'}
[0.707989] (robot_communication) StdoutLine: {'line': b'-- Up-to-date: /home/zheng/carerobot_slam_ros2/install/robot_communication/share/robot_communication/cmake/robot_communicationConfig-version.cmake\n'}
[0.708098] (robot_communication) StdoutLine: {'line': b'-- Up-to-date: /home/zheng/carerobot_slam_ros2/install/robot_communication/share/robot_communication/package.xml\n'}
[0.708204] (robot_communication) CommandEnded: {'returncode': 0}
[0.767311] (robot_communication) JobEnded: {'identifier': 'robot_communication', 'rc': 0}
[0.768185] (robot_costmap) JobStarted: {'identifier': 'robot_costmap'}
[0.771323] (robot_pid_local_planner) JobStarted: {'identifier': 'robot_pid_local_planner'}
[0.779147] (robot_costmap) JobProgress: {'identifier': 'robot_costmap', 'progress': 'cmake'}
[0.779256] (robot_costmap) Command: {'cmd': ['/usr/bin/cmake', '/home/zheng/carerobot_slam_ros2/src/robot_costmap', '-DCMAKE_INSTALL_PREFIX=/home/zheng/carerobot_slam_ros2/install/robot_costmap'], 'cwd': '/home/zheng/carerobot_slam_ros2/build/robot_costmap', 'env': OrderedDict([('GJS_DEBUG_TOPICS', 'JS ERROR;JS LOG'), ('PYTHON_BASIC_REPL', '1'), ('LESSOPEN', '| /usr/bin/lesspipe %s'), ('LANGUAGE', 'zh_CN:zh'), ('USER', 'zheng'), ('XDG_SESSION_TYPE', 'x11'), ('GIT_ASKPASS', '/usr/share/code/resources/app/extensions/git/dist/askpass.sh'), ('SHLVL', '1'), ('LD_LIBRARY_PATH', '/home/zheng/carerobot_slam_ros2/install/robot_communication/lib:/usr/lib/x86_64-linux-gnu/gazebo-11/plugins:/opt/ros/humble/opt/rviz_ogre_vendor/lib:/opt/ros/humble/lib/x86_64-linux-gnu:/opt/ros/humble/lib'), ('HOME', '/home/zheng'), ('CHROME_DESKTOP', 'code.desktop'), ('TERM_PROGRAM_VERSION', '1.135.0'), ('DESKTOP_SESSION', 'ubuntu-xorg'), ('GIO_LAUNCHED_DESKTOP_FILE', '/usr/share/applications/code.desktop'), ('ROS_PYTHON_VERSION', '3'), ('GNOME_SHELL_SESSION_MODE', 'ubuntu'), ('GTK_MODULES', 'gail:atk-bridge'), ('VSCODE_GIT_ASKPASS_MAIN', '/usr/share/code/resources/app/extensions/git/dist/askpass-main.js'), ('VSCODE_GIT_ASKPASS_NODE', '/usr/share/code/code'), ('MANAGERPID', '1463'), ('PYDEVD_DISABLE_FILE_VALIDATION', '1'), ('SYSTEMD_EXEC_PID', '1745'), ('BUNDLED_DEBUGPY_PATH', '/home/zheng/.vscode/extensions/ms-python.debugpy-2026.6.0-linux-x64/bundled/libs/debugpy'), ('VSCODE_PYTHON_AUTOACTIVATE_GUARD', '1'), ('DBUS_SESSION_BUS_ADDRESS', 'unix:path=/run/user/1000/bus'), ('COLORTERM', 'truecolor'), ('GIO_LAUNCHED_DESKTOP_FILE_PID', '16113'), ('ROS_DISTRO', 'humble'), ('GTK_IM_MODULE', 'ibus'), ('LOGNAME', 'zheng'), ('JOURNAL_STREAM', '8:9109'), ('_', '/usr/bin/colcon'), ('ROS_VERSION', '2'), ('XDG_SESSION_CLASS', 'user'), ('USERNAME', 'zheng'), ('TERM', 'xterm-256color'), ('GNOME_DESKTOP_SESSION_ID', 'this-is-deprecated'), ('FC_FONTATIONS', '1'), ('ROS_LOCALHOST_ONLY', '0'), ('WINDOWPATH', '2'), ('PATH', '/home/zheng/.config/Code/User/globalStorage/github.copilot-chat/debugCommand:/home/zheng/.config/Code/User/globalStorage/github.copilot-chat/copilotCli:/opt/ros/humble/bin:/usr/local/sbin:/usr/local/bin:/usr/sbin:/usr/bin:/sbin:/bin:/usr/games:/usr/local/games:/snap/bin:/snap/bin:/home/zheng/.vscode/extensions/ms-python.debugpy-2026.6.0-linux-x64/bundled/scripts/noConfigScripts'), ('SESSION_MANAGER', 'local/zheng-Lenovo-Product:@/tmp/.ICE-unix/1722,unix/zheng-Lenovo-Product:/tmp/.ICE-unix/1722'), ('INVOCATION_ID', 'ac074399a22843219e3ebd3049ddf590'), ('XDG_MENU_PREFIX', 'gnome-'), ('XDG_RUNTIME_DIR', '/run/user/1000'), ('GDK_BACKEND', 'x11'), ('DISPLAY', ':0'), ('VSCODE_DEBUGPY_ADAPTER_ENDPOINTS', '/home/zheng/.vscode/extensions/ms-python.debugpy-2026.6.0-linux-x64/.noConfigDebugAdapterEndpoints/endpoint-85e0bbdd27a237cb.txt'), ('LANG', 'zh_CN.UTF-8'), ('XDG_CURRENT_DESKTOP', 'ubuntu:GNOME'), ('PYTHONSTARTUP', '/home/zheng/.config/Code/User/workspaceStorage/7c1638c18d6b6e2173098eecef125327/ms-python.python/pythonrc.py'), ('XMODIFIERS', '@im=ibus'), ('XDG_SESSION_DESKTOP', 'ubuntu-xorg'), ('XAUTHORITY', '/run/user/1000/gdm/Xauthority'), ('LS_COLORS', 'rs=0:di=01;34:ln=01;36:mh=00:pi=40;33:so=01;35:do=01;35:bd=40;33;01:cd=40;33;01:or=40;31;01:mi=00:su=37;41:sg=30;43:ca=30;41:tw=30;42:ow=34;42:st=37;44:ex=01;32:*.tar=01;31:*.tgz=01;31:*.arc=01;31:*.arj=01;31:*.taz=01;31:*.lha=01;31:*.lz4=01;31:*.lzh=01;31:*.lzma=01;31:*.tlz=01;31:*.txz=01;31:*.tzo=01;31:*.t7z=01;31:*.zip=01;31:*.z=01;31:*.dz=01;31:*.gz=01;31:*.lrz=01;31:*.lz=01;31:*.lzo=01;31:*.xz=01;31:*.zst=01;31:*.tzst=01;31:*.bz2=01;31:*.bz=01;31:*.tbz=01;31:*.tbz2=01;31:*.tz=01;31:*.deb=01;31:*.rpm=01;31:*.jar=01;31:*.war=01;31:*.ear=01;31:*.sar=01;31:*.rar=01;31:*.alz=01;31:*.ace=01;31:*.zoo=01;31:*.cpio=01;31:*.7z=01;31:*.rz=01;31:*.cab=01;31:*.wim=01;31:*.swm=01;31:*.dwm=01;31:*.esd=01;31:*.jpg=01;35:*.jpeg=01;35:*.mjpg=01;35:*.mjpeg=01;35:*.gif=01;35:*.bmp=01;35:*.pbm=01;35:*.pgm=01;35:*.ppm=01;35:*.tga=01;35:*.xbm=01;35:*.xpm=01;35:*.tif=01;35:*.tiff=01;35:*.png=01;35:*.svg=01;35:*.svgz=01;35:*.mng=01;35:*.pcx=01;35:*.mov=01;35:*.mpg=01;35:*.mpeg=01;35:*.m2v=01;35:*.mkv=01;35:*.webm=01;35:*.webp=01;35:*.ogm=01;35:*.mp4=01;35:*.m4v=01;35:*.mp4v=01;35:*.vob=01;35:*.qt=01;35:*.nuv=01;35:*.wmv=01;35:*.asf=01;35:*.rm=01;35:*.rmvb=01;35:*.flc=01;35:*.avi=01;35:*.fli=01;35:*.flv=01;35:*.gl=01;35:*.dl=01;35:*.xcf=01;35:*.xwd=01;35:*.yuv=01;35:*.cgm=01;35:*.emf=01;35:*.ogv=01;35:*.ogx=01;35:*.aac=00;36:*.au=00;36:*.flac=00;36:*.m4a=00;36:*.mid=00;36:*.midi=00;36:*.mka=00;36:*.mp3=00;36:*.mpc=00;36:*.ogg=00;36:*.ra=00;36:*.wav=00;36:*.oga=00;36:*.opus=00;36:*.spx=00;36:*.xspf=00;36:'), ('VSCODE_GIT_IPC_HANDLE', '/run/user/1000/vscode-git-f64114791b.sock'), ('TERM_PROGRAM', 'vscode'), ('SSH_AGENT_LAUNCHER', 'gnome-keyring'), ('SSH_AUTH_SOCK', '/run/user/1000/keyring/ssh'), ('AMENT_PREFIX_PATH', '/home/zheng/carerobot_slam_ros2/install/robot_communication:/opt/ros/humble'), ('SHELL', '/bin/bash'), ('QT_ACCESSIBILITY', '1'), ('GDMSESSION', 'ubuntu-xorg'), ('LESSCLOSE', '/usr/bin/lesspipe %s %s'), ('GPG_AGENT_INFO', '/run/user/1000/gnupg/S.gpg-agent:0:1'), ('GJS_DEBUG_OUTPUT', 'stderr'), ('GAZEBO_MODEL_DATABASE_URI', ''), ('VSCODE_GIT_ASKPASS_EXTRA_ARGS', ''), ('QT_IM_MODULE', 'ibus'), ('PWD', '/home/zheng/carerobot_slam_ros2/build/robot_costmap'), ('XDG_CONFIG_DIRS', '/etc/xdg/xdg-ubuntu-xorg:/etc/xdg'), ('COPILOT_DEBUG_NONCE', 'b2678e8931ad5b1b6842b5b0f9197177'), ('XDG_DATA_DIRS', '/usr/share/ubuntu-xorg:/usr/share/gnome:/usr/local/share/:/usr/share/:/var/lib/snapd/desktop'), ('PYTHONPATH', '/home/zheng/carerobot_slam_ros2/install/robot_communication/local/lib/python3.10/dist-packages:/opt/ros/humble/lib/python3.10/site-packages:/opt/ros/humble/local/lib/python3.10/dist-packages'), ('COLCON', '1'), ('CMAKE_PREFIX_PATH', '/home/zheng/carerobot_slam_ros2/install/robot_communication:/opt/ros/humble')]), 'shell': False}
[0.783498] (robot_pid_local_planner) JobProgress: {'identifier': 'robot_pid_local_planner', 'progress': 'cmake'}
[0.783577] (robot_pid_local_planner) Command: {'cmd': ['/usr/bin/cmake', '/home/zheng/carerobot_slam_ros2/src/robot_pid_local_planner', '-DCMAKE_INSTALL_PREFIX=/home/zheng/carerobot_slam_ros2/install/robot_pid_local_planner'], 'cwd': '/home/zheng/carerobot_slam_ros2/build/robot_pid_local_planner', 'env': OrderedDict([('GJS_DEBUG_TOPICS', 'JS ERROR;JS LOG'), ('PYTHON_BASIC_REPL', '1'), ('LESSOPEN', '| /usr/bin/lesspipe %s'), ('LANGUAGE', 'zh_CN:zh'), ('USER', 'zheng'), ('XDG_SESSION_TYPE', 'x11'), ('GIT_ASKPASS', '/usr/share/code/resources/app/extensions/git/dist/askpass.sh'), ('SHLVL', '1'), ('LD_LIBRARY_PATH', '/home/zheng/carerobot_slam_ros2/install/robot_communication/lib:/usr/lib/x86_64-linux-gnu/gazebo-11/plugins:/opt/ros/humble/opt/rviz_ogre_vendor/lib:/opt/ros/humble/lib/x86_64-linux-gnu:/opt/ros/humble/lib'), ('HOME', '/home/zheng'), ('CHROME_DESKTOP', 'code.desktop'), ('TERM_PROGRAM_VERSION', '1.135.0'), ('DESKTOP_SESSION', 'ubuntu-xorg'), ('GIO_LAUNCHED_DESKTOP_FILE', '/usr/share/applications/code.desktop'), ('ROS_PYTHON_VERSION', '3'), ('GNOME_SHELL_SESSION_MODE', 'ubuntu'), ('GTK_MODULES', 'gail:atk-bridge'), ('VSCODE_GIT_ASKPASS_MAIN', '/usr/share/code/resources/app/extensions/git/dist/askpass-main.js'), ('VSCODE_GIT_ASKPASS_NODE', '/usr/share/code/code'), ('MANAGERPID', '1463'), ('PYDEVD_DISABLE_FILE_VALIDATION', '1'), ('SYSTEMD_EXEC_PID', '1745'), ('BUNDLED_DEBUGPY_PATH', '/home/zheng/.vscode/extensions/ms-python.debugpy-2026.6.0-linux-x64/bundled/libs/debugpy'), ('VSCODE_PYTHON_AUTOACTIVATE_GUARD', '1'), ('DBUS_SESSION_BUS_ADDRESS', 'unix:path=/run/user/1000/bus'), ('COLORTERM', 'truecolor'), ('GIO_LAUNCHED_DESKTOP_FILE_PID', '16113'), ('ROS_DISTRO', 'humble'), ('GTK_IM_MODULE', 'ibus'), ('LOGNAME', 'zheng'), ('JOURNAL_STREAM', '8:9109'), ('_', '/usr/bin/colcon'), ('ROS_VERSION', '2'), ('XDG_SESSION_CLASS', 'user'), ('USERNAME', 'zheng'), ('TERM', 'xterm-256color'), ('GNOME_DESKTOP_SESSION_ID', 'this-is-deprecated'), ('FC_FONTATIONS', '1'), ('ROS_LOCALHOST_ONLY', '0'), ('WINDOWPATH', '2'), ('PATH', '/home/zheng/.config/Code/User/globalStorage/github.copilot-chat/debugCommand:/home/zheng/.config/Code/User/globalStorage/github.copilot-chat/copilotCli:/opt/ros/humble/bin:/usr/local/sbin:/usr/local/bin:/usr/sbin:/usr/bin:/sbin:/bin:/usr/games:/usr/local/games:/snap/bin:/snap/bin:/home/zheng/.vscode/extensions/ms-python.debugpy-2026.6.0-linux-x64/bundled/scripts/noConfigScripts'), ('SESSION_MANAGER', 'local/zheng-Lenovo-Product:@/tmp/.ICE-unix/1722,unix/zheng-Lenovo-Product:/tmp/.ICE-unix/1722'), ('INVOCATION_ID', 'ac074399a22843219e3ebd3049ddf590'), ('XDG_MENU_PREFIX', 'gnome-'), ('XDG_RUNTIME_DIR', '/run/user/1000'), ('GDK_BACKEND', 'x11'), ('DISPLAY', ':0'), ('VSCODE_DEBUGPY_ADAPTER_ENDPOINTS', '/home/zheng/.vscode/extensions/ms-python.debugpy-2026.6.0-linux-x64/.noConfigDebugAdapterEndpoints/endpoint-85e0bbdd27a237cb.txt'), ('LANG', 'zh_CN.UTF-8'), ('XDG_CURRENT_DESKTOP', 'ubuntu:GNOME'), ('PYTHONSTARTUP', '/home/zheng/.config/Code/User/workspaceStorage/7c1638c18d6b6e2173098eecef125327/ms-python.python/pythonrc.py'), ('XMODIFIERS', '@im=ibus'), ('XDG_SESSION_DESKTOP', 'ubuntu-xorg'), ('XAUTHORITY', '/run/user/1000/gdm/Xauthority'), ('LS_COLORS', 'rs=0:di=01;34:ln=01;36:mh=00:pi=40;33:so=01;35:do=01;35:bd=40;33;01:cd=40;33;01:or=40;31;01:mi=00:su=37;41:sg=30;43:ca=30;41:tw=30;42:ow=34;42:st=37;44:ex=01;32:*.tar=01;31:*.tgz=01;31:*.arc=01;31:*.arj=01;31:*.taz=01;31:*.lha=01;31:*.lz4=01;31:*.lzh=01;31:*.lzma=01;31:*.tlz=01;31:*.txz=01;31:*.tzo=01;31:*.t7z=01;31:*.zip=01;31:*.z=01;31:*.dz=01;31:*.gz=01;31:*.lrz=01;31:*.lz=01;31:*.lzo=01;31:*.xz=01;31:*.zst=01;31:*.tzst=01;31:*.bz2=01;31:*.bz=01;31:*.tbz=01;31:*.tbz2=01;31:*.tz=01;31:*.deb=01;31:*.rpm=01;31:*.jar=01;31:*.war=01;31:*.ear=01;31:*.sar=01;31:*.rar=01;31:*.alz=01;31:*.ace=01;31:*.zoo=01;31:*.cpio=01;31:*.7z=01;31:*.rz=01;31:*.cab=01;31:*.wim=01;31:*.swm=01;31:*.dwm=01;31:*.esd=01;31:*.jpg=01;35:*.jpeg=01;35:*.mjpg=01;35:*.mjpeg=01;35:*.gif=01;35:*.bmp=01;35:*.pbm=01;35:*.pgm=01;35:*.ppm=01;35:*.tga=01;35:*.xbm=01;35:*.xpm=01;35:*.tif=01;35:*.tiff=01;35:*.png=01;35:*.svg=01;35:*.svgz=01;35:*.mng=01;35:*.pcx=01;35:*.mov=01;35:*.mpg=01;35:*.mpeg=01;35:*.m2v=01;35:*.mkv=01;35:*.webm=01;35:*.webp=01;35:*.ogm=01;35:*.mp4=01;35:*.m4v=01;35:*.mp4v=01;35:*.vob=01;35:*.qt=01;35:*.nuv=01;35:*.wmv=01;35:*.asf=01;35:*.rm=01;35:*.rmvb=01;35:*.flc=01;35:*.avi=01;35:*.fli=01;35:*.flv=01;35:*.gl=01;35:*.dl=01;35:*.xcf=01;35:*.xwd=01;35:*.yuv=01;35:*.cgm=01;35:*.emf=01;35:*.ogv=01;35:*.ogx=01;35:*.aac=00;36:*.au=00;36:*.flac=00;36:*.m4a=00;36:*.mid=00;36:*.midi=00;36:*.mka=00;36:*.mp3=00;36:*.mpc=00;36:*.ogg=00;36:*.ra=00;36:*.wav=00;36:*.oga=00;36:*.opus=00;36:*.spx=00;36:*.xspf=00;36:'), ('VSCODE_GIT_IPC_HANDLE', '/run/user/1000/vscode-git-f64114791b.sock'), ('TERM_PROGRAM', 'vscode'), ('SSH_AGENT_LAUNCHER', 'gnome-keyring'), ('SSH_AUTH_SOCK', '/run/user/1000/keyring/ssh'), ('AMENT_PREFIX_PATH', '/home/zheng/carerobot_slam_ros2/install/robot_communication:/opt/ros/humble'), ('SHELL', '/bin/bash'), ('QT_ACCESSIBILITY', '1'), ('GDMSESSION', 'ubuntu-xorg'), ('LESSCLOSE', '/usr/bin/lesspipe %s %s'), ('GPG_AGENT_INFO', '/run/user/1000/gnupg/S.gpg-agent:0:1'), ('GJS_DEBUG_OUTPUT', 'stderr'), ('GAZEBO_MODEL_DATABASE_URI', ''), ('VSCODE_GIT_ASKPASS_EXTRA_ARGS', ''), ('QT_IM_MODULE', 'ibus'), ('PWD', '/home/zheng/carerobot_slam_ros2/build/robot_pid_local_planner'), ('XDG_CONFIG_DIRS', '/etc/xdg/xdg-ubuntu-xorg:/etc/xdg'), ('COPILOT_DEBUG_NONCE', 'b2678e8931ad5b1b6842b5b0f9197177'), ('XDG_DATA_DIRS', '/usr/share/ubuntu-xorg:/usr/share/gnome:/usr/local/share/:/usr/share/:/var/lib/snapd/desktop'), ('PYTHONPATH', '/home/zheng/carerobot_slam_ros2/install/robot_communication/local/lib/python3.10/dist-packages:/opt/ros/humble/lib/python3.10/site-packages:/opt/ros/humble/local/lib/python3.10/dist-packages'), ('COLCON', '1'), ('CMAKE_PREFIX_PATH', '/home/zheng/carerobot_slam_ros2/install/robot_communication:/opt/ros/humble')]), 'shell': False}
[0.808984] (-) TimerEvent: {}
[0.817057] (diff_drive_gazebo) StdoutLine: {'line': b'-- Found Python3: /usr/bin/python3 (found version "3.10.12") found components: Interpreter \n'}
[0.867976] (robot_pid_local_planner) StdoutLine: {'line': b'-- The C compiler identification is GNU 11.4.0\n'}
[0.871994] (robot_costmap) StdoutLine: {'line': b'-- The C compiler identification is GNU 11.4.0\n'}
[0.909106] (-) TimerEvent: {}
[0.945030] (robot_pid_local_planner) StdoutLine: {'line': b'-- The CXX compiler identification is GNU 11.4.0\n'}
[0.953536] (robot_costmap) StdoutLine: {'line': b'-- The CXX compiler identification is GNU 11.4.0\n'}
[0.954613] (robot_pid_local_planner) StdoutLine: {'line': b'-- Detecting C compiler ABI info\n'}
[0.954811] (diff_drive_gazebo) StdoutLine: {'line': b'-- Found rclcpp: 16.0.19 (/opt/ros/humble/share/rclcpp/cmake)\n'}
[0.964044] (robot_costmap) StdoutLine: {'line': b'-- Detecting C compiler ABI info\n'}
[1.009213] (-) TimerEvent: {}
[1.042463] (robot_pid_local_planner) StdoutLine: {'line': b'-- Detecting C compiler ABI info - done\n'}
[1.054678] (robot_costmap) StdoutLine: {'line': b'-- Detecting C compiler ABI info - done\n'}
[1.057883] (robot_pid_local_planner) StdoutLine: {'line': b'-- Check for working C compiler: /usr/bin/cc - skipped\n'}
[1.058246] (robot_pid_local_planner) StdoutLine: {'line': b'-- Detecting C compile features\n'}
[1.058740] (robot_pid_local_planner) StdoutLine: {'line': b'-- Detecting C compile features - done\n'}
[1.060896] (diff_drive_gazebo) StdoutLine: {'line': b'-- Found rosidl_generator_c: 3.1.9 (/opt/ros/humble/share/rosidl_generator_c/cmake)\n'}
[1.063572] (robot_pid_local_planner) StdoutLine: {'line': b'-- Detecting CXX compiler ABI info\n'}
[1.067004] (robot_costmap) StdoutLine: {'line': b'-- Check for working C compiler: /usr/bin/cc - skipped\n'}
[1.067280] (robot_costmap) StdoutLine: {'line': b'-- Detecting C compile features\n'}
[1.067856] (robot_costmap) StdoutLine: {'line': b'-- Detecting C compile features - done\n'}
[1.068456] (diff_drive_gazebo) StdoutLine: {'line': b'-- Found rosidl_adapter: 3.1.9 (/opt/ros/humble/share/rosidl_adapter/cmake)\n'}
[1.072108] (robot_costmap) StdoutLine: {'line': b'-- Detecting CXX compiler ABI info\n'}
[1.083065] (diff_drive_gazebo) StdoutLine: {'line': b'-- Found rosidl_generator_cpp: 3.1.9 (/opt/ros/humble/share/rosidl_generator_cpp/cmake)\n'}
[1.096768] (diff_drive_gazebo) StdoutLine: {'line': b'-- Using all available rosidl_typesupport_c: rosidl_typesupport_fastrtps_c;rosidl_typesupport_introspection_c\n'}
[1.109306] (-) TimerEvent: {}
[1.121887] (diff_drive_gazebo) StdoutLine: {'line': b'-- Using all available rosidl_typesupport_cpp: rosidl_typesupport_fastrtps_cpp;rosidl_typesupport_introspection_cpp\n'}
[1.174687] (robot_pid_local_planner) StdoutLine: {'line': b'-- Detecting CXX compiler ABI info - done\n'}
[1.190609] (robot_pid_local_planner) StdoutLine: {'line': b'-- Check for working CXX compiler: /usr/bin/c++ - skipped\n'}
[1.190822] (robot_pid_local_planner) StdoutLine: {'line': b'-- Detecting CXX compile features\n'}
[1.191029] (robot_pid_local_planner) StdoutLine: {'line': b'-- Detecting CXX compile features - done\n'}
[1.191193] (robot_costmap) StdoutLine: {'line': b'-- Detecting CXX compiler ABI info - done\n'}
[1.191830] (robot_pid_local_planner) StdoutLine: {'line': b'-- Found ament_cmake: 1.3.14 (/opt/ros/humble/share/ament_cmake/cmake)\n'}
[1.201875] (robot_costmap) StdoutLine: {'line': b'-- Check for working CXX compiler: /usr/bin/c++ - skipped\n'}
[1.202107] (robot_costmap) StdoutLine: {'line': b'-- Detecting CXX compile features\n'}
[1.203533] (robot_costmap) StdoutLine: {'line': b'-- Detecting CXX compile features - done\n'}
[1.209398] (-) TimerEvent: {}
[1.224468] (robot_costmap) StdoutLine: {'line': b'-- Found ament_cmake: 1.3.14 (/opt/ros/humble/share/ament_cmake/cmake)\n'}
[1.267899] (diff_drive_gazebo) StdoutLine: {'line': b'-- Found rmw_implementation_cmake: 6.1.3 (/opt/ros/humble/share/rmw_implementation_cmake/cmake)\n'}
[1.284380] (diff_drive_gazebo) StdoutLine: {'line': b'-- Found rmw_fastrtps_cpp: 6.2.10 (/opt/ros/humble/share/rmw_fastrtps_cpp/cmake)\n'}
[1.309496] (-) TimerEvent: {}
[1.388684] (robot_pid_local_planner) StdoutLine: {'line': b'-- Found Python3: /usr/bin/python3 (found version "3.10.12") found components: Interpreter \n'}
[1.409591] (-) TimerEvent: {}
[1.436745] (robot_costmap) StdoutLine: {'line': b'-- Found Python3: /usr/bin/python3 (found version "3.10.12") found components: Interpreter \n'}
[1.509717] (-) TimerEvent: {}
[1.538061] (robot_pid_local_planner) StdoutLine: {'line': b'-- Found rclcpp: 16.0.19 (/opt/ros/humble/share/rclcpp/cmake)\n'}
[1.586298] (diff_drive_gazebo) StdoutLine: {'line': b'-- Found OpenSSL: /usr/lib/x86_64-linux-gnu/libcrypto.so (found version "3.0.2")  \n'}
[1.592564] (robot_costmap) StdoutLine: {'line': b'-- Found rclcpp: 16.0.19 (/opt/ros/humble/share/rclcpp/cmake)\n'}
[1.601057] (robot_pid_local_planner) StdoutLine: {'line': b'-- Found rosidl_generator_c: 3.1.9 (/opt/ros/humble/share/rosidl_generator_c/cmake)\n'}
[1.609807] (-) TimerEvent: {}
[1.610144] (robot_pid_local_planner) StdoutLine: {'line': b'-- Found rosidl_adapter: 3.1.9 (/opt/ros/humble/share/rosidl_adapter/cmake)\n'}
[1.623823] (robot_pid_local_planner) StdoutLine: {'line': b'-- Found rosidl_generator_cpp: 3.1.9 (/opt/ros/humble/share/rosidl_generator_cpp/cmake)\n'}
[1.647644] (robot_pid_local_planner) StdoutLine: {'line': b'-- Using all available rosidl_typesupport_c: rosidl_typesupport_fastrtps_c;rosidl_typesupport_introspection_c\n'}
[1.648870] (robot_costmap) StdoutLine: {'line': b'-- Found rosidl_generator_c: 3.1.9 (/opt/ros/humble/share/rosidl_generator_c/cmake)\n'}
[1.653967] (diff_drive_gazebo) StdoutLine: {'line': b'-- Found FastRTPS: /opt/ros/humble/include  \n'}
[1.657513] (robot_costmap) StdoutLine: {'line': b'-- Found rosidl_adapter: 3.1.9 (/opt/ros/humble/share/rosidl_adapter/cmake)\n'}
[1.667279] (robot_costmap) StdoutLine: {'line': b'-- Found rosidl_generator_cpp: 3.1.9 (/opt/ros/humble/share/rosidl_generator_cpp/cmake)\n'}
[1.679037] (robot_pid_local_planner) StdoutLine: {'line': b'-- Using all available rosidl_typesupport_cpp: rosidl_typesupport_fastrtps_cpp;rosidl_typesupport_introspection_cpp\n'}
[1.685823] (robot_costmap) StdoutLine: {'line': b'-- Using all available rosidl_typesupport_c: rosidl_typesupport_fastrtps_c;rosidl_typesupport_introspection_c\n'}
[1.709986] (robot_costmap) StdoutLine: {'line': b'-- Using all available rosidl_typesupport_cpp: rosidl_typesupport_fastrtps_cpp;rosidl_typesupport_introspection_cpp\n'}
[1.710199] (-) TimerEvent: {}
[1.716582] (diff_drive_gazebo) StdoutLine: {'line': b"-- Using RMW implementation 'rmw_fastrtps_cpp' as default\n"}
[1.759749] (robot_pid_local_planner) StdoutLine: {'line': b'-- Found rmw_implementation_cmake: 6.1.3 (/opt/ros/humble/share/rmw_implementation_cmake/cmake)\n'}
[1.763694] (robot_pid_local_planner) StdoutLine: {'line': b'-- Found rmw_fastrtps_cpp: 6.2.10 (/opt/ros/humble/share/rmw_fastrtps_cpp/cmake)\n'}
[1.788024] (robot_costmap) StdoutLine: {'line': b'-- Found rmw_implementation_cmake: 6.1.3 (/opt/ros/humble/share/rmw_implementation_cmake/cmake)\n'}
[1.788248] (robot_costmap) StdoutLine: {'line': b'-- Found rmw_fastrtps_cpp: 6.2.10 (/opt/ros/humble/share/rmw_fastrtps_cpp/cmake)\n'}
[1.788383] (diff_drive_gazebo) StdoutLine: {'line': b'-- Looking for pthread.h\n'}
[1.812143] (-) TimerEvent: {}
[1.912988] (-) TimerEvent: {}
[1.935902] (diff_drive_gazebo) StdoutLine: {'line': b'-- Looking for pthread.h - found\n'}
[1.937362] (diff_drive_gazebo) StdoutLine: {'line': b'-- Performing Test CMAKE_HAVE_LIBC_PTHREAD\n'}
[1.944052] (robot_pid_local_planner) StdoutLine: {'line': b'-- Found OpenSSL: /usr/lib/x86_64-linux-gnu/libcrypto.so (found version "3.0.2")  \n'}
[1.962550] (robot_costmap) StdoutLine: {'line': b'-- Found OpenSSL: /usr/lib/x86_64-linux-gnu/libcrypto.so (found version "3.0.2")  \n'}
[2.013125] (-) TimerEvent: {}
[2.028810] (robot_costmap) StdoutLine: {'line': b'-- Found FastRTPS: /opt/ros/humble/include  \n'}
[2.042657] (robot_pid_local_planner) StdoutLine: {'line': b'-- Found FastRTPS: /opt/ros/humble/include  \n'}
[2.111996] (robot_costmap) StdoutLine: {'line': b"-- Using RMW implementation 'rmw_fastrtps_cpp' as default\n"}
[2.113177] (-) TimerEvent: {}
[2.128028] (diff_drive_gazebo) StdoutLine: {'line': b'-- Performing Test CMAKE_HAVE_LIBC_PTHREAD - Success\n'}
[2.128879] (diff_drive_gazebo) StdoutLine: {'line': b'-- Found Threads: TRUE  \n'}
[2.140779] (robot_costmap) StdoutLine: {'line': b'-- Looking for pthread.h\n'}
[2.153124] (robot_pid_local_planner) StdoutLine: {'line': b"-- Using RMW implementation 'rmw_fastrtps_cpp' as default\n"}
[2.181996] (robot_pid_local_planner) StdoutLine: {'line': b'-- Looking for pthread.h\n'}
[2.213679] (-) TimerEvent: {}
[2.311944] (robot_pid_local_planner) StdoutLine: {'line': b'-- Looking for pthread.h - found\n'}
[2.312682] (robot_pid_local_planner) StdoutLine: {'line': b'-- Performing Test CMAKE_HAVE_LIBC_PTHREAD\n'}
[2.313749] (-) TimerEvent: {}
[2.315966] (robot_costmap) StdoutLine: {'line': b'-- Looking for pthread.h - found\n'}
[2.316159] (robot_costmap) StdoutLine: {'line': b'-- Performing Test CMAKE_HAVE_LIBC_PTHREAD\n'}
[2.334703] (diff_drive_gazebo) StdoutLine: {'line': b'-- Found geometry_msgs: 4.9.2 (/opt/ros/humble/share/geometry_msgs/cmake)\n'}
[2.360991] (diff_drive_gazebo) StdoutLine: {'line': b'-- Found nav_msgs: 4.9.2 (/opt/ros/humble/share/nav_msgs/cmake)\n'}
[2.408317] (diff_drive_gazebo) StdoutLine: {'line': b'-- Found sensor_msgs: 4.9.2 (/opt/ros/humble/share/sensor_msgs/cmake)\n'}
[2.413866] (-) TimerEvent: {}
[2.450736] (robot_pid_local_planner) StdoutLine: {'line': b'-- Performing Test CMAKE_HAVE_LIBC_PTHREAD - Success\n'}
[2.452113] (robot_pid_local_planner) StdoutLine: {'line': b'-- Found Threads: TRUE  \n'}
[2.466168] (robot_costmap) StdoutLine: {'line': b'-- Performing Test CMAKE_HAVE_LIBC_PTHREAD - Success\n'}
[2.466562] (robot_costmap) StdoutLine: {'line': b'-- Found Threads: TRUE  \n'}
[2.505557] (diff_drive_gazebo) StdoutLine: {'line': b'-- Found tf2: 0.25.22 (/opt/ros/humble/share/tf2/cmake)\n'}
[2.513966] (-) TimerEvent: {}
[2.578168] (robot_pid_local_planner) StdoutLine: {'line': b'-- Found geometry_msgs: 4.9.2 (/opt/ros/humble/share/geometry_msgs/cmake)\n'}
[2.586817] (robot_costmap) StdoutLine: {'line': b'-- Found sensor_msgs: 4.9.2 (/opt/ros/humble/share/sensor_msgs/cmake)\n'}
[2.597036] (diff_drive_gazebo) StdoutLine: {'line': b'-- Found tf2_ros: 0.25.22 (/opt/ros/humble/share/tf2_ros/cmake)\n'}
[2.598440] (robot_pid_local_planner) StdoutLine: {'line': b'-- Found nav_msgs: 4.9.2 (/opt/ros/humble/share/nav_msgs/cmake)\n'}
[2.614385] (-) TimerEvent: {}
[2.642212] (robot_pid_local_planner) StdoutLine: {'line': b'-- Found visualization_msgs: 4.9.2 (/opt/ros/humble/share/visualization_msgs/cmake)\n'}
[2.653240] (robot_costmap) StdoutLine: {'line': b'-- Found nav_msgs: 4.9.2 (/opt/ros/humble/share/nav_msgs/cmake)\n'}
[2.689191] (robot_costmap) StdoutLine: {'line': b'-- Found tf2: 0.25.22 (/opt/ros/humble/share/tf2/cmake)\n'}
[2.708056] (robot_costmap) StdoutLine: {'line': b'-- Found tf2_ros: 0.25.22 (/opt/ros/humble/share/tf2_ros/cmake)\n'}
[2.714481] (-) TimerEvent: {}
[2.757449] (robot_pid_local_planner) StdoutLine: {'line': b'-- Found tf2: 0.25.22 (/opt/ros/humble/share/tf2/cmake)\n'}
[2.774121] (robot_pid_local_planner) StdoutLine: {'line': b'-- Found tf2_ros: 0.25.22 (/opt/ros/humble/share/tf2_ros/cmake)\n'}
[2.814998] (-) TimerEvent: {}
[2.886301] (diff_drive_gazebo) StdoutLine: {'line': b'-- Found urdf: 2.6.1 (/opt/ros/humble/share/urdf/cmake)\n'}
[2.891446] (robot_costmap) StdoutLine: {'line': b'-- Found pcl_conversions: 2.4.5 (/opt/ros/humble/share/pcl_conversions/cmake)\n'}
[2.915091] (-) TimerEvent: {}
[2.932316] (robot_pid_local_planner) StdoutLine: {'line': b'-- Found tf2_geometry_msgs: 0.25.22 (/opt/ros/humble/share/tf2_geometry_msgs/cmake)\n'}
[2.974950] (robot_pid_local_planner) StdoutLine: {'line': b'-- Found eigen3_cmake_module: 0.1.1 (/opt/ros/humble/share/eigen3_cmake_module/cmake)\n'}
[2.976634] (robot_pid_local_planner) StdoutLine: {'line': b'-- Found Eigen3: TRUE (found version "3.4.0") \n'}
[2.976824] (robot_pid_local_planner) StdoutLine: {'line': b'-- Ensuring Eigen3 include directory is part of orocos-kdl CMake target\n'}
[2.980094] (robot_pid_local_planner) StdoutLine: {'line': b'-- Found robot_communication: 0.0.0 (/home/zheng/carerobot_slam_ros2/install/robot_communication/share/robot_communication/cmake)\n'}
[2.999281] (diff_drive_gazebo) StdoutLine: {'line': b'-- Found xacro: 2.1.1 (/opt/ros/humble/share/xacro/cmake)\n'}
[3.015181] (-) TimerEvent: {}
[3.031402] (robot_costmap) StdoutLine: {'line': b"-- Checking for module 'eigen3'\n"}
[3.062178] (robot_costmap) StdoutLine: {'line': b'--   Found eigen3, version 3.4.0\n'}
[3.088130] (robot_pid_local_planner) StdoutLine: {'line': b'-- Configuring done\n'}
[3.096579] (diff_drive_gazebo) StdoutLine: {'line': b'-- Configuring done\n'}
[3.104480] (diff_drive_gazebo) StdoutLine: {'line': b'-- Generating done\n'}
[3.106718] (diff_drive_gazebo) StdoutLine: {'line': b'-- Build files have been written to: /home/zheng/carerobot_slam_ros2/build/diff_drive_gazebo\n'}
[3.110124] (robot_pid_local_planner) StdoutLine: {'line': b'-- Generating done\n'}
[3.112483] (robot_costmap) StdoutLine: {'line': b'-- Found Eigen: /usr/include/eigen3 (Required is at least version "3.1") \n'}
[3.112692] (robot_costmap) StdoutLine: {'line': b'-- Eigen found (include: /usr/include/eigen3, version: 3.4.0)\n'}
[3.115267] (-) TimerEvent: {}
[3.118077] (robot_pid_local_planner) StdoutLine: {'line': b'-- Build files have been written to: /home/zheng/carerobot_slam_ros2/build/robot_pid_local_planner\n'}
[3.119046] (diff_drive_gazebo) CommandEnded: {'returncode': 0}
[3.119831] (diff_drive_gazebo) JobProgress: {'identifier': 'diff_drive_gazebo', 'progress': 'build'}
[3.120374] (diff_drive_gazebo) Command: {'cmd': ['/usr/bin/cmake', '--build', '/home/zheng/carerobot_slam_ros2/build/diff_drive_gazebo', '--', '-j8', '-l8'], 'cwd': '/home/zheng/carerobot_slam_ros2/build/diff_drive_gazebo', 'env': OrderedDict([('GJS_DEBUG_TOPICS', 'JS ERROR;JS LOG'), ('PYTHON_BASIC_REPL', '1'), ('LESSOPEN', '| /usr/bin/lesspipe %s'), ('LANGUAGE', 'zh_CN:zh'), ('USER', 'zheng'), ('XDG_SESSION_TYPE', 'x11'), ('GIT_ASKPASS', '/usr/share/code/resources/app/extensions/git/dist/askpass.sh'), ('SHLVL', '1'), ('LD_LIBRARY_PATH', '/usr/lib/x86_64-linux-gnu/gazebo-11/plugins:/opt/ros/humble/opt/rviz_ogre_vendor/lib:/opt/ros/humble/lib/x86_64-linux-gnu:/opt/ros/humble/lib'), ('HOME', '/home/zheng'), ('CHROME_DESKTOP', 'code.desktop'), ('TERM_PROGRAM_VERSION', '1.135.0'), ('DESKTOP_SESSION', 'ubuntu-xorg'), ('GIO_LAUNCHED_DESKTOP_FILE', '/usr/share/applications/code.desktop'), ('ROS_PYTHON_VERSION', '3'), ('GNOME_SHELL_SESSION_MODE', 'ubuntu'), ('GTK_MODULES', 'gail:atk-bridge'), ('VSCODE_GIT_ASKPASS_MAIN', '/usr/share/code/resources/app/extensions/git/dist/askpass-main.js'), ('VSCODE_GIT_ASKPASS_NODE', '/usr/share/code/code'), ('MANAGERPID', '1463'), ('PYDEVD_DISABLE_FILE_VALIDATION', '1'), ('SYSTEMD_EXEC_PID', '1745'), ('BUNDLED_DEBUGPY_PATH', '/home/zheng/.vscode/extensions/ms-python.debugpy-2026.6.0-linux-x64/bundled/libs/debugpy'), ('VSCODE_PYTHON_AUTOACTIVATE_GUARD', '1'), ('DBUS_SESSION_BUS_ADDRESS', 'unix:path=/run/user/1000/bus'), ('COLORTERM', 'truecolor'), ('GIO_LAUNCHED_DESKTOP_FILE_PID', '16113'), ('ROS_DISTRO', 'humble'), ('GTK_IM_MODULE', 'ibus'), ('LOGNAME', 'zheng'), ('JOURNAL_STREAM', '8:9109'), ('_', '/usr/bin/colcon'), ('ROS_VERSION', '2'), ('XDG_SESSION_CLASS', 'user'), ('USERNAME', 'zheng'), ('TERM', 'xterm-256color'), ('GNOME_DESKTOP_SESSION_ID', 'this-is-deprecated'), ('FC_FONTATIONS', '1'), ('ROS_LOCALHOST_ONLY', '0'), ('WINDOWPATH', '2'), ('PATH', '/home/zheng/.config/Code/User/globalStorage/github.copilot-chat/debugCommand:/home/zheng/.config/Code/User/globalStorage/github.copilot-chat/copilotCli:/opt/ros/humble/bin:/usr/local/sbin:/usr/local/bin:/usr/sbin:/usr/bin:/sbin:/bin:/usr/games:/usr/local/games:/snap/bin:/snap/bin:/home/zheng/.vscode/extensions/ms-python.debugpy-2026.6.0-linux-x64/bundled/scripts/noConfigScripts'), ('SESSION_MANAGER', 'local/zheng-Lenovo-Product:@/tmp/.ICE-unix/1722,unix/zheng-Lenovo-Product:/tmp/.ICE-unix/1722'), ('INVOCATION_ID', 'ac074399a22843219e3ebd3049ddf590'), ('XDG_MENU_PREFIX', 'gnome-'), ('XDG_RUNTIME_DIR', '/run/user/1000'), ('GDK_BACKEND', 'x11'), ('DISPLAY', ':0'), ('VSCODE_DEBUGPY_ADAPTER_ENDPOINTS', '/home/zheng/.vscode/extensions/ms-python.debugpy-2026.6.0-linux-x64/.noConfigDebugAdapterEndpoints/endpoint-85e0bbdd27a237cb.txt'), ('LANG', 'zh_CN.UTF-8'), ('XDG_CURRENT_DESKTOP', 'ubuntu:GNOME'), ('PYTHONSTARTUP', '/home/zheng/.config/Code/User/workspaceStorage/7c1638c18d6b6e2173098eecef125327/ms-python.python/pythonrc.py'), ('XMODIFIERS', '@im=ibus'), ('XDG_SESSION_DESKTOP', 'ubuntu-xorg'), ('XAUTHORITY', '/run/user/1000/gdm/Xauthority'), ('LS_COLORS', 'rs=0:di=01;34:ln=01;36:mh=00:pi=40;33:so=01;35:do=01;35:bd=40;33;01:cd=40;33;01:or=40;31;01:mi=00:su=37;41:sg=30;43:ca=30;41:tw=30;42:ow=34;42:st=37;44:ex=01;32:*.tar=01;31:*.tgz=01;31:*.arc=01;31:*.arj=01;31:*.taz=01;31:*.lha=01;31:*.lz4=01;31:*.lzh=01;31:*.lzma=01;31:*.tlz=01;31:*.txz=01;31:*.tzo=01;31:*.t7z=01;31:*.zip=01;31:*.z=01;31:*.dz=01;31:*.gz=01;31:*.lrz=01;31:*.lz=01;31:*.lzo=01;31:*.xz=01;31:*.zst=01;31:*.tzst=01;31:*.bz2=01;31:*.bz=01;31:*.tbz=01;31:*.tbz2=01;31:*.tz=01;31:*.deb=01;31:*.rpm=01;31:*.jar=01;31:*.war=01;31:*.ear=01;31:*.sar=01;31:*.rar=01;31:*.alz=01;31:*.ace=01;31:*.zoo=01;31:*.cpio=01;31:*.7z=01;31:*.rz=01;31:*.cab=01;31:*.wim=01;31:*.swm=01;31:*.dwm=01;31:*.esd=01;31:*.jpg=01;35:*.jpeg=01;35:*.mjpg=01;35:*.mjpeg=01;35:*.gif=01;35:*.bmp=01;35:*.pbm=01;35:*.pgm=01;35:*.ppm=01;35:*.tga=01;35:*.xbm=01;35:*.xpm=01;35:*.tif=01;35:*.tiff=01;35:*.png=01;35:*.svg=01;35:*.svgz=01;35:*.mng=01;35:*.pcx=01;35:*.mov=01;35:*.mpg=01;35:*.mpeg=01;35:*.m2v=01;35:*.mkv=01;35:*.webm=01;35:*.webp=01;35:*.ogm=01;35:*.mp4=01;35:*.m4v=01;35:*.mp4v=01;35:*.vob=01;35:*.qt=01;35:*.nuv=01;35:*.wmv=01;35:*.asf=01;35:*.rm=01;35:*.rmvb=01;35:*.flc=01;35:*.avi=01;35:*.fli=01;35:*.flv=01;35:*.gl=01;35:*.dl=01;35:*.xcf=01;35:*.xwd=01;35:*.yuv=01;35:*.cgm=01;35:*.emf=01;35:*.ogv=01;35:*.ogx=01;35:*.aac=00;36:*.au=00;36:*.flac=00;36:*.m4a=00;36:*.mid=00;36:*.midi=00;36:*.mka=00;36:*.mp3=00;36:*.mpc=00;36:*.ogg=00;36:*.ra=00;36:*.wav=00;36:*.oga=00;36:*.opus=00;36:*.spx=00;36:*.xspf=00;36:'), ('VSCODE_GIT_IPC_HANDLE', '/run/user/1000/vscode-git-f64114791b.sock'), ('TERM_PROGRAM', 'vscode'), ('SSH_AGENT_LAUNCHER', 'gnome-keyring'), ('SSH_AUTH_SOCK', '/run/user/1000/keyring/ssh'), ('AMENT_PREFIX_PATH', '/opt/ros/humble'), ('SHELL', '/bin/bash'), ('QT_ACCESSIBILITY', '1'), ('GDMSESSION', 'ubuntu-xorg'), ('LESSCLOSE', '/usr/bin/lesspipe %s %s'), ('GPG_AGENT_INFO', '/run/user/1000/gnupg/S.gpg-agent:0:1'), ('GJS_DEBUG_OUTPUT', 'stderr'), ('GAZEBO_MODEL_DATABASE_URI', ''), ('VSCODE_GIT_ASKPASS_EXTRA_ARGS', ''), ('QT_IM_MODULE', 'ibus'), ('PWD', '/home/zheng/carerobot_slam_ros2/build/diff_drive_gazebo'), ('XDG_CONFIG_DIRS', '/etc/xdg/xdg-ubuntu-xorg:/etc/xdg'), ('COPILOT_DEBUG_NONCE', 'b2678e8931ad5b1b6842b5b0f9197177'), ('XDG_DATA_DIRS', '/usr/share/ubuntu-xorg:/usr/share/gnome:/usr/local/share/:/usr/share/:/var/lib/snapd/desktop'), ('PYTHONPATH', '/opt/ros/humble/lib/python3.10/site-packages:/opt/ros/humble/local/lib/python3.10/dist-packages'), ('COLCON', '1'), ('CMAKE_PREFIX_PATH', '/opt/ros/humble')]), 'shell': False}
[3.135337] (robot_pid_local_planner) CommandEnded: {'returncode': 0}
[3.136477] (robot_pid_local_planner) JobProgress: {'identifier': 'robot_pid_local_planner', 'progress': 'build'}
[3.137718] (robot_pid_local_planner) Command: {'cmd': ['/usr/bin/cmake', '--build', '/home/zheng/carerobot_slam_ros2/build/robot_pid_local_planner', '--', '-j8', '-l8'], 'cwd': '/home/zheng/carerobot_slam_ros2/build/robot_pid_local_planner', 'env': OrderedDict([('GJS_DEBUG_TOPICS', 'JS ERROR;JS LOG'), ('PYTHON_BASIC_REPL', '1'), ('LESSOPEN', '| /usr/bin/lesspipe %s'), ('LANGUAGE', 'zh_CN:zh'), ('USER', 'zheng'), ('XDG_SESSION_TYPE', 'x11'), ('GIT_ASKPASS', '/usr/share/code/resources/app/extensions/git/dist/askpass.sh'), ('SHLVL', '1'), ('LD_LIBRARY_PATH', '/home/zheng/carerobot_slam_ros2/install/robot_communication/lib:/usr/lib/x86_64-linux-gnu/gazebo-11/plugins:/opt/ros/humble/opt/rviz_ogre_vendor/lib:/opt/ros/humble/lib/x86_64-linux-gnu:/opt/ros/humble/lib'), ('HOME', '/home/zheng'), ('CHROME_DESKTOP', 'code.desktop'), ('TERM_PROGRAM_VERSION', '1.135.0'), ('DESKTOP_SESSION', 'ubuntu-xorg'), ('GIO_LAUNCHED_DESKTOP_FILE', '/usr/share/applications/code.desktop'), ('ROS_PYTHON_VERSION', '3'), ('GNOME_SHELL_SESSION_MODE', 'ubuntu'), ('GTK_MODULES', 'gail:atk-bridge'), ('VSCODE_GIT_ASKPASS_MAIN', '/usr/share/code/resources/app/extensions/git/dist/askpass-main.js'), ('VSCODE_GIT_ASKPASS_NODE', '/usr/share/code/code'), ('MANAGERPID', '1463'), ('PYDEVD_DISABLE_FILE_VALIDATION', '1'), ('SYSTEMD_EXEC_PID', '1745'), ('BUNDLED_DEBUGPY_PATH', '/home/zheng/.vscode/extensions/ms-python.debugpy-2026.6.0-linux-x64/bundled/libs/debugpy'), ('VSCODE_PYTHON_AUTOACTIVATE_GUARD', '1'), ('DBUS_SESSION_BUS_ADDRESS', 'unix:path=/run/user/1000/bus'), ('COLORTERM', 'truecolor'), ('GIO_LAUNCHED_DESKTOP_FILE_PID', '16113'), ('ROS_DISTRO', 'humble'), ('GTK_IM_MODULE', 'ibus'), ('LOGNAME', 'zheng'), ('JOURNAL_STREAM', '8:9109'), ('_', '/usr/bin/colcon'), ('ROS_VERSION', '2'), ('XDG_SESSION_CLASS', 'user'), ('USERNAME', 'zheng'), ('TERM', 'xterm-256color'), ('GNOME_DESKTOP_SESSION_ID', 'this-is-deprecated'), ('FC_FONTATIONS', '1'), ('ROS_LOCALHOST_ONLY', '0'), ('WINDOWPATH', '2'), ('PATH', '/home/zheng/.config/Code/User/globalStorage/github.copilot-chat/debugCommand:/home/zheng/.config/Code/User/globalStorage/github.copilot-chat/copilotCli:/opt/ros/humble/bin:/usr/local/sbin:/usr/local/bin:/usr/sbin:/usr/bin:/sbin:/bin:/usr/games:/usr/local/games:/snap/bin:/snap/bin:/home/zheng/.vscode/extensions/ms-python.debugpy-2026.6.0-linux-x64/bundled/scripts/noConfigScripts'), ('SESSION_MANAGER', 'local/zheng-Lenovo-Product:@/tmp/.ICE-unix/1722,unix/zheng-Lenovo-Product:/tmp/.ICE-unix/1722'), ('INVOCATION_ID', 'ac074399a22843219e3ebd3049ddf590'), ('XDG_MENU_PREFIX', 'gnome-'), ('XDG_RUNTIME_DIR', '/run/user/1000'), ('GDK_BACKEND', 'x11'), ('DISPLAY', ':0'), ('VSCODE_DEBUGPY_ADAPTER_ENDPOINTS', '/home/zheng/.vscode/extensions/ms-python.debugpy-2026.6.0-linux-x64/.noConfigDebugAdapterEndpoints/endpoint-85e0bbdd27a237cb.txt'), ('LANG', 'zh_CN.UTF-8'), ('XDG_CURRENT_DESKTOP', 'ubuntu:GNOME'), ('PYTHONSTARTUP', '/home/zheng/.config/Code/User/workspaceStorage/7c1638c18d6b6e2173098eecef125327/ms-python.python/pythonrc.py'), ('XMODIFIERS', '@im=ibus'), ('XDG_SESSION_DESKTOP', 'ubuntu-xorg'), ('XAUTHORITY', '/run/user/1000/gdm/Xauthority'), ('LS_COLORS', 'rs=0:di=01;34:ln=01;36:mh=00:pi=40;33:so=01;35:do=01;35:bd=40;33;01:cd=40;33;01:or=40;31;01:mi=00:su=37;41:sg=30;43:ca=30;41:tw=30;42:ow=34;42:st=37;44:ex=01;32:*.tar=01;31:*.tgz=01;31:*.arc=01;31:*.arj=01;31:*.taz=01;31:*.lha=01;31:*.lz4=01;31:*.lzh=01;31:*.lzma=01;31:*.tlz=01;31:*.txz=01;31:*.tzo=01;31:*.t7z=01;31:*.zip=01;31:*.z=01;31:*.dz=01;31:*.gz=01;31:*.lrz=01;31:*.lz=01;31:*.lzo=01;31:*.xz=01;31:*.zst=01;31:*.tzst=01;31:*.bz2=01;31:*.bz=01;31:*.tbz=01;31:*.tbz2=01;31:*.tz=01;31:*.deb=01;31:*.rpm=01;31:*.jar=01;31:*.war=01;31:*.ear=01;31:*.sar=01;31:*.rar=01;31:*.alz=01;31:*.ace=01;31:*.zoo=01;31:*.cpio=01;31:*.7z=01;31:*.rz=01;31:*.cab=01;31:*.wim=01;31:*.swm=01;31:*.dwm=01;31:*.esd=01;31:*.jpg=01;35:*.jpeg=01;35:*.mjpg=01;35:*.mjpeg=01;35:*.gif=01;35:*.bmp=01;35:*.pbm=01;35:*.pgm=01;35:*.ppm=01;35:*.tga=01;35:*.xbm=01;35:*.xpm=01;35:*.tif=01;35:*.tiff=01;35:*.png=01;35:*.svg=01;35:*.svgz=01;35:*.mng=01;35:*.pcx=01;35:*.mov=01;35:*.mpg=01;35:*.mpeg=01;35:*.m2v=01;35:*.mkv=01;35:*.webm=01;35:*.webp=01;35:*.ogm=01;35:*.mp4=01;35:*.m4v=01;35:*.mp4v=01;35:*.vob=01;35:*.qt=01;35:*.nuv=01;35:*.wmv=01;35:*.asf=01;35:*.rm=01;35:*.rmvb=01;35:*.flc=01;35:*.avi=01;35:*.fli=01;35:*.flv=01;35:*.gl=01;35:*.dl=01;35:*.xcf=01;35:*.xwd=01;35:*.yuv=01;35:*.cgm=01;35:*.emf=01;35:*.ogv=01;35:*.ogx=01;35:*.aac=00;36:*.au=00;36:*.flac=00;36:*.m4a=00;36:*.mid=00;36:*.midi=00;36:*.mka=00;36:*.mp3=00;36:*.mpc=00;36:*.ogg=00;36:*.ra=00;36:*.wav=00;36:*.oga=00;36:*.opus=00;36:*.spx=00;36:*.xspf=00;36:'), ('VSCODE_GIT_IPC_HANDLE', '/run/user/1000/vscode-git-f64114791b.sock'), ('TERM_PROGRAM', 'vscode'), ('SSH_AGENT_LAUNCHER', 'gnome-keyring'), ('SSH_AUTH_SOCK', '/run/user/1000/keyring/ssh'), ('AMENT_PREFIX_PATH', '/home/zheng/carerobot_slam_ros2/install/robot_communication:/opt/ros/humble'), ('SHELL', '/bin/bash'), ('QT_ACCESSIBILITY', '1'), ('GDMSESSION', 'ubuntu-xorg'), ('LESSCLOSE', '/usr/bin/lesspipe %s %s'), ('GPG_AGENT_INFO', '/run/user/1000/gnupg/S.gpg-agent:0:1'), ('GJS_DEBUG_OUTPUT', 'stderr'), ('GAZEBO_MODEL_DATABASE_URI', ''), ('VSCODE_GIT_ASKPASS_EXTRA_ARGS', ''), ('QT_IM_MODULE', 'ibus'), ('PWD', '/home/zheng/carerobot_slam_ros2/build/robot_pid_local_planner'), ('XDG_CONFIG_DIRS', '/etc/xdg/xdg-ubuntu-xorg:/etc/xdg'), ('COPILOT_DEBUG_NONCE', 'b2678e8931ad5b1b6842b5b0f9197177'), ('XDG_DATA_DIRS', '/usr/share/ubuntu-xorg:/usr/share/gnome:/usr/local/share/:/usr/share/:/var/lib/snapd/desktop'), ('PYTHONPATH', '/home/zheng/carerobot_slam_ros2/install/robot_communication/local/lib/python3.10/dist-packages:/opt/ros/humble/lib/python3.10/site-packages:/opt/ros/humble/local/lib/python3.10/dist-packages'), ('COLCON', '1'), ('CMAKE_PREFIX_PATH', '/home/zheng/carerobot_slam_ros2/install/robot_communication:/opt/ros/humble')]), 'shell': False}
[3.170411] (diff_drive_gazebo) CommandEnded: {'returncode': 0}
[3.171240] (diff_drive_gazebo) JobProgress: {'identifier': 'diff_drive_gazebo', 'progress': 'install'}
[3.171553] (diff_drive_gazebo) Command: {'cmd': ['/usr/bin/cmake', '--install', '/home/zheng/carerobot_slam_ros2/build/diff_drive_gazebo'], 'cwd': '/home/zheng/carerobot_slam_ros2/build/diff_drive_gazebo', 'env': OrderedDict([('GJS_DEBUG_TOPICS', 'JS ERROR;JS LOG'), ('PYTHON_BASIC_REPL', '1'), ('LESSOPEN', '| /usr/bin/lesspipe %s'), ('LANGUAGE', 'zh_CN:zh'), ('USER', 'zheng'), ('XDG_SESSION_TYPE', 'x11'), ('GIT_ASKPASS', '/usr/share/code/resources/app/extensions/git/dist/askpass.sh'), ('SHLVL', '1'), ('LD_LIBRARY_PATH', '/usr/lib/x86_64-linux-gnu/gazebo-11/plugins:/opt/ros/humble/opt/rviz_ogre_vendor/lib:/opt/ros/humble/lib/x86_64-linux-gnu:/opt/ros/humble/lib'), ('HOME', '/home/zheng'), ('CHROME_DESKTOP', 'code.desktop'), ('TERM_PROGRAM_VERSION', '1.135.0'), ('DESKTOP_SESSION', 'ubuntu-xorg'), ('GIO_LAUNCHED_DESKTOP_FILE', '/usr/share/applications/code.desktop'), ('ROS_PYTHON_VERSION', '3'), ('GNOME_SHELL_SESSION_MODE', 'ubuntu'), ('GTK_MODULES', 'gail:atk-bridge'), ('VSCODE_GIT_ASKPASS_MAIN', '/usr/share/code/resources/app/extensions/git/dist/askpass-main.js'), ('VSCODE_GIT_ASKPASS_NODE', '/usr/share/code/code'), ('MANAGERPID', '1463'), ('PYDEVD_DISABLE_FILE_VALIDATION', '1'), ('SYSTEMD_EXEC_PID', '1745'), ('BUNDLED_DEBUGPY_PATH', '/home/zheng/.vscode/extensions/ms-python.debugpy-2026.6.0-linux-x64/bundled/libs/debugpy'), ('VSCODE_PYTHON_AUTOACTIVATE_GUARD', '1'), ('DBUS_SESSION_BUS_ADDRESS', 'unix:path=/run/user/1000/bus'), ('COLORTERM', 'truecolor'), ('GIO_LAUNCHED_DESKTOP_FILE_PID', '16113'), ('ROS_DISTRO', 'humble'), ('GTK_IM_MODULE', 'ibus'), ('LOGNAME', 'zheng'), ('JOURNAL_STREAM', '8:9109'), ('_', '/usr/bin/colcon'), ('ROS_VERSION', '2'), ('XDG_SESSION_CLASS', 'user'), ('USERNAME', 'zheng'), ('TERM', 'xterm-256color'), ('GNOME_DESKTOP_SESSION_ID', 'this-is-deprecated'), ('FC_FONTATIONS', '1'), ('ROS_LOCALHOST_ONLY', '0'), ('WINDOWPATH', '2'), ('PATH', '/home/zheng/.config/Code/User/globalStorage/github.copilot-chat/debugCommand:/home/zheng/.config/Code/User/globalStorage/github.copilot-chat/copilotCli:/opt/ros/humble/bin:/usr/local/sbin:/usr/local/bin:/usr/sbin:/usr/bin:/sbin:/bin:/usr/games:/usr/local/games:/snap/bin:/snap/bin:/home/zheng/.vscode/extensions/ms-python.debugpy-2026.6.0-linux-x64/bundled/scripts/noConfigScripts'), ('SESSION_MANAGER', 'local/zheng-Lenovo-Product:@/tmp/.ICE-unix/1722,unix/zheng-Lenovo-Product:/tmp/.ICE-unix/1722'), ('INVOCATION_ID', 'ac074399a22843219e3ebd3049ddf590'), ('XDG_MENU_PREFIX', 'gnome-'), ('XDG_RUNTIME_DIR', '/run/user/1000'), ('GDK_BACKEND', 'x11'), ('DISPLAY', ':0'), ('VSCODE_DEBUGPY_ADAPTER_ENDPOINTS', '/home/zheng/.vscode/extensions/ms-python.debugpy-2026.6.0-linux-x64/.noConfigDebugAdapterEndpoints/endpoint-85e0bbdd27a237cb.txt'), ('LANG', 'zh_CN.UTF-8'), ('XDG_CURRENT_DESKTOP', 'ubuntu:GNOME'), ('PYTHONSTARTUP', '/home/zheng/.config/Code/User/workspaceStorage/7c1638c18d6b6e2173098eecef125327/ms-python.python/pythonrc.py'), ('XMODIFIERS', '@im=ibus'), ('XDG_SESSION_DESKTOP', 'ubuntu-xorg'), ('XAUTHORITY', '/run/user/1000/gdm/Xauthority'), ('LS_COLORS', 'rs=0:di=01;34:ln=01;36:mh=00:pi=40;33:so=01;35:do=01;35:bd=40;33;01:cd=40;33;01:or=40;31;01:mi=00:su=37;41:sg=30;43:ca=30;41:tw=30;42:ow=34;42:st=37;44:ex=01;32:*.tar=01;31:*.tgz=01;31:*.arc=01;31:*.arj=01;31:*.taz=01;31:*.lha=01;31:*.lz4=01;31:*.lzh=01;31:*.lzma=01;31:*.tlz=01;31:*.txz=01;31:*.tzo=01;31:*.t7z=01;31:*.zip=01;31:*.z=01;31:*.dz=01;31:*.gz=01;31:*.lrz=01;31:*.lz=01;31:*.lzo=01;31:*.xz=01;31:*.zst=01;31:*.tzst=01;31:*.bz2=01;31:*.bz=01;31:*.tbz=01;31:*.tbz2=01;31:*.tz=01;31:*.deb=01;31:*.rpm=01;31:*.jar=01;31:*.war=01;31:*.ear=01;31:*.sar=01;31:*.rar=01;31:*.alz=01;31:*.ace=01;31:*.zoo=01;31:*.cpio=01;31:*.7z=01;31:*.rz=01;31:*.cab=01;31:*.wim=01;31:*.swm=01;31:*.dwm=01;31:*.esd=01;31:*.jpg=01;35:*.jpeg=01;35:*.mjpg=01;35:*.mjpeg=01;35:*.gif=01;35:*.bmp=01;35:*.pbm=01;35:*.pgm=01;35:*.ppm=01;35:*.tga=01;35:*.xbm=01;35:*.xpm=01;35:*.tif=01;35:*.tiff=01;35:*.png=01;35:*.svg=01;35:*.svgz=01;35:*.mng=01;35:*.pcx=01;35:*.mov=01;35:*.mpg=01;35:*.mpeg=01;35:*.m2v=01;35:*.mkv=01;35:*.webm=01;35:*.webp=01;35:*.ogm=01;35:*.mp4=01;35:*.m4v=01;35:*.mp4v=01;35:*.vob=01;35:*.qt=01;35:*.nuv=01;35:*.wmv=01;35:*.asf=01;35:*.rm=01;35:*.rmvb=01;35:*.flc=01;35:*.avi=01;35:*.fli=01;35:*.flv=01;35:*.gl=01;35:*.dl=01;35:*.xcf=01;35:*.xwd=01;35:*.yuv=01;35:*.cgm=01;35:*.emf=01;35:*.ogv=01;35:*.ogx=01;35:*.aac=00;36:*.au=00;36:*.flac=00;36:*.m4a=00;36:*.mid=00;36:*.midi=00;36:*.mka=00;36:*.mp3=00;36:*.mpc=00;36:*.ogg=00;36:*.ra=00;36:*.wav=00;36:*.oga=00;36:*.opus=00;36:*.spx=00;36:*.xspf=00;36:'), ('VSCODE_GIT_IPC_HANDLE', '/run/user/1000/vscode-git-f64114791b.sock'), ('TERM_PROGRAM', 'vscode'), ('SSH_AGENT_LAUNCHER', 'gnome-keyring'), ('SSH_AUTH_SOCK', '/run/user/1000/keyring/ssh'), ('AMENT_PREFIX_PATH', '/opt/ros/humble'), ('SHELL', '/bin/bash'), ('QT_ACCESSIBILITY', '1'), ('GDMSESSION', 'ubuntu-xorg'), ('LESSCLOSE', '/usr/bin/lesspipe %s %s'), ('GPG_AGENT_INFO', '/run/user/1000/gnupg/S.gpg-agent:0:1'), ('GJS_DEBUG_OUTPUT', 'stderr'), ('GAZEBO_MODEL_DATABASE_URI', ''), ('VSCODE_GIT_ASKPASS_EXTRA_ARGS', ''), ('QT_IM_MODULE', 'ibus'), ('PWD', '/home/zheng/carerobot_slam_ros2/build/diff_drive_gazebo'), ('XDG_CONFIG_DIRS', '/etc/xdg/xdg-ubuntu-xorg:/etc/xdg'), ('COPILOT_DEBUG_NONCE', 'b2678e8931ad5b1b6842b5b0f9197177'), ('XDG_DATA_DIRS', '/usr/share/ubuntu-xorg:/usr/share/gnome:/usr/local/share/:/usr/share/:/var/lib/snapd/desktop'), ('PYTHONPATH', '/opt/ros/humble/lib/python3.10/site-packages:/opt/ros/humble/local/lib/python3.10/dist-packages'), ('COLCON', '1'), ('CMAKE_PREFIX_PATH', '/opt/ros/humble')]), 'shell': False}
[3.179395] (diff_drive_gazebo) StdoutLine: {'line': b'-- Install configuration: ""\n'}
[3.179683] (diff_drive_gazebo) StdoutLine: {'line': b'-- Installing: /home/zheng/carerobot_slam_ros2/install/diff_drive_gazebo/share/diff_drive_gazebo/launch\n'}
[3.179840] (diff_drive_gazebo) StdoutLine: {'line': b'-- Installing: /home/zheng/carerobot_slam_ros2/install/diff_drive_gazebo/share/diff_drive_gazebo/launch/sim_gazebo_rviz_gamapping.launch\n'}
[3.180061] (diff_drive_gazebo) StdoutLine: {'line': b'-- Installing: /home/zheng/carerobot_slam_ros2/install/diff_drive_gazebo/share/diff_drive_gazebo/launch/sim_gazebo_rviz.launch.py\n'}
[3.180301] (diff_drive_gazebo) StdoutLine: {'line': b'-- Installing: /home/zheng/carerobot_slam_ros2/install/diff_drive_gazebo/share/diff_drive_gazebo/urdf\n'}
[3.180471] (diff_drive_gazebo) StdoutLine: {'line': b'-- Installing: /home/zheng/carerobot_slam_ros2/install/diff_drive_gazebo/share/diff_drive_gazebo/urdf/robot2.urdf\n'}
[3.180612] (diff_drive_gazebo) StdoutLine: {'line': b'-- Installing: /home/zheng/carerobot_slam_ros2/install/diff_drive_gazebo/share/diff_drive_gazebo/meshes\n'}
[3.180753] (diff_drive_gazebo) StdoutLine: {'line': b'-- Installing: /home/zheng/carerobot_slam_ros2/install/diff_drive_gazebo/share/diff_drive_gazebo/meshes/wheel2.STL\n'}
[3.181309] (diff_drive_gazebo) StdoutLine: {'line': b'-- Installing: /home/zheng/carerobot_slam_ros2/install/diff_drive_gazebo/share/diff_drive_gazebo/meshes/wheel1.STL\n'}
[3.181502] (diff_drive_gazebo) StdoutLine: {'line': b'-- Installing: /home/zheng/carerobot_slam_ros2/install/diff_drive_gazebo/share/diff_drive_gazebo/meshes/base_link.STL\n'}
[3.193397] (robot_pid_local_planner) StdoutLine: {'line': b'[ 50%] \x1b[32mBuilding CXX object CMakeFiles/differential_pid_local_planner_node.dir/src/differential_pid_local_planner_node.cpp.o\x1b[0m\n'}
[3.200151] (robot_costmap) StdoutLine: {'line': b"-- Checking for module 'flann'\n"}
[3.205749] (diff_drive_gazebo) StdoutLine: {'line': b'-- Installing: /home/zheng/carerobot_slam_ros2/install/diff_drive_gazebo/share/diff_drive_gazebo/worlds\n'}
[3.206012] (diff_drive_gazebo) StdoutLine: {'line': b'-- Installing: /home/zheng/carerobot_slam_ros2/install/diff_drive_gazebo/share/diff_drive_gazebo/worlds/test_world01.world\n'}
[3.206221] (diff_drive_gazebo) StdoutLine: {'line': b'-- Installing: /home/zheng/carerobot_slam_ros2/install/diff_drive_gazebo/share/diff_drive_gazebo/worlds/big_house.world\n'}
[3.206371] (diff_drive_gazebo) StdoutLine: {'line': b'-- Installing: /home/zheng/carerobot_slam_ros2/install/diff_drive_gazebo/share/diff_drive_gazebo/worlds/Realworld.dae\n'}
[3.206562] (diff_drive_gazebo) StdoutLine: {'line': b'-- Installing: /home/zheng/carerobot_slam_ros2/install/diff_drive_gazebo/share/diff_drive_gazebo/worlds/tri_steer.world\n'}
[3.206706] (diff_drive_gazebo) StdoutLine: {'line': b'-- Installing: /home/zheng/carerobot_slam_ros2/install/diff_drive_gazebo/share/diff_drive_gazebo/worlds/kexueguan205.world\n'}
[3.206842] (diff_drive_gazebo) StdoutLine: {'line': b'-- Installing: /home/zheng/carerobot_slam_ros2/install/diff_drive_gazebo/share/diff_drive_gazebo/map\n'}
[3.206994] (diff_drive_gazebo) StdoutLine: {'line': b'-- Installing: /home/zheng/carerobot_slam_ros2/install/diff_drive_gazebo/share/diff_drive_gazebo/map/kexueguan205.pgm\n'}
[3.207734] (diff_drive_gazebo) StdoutLine: {'line': b'-- Installing: /home/zheng/carerobot_slam_ros2/install/diff_drive_gazebo/share/diff_drive_gazebo/map/carto_mapf.pgm\n'}
[3.207871] (diff_drive_gazebo) StdoutLine: {'line': b'-- Installing: /home/zheng/carerobot_slam_ros2/install/diff_drive_gazebo/share/diff_drive_gazebo/map/carto_map.pgm\n'}
[3.208006] (diff_drive_gazebo) StdoutLine: {'line': b'-- Installing: /home/zheng/carerobot_slam_ros2/install/diff_drive_gazebo/share/diff_drive_gazebo/map/big_house.pgm\n'}
[3.211286] (diff_drive_gazebo) StdoutLine: {'line': b'-- Installing: /home/zheng/carerobot_slam_ros2/install/diff_drive_gazebo/share/diff_drive_gazebo/map/carto_mapf.yaml\n'}
[3.211590] (diff_drive_gazebo) StdoutLine: {'line': b'-- Installing: /home/zheng/carerobot_slam_ros2/install/diff_drive_gazebo/share/diff_drive_gazebo/map/kexueguan205.yaml\n'}
[3.211710] (diff_drive_gazebo) StdoutLine: {'line': b'-- Installing: /home/zheng/carerobot_slam_ros2/install/diff_drive_gazebo/share/diff_drive_gazebo/map/carto_mape.pgm\n'}
[3.211847] (diff_drive_gazebo) StdoutLine: {'line': b'-- Installing: /home/zheng/carerobot_slam_ros2/install/diff_drive_gazebo/share/diff_drive_gazebo/map/test_world01.yaml\n'}
[3.211993] (diff_drive_gazebo) StdoutLine: {'line': b'-- Installing: /home/zheng/carerobot_slam_ros2/install/diff_drive_gazebo/share/diff_drive_gazebo/map/carto_mapc.yaml\n'}
[3.212139] (diff_drive_gazebo) StdoutLine: {'line': b'-- Installing: /home/zheng/carerobot_slam_ros2/install/diff_drive_gazebo/share/diff_drive_gazebo/map/carto_mapb.pgm\n'}
[3.212279] (diff_drive_gazebo) StdoutLine: {'line': b'-- Installing: /home/zheng/carerobot_slam_ros2/install/diff_drive_gazebo/share/diff_drive_gazebo/map/carto_mape.yaml\n'}
[3.212422] (diff_drive_gazebo) StdoutLine: {'line': b'-- Installing: /home/zheng/carerobot_slam_ros2/install/diff_drive_gazebo/share/diff_drive_gazebo/map/carto_mapc.pgm\n'}
[3.212549] (diff_drive_gazebo) StdoutLine: {'line': b'-- Installing: /home/zheng/carerobot_slam_ros2/install/diff_drive_gazebo/share/diff_drive_gazebo/map/big_house.yaml\n'}
[3.212649] (diff_drive_gazebo) StdoutLine: {'line': b'-- Installing: /home/zheng/carerobot_slam_ros2/install/diff_drive_gazebo/share/diff_drive_gazebo/map/test_world01.pgm\n'}
[3.213716] (diff_drive_gazebo) StdoutLine: {'line': b'-- Installing: /home/zheng/carerobot_slam_ros2/install/diff_drive_gazebo/share/diff_drive_gazebo/map/carto_map.yaml\n'}
[3.213974] (diff_drive_gazebo) StdoutLine: {'line': b'-- Installing: /home/zheng/carerobot_slam_ros2/install/diff_drive_gazebo/share/diff_drive_gazebo/map/carto_mapb.yaml\n'}
[3.214175] (diff_drive_gazebo) StdoutLine: {'line': b'-- Installing: /home/zheng/carerobot_slam_ros2/install/diff_drive_gazebo/share/diff_drive_gazebo/rviz\n'}
[3.214289] (diff_drive_gazebo) StdoutLine: {'line': b'-- Installing: /home/zheng/carerobot_slam_ros2/install/diff_drive_gazebo/share/diff_drive_gazebo/rviz/diff_drive.rviz\n'}
[3.214467] (diff_drive_gazebo) StdoutLine: {'line': b'-- Installing: /home/zheng/carerobot_slam_ros2/install/diff_drive_gazebo/share/ament_index/resource_index/package_run_dependencies/diff_drive_gazebo\n'}
[3.214644] (diff_drive_gazebo) StdoutLine: {'line': b'-- Installing: /home/zheng/carerobot_slam_ros2/install/diff_drive_gazebo/share/ament_index/resource_index/parent_prefix_path/diff_drive_gazebo\n'}
[3.214866] (diff_drive_gazebo) StdoutLine: {'line': b'-- Installing: /home/zheng/carerobot_slam_ros2/install/diff_drive_gazebo/share/diff_drive_gazebo/environment/ament_prefix_path.sh\n'}
[3.215045] (diff_drive_gazebo) StdoutLine: {'line': b'-- Installing: /home/zheng/carerobot_slam_ros2/install/diff_drive_gazebo/share/diff_drive_gazebo/environment/ament_prefix_path.dsv\n'}
[3.215220] (diff_drive_gazebo) StdoutLine: {'line': b'-- Installing: /home/zheng/carerobot_slam_ros2/install/diff_drive_gazebo/share/diff_drive_gazebo/environment/path.sh\n'}
[3.215339] (-) TimerEvent: {}
[3.215520] (diff_drive_gazebo) StdoutLine: {'line': b'-- Installing: /home/zheng/carerobot_slam_ros2/install/diff_drive_gazebo/share/diff_drive_gazebo/environment/path.dsv\n'}
[3.215667] (diff_drive_gazebo) StdoutLine: {'line': b'-- Installing: /home/zheng/carerobot_slam_ros2/install/diff_drive_gazebo/share/diff_drive_gazebo/local_setup.bash\n'}
[3.215789] (diff_drive_gazebo) StdoutLine: {'line': b'-- Installing: /home/zheng/carerobot_slam_ros2/install/diff_drive_gazebo/share/diff_drive_gazebo/local_setup.sh\n'}
[3.215926] (diff_drive_gazebo) StdoutLine: {'line': b'-- Installing: /home/zheng/carerobot_slam_ros2/install/diff_drive_gazebo/share/diff_drive_gazebo/local_setup.zsh\n'}
[3.216111] (diff_drive_gazebo) StdoutLine: {'line': b'-- Installing: /home/zheng/carerobot_slam_ros2/install/diff_drive_gazebo/share/diff_drive_gazebo/local_setup.dsv\n'}
[3.216268] (diff_drive_gazebo) StdoutLine: {'line': b'-- Installing: /home/zheng/carerobot_slam_ros2/install/diff_drive_gazebo/share/diff_drive_gazebo/package.dsv\n'}
[3.216486] (diff_drive_gazebo) StdoutLine: {'line': b'-- Installing: /home/zheng/carerobot_slam_ros2/install/diff_drive_gazebo/share/ament_index/resource_index/packages/diff_drive_gazebo\n'}
[3.216698] (diff_drive_gazebo) StdoutLine: {'line': b'-- Installing: /home/zheng/carerobot_slam_ros2/install/diff_drive_gazebo/share/diff_drive_gazebo/cmake/diff_drive_gazeboConfig.cmake\n'}
[3.216861] (diff_drive_gazebo) StdoutLine: {'line': b'-- Installing: /home/zheng/carerobot_slam_ros2/install/diff_drive_gazebo/share/diff_drive_gazebo/cmake/diff_drive_gazeboConfig-version.cmake\n'}
[3.217022] (diff_drive_gazebo) StdoutLine: {'line': b'-- Installing: /home/zheng/carerobot_slam_ros2/install/diff_drive_gazebo/share/diff_drive_gazebo/package.xml\n'}
[3.218923] (diff_drive_gazebo) CommandEnded: {'returncode': 0}
[3.228509] (robot_costmap) StdoutLine: {'line': b'--   Found flann, version 1.9.1\n'}
[3.242371] (diff_drive_gazebo) JobEnded: {'identifier': 'diff_drive_gazebo', 'rc': 0}
[3.291328] (robot_costmap) StdoutLine: {'line': b'-- Found FLANN: /usr/lib/x86_64-linux-gnu/libflann_cpp.so  \n'}
[3.291853] (robot_costmap) StdoutLine: {'line': b'-- FLANN found (include: /usr/include, lib: /usr/lib/x86_64-linux-gnu/libflann_cpp.so)\n'}
[3.315436] (-) TimerEvent: {}
[3.415737] (-) TimerEvent: {}
[3.516024] (-) TimerEvent: {}
[3.616305] (-) TimerEvent: {}
[3.716577] (-) TimerEvent: {}
[3.816821] (-) TimerEvent: {}
[3.917101] (-) TimerEvent: {}
[4.017390] (-) TimerEvent: {}
[4.117645] (-) TimerEvent: {}
[4.217956] (-) TimerEvent: {}
[4.318267] (-) TimerEvent: {}
[4.418509] (-) TimerEvent: {}
[4.518845] (-) TimerEvent: {}
[4.619159] (-) TimerEvent: {}
[4.719466] (-) TimerEvent: {}
[4.819779] (-) TimerEvent: {}
[4.920105] (-) TimerEvent: {}
[5.020398] (-) TimerEvent: {}
[5.120745] (-) TimerEvent: {}
[5.177421] (robot_costmap) StdoutLine: {'line': b"-- Checking for module 'libusb-1.0'\n"}
[5.202013] (robot_costmap) StdoutLine: {'line': b'--   Found libusb-1.0, version 1.0.25\n'}
[5.220862] (-) TimerEvent: {}
[5.249920] (robot_costmap) StdoutLine: {'line': b'-- Found libusb: /usr/lib/x86_64-linux-gnu/libusb-1.0.so  \n'}
[5.251515] (robot_costmap) StdoutLine: {'line': b'-- OpenNI found (version: 1.5.4.0, include: /usr/include/ni, lib: /usr/lib/libOpenNI.so;libusb::libusb)\n'}
[5.320975] (-) TimerEvent: {}
[5.325344] (robot_costmap) StdoutLine: {'line': b'-- OpenNI2 found (version: 2.2.0.33, include: /usr/include/openni2, lib: /usr/lib/x86_64-linux-gnu/libOpenNI2.so;libusb::libusb)\n'}
[5.421078] (-) TimerEvent: {}
[5.513268] (robot_costmap) StdoutLine: {'line': b'-- Eigen found (include: /usr/include/eigen3, version: 3.4.0)\n'}
[5.521011] (robot_costmap) StdoutLine: {'line': b'-- OpenNI found (version: 1.5.4.0, include: /usr/include/ni, lib: /usr/lib/libOpenNI.so;libusb::libusb)\n'}
[5.521215] (-) TimerEvent: {}
[5.528566] (robot_costmap) StdoutLine: {'line': b'-- OpenNI2 found (version: 2.2.0.33, include: /usr/include/openni2, lib: /usr/lib/x86_64-linux-gnu/libOpenNI2.so;libusb::libusb)\n'}
[5.621340] (-) TimerEvent: {}
[5.721663] (-) TimerEvent: {}
[5.732201] (robot_costmap) StdoutLine: {'line': b'-- Found Qhull version 8.0.2\n'}
[5.821749] (-) TimerEvent: {}
[5.911291] (robot_costmap) StdoutLine: {'line': b'-- OpenNI found (version: 1.5.4.0, include: /usr/include/ni, lib: /usr/lib/libOpenNI.so;libusb::libusb)\n'}
[5.921855] (-) TimerEvent: {}
[6.022185] (-) TimerEvent: {}
[6.069390] (robot_costmap) StdoutLine: {'line': b'-- Found PCL_COMMON: /usr/lib/x86_64-linux-gnu/libpcl_common.so  \n'}
[6.070364] (robot_costmap) StdoutLine: {'line': b'-- Found PCL_KDTREE: /usr/lib/x86_64-linux-gnu/libpcl_kdtree.so  \n'}
[6.071596] (robot_costmap) StdoutLine: {'line': b'-- Found PCL_OCTREE: /usr/lib/x86_64-linux-gnu/libpcl_octree.so  \n'}
[6.072555] (robot_costmap) StdoutLine: {'line': b'-- Found PCL_SEARCH: /usr/lib/x86_64-linux-gnu/libpcl_search.so  \n'}
[6.073555] (robot_costmap) StdoutLine: {'line': b'-- Found PCL_SAMPLE_CONSENSUS: /usr/lib/x86_64-linux-gnu/libpcl_sample_consensus.so  \n'}
[6.074592] (robot_costmap) StdoutLine: {'line': b'-- Found PCL_FILTERS: /usr/lib/x86_64-linux-gnu/libpcl_filters.so  \n'}
[6.075123] (robot_costmap) StdoutLine: {'line': b'-- Found PCL_2D: /usr/include/pcl-1.12  \n'}
[6.075667] (robot_costmap) StdoutLine: {'line': b'-- Found PCL_GEOMETRY: /usr/include/pcl-1.12  \n'}
[6.076582] (robot_costmap) StdoutLine: {'line': b'-- Found PCL_IO: /usr/lib/x86_64-linux-gnu/libpcl_io.so  \n'}
[6.077654] (robot_costmap) StdoutLine: {'line': b'-- Found PCL_FEATURES: /usr/lib/x86_64-linux-gnu/libpcl_features.so  \n'}
[6.078782] (robot_costmap) StdoutLine: {'line': b'-- Found PCL_ML: /usr/lib/x86_64-linux-gnu/libpcl_ml.so  \n'}
[6.079800] (robot_costmap) StdoutLine: {'line': b'-- Found PCL_SEGMENTATION: /usr/lib/x86_64-linux-gnu/libpcl_segmentation.so  \n'}
[6.080825] (robot_costmap) StdoutLine: {'line': b'-- Found PCL_VISUALIZATION: /usr/lib/x86_64-linux-gnu/libpcl_visualization.so  \n'}
[6.081798] (robot_costmap) StdoutLine: {'line': b'-- Found PCL_SURFACE: /usr/lib/x86_64-linux-gnu/libpcl_surface.so  \n'}
[6.083915] (robot_costmap) StdoutLine: {'line': b'-- Found PCL_REGISTRATION: /usr/lib/x86_64-linux-gnu/libpcl_registration.so  \n'}
[6.084962] (robot_costmap) StdoutLine: {'line': b'-- Found PCL_KEYPOINTS: /usr/lib/x86_64-linux-gnu/libpcl_keypoints.so  \n'}
[6.086489] (robot_costmap) StdoutLine: {'line': b'-- Found PCL_TRACKING: /usr/lib/x86_64-linux-gnu/libpcl_tracking.so  \n'}
[6.087456] (robot_costmap) StdoutLine: {'line': b'-- Found PCL_RECOGNITION: /usr/lib/x86_64-linux-gnu/libpcl_recognition.so  \n'}
[6.088754] (robot_costmap) StdoutLine: {'line': b'-- Found PCL_STEREO: /usr/lib/x86_64-linux-gnu/libpcl_stereo.so  \n'}
[6.089665] (robot_costmap) StdoutLine: {'line': b'-- Found PCL_APPS: /usr/lib/x86_64-linux-gnu/libpcl_apps.so  \n'}
[6.090584] (robot_costmap) StdoutLine: {'line': b'-- Found PCL_IN_HAND_SCANNER: /usr/include/pcl-1.12  \n'}
[6.090990] (robot_costmap) StdoutLine: {'line': b'-- Found PCL_MODELER: /usr/include/pcl-1.12  \n'}
[6.091484] (robot_costmap) StdoutLine: {'line': b'-- Found PCL_POINT_CLOUD_EDITOR: /usr/include/pcl-1.12  \n'}
[6.092383] (robot_costmap) StdoutLine: {'line': b'-- Found PCL_OUTOFCORE: /usr/lib/x86_64-linux-gnu/libpcl_outofcore.so  \n'}
[6.093326] (robot_costmap) StdoutLine: {'line': b'-- Found PCL_PEOPLE: /usr/lib/x86_64-linux-gnu/libpcl_people.so  \n'}
[6.105284] (robot_costmap) StdoutLine: {'line': b'-- Found pcl_ros: 2.4.5 (/opt/ros/humble/share/pcl_ros/cmake)\n'}
[6.122285] (-) TimerEvent: {}
[6.123082] (robot_costmap) StdoutLine: {'line': b'-- Found eigen3_cmake_module: 0.1.1 (/opt/ros/humble/share/eigen3_cmake_module/cmake)\n'}
[6.124351] (robot_costmap) StdoutLine: {'line': b'-- Found Eigen3: TRUE (found version "3.4.0") \n'}
[6.124535] (robot_costmap) StdoutLine: {'line': b'-- Ensuring Eigen3 include directory is part of orocos-kdl CMake target\n'}
[6.138149] (robot_costmap) StdoutLine: {'line': b'-- Found robot_communication: 0.0.0 (/home/zheng/carerobot_slam_ros2/install/robot_communication/share/robot_communication/cmake)\n'}
[6.185818] (robot_costmap) StdoutLine: {'line': b'-- Found OpenCV: /usr (found version "4.5.4") \n'}
[6.222374] (-) TimerEvent: {}
[6.279938] (robot_costmap) StdoutLine: {'line': b'-- Configuring done\n'}
[6.322473] (-) TimerEvent: {}
[6.422809] (-) TimerEvent: {}
[6.523057] (-) TimerEvent: {}
[6.623362] (-) TimerEvent: {}
[6.723628] (-) TimerEvent: {}
[6.824013] (-) TimerEvent: {}
[6.832793] (robot_costmap) StdoutLine: {'line': b'-- Generating done\n'}
[6.869570] (robot_costmap) StdoutLine: {'line': b'-- Build files have been written to: /home/zheng/carerobot_slam_ros2/build/robot_costmap\n'}
[6.891598] (robot_costmap) CommandEnded: {'returncode': 0}
[6.892469] (robot_costmap) JobProgress: {'identifier': 'robot_costmap', 'progress': 'build'}
[6.893054] (robot_costmap) Command: {'cmd': ['/usr/bin/cmake', '--build', '/home/zheng/carerobot_slam_ros2/build/robot_costmap', '--', '-j8', '-l8'], 'cwd': '/home/zheng/carerobot_slam_ros2/build/robot_costmap', 'env': OrderedDict([('GJS_DEBUG_TOPICS', 'JS ERROR;JS LOG'), ('PYTHON_BASIC_REPL', '1'), ('LESSOPEN', '| /usr/bin/lesspipe %s'), ('LANGUAGE', 'zh_CN:zh'), ('USER', 'zheng'), ('XDG_SESSION_TYPE', 'x11'), ('GIT_ASKPASS', '/usr/share/code/resources/app/extensions/git/dist/askpass.sh'), ('SHLVL', '1'), ('LD_LIBRARY_PATH', '/home/zheng/carerobot_slam_ros2/install/robot_communication/lib:/usr/lib/x86_64-linux-gnu/gazebo-11/plugins:/opt/ros/humble/opt/rviz_ogre_vendor/lib:/opt/ros/humble/lib/x86_64-linux-gnu:/opt/ros/humble/lib'), ('HOME', '/home/zheng'), ('CHROME_DESKTOP', 'code.desktop'), ('TERM_PROGRAM_VERSION', '1.135.0'), ('DESKTOP_SESSION', 'ubuntu-xorg'), ('GIO_LAUNCHED_DESKTOP_FILE', '/usr/share/applications/code.desktop'), ('ROS_PYTHON_VERSION', '3'), ('GNOME_SHELL_SESSION_MODE', 'ubuntu'), ('GTK_MODULES', 'gail:atk-bridge'), ('VSCODE_GIT_ASKPASS_MAIN', '/usr/share/code/resources/app/extensions/git/dist/askpass-main.js'), ('VSCODE_GIT_ASKPASS_NODE', '/usr/share/code/code'), ('MANAGERPID', '1463'), ('PYDEVD_DISABLE_FILE_VALIDATION', '1'), ('SYSTEMD_EXEC_PID', '1745'), ('BUNDLED_DEBUGPY_PATH', '/home/zheng/.vscode/extensions/ms-python.debugpy-2026.6.0-linux-x64/bundled/libs/debugpy'), ('VSCODE_PYTHON_AUTOACTIVATE_GUARD', '1'), ('DBUS_SESSION_BUS_ADDRESS', 'unix:path=/run/user/1000/bus'), ('COLORTERM', 'truecolor'), ('GIO_LAUNCHED_DESKTOP_FILE_PID', '16113'), ('ROS_DISTRO', 'humble'), ('GTK_IM_MODULE', 'ibus'), ('LOGNAME', 'zheng'), ('JOURNAL_STREAM', '8:9109'), ('_', '/usr/bin/colcon'), ('ROS_VERSION', '2'), ('XDG_SESSION_CLASS', 'user'), ('USERNAME', 'zheng'), ('TERM', 'xterm-256color'), ('GNOME_DESKTOP_SESSION_ID', 'this-is-deprecated'), ('FC_FONTATIONS', '1'), ('ROS_LOCALHOST_ONLY', '0'), ('WINDOWPATH', '2'), ('PATH', '/home/zheng/.config/Code/User/globalStorage/github.copilot-chat/debugCommand:/home/zheng/.config/Code/User/globalStorage/github.copilot-chat/copilotCli:/opt/ros/humble/bin:/usr/local/sbin:/usr/local/bin:/usr/sbin:/usr/bin:/sbin:/bin:/usr/games:/usr/local/games:/snap/bin:/snap/bin:/home/zheng/.vscode/extensions/ms-python.debugpy-2026.6.0-linux-x64/bundled/scripts/noConfigScripts'), ('SESSION_MANAGER', 'local/zheng-Lenovo-Product:@/tmp/.ICE-unix/1722,unix/zheng-Lenovo-Product:/tmp/.ICE-unix/1722'), ('INVOCATION_ID', 'ac074399a22843219e3ebd3049ddf590'), ('XDG_MENU_PREFIX', 'gnome-'), ('XDG_RUNTIME_DIR', '/run/user/1000'), ('GDK_BACKEND', 'x11'), ('DISPLAY', ':0'), ('VSCODE_DEBUGPY_ADAPTER_ENDPOINTS', '/home/zheng/.vscode/extensions/ms-python.debugpy-2026.6.0-linux-x64/.noConfigDebugAdapterEndpoints/endpoint-85e0bbdd27a237cb.txt'), ('LANG', 'zh_CN.UTF-8'), ('XDG_CURRENT_DESKTOP', 'ubuntu:GNOME'), ('PYTHONSTARTUP', '/home/zheng/.config/Code/User/workspaceStorage/7c1638c18d6b6e2173098eecef125327/ms-python.python/pythonrc.py'), ('XMODIFIERS', '@im=ibus'), ('XDG_SESSION_DESKTOP', 'ubuntu-xorg'), ('XAUTHORITY', '/run/user/1000/gdm/Xauthority'), ('LS_COLORS', 'rs=0:di=01;34:ln=01;36:mh=00:pi=40;33:so=01;35:do=01;35:bd=40;33;01:cd=40;33;01:or=40;31;01:mi=00:su=37;41:sg=30;43:ca=30;41:tw=30;42:ow=34;42:st=37;44:ex=01;32:*.tar=01;31:*.tgz=01;31:*.arc=01;31:*.arj=01;31:*.taz=01;31:*.lha=01;31:*.lz4=01;31:*.lzh=01;31:*.lzma=01;31:*.tlz=01;31:*.txz=01;31:*.tzo=01;31:*.t7z=01;31:*.zip=01;31:*.z=01;31:*.dz=01;31:*.gz=01;31:*.lrz=01;31:*.lz=01;31:*.lzo=01;31:*.xz=01;31:*.zst=01;31:*.tzst=01;31:*.bz2=01;31:*.bz=01;31:*.tbz=01;31:*.tbz2=01;31:*.tz=01;31:*.deb=01;31:*.rpm=01;31:*.jar=01;31:*.war=01;31:*.ear=01;31:*.sar=01;31:*.rar=01;31:*.alz=01;31:*.ace=01;31:*.zoo=01;31:*.cpio=01;31:*.7z=01;31:*.rz=01;31:*.cab=01;31:*.wim=01;31:*.swm=01;31:*.dwm=01;31:*.esd=01;31:*.jpg=01;35:*.jpeg=01;35:*.mjpg=01;35:*.mjpeg=01;35:*.gif=01;35:*.bmp=01;35:*.pbm=01;35:*.pgm=01;35:*.ppm=01;35:*.tga=01;35:*.xbm=01;35:*.xpm=01;35:*.tif=01;35:*.tiff=01;35:*.png=01;35:*.svg=01;35:*.svgz=01;35:*.mng=01;35:*.pcx=01;35:*.mov=01;35:*.mpg=01;35:*.mpeg=01;35:*.m2v=01;35:*.mkv=01;35:*.webm=01;35:*.webp=01;35:*.ogm=01;35:*.mp4=01;35:*.m4v=01;35:*.mp4v=01;35:*.vob=01;35:*.qt=01;35:*.nuv=01;35:*.wmv=01;35:*.asf=01;35:*.rm=01;35:*.rmvb=01;35:*.flc=01;35:*.avi=01;35:*.fli=01;35:*.flv=01;35:*.gl=01;35:*.dl=01;35:*.xcf=01;35:*.xwd=01;35:*.yuv=01;35:*.cgm=01;35:*.emf=01;35:*.ogv=01;35:*.ogx=01;35:*.aac=00;36:*.au=00;36:*.flac=00;36:*.m4a=00;36:*.mid=00;36:*.midi=00;36:*.mka=00;36:*.mp3=00;36:*.mpc=00;36:*.ogg=00;36:*.ra=00;36:*.wav=00;36:*.oga=00;36:*.opus=00;36:*.spx=00;36:*.xspf=00;36:'), ('VSCODE_GIT_IPC_HANDLE', '/run/user/1000/vscode-git-f64114791b.sock'), ('TERM_PROGRAM', 'vscode'), ('SSH_AGENT_LAUNCHER', 'gnome-keyring'), ('SSH_AUTH_SOCK', '/run/user/1000/keyring/ssh'), ('AMENT_PREFIX_PATH', '/home/zheng/carerobot_slam_ros2/install/robot_communication:/opt/ros/humble'), ('SHELL', '/bin/bash'), ('QT_ACCESSIBILITY', '1'), ('GDMSESSION', 'ubuntu-xorg'), ('LESSCLOSE', '/usr/bin/lesspipe %s %s'), ('GPG_AGENT_INFO', '/run/user/1000/gnupg/S.gpg-agent:0:1'), ('GJS_DEBUG_OUTPUT', 'stderr'), ('GAZEBO_MODEL_DATABASE_URI', ''), ('VSCODE_GIT_ASKPASS_EXTRA_ARGS', ''), ('QT_IM_MODULE', 'ibus'), ('PWD', '/home/zheng/carerobot_slam_ros2/build/robot_costmap'), ('XDG_CONFIG_DIRS', '/etc/xdg/xdg-ubuntu-xorg:/etc/xdg'), ('COPILOT_DEBUG_NONCE', 'b2678e8931ad5b1b6842b5b0f9197177'), ('XDG_DATA_DIRS', '/usr/share/ubuntu-xorg:/usr/share/gnome:/usr/local/share/:/usr/share/:/var/lib/snapd/desktop'), ('PYTHONPATH', '/home/zheng/carerobot_slam_ros2/install/robot_communication/local/lib/python3.10/dist-packages:/opt/ros/humble/lib/python3.10/site-packages:/opt/ros/humble/local/lib/python3.10/dist-packages'), ('COLCON', '1'), ('CMAKE_PREFIX_PATH', '/home/zheng/carerobot_slam_ros2/install/robot_communication:/opt/ros/humble')]), 'shell': False}
[6.924127] (-) TimerEvent: {}
[6.955193] (robot_costmap) StdoutLine: {'line': b'[ 11%] \x1b[32mBuilding CXX object CMakeFiles/robot_costmap.dir/src/map_deal/signed_distance_field_2d.cpp.o\x1b[0m\n'}
[6.955583] (robot_costmap) StdoutLine: {'line': b'[ 22%] \x1b[32mBuilding CXX object CMakeFiles/robot_costmap.dir/src/map_deal/grid_map_2d.cpp.o\x1b[0m\n'}
[6.956543] (robot_costmap) StdoutLine: {'line': b'[ 33%] \x1b[32mBuilding CXX object CMakeFiles/robot_costmap.dir/src/map_deal/edt_environment.cpp.o\x1b[0m\n'}
[6.957442] (robot_costmap) StdoutLine: {'line': b'[ 44%] \x1b[32mBuilding CXX object CMakeFiles/robot_costmap.dir/src/map_deal/local_map_deal.cpp.o\x1b[0m\n'}
[6.957680] (robot_costmap) StdoutLine: {'line': b'[ 55%] \x1b[32mBuilding CXX object CMakeFiles/robot_costmap.dir/src/map_deal/global_map_deal.cpp.o\x1b[0m\n'}
[7.024986] (-) TimerEvent: {}
[7.125280] (-) TimerEvent: {}
[7.225587] (-) TimerEvent: {}
[7.327550] (-) TimerEvent: {}
[7.428245] (-) TimerEvent: {}
[7.528614] (-) TimerEvent: {}
[7.629034] (-) TimerEvent: {}
[7.729336] (-) TimerEvent: {}
[7.829633] (-) TimerEvent: {}
[7.929975] (-) TimerEvent: {}
[8.030294] (-) TimerEvent: {}
[8.130584] (-) TimerEvent: {}
[8.230873] (-) TimerEvent: {}
[8.331241] (-) TimerEvent: {}
[8.431528] (-) TimerEvent: {}
[8.534986] (-) TimerEvent: {}
[8.635300] (-) TimerEvent: {}
[8.735715] (-) TimerEvent: {}
[8.838015] (-) TimerEvent: {}
[8.938473] (-) TimerEvent: {}
[9.039108] (-) TimerEvent: {}
[9.142153] (-) TimerEvent: {}
[9.242504] (-) TimerEvent: {}
[9.342957] (-) TimerEvent: {}
[9.443871] (-) TimerEvent: {}
[9.544269] (-) TimerEvent: {}
[9.645996] (-) TimerEvent: {}
[9.746642] (-) TimerEvent: {}
[9.846986] (-) TimerEvent: {}
[9.949003] (-) TimerEvent: {}
[10.049339] (-) TimerEvent: {}
[10.149677] (-) TimerEvent: {}
[10.250099] (-) TimerEvent: {}
[10.350422] (-) TimerEvent: {}
[10.451989] (-) TimerEvent: {}
[10.552334] (-) TimerEvent: {}
[10.656968] (-) TimerEvent: {}
[10.758357] (-) TimerEvent: {}
[10.859088] (-) TimerEvent: {}
[10.959612] (-) TimerEvent: {}
[11.060288] (-) TimerEvent: {}
[11.160552] (-) TimerEvent: {}
[11.260865] (-) TimerEvent: {}
[11.361184] (-) TimerEvent: {}
[11.461511] (-) TimerEvent: {}
[11.561785] (-) TimerEvent: {}
[11.662120] (-) TimerEvent: {}
[11.762422] (-) TimerEvent: {}
[11.862710] (-) TimerEvent: {}
[11.962987] (-) TimerEvent: {}
[12.063300] (-) TimerEvent: {}
[12.163601] (-) TimerEvent: {}
[12.263903] (-) TimerEvent: {}
[12.364182] (-) TimerEvent: {}
[12.464472] (-) TimerEvent: {}
[12.564763] (-) TimerEvent: {}
[12.665117] (-) TimerEvent: {}
[12.765981] (-) TimerEvent: {}
[12.866399] (-) TimerEvent: {}
[12.966651] (-) TimerEvent: {}
[13.066958] (-) TimerEvent: {}
[13.167247] (-) TimerEvent: {}
[13.267576] (-) TimerEvent: {}
[13.367904] (-) TimerEvent: {}
[13.468576] (-) TimerEvent: {}
[13.568898] (-) TimerEvent: {}
[13.669355] (-) TimerEvent: {}
[13.769720] (-) TimerEvent: {}
[13.869993] (-) TimerEvent: {}
[13.970387] (-) TimerEvent: {}
[14.070894] (-) TimerEvent: {}
[14.171728] (-) TimerEvent: {}
[14.275030] (-) TimerEvent: {}
[14.375388] (-) TimerEvent: {}
[14.475752] (-) TimerEvent: {}
[14.576157] (-) TimerEvent: {}
[14.676514] (-) TimerEvent: {}
[14.776835] (-) TimerEvent: {}
[14.877183] (-) TimerEvent: {}
[14.977758] (-) TimerEvent: {}
[15.079633] (-) TimerEvent: {}
[15.179988] (-) TimerEvent: {}
[15.280650] (-) TimerEvent: {}
[15.380977] (-) TimerEvent: {}
[15.481288] (-) TimerEvent: {}
[15.581573] (-) TimerEvent: {}
[15.681850] (-) TimerEvent: {}
[15.782186] (-) TimerEvent: {}
[15.882791] (-) TimerEvent: {}
[15.983133] (-) TimerEvent: {}
[16.083498] (-) TimerEvent: {}
[16.183835] (-) TimerEvent: {}
[16.284197] (-) TimerEvent: {}
[16.384543] (-) TimerEvent: {}
[16.484916] (-) TimerEvent: {}
[16.585244] (-) TimerEvent: {}
[16.685564] (-) TimerEvent: {}
[16.785898] (-) TimerEvent: {}
[16.886222] (-) TimerEvent: {}
[16.986544] (-) TimerEvent: {}
[17.086882] (-) TimerEvent: {}
[17.187210] (-) TimerEvent: {}
[17.287886] (-) TimerEvent: {}
[17.388236] (-) TimerEvent: {}
[17.488571] (-) TimerEvent: {}
[17.588879] (-) TimerEvent: {}
[17.689238] (-) TimerEvent: {}
[17.789552] (-) TimerEvent: {}
[17.890875] (-) TimerEvent: {}
[17.991211] (-) TimerEvent: {}
[18.091559] (-) TimerEvent: {}
[18.191913] (-) TimerEvent: {}
[18.292197] (-) TimerEvent: {}
[18.392470] (-) TimerEvent: {}
[18.492789] (-) TimerEvent: {}
[18.593113] (-) TimerEvent: {}
[18.693415] (-) TimerEvent: {}
[18.793712] (-) TimerEvent: {}
[18.893994] (-) TimerEvent: {}
[18.994295] (-) TimerEvent: {}
[19.094605] (-) TimerEvent: {}
[19.194925] (-) TimerEvent: {}
[19.295249] (-) TimerEvent: {}
[19.395572] (-) TimerEvent: {}
[19.495946] (-) TimerEvent: {}
[19.596288] (-) TimerEvent: {}
[19.696579] (-) TimerEvent: {}
[19.796916] (-) TimerEvent: {}
[19.897200] (-) TimerEvent: {}
[19.997460] (-) TimerEvent: {}
[20.097765] (-) TimerEvent: {}
[20.198075] (-) TimerEvent: {}
[20.298377] (-) TimerEvent: {}
[20.398679] (-) TimerEvent: {}
[20.498979] (-) TimerEvent: {}
[20.599260] (-) TimerEvent: {}
[20.699546] (-) TimerEvent: {}
[20.799845] (-) TimerEvent: {}
[20.900162] (-) TimerEvent: {}
[21.000453] (-) TimerEvent: {}
[21.100718] (-) TimerEvent: {}
[21.201043] (-) TimerEvent: {}
[21.301324] (-) TimerEvent: {}
[21.401611] (-) TimerEvent: {}
[21.501914] (-) TimerEvent: {}
[21.602168] (-) TimerEvent: {}
[21.702467] (-) TimerEvent: {}
[21.802771] (-) TimerEvent: {}
[21.903077] (-) TimerEvent: {}
[22.003362] (-) TimerEvent: {}
[22.103607] (-) TimerEvent: {}
[22.203859] (-) TimerEvent: {}
[22.304237] (-) TimerEvent: {}
[22.404572] (-) TimerEvent: {}
[22.504842] (-) TimerEvent: {}
[22.527395] (robot_pid_local_planner) StdoutLine: {'line': b'[100%] \x1b[32m\x1b[1mLinking CXX executable differential_pid_local_planner_node\x1b[0m\n'}
[22.604962] (-) TimerEvent: {}
[22.705322] (-) TimerEvent: {}
[22.805620] (-) TimerEvent: {}
[22.905984] (-) TimerEvent: {}
[23.006313] (-) TimerEvent: {}
[23.106633] (-) TimerEvent: {}
[23.206973] (-) TimerEvent: {}
[23.307269] (-) TimerEvent: {}
[23.407617] (-) TimerEvent: {}
[23.507888] (-) TimerEvent: {}
[23.608248] (-) TimerEvent: {}
[23.679384] (robot_pid_local_planner) StdoutLine: {'line': b'[100%] Built target differential_pid_local_planner_node\n'}
[23.690378] (robot_pid_local_planner) CommandEnded: {'returncode': 0}
[23.691112] (robot_pid_local_planner) JobProgress: {'identifier': 'robot_pid_local_planner', 'progress': 'install'}
[23.691846] (robot_pid_local_planner) Command: {'cmd': ['/usr/bin/cmake', '--install', '/home/zheng/carerobot_slam_ros2/build/robot_pid_local_planner'], 'cwd': '/home/zheng/carerobot_slam_ros2/build/robot_pid_local_planner', 'env': OrderedDict([('GJS_DEBUG_TOPICS', 'JS ERROR;JS LOG'), ('PYTHON_BASIC_REPL', '1'), ('LESSOPEN', '| /usr/bin/lesspipe %s'), ('LANGUAGE', 'zh_CN:zh'), ('USER', 'zheng'), ('XDG_SESSION_TYPE', 'x11'), ('GIT_ASKPASS', '/usr/share/code/resources/app/extensions/git/dist/askpass.sh'), ('SHLVL', '1'), ('LD_LIBRARY_PATH', '/home/zheng/carerobot_slam_ros2/install/robot_communication/lib:/usr/lib/x86_64-linux-gnu/gazebo-11/plugins:/opt/ros/humble/opt/rviz_ogre_vendor/lib:/opt/ros/humble/lib/x86_64-linux-gnu:/opt/ros/humble/lib'), ('HOME', '/home/zheng'), ('CHROME_DESKTOP', 'code.desktop'), ('TERM_PROGRAM_VERSION', '1.135.0'), ('DESKTOP_SESSION', 'ubuntu-xorg'), ('GIO_LAUNCHED_DESKTOP_FILE', '/usr/share/applications/code.desktop'), ('ROS_PYTHON_VERSION', '3'), ('GNOME_SHELL_SESSION_MODE', 'ubuntu'), ('GTK_MODULES', 'gail:atk-bridge'), ('VSCODE_GIT_ASKPASS_MAIN', '/usr/share/code/resources/app/extensions/git/dist/askpass-main.js'), ('VSCODE_GIT_ASKPASS_NODE', '/usr/share/code/code'), ('MANAGERPID', '1463'), ('PYDEVD_DISABLE_FILE_VALIDATION', '1'), ('SYSTEMD_EXEC_PID', '1745'), ('BUNDLED_DEBUGPY_PATH', '/home/zheng/.vscode/extensions/ms-python.debugpy-2026.6.0-linux-x64/bundled/libs/debugpy'), ('VSCODE_PYTHON_AUTOACTIVATE_GUARD', '1'), ('DBUS_SESSION_BUS_ADDRESS', 'unix:path=/run/user/1000/bus'), ('COLORTERM', 'truecolor'), ('GIO_LAUNCHED_DESKTOP_FILE_PID', '16113'), ('ROS_DISTRO', 'humble'), ('GTK_IM_MODULE', 'ibus'), ('LOGNAME', 'zheng'), ('JOURNAL_STREAM', '8:9109'), ('_', '/usr/bin/colcon'), ('ROS_VERSION', '2'), ('XDG_SESSION_CLASS', 'user'), ('USERNAME', 'zheng'), ('TERM', 'xterm-256color'), ('GNOME_DESKTOP_SESSION_ID', 'this-is-deprecated'), ('FC_FONTATIONS', '1'), ('ROS_LOCALHOST_ONLY', '0'), ('WINDOWPATH', '2'), ('PATH', '/home/zheng/.config/Code/User/globalStorage/github.copilot-chat/debugCommand:/home/zheng/.config/Code/User/globalStorage/github.copilot-chat/copilotCli:/opt/ros/humble/bin:/usr/local/sbin:/usr/local/bin:/usr/sbin:/usr/bin:/sbin:/bin:/usr/games:/usr/local/games:/snap/bin:/snap/bin:/home/zheng/.vscode/extensions/ms-python.debugpy-2026.6.0-linux-x64/bundled/scripts/noConfigScripts'), ('SESSION_MANAGER', 'local/zheng-Lenovo-Product:@/tmp/.ICE-unix/1722,unix/zheng-Lenovo-Product:/tmp/.ICE-unix/1722'), ('INVOCATION_ID', 'ac074399a22843219e3ebd3049ddf590'), ('XDG_MENU_PREFIX', 'gnome-'), ('XDG_RUNTIME_DIR', '/run/user/1000'), ('GDK_BACKEND', 'x11'), ('DISPLAY', ':0'), ('VSCODE_DEBUGPY_ADAPTER_ENDPOINTS', '/home/zheng/.vscode/extensions/ms-python.debugpy-2026.6.0-linux-x64/.noConfigDebugAdapterEndpoints/endpoint-85e0bbdd27a237cb.txt'), ('LANG', 'zh_CN.UTF-8'), ('XDG_CURRENT_DESKTOP', 'ubuntu:GNOME'), ('PYTHONSTARTUP', '/home/zheng/.config/Code/User/workspaceStorage/7c1638c18d6b6e2173098eecef125327/ms-python.python/pythonrc.py'), ('XMODIFIERS', '@im=ibus'), ('XDG_SESSION_DESKTOP', 'ubuntu-xorg'), ('XAUTHORITY', '/run/user/1000/gdm/Xauthority'), ('LS_COLORS', 'rs=0:di=01;34:ln=01;36:mh=00:pi=40;33:so=01;35:do=01;35:bd=40;33;01:cd=40;33;01:or=40;31;01:mi=00:su=37;41:sg=30;43:ca=30;41:tw=30;42:ow=34;42:st=37;44:ex=01;32:*.tar=01;31:*.tgz=01;31:*.arc=01;31:*.arj=01;31:*.taz=01;31:*.lha=01;31:*.lz4=01;31:*.lzh=01;31:*.lzma=01;31:*.tlz=01;31:*.txz=01;31:*.tzo=01;31:*.t7z=01;31:*.zip=01;31:*.z=01;31:*.dz=01;31:*.gz=01;31:*.lrz=01;31:*.lz=01;31:*.lzo=01;31:*.xz=01;31:*.zst=01;31:*.tzst=01;31:*.bz2=01;31:*.bz=01;31:*.tbz=01;31:*.tbz2=01;31:*.tz=01;31:*.deb=01;31:*.rpm=01;31:*.jar=01;31:*.war=01;31:*.ear=01;31:*.sar=01;31:*.rar=01;31:*.alz=01;31:*.ace=01;31:*.zoo=01;31:*.cpio=01;31:*.7z=01;31:*.rz=01;31:*.cab=01;31:*.wim=01;31:*.swm=01;31:*.dwm=01;31:*.esd=01;31:*.jpg=01;35:*.jpeg=01;35:*.mjpg=01;35:*.mjpeg=01;35:*.gif=01;35:*.bmp=01;35:*.pbm=01;35:*.pgm=01;35:*.ppm=01;35:*.tga=01;35:*.xbm=01;35:*.xpm=01;35:*.tif=01;35:*.tiff=01;35:*.png=01;35:*.svg=01;35:*.svgz=01;35:*.mng=01;35:*.pcx=01;35:*.mov=01;35:*.mpg=01;35:*.mpeg=01;35:*.m2v=01;35:*.mkv=01;35:*.webm=01;35:*.webp=01;35:*.ogm=01;35:*.mp4=01;35:*.m4v=01;35:*.mp4v=01;35:*.vob=01;35:*.qt=01;35:*.nuv=01;35:*.wmv=01;35:*.asf=01;35:*.rm=01;35:*.rmvb=01;35:*.flc=01;35:*.avi=01;35:*.fli=01;35:*.flv=01;35:*.gl=01;35:*.dl=01;35:*.xcf=01;35:*.xwd=01;35:*.yuv=01;35:*.cgm=01;35:*.emf=01;35:*.ogv=01;35:*.ogx=01;35:*.aac=00;36:*.au=00;36:*.flac=00;36:*.m4a=00;36:*.mid=00;36:*.midi=00;36:*.mka=00;36:*.mp3=00;36:*.mpc=00;36:*.ogg=00;36:*.ra=00;36:*.wav=00;36:*.oga=00;36:*.opus=00;36:*.spx=00;36:*.xspf=00;36:'), ('VSCODE_GIT_IPC_HANDLE', '/run/user/1000/vscode-git-f64114791b.sock'), ('TERM_PROGRAM', 'vscode'), ('SSH_AGENT_LAUNCHER', 'gnome-keyring'), ('SSH_AUTH_SOCK', '/run/user/1000/keyring/ssh'), ('AMENT_PREFIX_PATH', '/home/zheng/carerobot_slam_ros2/install/robot_communication:/opt/ros/humble'), ('SHELL', '/bin/bash'), ('QT_ACCESSIBILITY', '1'), ('GDMSESSION', 'ubuntu-xorg'), ('LESSCLOSE', '/usr/bin/lesspipe %s %s'), ('GPG_AGENT_INFO', '/run/user/1000/gnupg/S.gpg-agent:0:1'), ('GJS_DEBUG_OUTPUT', 'stderr'), ('GAZEBO_MODEL_DATABASE_URI', ''), ('VSCODE_GIT_ASKPASS_EXTRA_ARGS', ''), ('QT_IM_MODULE', 'ibus'), ('PWD', '/home/zheng/carerobot_slam_ros2/build/robot_pid_local_planner'), ('XDG_CONFIG_DIRS', '/etc/xdg/xdg-ubuntu-xorg:/etc/xdg'), ('COPILOT_DEBUG_NONCE', 'b2678e8931ad5b1b6842b5b0f9197177'), ('XDG_DATA_DIRS', '/usr/share/ubuntu-xorg:/usr/share/gnome:/usr/local/share/:/usr/share/:/var/lib/snapd/desktop'), ('PYTHONPATH', '/home/zheng/carerobot_slam_ros2/install/robot_communication/local/lib/python3.10/dist-packages:/opt/ros/humble/lib/python3.10/site-packages:/opt/ros/humble/local/lib/python3.10/dist-packages'), ('COLCON', '1'), ('CMAKE_PREFIX_PATH', '/home/zheng/carerobot_slam_ros2/install/robot_communication:/opt/ros/humble')]), 'shell': False}
[23.698862] (robot_pid_local_planner) StdoutLine: {'line': b'-- Install configuration: ""\n'}
[23.699143] (robot_pid_local_planner) StdoutLine: {'line': b'-- Installing: /home/zheng/carerobot_slam_ros2/install/robot_pid_local_planner/lib/robot_pid_local_planner/differential_pid_local_planner_node\n'}
[23.705521] (robot_pid_local_planner) StdoutLine: {'line': b'-- Set runtime path of "/home/zheng/carerobot_slam_ros2/install/robot_pid_local_planner/lib/robot_pid_local_planner/differential_pid_local_planner_node" to ""\n'}
[23.705802] (robot_pid_local_planner) StdoutLine: {'line': b'-- Installing: /home/zheng/carerobot_slam_ros2/install/robot_pid_local_planner/share/robot_pid_local_planner/launch\n'}
[23.705935] (robot_pid_local_planner) StdoutLine: {'line': b'-- Installing: /home/zheng/carerobot_slam_ros2/install/robot_pid_local_planner/share/robot_pid_local_planner/launch/differential_PID.launch.py\n'}
[23.706029] (robot_pid_local_planner) StdoutLine: {'line': b'-- Installing: /home/zheng/carerobot_slam_ros2/install/robot_pid_local_planner/share/robot_pid_local_planner/config\n'}
[23.706127] (robot_pid_local_planner) StdoutLine: {'line': b'-- Installing: /home/zheng/carerobot_slam_ros2/install/robot_pid_local_planner/share/robot_pid_local_planner/config/differential_pid_param.yaml\n'}
[23.706212] (robot_pid_local_planner) StdoutLine: {'line': b'-- Installing: /home/zheng/carerobot_slam_ros2/install/robot_pid_local_planner/share/ament_index/resource_index/package_run_dependencies/robot_pid_local_planner\n'}
[23.706331] (robot_pid_local_planner) StdoutLine: {'line': b'-- Installing: /home/zheng/carerobot_slam_ros2/install/robot_pid_local_planner/share/ament_index/resource_index/parent_prefix_path/robot_pid_local_planner\n'}
[23.706488] (robot_pid_local_planner) StdoutLine: {'line': b'-- Installing: /home/zheng/carerobot_slam_ros2/install/robot_pid_local_planner/share/robot_pid_local_planner/environment/ament_prefix_path.sh\n'}
[23.706629] (robot_pid_local_planner) StdoutLine: {'line': b'-- Installing: /home/zheng/carerobot_slam_ros2/install/robot_pid_local_planner/share/robot_pid_local_planner/environment/ament_prefix_path.dsv\n'}
[23.706778] (robot_pid_local_planner) StdoutLine: {'line': b'-- Installing: /home/zheng/carerobot_slam_ros2/install/robot_pid_local_planner/share/robot_pid_local_planner/environment/path.sh\n'}
[23.706914] (robot_pid_local_planner) StdoutLine: {'line': b'-- Installing: /home/zheng/carerobot_slam_ros2/install/robot_pid_local_planner/share/robot_pid_local_planner/environment/path.dsv\n'}
[23.707103] (robot_pid_local_planner) StdoutLine: {'line': b'-- Installing: /home/zheng/carerobot_slam_ros2/install/robot_pid_local_planner/share/robot_pid_local_planner/local_setup.bash\n'}
[23.707269] (robot_pid_local_planner) StdoutLine: {'line': b'-- Installing: /home/zheng/carerobot_slam_ros2/install/robot_pid_local_planner/share/robot_pid_local_planner/local_setup.sh\n'}
[23.707427] (robot_pid_local_planner) StdoutLine: {'line': b'-- Installing: /home/zheng/carerobot_slam_ros2/install/robot_pid_local_planner/share/robot_pid_local_planner/local_setup.zsh\n'}
[23.707546] (robot_pid_local_planner) StdoutLine: {'line': b'-- Installing: /home/zheng/carerobot_slam_ros2/install/robot_pid_local_planner/share/robot_pid_local_planner/local_setup.dsv\n'}
[23.707667] (robot_pid_local_planner) StdoutLine: {'line': b'-- Installing: /home/zheng/carerobot_slam_ros2/install/robot_pid_local_planner/share/robot_pid_local_planner/package.dsv\n'}
[23.707841] (robot_pid_local_planner) StdoutLine: {'line': b'-- Installing: /home/zheng/carerobot_slam_ros2/install/robot_pid_local_planner/share/ament_index/resource_index/packages/robot_pid_local_planner\n'}
[23.708056] (robot_pid_local_planner) StdoutLine: {'line': b'-- Installing: /home/zheng/carerobot_slam_ros2/install/robot_pid_local_planner/share/robot_pid_local_planner/cmake/robot_pid_local_plannerConfig.cmake\n'}
[23.708185] (robot_pid_local_planner) StdoutLine: {'line': b'-- Installing: /home/zheng/carerobot_slam_ros2/install/robot_pid_local_planner/share/robot_pid_local_planner/cmake/robot_pid_local_plannerConfig-version.cmake\n'}
[23.708265] (-) TimerEvent: {}
[23.708452] (robot_pid_local_planner) StdoutLine: {'line': b'-- Installing: /home/zheng/carerobot_slam_ros2/install/robot_pid_local_planner/share/robot_pid_local_planner/package.xml\n'}
[23.710206] (robot_pid_local_planner) CommandEnded: {'returncode': 0}
[23.728987] (robot_pid_local_planner) JobEnded: {'identifier': 'robot_pid_local_planner', 'rc': 0}
[23.808463] (-) TimerEvent: {}
[23.908939] (-) TimerEvent: {}
[24.009265] (-) TimerEvent: {}
[24.109564] (-) TimerEvent: {}
[24.209867] (-) TimerEvent: {}
[24.310169] (-) TimerEvent: {}
[24.410484] (-) TimerEvent: {}
[24.510796] (-) TimerEvent: {}
[24.611110] (-) TimerEvent: {}
[24.711390] (-) TimerEvent: {}
[24.811671] (-) TimerEvent: {}
[24.911983] (-) TimerEvent: {}
[25.012275] (-) TimerEvent: {}
[25.112572] (-) TimerEvent: {}
[25.212902] (-) TimerEvent: {}
[25.313236] (-) TimerEvent: {}
[25.413524] (-) TimerEvent: {}
[25.513774] (-) TimerEvent: {}
[25.614081] (-) TimerEvent: {}
[25.714397] (-) TimerEvent: {}
[25.814713] (-) TimerEvent: {}
[25.915003] (-) TimerEvent: {}
[26.015288] (-) TimerEvent: {}
[26.018031] (robot_costmap) StdoutLine: {'line': b'[ 66%] \x1b[32m\x1b[1mLinking CXX static library librobot_costmap.a\x1b[0m\n'}
[26.115655] (-) TimerEvent: {}
[26.216187] (-) TimerEvent: {}
[26.316493] (-) TimerEvent: {}
[26.416760] (-) TimerEvent: {}
[26.517057] (-) TimerEvent: {}
[26.617332] (-) TimerEvent: {}
[26.717604] (-) TimerEvent: {}
[26.817905] (-) TimerEvent: {}
[26.918169] (-) TimerEvent: {}
[27.018425] (-) TimerEvent: {}
[27.118657] (-) TimerEvent: {}
[27.218955] (-) TimerEvent: {}
[27.319235] (-) TimerEvent: {}
[27.419556] (-) TimerEvent: {}
[27.792963] (robot_costmap) StdoutLine: {'line': b'[ 66%] Built target robot_costmap\n'}
[27.793269] (-) TimerEvent: {}
[27.818409] (robot_costmap) StdoutLine: {'line': b'[ 88%] \x1b[32mBuilding CXX object CMakeFiles/map_deal_node.dir/src/nodes/map_deal_node.cpp.o\x1b[0m\n'}
[27.818616] (robot_costmap) StdoutLine: {'line': b'[ 88%] \x1b[32mBuilding CXX object CMakeFiles/map_deal_node.dir/src/map_deal/map_deal.cpp.o\x1b[0m\n'}
[27.893381] (-) TimerEvent: {}
[27.993609] (-) TimerEvent: {}
[28.093893] (-) TimerEvent: {}
[28.194198] (-) TimerEvent: {}
[28.294462] (-) TimerEvent: {}
[28.394721] (-) TimerEvent: {}
[28.495003] (-) TimerEvent: {}
[28.595335] (-) TimerEvent: {}
[28.695608] (-) TimerEvent: {}
[28.795888] (-) TimerEvent: {}
[28.896189] (-) TimerEvent: {}
[28.996495] (-) TimerEvent: {}
[29.096797] (-) TimerEvent: {}
[29.197051] (-) TimerEvent: {}
[29.297308] (-) TimerEvent: {}
[29.397590] (-) TimerEvent: {}
[29.497852] (-) TimerEvent: {}
[29.598110] (-) TimerEvent: {}
[29.698366] (-) TimerEvent: {}
[29.798647] (-) TimerEvent: {}
[29.898920] (-) TimerEvent: {}
[29.999181] (-) TimerEvent: {}
[30.099437] (-) TimerEvent: {}
[30.199703] (-) TimerEvent: {}
[30.299947] (-) TimerEvent: {}
[30.400270] (-) TimerEvent: {}
[30.503325] (-) TimerEvent: {}
[30.603588] (-) TimerEvent: {}
[30.703880] (-) TimerEvent: {}
[30.804150] (-) TimerEvent: {}
[30.904429] (-) TimerEvent: {}
[31.004714] (-) TimerEvent: {}
[31.104989] (-) TimerEvent: {}
[31.205268] (-) TimerEvent: {}
[31.305583] (-) TimerEvent: {}
[31.405831] (-) TimerEvent: {}
[31.506072] (-) TimerEvent: {}
[31.606314] (-) TimerEvent: {}
[31.706565] (-) TimerEvent: {}
[31.806822] (-) TimerEvent: {}
[31.907118] (-) TimerEvent: {}
[32.007382] (-) TimerEvent: {}
[32.107648] (-) TimerEvent: {}
[32.207901] (-) TimerEvent: {}
[32.308228] (-) TimerEvent: {}
[32.408470] (-) TimerEvent: {}
[32.508788] (-) TimerEvent: {}
[32.609001] (-) TimerEvent: {}
[32.709308] (-) TimerEvent: {}
[32.809663] (-) TimerEvent: {}
[32.909900] (-) TimerEvent: {}
[33.010244] (-) TimerEvent: {}
[33.110468] (-) TimerEvent: {}
[33.210773] (-) TimerEvent: {}
[33.311120] (-) TimerEvent: {}
[33.411391] (-) TimerEvent: {}
[33.511671] (-) TimerEvent: {}
[33.611919] (-) TimerEvent: {}
[33.712272] (-) TimerEvent: {}
[33.812508] (-) TimerEvent: {}
[33.912847] (-) TimerEvent: {}
[34.013114] (-) TimerEvent: {}
[34.113441] (-) TimerEvent: {}
[34.213770] (-) TimerEvent: {}
[34.314099] (-) TimerEvent: {}
[34.414431] (-) TimerEvent: {}
[34.514762] (-) TimerEvent: {}
[34.615076] (-) TimerEvent: {}
[34.715410] (-) TimerEvent: {}
[34.815746] (-) TimerEvent: {}
[34.916003] (-) TimerEvent: {}
[35.016272] (-) TimerEvent: {}
[35.116547] (-) TimerEvent: {}
[35.216809] (-) TimerEvent: {}
[35.317083] (-) TimerEvent: {}
[35.417433] (-) TimerEvent: {}
[35.517731] (-) TimerEvent: {}
[35.617999] (-) TimerEvent: {}
[35.718306] (-) TimerEvent: {}
[35.818604] (-) TimerEvent: {}
[35.918923] (-) TimerEvent: {}
[36.019240] (-) TimerEvent: {}
[36.119564] (-) TimerEvent: {}
[36.219862] (-) TimerEvent: {}
[36.320158] (-) TimerEvent: {}
[36.420416] (-) TimerEvent: {}
[36.520707] (-) TimerEvent: {}
[36.621031] (-) TimerEvent: {}
[36.721338] (-) TimerEvent: {}
[36.821654] (-) TimerEvent: {}
[36.921925] (-) TimerEvent: {}
[37.022271] (-) TimerEvent: {}
[37.122586] (-) TimerEvent: {}
[37.222898] (-) TimerEvent: {}
[37.323209] (-) TimerEvent: {}
[37.423490] (-) TimerEvent: {}
[37.523806] (-) TimerEvent: {}
[37.624105] (-) TimerEvent: {}
[37.724414] (-) TimerEvent: {}
[37.824700] (-) TimerEvent: {}
[37.925028] (-) TimerEvent: {}
[38.025372] (-) TimerEvent: {}
[38.125649] (-) TimerEvent: {}
[38.225965] (-) TimerEvent: {}
[38.326305] (-) TimerEvent: {}
[38.449411] (-) TimerEvent: {}
[38.549686] (-) TimerEvent: {}
[38.649989] (-) TimerEvent: {}
[38.750296] (-) TimerEvent: {}
[38.850624] (-) TimerEvent: {}
[38.950918] (-) TimerEvent: {}
[39.051192] (-) TimerEvent: {}
[39.151470] (-) TimerEvent: {}
[39.251779] (-) TimerEvent: {}
[39.351996] (-) TimerEvent: {}
[39.452263] (-) TimerEvent: {}
[39.552612] (-) TimerEvent: {}
[39.652905] (-) TimerEvent: {}
[39.753231] (-) TimerEvent: {}
[39.853469] (-) TimerEvent: {}
[39.953739] (-) TimerEvent: {}
[40.054010] (-) TimerEvent: {}
[40.154239] (-) TimerEvent: {}
[40.254502] (-) TimerEvent: {}
[40.354794] (-) TimerEvent: {}
[40.455019] (-) TimerEvent: {}
[40.555319] (-) TimerEvent: {}
[40.655630] (-) TimerEvent: {}
[40.755970] (-) TimerEvent: {}
[40.856265] (-) TimerEvent: {}
[40.956580] (-) TimerEvent: {}
[41.056893] (-) TimerEvent: {}
[41.157187] (-) TimerEvent: {}
[41.257516] (-) TimerEvent: {}
[41.357841] (-) TimerEvent: {}
[41.458138] (-) TimerEvent: {}
[41.558464] (-) TimerEvent: {}
[41.658802] (-) TimerEvent: {}
[41.759100] (-) TimerEvent: {}
[41.859394] (-) TimerEvent: {}
[41.959693] (-) TimerEvent: {}
[42.060007] (-) TimerEvent: {}
[42.160270] (-) TimerEvent: {}
[42.260558] (-) TimerEvent: {}
[42.360829] (-) TimerEvent: {}
[42.461157] (-) TimerEvent: {}
[42.561465] (-) TimerEvent: {}
[42.661767] (-) TimerEvent: {}
[42.762020] (-) TimerEvent: {}
[42.862291] (-) TimerEvent: {}
[42.962580] (-) TimerEvent: {}
[43.062876] (-) TimerEvent: {}
[43.163244] (-) TimerEvent: {}
[43.263550] (-) TimerEvent: {}
[43.363807] (-) TimerEvent: {}
[43.464076] (-) TimerEvent: {}
[43.564397] (-) TimerEvent: {}
[43.664651] (-) TimerEvent: {}
[43.764857] (-) TimerEvent: {}
[43.865087] (-) TimerEvent: {}
[43.965379] (-) TimerEvent: {}
[44.065678] (-) TimerEvent: {}
[44.166004] (-) TimerEvent: {}
[44.266301] (-) TimerEvent: {}
[44.366590] (-) TimerEvent: {}
[44.466859] (-) TimerEvent: {}
[44.567135] (-) TimerEvent: {}
[44.667376] (-) TimerEvent: {}
[44.767635] (-) TimerEvent: {}
[44.868003] (-) TimerEvent: {}
[44.968337] (-) TimerEvent: {}
[45.068726] (-) TimerEvent: {}
[45.169020] (-) TimerEvent: {}
[45.269320] (-) TimerEvent: {}
[45.369610] (-) TimerEvent: {}
[45.469949] (-) TimerEvent: {}
[45.570392] (-) TimerEvent: {}
[45.670714] (-) TimerEvent: {}
[45.771029] (-) TimerEvent: {}
[45.871364] (-) TimerEvent: {}
[45.971660] (-) TimerEvent: {}
[46.071950] (-) TimerEvent: {}
[46.172272] (-) TimerEvent: {}
[46.272559] (-) TimerEvent: {}
[46.372857] (-) TimerEvent: {}
[46.473208] (-) TimerEvent: {}
[46.573474] (-) TimerEvent: {}
[46.673793] (-) TimerEvent: {}
[46.774091] (-) TimerEvent: {}
[46.874368] (-) TimerEvent: {}
[46.974632] (-) TimerEvent: {}
[47.074905] (-) TimerEvent: {}
[47.175212] (-) TimerEvent: {}
[47.275482] (-) TimerEvent: {}
[47.375745] (-) TimerEvent: {}
[47.476016] (-) TimerEvent: {}
[47.576293] (-) TimerEvent: {}
[47.676552] (-) TimerEvent: {}
[47.776881] (-) TimerEvent: {}
[47.877241] (-) TimerEvent: {}
[47.977599] (-) TimerEvent: {}
[48.078990] (-) TimerEvent: {}
[48.179290] (-) TimerEvent: {}
[48.279541] (-) TimerEvent: {}
[48.379827] (-) TimerEvent: {}
[48.480125] (-) TimerEvent: {}
[48.580393] (-) TimerEvent: {}
[48.680708] (-) TimerEvent: {}
[48.781023] (-) TimerEvent: {}
[48.881289] (-) TimerEvent: {}
[48.981567] (-) TimerEvent: {}
[49.081872] (-) TimerEvent: {}
[49.182208] (-) TimerEvent: {}
[49.282525] (-) TimerEvent: {}
[49.382813] (-) TimerEvent: {}
[49.483049] (-) TimerEvent: {}
[49.583289] (-) TimerEvent: {}
[49.683528] (-) TimerEvent: {}
[49.783774] (-) TimerEvent: {}
[49.884007] (-) TimerEvent: {}
[49.984245] (-) TimerEvent: {}
[50.084497] (-) TimerEvent: {}
[50.184756] (-) TimerEvent: {}
[50.285015] (-) TimerEvent: {}
[50.385348] (-) TimerEvent: {}
[50.485705] (-) TimerEvent: {}
[50.585998] (-) TimerEvent: {}
[50.686273] (-) TimerEvent: {}
[50.786577] (-) TimerEvent: {}
[50.886844] (-) TimerEvent: {}
[50.987081] (-) TimerEvent: {}
[51.087399] (-) TimerEvent: {}
[51.187661] (-) TimerEvent: {}
[51.287917] (-) TimerEvent: {}
[51.388200] (-) TimerEvent: {}
[51.488518] (-) TimerEvent: {}
[51.588806] (-) TimerEvent: {}
[51.689106] (-) TimerEvent: {}
[51.789378] (-) TimerEvent: {}
[51.889671] (-) TimerEvent: {}
[51.989959] (-) TimerEvent: {}
[52.090235] (-) TimerEvent: {}
[52.190500] (-) TimerEvent: {}
[52.290814] (-) TimerEvent: {}
[52.391144] (-) TimerEvent: {}
[52.491440] (-) TimerEvent: {}
[52.591735] (-) TimerEvent: {}
[52.692016] (-) TimerEvent: {}
[52.792322] (-) TimerEvent: {}
[52.892620] (-) TimerEvent: {}
[52.992892] (-) TimerEvent: {}
[53.093198] (-) TimerEvent: {}
[53.193469] (-) TimerEvent: {}
[53.293738] (-) TimerEvent: {}
[53.394044] (-) TimerEvent: {}
[53.494341] (-) TimerEvent: {}
[53.594664] (-) TimerEvent: {}
[53.694967] (-) TimerEvent: {}
[53.795235] (-) TimerEvent: {}
[53.895504] (-) TimerEvent: {}
[53.995815] (-) TimerEvent: {}
[54.096059] (-) TimerEvent: {}
[54.196331] (-) TimerEvent: {}
[54.296611] (-) TimerEvent: {}
[54.396989] (-) TimerEvent: {}
[54.497240] (-) TimerEvent: {}
[54.597492] (-) TimerEvent: {}
[54.697768] (-) TimerEvent: {}
[54.798046] (-) TimerEvent: {}
[54.898321] (-) TimerEvent: {}
[54.998579] (-) TimerEvent: {}
[55.098849] (-) TimerEvent: {}
[55.199125] (-) TimerEvent: {}
[55.299404] (-) TimerEvent: {}
[55.399708] (-) TimerEvent: {}
[55.500002] (-) TimerEvent: {}
[55.600306] (-) TimerEvent: {}
[55.702257] (-) TimerEvent: {}
[55.802598] (-) TimerEvent: {}
[55.902895] (-) TimerEvent: {}
[56.003246] (-) TimerEvent: {}
[56.103552] (-) TimerEvent: {}
[56.203851] (-) TimerEvent: {}
[56.304142] (-) TimerEvent: {}
[56.404468] (-) TimerEvent: {}
[56.504771] (-) TimerEvent: {}
[56.605106] (-) TimerEvent: {}
[56.705444] (-) TimerEvent: {}
[56.805771] (-) TimerEvent: {}
[56.906151] (-) TimerEvent: {}
[57.006505] (-) TimerEvent: {}
[57.106790] (-) TimerEvent: {}
[57.207088] (-) TimerEvent: {}
[57.307355] (-) TimerEvent: {}
[57.407594] (-) TimerEvent: {}
[57.507836] (-) TimerEvent: {}
[57.608113] (-) TimerEvent: {}
[57.708353] (-) TimerEvent: {}
[57.808642] (-) TimerEvent: {}
[57.908894] (-) TimerEvent: {}
[58.009162] (-) TimerEvent: {}
[58.109435] (-) TimerEvent: {}
[58.209728] (-) TimerEvent: {}
[58.310008] (-) TimerEvent: {}
[58.410286] (-) TimerEvent: {}
[58.510584] (-) TimerEvent: {}
[58.610845] (-) TimerEvent: {}
[58.711210] (-) TimerEvent: {}
[58.811488] (-) TimerEvent: {}
[58.911752] (-) TimerEvent: {}
[59.012059] (-) TimerEvent: {}
[59.088450] (robot_costmap) StdoutLine: {'line': b'[100%] \x1b[32m\x1b[1mLinking CXX executable map_deal_node\x1b[0m\n'}
[59.112138] (-) TimerEvent: {}
[59.212432] (-) TimerEvent: {}
[59.312743] (-) TimerEvent: {}
[59.413022] (-) TimerEvent: {}
[59.513321] (-) TimerEvent: {}
[59.613569] (-) TimerEvent: {}
[59.713866] (-) TimerEvent: {}
[59.814160] (-) TimerEvent: {}
[59.914527] (-) TimerEvent: {}
[60.014879] (-) TimerEvent: {}
[60.115299] (-) TimerEvent: {}
[60.215656] (-) TimerEvent: {}
[60.316076] (-) TimerEvent: {}
[60.416440] (-) TimerEvent: {}
[60.516826] (-) TimerEvent: {}
[60.618005] (-) TimerEvent: {}
[60.718333] (-) TimerEvent: {}
[60.818636] (-) TimerEvent: {}
[60.918994] (-) TimerEvent: {}
[61.019314] (-) TimerEvent: {}
[61.119596] (-) TimerEvent: {}
[61.219869] (-) TimerEvent: {}
[61.320145] (-) TimerEvent: {}
[61.420444] (-) TimerEvent: {}
[61.520764] (-) TimerEvent: {}
[61.621092] (-) TimerEvent: {}
[61.721347] (-) TimerEvent: {}
[61.821752] (-) TimerEvent: {}
[61.922085] (-) TimerEvent: {}
[62.022356] (-) TimerEvent: {}
[62.122604] (-) TimerEvent: {}
[62.222898] (-) TimerEvent: {}
[62.323249] (-) TimerEvent: {}
[62.423619] (-) TimerEvent: {}
[62.523988] (-) TimerEvent: {}
[62.624236] (-) TimerEvent: {}
[62.724482] (-) TimerEvent: {}
[62.824814] (-) TimerEvent: {}
[62.925137] (-) TimerEvent: {}
[63.025489] (-) TimerEvent: {}
[63.125753] (-) TimerEvent: {}
[63.226115] (-) TimerEvent: {}
[63.326544] (-) TimerEvent: {}
[63.426833] (-) TimerEvent: {}
[63.527109] (-) TimerEvent: {}
[63.627357] (-) TimerEvent: {}
[63.727721] (-) TimerEvent: {}
[63.828007] (-) TimerEvent: {}
[63.928343] (-) TimerEvent: {}
[64.028777] (-) TimerEvent: {}
[64.129240] (-) TimerEvent: {}
[64.229602] (-) TimerEvent: {}
[64.330053] (-) TimerEvent: {}
[64.430342] (-) TimerEvent: {}
[64.530619] (-) TimerEvent: {}
[64.630913] (-) TimerEvent: {}
[64.731245] (-) TimerEvent: {}
[64.831547] (-) TimerEvent: {}
[64.931853] (-) TimerEvent: {}
[65.032159] (-) TimerEvent: {}
[65.132417] (-) TimerEvent: {}
[65.232690] (-) TimerEvent: {}
[65.332988] (-) TimerEvent: {}
[65.433330] (-) TimerEvent: {}
[65.533713] (-) TimerEvent: {}
[65.634039] (-) TimerEvent: {}
[65.734356] (-) TimerEvent: {}
[65.834628] (-) TimerEvent: {}
[65.934942] (-) TimerEvent: {}
[66.035245] (-) TimerEvent: {}
[66.135564] (-) TimerEvent: {}
[66.217242] (robot_costmap) StdoutLine: {'line': b'[100%] Built target map_deal_node\n'}
[66.227962] (robot_costmap) CommandEnded: {'returncode': 0}
[66.228691] (robot_costmap) JobProgress: {'identifier': 'robot_costmap', 'progress': 'install'}
[66.229913] (robot_costmap) Command: {'cmd': ['/usr/bin/cmake', '--install', '/home/zheng/carerobot_slam_ros2/build/robot_costmap'], 'cwd': '/home/zheng/carerobot_slam_ros2/build/robot_costmap', 'env': OrderedDict([('GJS_DEBUG_TOPICS', 'JS ERROR;JS LOG'), ('PYTHON_BASIC_REPL', '1'), ('LESSOPEN', '| /usr/bin/lesspipe %s'), ('LANGUAGE', 'zh_CN:zh'), ('USER', 'zheng'), ('XDG_SESSION_TYPE', 'x11'), ('GIT_ASKPASS', '/usr/share/code/resources/app/extensions/git/dist/askpass.sh'), ('SHLVL', '1'), ('LD_LIBRARY_PATH', '/home/zheng/carerobot_slam_ros2/install/robot_communication/lib:/usr/lib/x86_64-linux-gnu/gazebo-11/plugins:/opt/ros/humble/opt/rviz_ogre_vendor/lib:/opt/ros/humble/lib/x86_64-linux-gnu:/opt/ros/humble/lib'), ('HOME', '/home/zheng'), ('CHROME_DESKTOP', 'code.desktop'), ('TERM_PROGRAM_VERSION', '1.135.0'), ('DESKTOP_SESSION', 'ubuntu-xorg'), ('GIO_LAUNCHED_DESKTOP_FILE', '/usr/share/applications/code.desktop'), ('ROS_PYTHON_VERSION', '3'), ('GNOME_SHELL_SESSION_MODE', 'ubuntu'), ('GTK_MODULES', 'gail:atk-bridge'), ('VSCODE_GIT_ASKPASS_MAIN', '/usr/share/code/resources/app/extensions/git/dist/askpass-main.js'), ('VSCODE_GIT_ASKPASS_NODE', '/usr/share/code/code'), ('MANAGERPID', '1463'), ('PYDEVD_DISABLE_FILE_VALIDATION', '1'), ('SYSTEMD_EXEC_PID', '1745'), ('BUNDLED_DEBUGPY_PATH', '/home/zheng/.vscode/extensions/ms-python.debugpy-2026.6.0-linux-x64/bundled/libs/debugpy'), ('VSCODE_PYTHON_AUTOACTIVATE_GUARD', '1'), ('DBUS_SESSION_BUS_ADDRESS', 'unix:path=/run/user/1000/bus'), ('COLORTERM', 'truecolor'), ('GIO_LAUNCHED_DESKTOP_FILE_PID', '16113'), ('ROS_DISTRO', 'humble'), ('GTK_IM_MODULE', 'ibus'), ('LOGNAME', 'zheng'), ('JOURNAL_STREAM', '8:9109'), ('_', '/usr/bin/colcon'), ('ROS_VERSION', '2'), ('XDG_SESSION_CLASS', 'user'), ('USERNAME', 'zheng'), ('TERM', 'xterm-256color'), ('GNOME_DESKTOP_SESSION_ID', 'this-is-deprecated'), ('FC_FONTATIONS', '1'), ('ROS_LOCALHOST_ONLY', '0'), ('WINDOWPATH', '2'), ('PATH', '/home/zheng/.config/Code/User/globalStorage/github.copilot-chat/debugCommand:/home/zheng/.config/Code/User/globalStorage/github.copilot-chat/copilotCli:/opt/ros/humble/bin:/usr/local/sbin:/usr/local/bin:/usr/sbin:/usr/bin:/sbin:/bin:/usr/games:/usr/local/games:/snap/bin:/snap/bin:/home/zheng/.vscode/extensions/ms-python.debugpy-2026.6.0-linux-x64/bundled/scripts/noConfigScripts'), ('SESSION_MANAGER', 'local/zheng-Lenovo-Product:@/tmp/.ICE-unix/1722,unix/zheng-Lenovo-Product:/tmp/.ICE-unix/1722'), ('INVOCATION_ID', 'ac074399a22843219e3ebd3049ddf590'), ('XDG_MENU_PREFIX', 'gnome-'), ('XDG_RUNTIME_DIR', '/run/user/1000'), ('GDK_BACKEND', 'x11'), ('DISPLAY', ':0'), ('VSCODE_DEBUGPY_ADAPTER_ENDPOINTS', '/home/zheng/.vscode/extensions/ms-python.debugpy-2026.6.0-linux-x64/.noConfigDebugAdapterEndpoints/endpoint-85e0bbdd27a237cb.txt'), ('LANG', 'zh_CN.UTF-8'), ('XDG_CURRENT_DESKTOP', 'ubuntu:GNOME'), ('PYTHONSTARTUP', '/home/zheng/.config/Code/User/workspaceStorage/7c1638c18d6b6e2173098eecef125327/ms-python.python/pythonrc.py'), ('XMODIFIERS', '@im=ibus'), ('XDG_SESSION_DESKTOP', 'ubuntu-xorg'), ('XAUTHORITY', '/run/user/1000/gdm/Xauthority'), ('LS_COLORS', 'rs=0:di=01;34:ln=01;36:mh=00:pi=40;33:so=01;35:do=01;35:bd=40;33;01:cd=40;33;01:or=40;31;01:mi=00:su=37;41:sg=30;43:ca=30;41:tw=30;42:ow=34;42:st=37;44:ex=01;32:*.tar=01;31:*.tgz=01;31:*.arc=01;31:*.arj=01;31:*.taz=01;31:*.lha=01;31:*.lz4=01;31:*.lzh=01;31:*.lzma=01;31:*.tlz=01;31:*.txz=01;31:*.tzo=01;31:*.t7z=01;31:*.zip=01;31:*.z=01;31:*.dz=01;31:*.gz=01;31:*.lrz=01;31:*.lz=01;31:*.lzo=01;31:*.xz=01;31:*.zst=01;31:*.tzst=01;31:*.bz2=01;31:*.bz=01;31:*.tbz=01;31:*.tbz2=01;31:*.tz=01;31:*.deb=01;31:*.rpm=01;31:*.jar=01;31:*.war=01;31:*.ear=01;31:*.sar=01;31:*.rar=01;31:*.alz=01;31:*.ace=01;31:*.zoo=01;31:*.cpio=01;31:*.7z=01;31:*.rz=01;31:*.cab=01;31:*.wim=01;31:*.swm=01;31:*.dwm=01;31:*.esd=01;31:*.jpg=01;35:*.jpeg=01;35:*.mjpg=01;35:*.mjpeg=01;35:*.gif=01;35:*.bmp=01;35:*.pbm=01;35:*.pgm=01;35:*.ppm=01;35:*.tga=01;35:*.xbm=01;35:*.xpm=01;35:*.tif=01;35:*.tiff=01;35:*.png=01;35:*.svg=01;35:*.svgz=01;35:*.mng=01;35:*.pcx=01;35:*.mov=01;35:*.mpg=01;35:*.mpeg=01;35:*.m2v=01;35:*.mkv=01;35:*.webm=01;35:*.webp=01;35:*.ogm=01;35:*.mp4=01;35:*.m4v=01;35:*.mp4v=01;35:*.vob=01;35:*.qt=01;35:*.nuv=01;35:*.wmv=01;35:*.asf=01;35:*.rm=01;35:*.rmvb=01;35:*.flc=01;35:*.avi=01;35:*.fli=01;35:*.flv=01;35:*.gl=01;35:*.dl=01;35:*.xcf=01;35:*.xwd=01;35:*.yuv=01;35:*.cgm=01;35:*.emf=01;35:*.ogv=01;35:*.ogx=01;35:*.aac=00;36:*.au=00;36:*.flac=00;36:*.m4a=00;36:*.mid=00;36:*.midi=00;36:*.mka=00;36:*.mp3=00;36:*.mpc=00;36:*.ogg=00;36:*.ra=00;36:*.wav=00;36:*.oga=00;36:*.opus=00;36:*.spx=00;36:*.xspf=00;36:'), ('VSCODE_GIT_IPC_HANDLE', '/run/user/1000/vscode-git-f64114791b.sock'), ('TERM_PROGRAM', 'vscode'), ('SSH_AGENT_LAUNCHER', 'gnome-keyring'), ('SSH_AUTH_SOCK', '/run/user/1000/keyring/ssh'), ('AMENT_PREFIX_PATH', '/home/zheng/carerobot_slam_ros2/install/robot_communication:/opt/ros/humble'), ('SHELL', '/bin/bash'), ('QT_ACCESSIBILITY', '1'), ('GDMSESSION', 'ubuntu-xorg'), ('LESSCLOSE', '/usr/bin/lesspipe %s %s'), ('GPG_AGENT_INFO', '/run/user/1000/gnupg/S.gpg-agent:0:1'), ('GJS_DEBUG_OUTPUT', 'stderr'), ('GAZEBO_MODEL_DATABASE_URI', ''), ('VSCODE_GIT_ASKPASS_EXTRA_ARGS', ''), ('QT_IM_MODULE', 'ibus'), ('PWD', '/home/zheng/carerobot_slam_ros2/build/robot_costmap'), ('XDG_CONFIG_DIRS', '/etc/xdg/xdg-ubuntu-xorg:/etc/xdg'), ('COPILOT_DEBUG_NONCE', 'b2678e8931ad5b1b6842b5b0f9197177'), ('XDG_DATA_DIRS', '/usr/share/ubuntu-xorg:/usr/share/gnome:/usr/local/share/:/usr/share/:/var/lib/snapd/desktop'), ('PYTHONPATH', '/home/zheng/carerobot_slam_ros2/install/robot_communication/local/lib/python3.10/dist-packages:/opt/ros/humble/lib/python3.10/site-packages:/opt/ros/humble/local/lib/python3.10/dist-packages'), ('COLCON', '1'), ('CMAKE_PREFIX_PATH', '/home/zheng/carerobot_slam_ros2/install/robot_communication:/opt/ros/humble')]), 'shell': False}
[66.235675] (-) TimerEvent: {}
[66.237232] (robot_costmap) StdoutLine: {'line': b'-- Install configuration: "Debug"\n'}
[66.237519] (robot_costmap) StdoutLine: {'line': b'-- Installing: /home/zheng/carerobot_slam_ros2/install/robot_costmap/include\n'}
[66.237659] (robot_costmap) StdoutLine: {'line': b'-- Installing: /home/zheng/carerobot_slam_ros2/install/robot_costmap/include/map_deal\n'}
[66.237770] (robot_costmap) StdoutLine: {'line': b'-- Installing: /home/zheng/carerobot_slam_ros2/install/robot_costmap/include/map_deal/global_map_deal.h\n'}
[66.237888] (robot_costmap) StdoutLine: {'line': b'-- Installing: /home/zheng/carerobot_slam_ros2/install/robot_costmap/include/map_deal/map_deal.h\n'}
[66.237995] (robot_costmap) StdoutLine: {'line': b'-- Installing: /home/zheng/carerobot_slam_ros2/install/robot_costmap/include/map_deal/signed_distance_field_2d.h\n'}
[66.238096] (robot_costmap) StdoutLine: {'line': b'-- Installing: /home/zheng/carerobot_slam_ros2/install/robot_costmap/include/map_deal/edt_environment.h\n'}
[66.238223] (robot_costmap) StdoutLine: {'line': b'-- Installing: /home/zheng/carerobot_slam_ros2/install/robot_costmap/include/map_deal/local_map_deal.h\n'}
[66.238333] (robot_costmap) StdoutLine: {'line': b'-- Installing: /home/zheng/carerobot_slam_ros2/install/robot_costmap/include/map_deal/grid_map_2d.h\n'}
[66.238443] (robot_costmap) StdoutLine: {'line': b'-- Installing: /home/zheng/carerobot_slam_ros2/install/robot_costmap/include/common\n'}
[66.238536] (robot_costmap) StdoutLine: {'line': b'-- Installing: /home/zheng/carerobot_slam_ros2/install/robot_costmap/include/common/base\n'}
[66.238671] (robot_costmap) StdoutLine: {'line': b'-- Installing: /home/zheng/carerobot_slam_ros2/install/robot_costmap/include/common/base/state.h\n'}
[66.238759] (robot_costmap) StdoutLine: {'line': b'-- Installing: /home/zheng/carerobot_slam_ros2/install/robot_costmap/include/common/base/trajectory.h\n'}
[66.238869] (robot_costmap) StdoutLine: {'line': b'-- Installing: /home/zheng/carerobot_slam_ros2/install/robot_costmap/include/common/base/type.h\n'}
[66.238964] (robot_costmap) StdoutLine: {'line': b'-- Installing: /home/zheng/carerobot_slam_ros2/install/robot_costmap/share/robot_costmap/launch\n'}
[66.239053] (robot_costmap) StdoutLine: {'line': b'-- Installing: /home/zheng/carerobot_slam_ros2/install/robot_costmap/share/robot_costmap/launch/map_deal.launch.py\n'}
[66.239139] (robot_costmap) StdoutLine: {'line': b'-- Installing: /home/zheng/carerobot_slam_ros2/install/robot_costmap/share/robot_costmap/launch/map_deal_real.launch\n'}
[66.239224] (robot_costmap) StdoutLine: {'line': b'-- Installing: /home/zheng/carerobot_slam_ros2/install/robot_costmap/lib/librobot_costmap.a\n'}
[66.281881] (robot_costmap) StdoutLine: {'line': b'-- Installing: /home/zheng/carerobot_slam_ros2/install/robot_costmap/lib/robot_costmap/map_deal_node\n'}
[66.330294] (robot_costmap) StdoutLine: {'line': b'-- Set runtime path of "/home/zheng/carerobot_slam_ros2/install/robot_costmap/lib/robot_costmap/map_deal_node" to ""\n'}
[66.330674] (robot_costmap) StdoutLine: {'line': b'-- Installing: /home/zheng/carerobot_slam_ros2/install/robot_costmap/share/robot_costmap/environment/library_path.sh\n'}
[66.330860] (robot_costmap) StdoutLine: {'line': b'-- Installing: /home/zheng/carerobot_slam_ros2/install/robot_costmap/share/robot_costmap/environment/library_path.dsv\n'}
[66.331004] (robot_costmap) StdoutLine: {'line': b'-- Installing: /home/zheng/carerobot_slam_ros2/install/robot_costmap/share/ament_index/resource_index/package_run_dependencies/robot_costmap\n'}
[66.331172] (robot_costmap) StdoutLine: {'line': b'-- Installing: /home/zheng/carerobot_slam_ros2/install/robot_costmap/share/ament_index/resource_index/parent_prefix_path/robot_costmap\n'}
[66.331333] (robot_costmap) StdoutLine: {'line': b'-- Installing: /home/zheng/carerobot_slam_ros2/install/robot_costmap/share/robot_costmap/environment/ament_prefix_path.sh\n'}
[66.331479] (robot_costmap) StdoutLine: {'line': b'-- Installing: /home/zheng/carerobot_slam_ros2/install/robot_costmap/share/robot_costmap/environment/ament_prefix_path.dsv\n'}
[66.331682] (robot_costmap) StdoutLine: {'line': b'-- Installing: /home/zheng/carerobot_slam_ros2/install/robot_costmap/share/robot_costmap/environment/path.sh\n'}
[66.331807] (robot_costmap) StdoutLine: {'line': b'-- Installing: /home/zheng/carerobot_slam_ros2/install/robot_costmap/share/robot_costmap/environment/path.dsv\n'}
[66.331947] (robot_costmap) StdoutLine: {'line': b'-- Installing: /home/zheng/carerobot_slam_ros2/install/robot_costmap/share/robot_costmap/local_setup.bash\n'}
[66.332134] (robot_costmap) StdoutLine: {'line': b'-- Installing: /home/zheng/carerobot_slam_ros2/install/robot_costmap/share/robot_costmap/local_setup.sh\n'}
[66.332333] (robot_costmap) StdoutLine: {'line': b'-- Installing: /home/zheng/carerobot_slam_ros2/install/robot_costmap/share/robot_costmap/local_setup.zsh\n'}
[66.332476] (robot_costmap) StdoutLine: {'line': b'-- Installing: /home/zheng/carerobot_slam_ros2/install/robot_costmap/share/robot_costmap/local_setup.dsv\n'}
[66.332630] (robot_costmap) StdoutLine: {'line': b'-- Installing: /home/zheng/carerobot_slam_ros2/install/robot_costmap/share/robot_costmap/package.dsv\n'}
[66.332822] (robot_costmap) StdoutLine: {'line': b'-- Installing: /home/zheng/carerobot_slam_ros2/install/robot_costmap/share/ament_index/resource_index/packages/robot_costmap\n'}
[66.333068] (robot_costmap) StdoutLine: {'line': b'-- Installing: /home/zheng/carerobot_slam_ros2/install/robot_costmap/share/robot_costmap/cmake/export_robot_costmapExport.cmake\n'}
[66.333238] (robot_costmap) StdoutLine: {'line': b'-- Installing: /home/zheng/carerobot_slam_ros2/install/robot_costmap/share/robot_costmap/cmake/export_robot_costmapExport-debug.cmake\n'}
[66.333440] (robot_costmap) StdoutLine: {'line': b'-- Installing: /home/zheng/carerobot_slam_ros2/install/robot_costmap/share/robot_costmap/cmake/ament_cmake_export_targets-extras.cmake\n'}
[66.333593] (robot_costmap) StdoutLine: {'line': b'-- Installing: /home/zheng/carerobot_slam_ros2/install/robot_costmap/share/robot_costmap/cmake/ament_cmake_export_include_directories-extras.cmake\n'}
[66.333746] (robot_costmap) StdoutLine: {'line': b'-- Installing: /home/zheng/carerobot_slam_ros2/install/robot_costmap/share/robot_costmap/cmake/ament_cmake_export_dependencies-extras.cmake\n'}
[66.333911] (robot_costmap) StdoutLine: {'line': b'-- Installing: /home/zheng/carerobot_slam_ros2/install/robot_costmap/share/robot_costmap/cmake/robot_costmapConfig.cmake\n'}
[66.334074] (robot_costmap) StdoutLine: {'line': b'-- Installing: /home/zheng/carerobot_slam_ros2/install/robot_costmap/share/robot_costmap/cmake/robot_costmapConfig-version.cmake\n'}
[66.334203] (robot_costmap) StdoutLine: {'line': b'-- Installing: /home/zheng/carerobot_slam_ros2/install/robot_costmap/share/robot_costmap/package.xml\n'}
[66.335875] (-) TimerEvent: {}
[66.336881] (robot_costmap) CommandEnded: {'returncode': 0}
[66.356736] (robot_costmap) JobEnded: {'identifier': 'robot_costmap', 'rc': 0}
[66.359237] (robot_navigation) JobStarted: {'identifier': 'robot_navigation'}
[66.368841] (robot_navigation) JobProgress: {'identifier': 'robot_navigation', 'progress': 'cmake'}
[66.369632] (robot_navigation) Command: {'cmd': ['/usr/bin/cmake', '/home/zheng/carerobot_slam_ros2/src/robot_navigation', '-DCMAKE_INSTALL_PREFIX=/home/zheng/carerobot_slam_ros2/install/robot_navigation'], 'cwd': '/home/zheng/carerobot_slam_ros2/build/robot_navigation', 'env': OrderedDict([('GJS_DEBUG_TOPICS', 'JS ERROR;JS LOG'), ('PYTHON_BASIC_REPL', '1'), ('LESSOPEN', '| /usr/bin/lesspipe %s'), ('LANGUAGE', 'zh_CN:zh'), ('USER', 'zheng'), ('XDG_SESSION_TYPE', 'x11'), ('GIT_ASKPASS', '/usr/share/code/resources/app/extensions/git/dist/askpass.sh'), ('SHLVL', '1'), ('LD_LIBRARY_PATH', '/home/zheng/carerobot_slam_ros2/install/robot_costmap/lib:/home/zheng/carerobot_slam_ros2/install/robot_communication/lib:/usr/lib/x86_64-linux-gnu/gazebo-11/plugins:/opt/ros/humble/opt/rviz_ogre_vendor/lib:/opt/ros/humble/lib/x86_64-linux-gnu:/opt/ros/humble/lib'), ('HOME', '/home/zheng'), ('CHROME_DESKTOP', 'code.desktop'), ('TERM_PROGRAM_VERSION', '1.135.0'), ('DESKTOP_SESSION', 'ubuntu-xorg'), ('GIO_LAUNCHED_DESKTOP_FILE', '/usr/share/applications/code.desktop'), ('ROS_PYTHON_VERSION', '3'), ('GNOME_SHELL_SESSION_MODE', 'ubuntu'), ('GTK_MODULES', 'gail:atk-bridge'), ('VSCODE_GIT_ASKPASS_MAIN', '/usr/share/code/resources/app/extensions/git/dist/askpass-main.js'), ('VSCODE_GIT_ASKPASS_NODE', '/usr/share/code/code'), ('MANAGERPID', '1463'), ('PYDEVD_DISABLE_FILE_VALIDATION', '1'), ('SYSTEMD_EXEC_PID', '1745'), ('BUNDLED_DEBUGPY_PATH', '/home/zheng/.vscode/extensions/ms-python.debugpy-2026.6.0-linux-x64/bundled/libs/debugpy'), ('VSCODE_PYTHON_AUTOACTIVATE_GUARD', '1'), ('DBUS_SESSION_BUS_ADDRESS', 'unix:path=/run/user/1000/bus'), ('COLORTERM', 'truecolor'), ('GIO_LAUNCHED_DESKTOP_FILE_PID', '16113'), ('ROS_DISTRO', 'humble'), ('GTK_IM_MODULE', 'ibus'), ('LOGNAME', 'zheng'), ('JOURNAL_STREAM', '8:9109'), ('_', '/usr/bin/colcon'), ('ROS_VERSION', '2'), ('XDG_SESSION_CLASS', 'user'), ('USERNAME', 'zheng'), ('TERM', 'xterm-256color'), ('GNOME_DESKTOP_SESSION_ID', 'this-is-deprecated'), ('FC_FONTATIONS', '1'), ('ROS_LOCALHOST_ONLY', '0'), ('WINDOWPATH', '2'), ('PATH', '/home/zheng/.config/Code/User/globalStorage/github.copilot-chat/debugCommand:/home/zheng/.config/Code/User/globalStorage/github.copilot-chat/copilotCli:/opt/ros/humble/bin:/usr/local/sbin:/usr/local/bin:/usr/sbin:/usr/bin:/sbin:/bin:/usr/games:/usr/local/games:/snap/bin:/snap/bin:/home/zheng/.vscode/extensions/ms-python.debugpy-2026.6.0-linux-x64/bundled/scripts/noConfigScripts'), ('SESSION_MANAGER', 'local/zheng-Lenovo-Product:@/tmp/.ICE-unix/1722,unix/zheng-Lenovo-Product:/tmp/.ICE-unix/1722'), ('INVOCATION_ID', 'ac074399a22843219e3ebd3049ddf590'), ('XDG_MENU_PREFIX', 'gnome-'), ('XDG_RUNTIME_DIR', '/run/user/1000'), ('GDK_BACKEND', 'x11'), ('DISPLAY', ':0'), ('VSCODE_DEBUGPY_ADAPTER_ENDPOINTS', '/home/zheng/.vscode/extensions/ms-python.debugpy-2026.6.0-linux-x64/.noConfigDebugAdapterEndpoints/endpoint-85e0bbdd27a237cb.txt'), ('LANG', 'zh_CN.UTF-8'), ('XDG_CURRENT_DESKTOP', 'ubuntu:GNOME'), ('PYTHONSTARTUP', '/home/zheng/.config/Code/User/workspaceStorage/7c1638c18d6b6e2173098eecef125327/ms-python.python/pythonrc.py'), ('XMODIFIERS', '@im=ibus'), ('XDG_SESSION_DESKTOP', 'ubuntu-xorg'), ('XAUTHORITY', '/run/user/1000/gdm/Xauthority'), ('LS_COLORS', 'rs=0:di=01;34:ln=01;36:mh=00:pi=40;33:so=01;35:do=01;35:bd=40;33;01:cd=40;33;01:or=40;31;01:mi=00:su=37;41:sg=30;43:ca=30;41:tw=30;42:ow=34;42:st=37;44:ex=01;32:*.tar=01;31:*.tgz=01;31:*.arc=01;31:*.arj=01;31:*.taz=01;31:*.lha=01;31:*.lz4=01;31:*.lzh=01;31:*.lzma=01;31:*.tlz=01;31:*.txz=01;31:*.tzo=01;31:*.t7z=01;31:*.zip=01;31:*.z=01;31:*.dz=01;31:*.gz=01;31:*.lrz=01;31:*.lz=01;31:*.lzo=01;31:*.xz=01;31:*.zst=01;31:*.tzst=01;31:*.bz2=01;31:*.bz=01;31:*.tbz=01;31:*.tbz2=01;31:*.tz=01;31:*.deb=01;31:*.rpm=01;31:*.jar=01;31:*.war=01;31:*.ear=01;31:*.sar=01;31:*.rar=01;31:*.alz=01;31:*.ace=01;31:*.zoo=01;31:*.cpio=01;31:*.7z=01;31:*.rz=01;31:*.cab=01;31:*.wim=01;31:*.swm=01;31:*.dwm=01;31:*.esd=01;31:*.jpg=01;35:*.jpeg=01;35:*.mjpg=01;35:*.mjpeg=01;35:*.gif=01;35:*.bmp=01;35:*.pbm=01;35:*.pgm=01;35:*.ppm=01;35:*.tga=01;35:*.xbm=01;35:*.xpm=01;35:*.tif=01;35:*.tiff=01;35:*.png=01;35:*.svg=01;35:*.svgz=01;35:*.mng=01;35:*.pcx=01;35:*.mov=01;35:*.mpg=01;35:*.mpeg=01;35:*.m2v=01;35:*.mkv=01;35:*.webm=01;35:*.webp=01;35:*.ogm=01;35:*.mp4=01;35:*.m4v=01;35:*.mp4v=01;35:*.vob=01;35:*.qt=01;35:*.nuv=01;35:*.wmv=01;35:*.asf=01;35:*.rm=01;35:*.rmvb=01;35:*.flc=01;35:*.avi=01;35:*.fli=01;35:*.flv=01;35:*.gl=01;35:*.dl=01;35:*.xcf=01;35:*.xwd=01;35:*.yuv=01;35:*.cgm=01;35:*.emf=01;35:*.ogv=01;35:*.ogx=01;35:*.aac=00;36:*.au=00;36:*.flac=00;36:*.m4a=00;36:*.mid=00;36:*.midi=00;36:*.mka=00;36:*.mp3=00;36:*.mpc=00;36:*.ogg=00;36:*.ra=00;36:*.wav=00;36:*.oga=00;36:*.opus=00;36:*.spx=00;36:*.xspf=00;36:'), ('VSCODE_GIT_IPC_HANDLE', '/run/user/1000/vscode-git-f64114791b.sock'), ('TERM_PROGRAM', 'vscode'), ('SSH_AGENT_LAUNCHER', 'gnome-keyring'), ('SSH_AUTH_SOCK', '/run/user/1000/keyring/ssh'), ('AMENT_PREFIX_PATH', '/home/zheng/carerobot_slam_ros2/install/robot_costmap:/home/zheng/carerobot_slam_ros2/install/robot_communication:/opt/ros/humble'), ('SHELL', '/bin/bash'), ('QT_ACCESSIBILITY', '1'), ('GDMSESSION', 'ubuntu-xorg'), ('LESSCLOSE', '/usr/bin/lesspipe %s %s'), ('GPG_AGENT_INFO', '/run/user/1000/gnupg/S.gpg-agent:0:1'), ('GJS_DEBUG_OUTPUT', 'stderr'), ('GAZEBO_MODEL_DATABASE_URI', ''), ('VSCODE_GIT_ASKPASS_EXTRA_ARGS', ''), ('QT_IM_MODULE', 'ibus'), ('PWD', '/home/zheng/carerobot_slam_ros2/build/robot_navigation'), ('XDG_CONFIG_DIRS', '/etc/xdg/xdg-ubuntu-xorg:/etc/xdg'), ('COPILOT_DEBUG_NONCE', 'b2678e8931ad5b1b6842b5b0f9197177'), ('XDG_DATA_DIRS', '/usr/share/ubuntu-xorg:/usr/share/gnome:/usr/local/share/:/usr/share/:/var/lib/snapd/desktop'), ('PYTHONPATH', '/home/zheng/carerobot_slam_ros2/install/robot_communication/local/lib/python3.10/dist-packages:/opt/ros/humble/lib/python3.10/site-packages:/opt/ros/humble/local/lib/python3.10/dist-packages'), ('COLCON', '1'), ('CMAKE_PREFIX_PATH', '/home/zheng/carerobot_slam_ros2/install/robot_costmap:/home/zheng/carerobot_slam_ros2/install/robot_communication:/opt/ros/humble')]), 'shell': False}
[66.435797] (robot_navigation) StdoutLine: {'line': b'-- The C compiler identification is GNU 11.4.0\n'}
[66.436013] (-) TimerEvent: {}
[66.503872] (robot_navigation) StdoutLine: {'line': b'-- The CXX compiler identification is GNU 11.4.0\n'}
[66.511714] (robot_navigation) StdoutLine: {'line': b'-- Detecting C compiler ABI info\n'}
[66.536105] (-) TimerEvent: {}
[66.583077] (robot_navigation) StdoutLine: {'line': b'-- Detecting C compiler ABI info - done\n'}
[66.590405] (robot_navigation) StdoutLine: {'line': b'-- Check for working C compiler: /usr/bin/cc - skipped\n'}
[66.590757] (robot_navigation) StdoutLine: {'line': b'-- Detecting C compile features\n'}
[66.591226] (robot_navigation) StdoutLine: {'line': b'-- Detecting C compile features - done\n'}
[66.594524] (robot_navigation) StdoutLine: {'line': b'-- Detecting CXX compiler ABI info\n'}
[66.636200] (-) TimerEvent: {}
[66.676955] (robot_navigation) StdoutLine: {'line': b'-- Detecting CXX compiler ABI info - done\n'}
[66.684438] (robot_navigation) StdoutLine: {'line': b'-- Check for working CXX compiler: /usr/bin/c++ - skipped\n'}
[66.684765] (robot_navigation) StdoutLine: {'line': b'-- Detecting CXX compile features\n'}
[66.685243] (robot_navigation) StdoutLine: {'line': b'-- Detecting CXX compile features - done\n'}
[66.687507] (robot_navigation) StdoutLine: {'line': b'-- Found ament_cmake: 1.3.14 (/opt/ros/humble/share/ament_cmake/cmake)\n'}
[66.737298] (-) TimerEvent: {}
[66.837575] (-) TimerEvent: {}
[66.875501] (robot_navigation) StdoutLine: {'line': b'-- Found Python3: /usr/bin/python3 (found version "3.10.12") found components: Interpreter \n'}
[66.937980] (-) TimerEvent: {}
[66.999290] (robot_navigation) StdoutLine: {'line': b'-- Found rclcpp: 16.0.19 (/opt/ros/humble/share/rclcpp/cmake)\n'}
[67.038004] (-) TimerEvent: {}
[67.047625] (robot_navigation) StdoutLine: {'line': b'-- Found rosidl_generator_c: 3.1.9 (/opt/ros/humble/share/rosidl_generator_c/cmake)\n'}
[67.052834] (robot_navigation) StdoutLine: {'line': b'-- Found rosidl_adapter: 3.1.9 (/opt/ros/humble/share/rosidl_adapter/cmake)\n'}
[67.063900] (robot_navigation) StdoutLine: {'line': b'-- Found rosidl_generator_cpp: 3.1.9 (/opt/ros/humble/share/rosidl_generator_cpp/cmake)\n'}
[67.078318] (robot_navigation) StdoutLine: {'line': b'-- Using all available rosidl_typesupport_c: rosidl_typesupport_fastrtps_c;rosidl_typesupport_introspection_c\n'}
[67.097022] (robot_navigation) StdoutLine: {'line': b'-- Using all available rosidl_typesupport_cpp: rosidl_typesupport_fastrtps_cpp;rosidl_typesupport_introspection_cpp\n'}
[67.138113] (-) TimerEvent: {}
[67.149652] (robot_navigation) StdoutLine: {'line': b'-- Found rmw_implementation_cmake: 6.1.3 (/opt/ros/humble/share/rmw_implementation_cmake/cmake)\n'}
[67.152448] (robot_navigation) StdoutLine: {'line': b'-- Found rmw_fastrtps_cpp: 6.2.10 (/opt/ros/humble/share/rmw_fastrtps_cpp/cmake)\n'}
[67.238235] (-) TimerEvent: {}
[67.255792] (robot_navigation) StdoutLine: {'line': b'-- Found OpenSSL: /usr/lib/x86_64-linux-gnu/libcrypto.so (found version "3.0.2")  \n'}
[67.292752] (robot_navigation) StdoutLine: {'line': b'-- Found FastRTPS: /opt/ros/humble/include  \n'}
[67.339993] (-) TimerEvent: {}
[67.349403] (robot_navigation) StdoutLine: {'line': b"-- Using RMW implementation 'rmw_fastrtps_cpp' as default\n"}
[67.362888] (robot_navigation) StdoutLine: {'line': b'-- Looking for pthread.h\n'}
[67.440616] (-) TimerEvent: {}
[67.454016] (robot_navigation) StdoutLine: {'line': b'-- Looking for pthread.h - found\n'}
[67.456772] (robot_navigation) StdoutLine: {'line': b'-- Performing Test CMAKE_HAVE_LIBC_PTHREAD\n'}
[67.540845] (-) TimerEvent: {}
[67.550267] (robot_navigation) StdoutLine: {'line': b'-- Performing Test CMAKE_HAVE_LIBC_PTHREAD - Success\n'}
[67.551301] (robot_navigation) StdoutLine: {'line': b'-- Found Threads: TRUE  \n'}
[67.641054] (-) TimerEvent: {}
[67.641640] (robot_navigation) StdoutLine: {'line': b'-- Found rclpy: 3.3.21 (/opt/ros/humble/share/rclpy/cmake)\n'}
[67.643596] (robot_navigation) StdoutLine: {'line': b'-- Found geometry_msgs: 4.9.2 (/opt/ros/humble/share/geometry_msgs/cmake)\n'}
[67.660306] (robot_navigation) StdoutLine: {'line': b'-- Found nav_msgs: 4.9.2 (/opt/ros/humble/share/nav_msgs/cmake)\n'}
[67.691324] (robot_navigation) StdoutLine: {'line': b'-- Found sensor_msgs: 4.9.2 (/opt/ros/humble/share/sensor_msgs/cmake)\n'}
[67.712749] (robot_navigation) StdoutLine: {'line': b'-- Found visualization_msgs: 4.9.2 (/opt/ros/humble/share/visualization_msgs/cmake)\n'}
[67.741102] (-) TimerEvent: {}
[67.748589] (robot_navigation) StdoutLine: {'line': b'-- Found tf2: 0.25.22 (/opt/ros/humble/share/tf2/cmake)\n'}
[67.766300] (robot_navigation) StdoutLine: {'line': b'-- Found tf2_ros: 0.25.22 (/opt/ros/humble/share/tf2_ros/cmake)\n'}
[67.841209] (-) TimerEvent: {}
[67.861096] (robot_navigation) StdoutLine: {'line': b'-- Found tf2_geometry_msgs: 0.25.22 (/opt/ros/humble/share/tf2_geometry_msgs/cmake)\n'}
[67.874958] (robot_navigation) StdoutLine: {'line': b'-- Found eigen3_cmake_module: 0.1.1 (/opt/ros/humble/share/eigen3_cmake_module/cmake)\n'}
[67.876278] (robot_navigation) StdoutLine: {'line': b'-- Found Eigen3: TRUE (found version "3.4.0") \n'}
[67.876501] (robot_navigation) StdoutLine: {'line': b'-- Ensuring Eigen3 include directory is part of orocos-kdl CMake target\n'}
[67.896458] (robot_navigation) StdoutLine: {'line': b'-- Found tf2_sensor_msgs: 0.25.22 (/opt/ros/humble/share/tf2_sensor_msgs/cmake)\n'}
[67.903572] (robot_navigation) StdoutLine: {'line': b'-- Found pcl_conversions: 2.4.5 (/opt/ros/humble/share/pcl_conversions/cmake)\n'}
[67.935892] (robot_navigation) StdoutLine: {'line': b"-- Checking for module 'eigen3'\n"}
[67.941323] (-) TimerEvent: {}
[67.948057] (robot_navigation) StdoutLine: {'line': b'--   Found eigen3, version 3.4.0\n'}
[67.985348] (robot_navigation) StdoutLine: {'line': b'-- Found Eigen: /usr/include/eigen3 (Required is at least version "3.1") \n'}
[67.985524] (robot_navigation) StdoutLine: {'line': b'-- Eigen found (include: /usr/include/eigen3, version: 3.4.0)\n'}
[68.019428] (robot_navigation) StdoutLine: {'line': b"-- Checking for module 'flann'\n"}
[68.031903] (robot_navigation) StdoutLine: {'line': b'--   Found flann, version 1.9.1\n'}
[68.041415] (-) TimerEvent: {}
[68.074949] (robot_navigation) StdoutLine: {'line': b'-- Found FLANN: /usr/lib/x86_64-linux-gnu/libflann_cpp.so  \n'}
[68.075188] (robot_navigation) StdoutLine: {'line': b'-- FLANN found (include: /usr/include, lib: /usr/lib/x86_64-linux-gnu/libflann_cpp.so)\n'}
[68.141507] (-) TimerEvent: {}
[68.241793] (-) TimerEvent: {}
[68.342101] (-) TimerEvent: {}
[68.442361] (-) TimerEvent: {}
[68.542573] (-) TimerEvent: {}
[68.642831] (-) TimerEvent: {}
[68.743123] (-) TimerEvent: {}
[68.843452] (-) TimerEvent: {}
[68.943694] (-) TimerEvent: {}
[69.012834] (robot_navigation) StdoutLine: {'line': b"-- Checking for module 'libusb-1.0'\n"}
[69.026966] (robot_navigation) StdoutLine: {'line': b'--   Found libusb-1.0, version 1.0.25\n'}
[69.043812] (-) TimerEvent: {}
[69.067727] (robot_navigation) StdoutLine: {'line': b'-- Found libusb: /usr/lib/x86_64-linux-gnu/libusb-1.0.so  \n'}
[69.068818] (robot_navigation) StdoutLine: {'line': b'-- OpenNI found (version: 1.5.4.0, include: /usr/include/ni, lib: /usr/lib/libOpenNI.so;libusb::libusb)\n'}
[69.125045] (robot_navigation) StdoutLine: {'line': b'-- OpenNI2 found (version: 2.2.0.33, include: /usr/include/openni2, lib: /usr/lib/x86_64-linux-gnu/libOpenNI2.so;libusb::libusb)\n'}
[69.143900] (-) TimerEvent: {}
[69.244268] (-) TimerEvent: {}
[69.288751] (robot_navigation) StdoutLine: {'line': b'-- Eigen found (include: /usr/include/eigen3, version: 3.4.0)\n'}
[69.294646] (robot_navigation) StdoutLine: {'line': b'-- OpenNI found (version: 1.5.4.0, include: /usr/include/ni, lib: /usr/lib/libOpenNI.so;libusb::libusb)\n'}
[69.300289] (robot_navigation) StdoutLine: {'line': b'-- OpenNI2 found (version: 2.2.0.33, include: /usr/include/openni2, lib: /usr/lib/x86_64-linux-gnu/libOpenNI2.so;libusb::libusb)\n'}
[69.344400] (-) TimerEvent: {}
[69.442688] (robot_navigation) StdoutLine: {'line': b'-- Found Qhull version 8.0.2\n'}
[69.444494] (-) TimerEvent: {}
[69.544770] (-) TimerEvent: {}
[69.593042] (robot_navigation) StdoutLine: {'line': b'-- OpenNI found (version: 1.5.4.0, include: /usr/include/ni, lib: /usr/lib/libOpenNI.so;libusb::libusb)\n'}
[69.644861] (-) TimerEvent: {}
[69.738363] (robot_navigation) StdoutLine: {'line': b'-- Found PCL_COMMON: /usr/lib/x86_64-linux-gnu/libpcl_common.so  \n'}
[69.739218] (robot_navigation) StdoutLine: {'line': b'-- Found PCL_KDTREE: /usr/lib/x86_64-linux-gnu/libpcl_kdtree.so  \n'}
[69.740020] (robot_navigation) StdoutLine: {'line': b'-- Found PCL_OCTREE: /usr/lib/x86_64-linux-gnu/libpcl_octree.so  \n'}
[69.740805] (robot_navigation) StdoutLine: {'line': b'-- Found PCL_SEARCH: /usr/lib/x86_64-linux-gnu/libpcl_search.so  \n'}
[69.741566] (robot_navigation) StdoutLine: {'line': b'-- Found PCL_SAMPLE_CONSENSUS: /usr/lib/x86_64-linux-gnu/libpcl_sample_consensus.so  \n'}
[69.742550] (robot_navigation) StdoutLine: {'line': b'-- Found PCL_FILTERS: /usr/lib/x86_64-linux-gnu/libpcl_filters.so  \n'}
[69.743017] (robot_navigation) StdoutLine: {'line': b'-- Found PCL_2D: /usr/include/pcl-1.12  \n'}
[69.743378] (robot_navigation) StdoutLine: {'line': b'-- Found PCL_GEOMETRY: /usr/include/pcl-1.12  \n'}
[69.744333] (robot_navigation) StdoutLine: {'line': b'-- Found PCL_IO: /usr/lib/x86_64-linux-gnu/libpcl_io.so  \n'}
[69.744947] (-) TimerEvent: {}
[69.745304] (robot_navigation) StdoutLine: {'line': b'-- Found PCL_FEATURES: /usr/lib/x86_64-linux-gnu/libpcl_features.so  \n'}
[69.746227] (robot_navigation) StdoutLine: {'line': b'-- Found PCL_ML: /usr/lib/x86_64-linux-gnu/libpcl_ml.so  \n'}
[69.747083] (robot_navigation) StdoutLine: {'line': b'-- Found PCL_SEGMENTATION: /usr/lib/x86_64-linux-gnu/libpcl_segmentation.so  \n'}
[69.748055] (robot_navigation) StdoutLine: {'line': b'-- Found PCL_VISUALIZATION: /usr/lib/x86_64-linux-gnu/libpcl_visualization.so  \n'}
[69.748979] (robot_navigation) StdoutLine: {'line': b'-- Found PCL_SURFACE: /usr/lib/x86_64-linux-gnu/libpcl_surface.so  \n'}
[69.749910] (robot_navigation) StdoutLine: {'line': b'-- Found PCL_REGISTRATION: /usr/lib/x86_64-linux-gnu/libpcl_registration.so  \n'}
[69.751673] (robot_navigation) StdoutLine: {'line': b'-- Found PCL_KEYPOINTS: /usr/lib/x86_64-linux-gnu/libpcl_keypoints.so  \n'}
[69.754397] (robot_navigation) StdoutLine: {'line': b'-- Found PCL_TRACKING: /usr/lib/x86_64-linux-gnu/libpcl_tracking.so  \n'}
[69.756815] (robot_navigation) StdoutLine: {'line': b'-- Found PCL_RECOGNITION: /usr/lib/x86_64-linux-gnu/libpcl_recognition.so  \n'}
[69.758750] (robot_navigation) StdoutLine: {'line': b'-- Found PCL_STEREO: /usr/lib/x86_64-linux-gnu/libpcl_stereo.so  \n'}
[69.759692] (robot_navigation) StdoutLine: {'line': b'-- Found PCL_APPS: /usr/lib/x86_64-linux-gnu/libpcl_apps.so  \n'}
[69.760595] (robot_navigation) StdoutLine: {'line': b'-- Found PCL_IN_HAND_SCANNER: /usr/include/pcl-1.12  \n'}
[69.760915] (robot_navigation) StdoutLine: {'line': b'-- Found PCL_MODELER: /usr/include/pcl-1.12  \n'}
[69.761541] (robot_navigation) StdoutLine: {'line': b'-- Found PCL_POINT_CLOUD_EDITOR: /usr/include/pcl-1.12  \n'}
[69.762526] (robot_navigation) StdoutLine: {'line': b'-- Found PCL_OUTOFCORE: /usr/lib/x86_64-linux-gnu/libpcl_outofcore.so  \n'}
[69.763421] (robot_navigation) StdoutLine: {'line': b'-- Found PCL_PEOPLE: /usr/lib/x86_64-linux-gnu/libpcl_people.so  \n'}
[69.775956] (robot_navigation) StdoutLine: {'line': b'-- Found OpenCV: /usr (found version "4.5.4") \n'}
[69.834516] (robot_navigation) StdoutLine: {'line': b'-- Found angles: 1.15.0 (/opt/ros/humble/share/angles/cmake)\n'}
[69.845043] (-) TimerEvent: {}
[69.854120] (robot_navigation) StdoutLine: {'line': b'-- Found nav2_costmap_2d: 1.1.20 (/opt/ros/humble/share/nav2_costmap_2d/cmake)\n'}
[69.945137] (-) TimerEvent: {}
[70.045395] (-) TimerEvent: {}
[70.128068] (robot_navigation) StdoutLine: {'line': b'-- Found PkgConfig: /usr/bin/pkg-config (found version "0.29.2") \n'}
[70.129397] (robot_navigation) StdoutLine: {'line': b"-- Checking for module 'nlopt'\n"}
[70.145488] (-) TimerEvent: {}
[70.158088] (robot_navigation) StdoutLine: {'line': b'--   Found nlopt, version 2.7.1\n'}
[70.199896] (robot_navigation) StdoutLine: {'line': b'-- Found robot_communication: 0.0.0 (/home/zheng/carerobot_slam_ros2/install/robot_communication/share/robot_communication/cmake)\n'}
[70.238228] (robot_navigation) StdoutLine: {'line': b'-- Found robot_costmap: 0.0.0 (/home/zheng/carerobot_slam_ros2/install/robot_costmap/share/robot_costmap/cmake)\n'}
[70.245604] (-) TimerEvent: {}
[70.345851] (-) TimerEvent: {}
[70.369010] (robot_navigation) StdoutLine: {'line': b'-- Configuring done\n'}
[70.445969] (-) TimerEvent: {}
[70.546295] (-) TimerEvent: {}
[70.627787] (robot_navigation) StdoutLine: {'line': b'-- Generating done\n'}
[70.646417] (-) TimerEvent: {}
[70.658037] (robot_navigation) StdoutLine: {'line': b'-- Build files have been written to: /home/zheng/carerobot_slam_ros2/build/robot_navigation\n'}
[70.682918] (robot_navigation) CommandEnded: {'returncode': 0}
[70.683670] (robot_navigation) JobProgress: {'identifier': 'robot_navigation', 'progress': 'build'}
[70.684583] (robot_navigation) Command: {'cmd': ['/usr/bin/cmake', '--build', '/home/zheng/carerobot_slam_ros2/build/robot_navigation', '--', '-j8', '-l8'], 'cwd': '/home/zheng/carerobot_slam_ros2/build/robot_navigation', 'env': OrderedDict([('GJS_DEBUG_TOPICS', 'JS ERROR;JS LOG'), ('PYTHON_BASIC_REPL', '1'), ('LESSOPEN', '| /usr/bin/lesspipe %s'), ('LANGUAGE', 'zh_CN:zh'), ('USER', 'zheng'), ('XDG_SESSION_TYPE', 'x11'), ('GIT_ASKPASS', '/usr/share/code/resources/app/extensions/git/dist/askpass.sh'), ('SHLVL', '1'), ('LD_LIBRARY_PATH', '/home/zheng/carerobot_slam_ros2/install/robot_costmap/lib:/home/zheng/carerobot_slam_ros2/install/robot_communication/lib:/usr/lib/x86_64-linux-gnu/gazebo-11/plugins:/opt/ros/humble/opt/rviz_ogre_vendor/lib:/opt/ros/humble/lib/x86_64-linux-gnu:/opt/ros/humble/lib'), ('HOME', '/home/zheng'), ('CHROME_DESKTOP', 'code.desktop'), ('TERM_PROGRAM_VERSION', '1.135.0'), ('DESKTOP_SESSION', 'ubuntu-xorg'), ('GIO_LAUNCHED_DESKTOP_FILE', '/usr/share/applications/code.desktop'), ('ROS_PYTHON_VERSION', '3'), ('GNOME_SHELL_SESSION_MODE', 'ubuntu'), ('GTK_MODULES', 'gail:atk-bridge'), ('VSCODE_GIT_ASKPASS_MAIN', '/usr/share/code/resources/app/extensions/git/dist/askpass-main.js'), ('VSCODE_GIT_ASKPASS_NODE', '/usr/share/code/code'), ('MANAGERPID', '1463'), ('PYDEVD_DISABLE_FILE_VALIDATION', '1'), ('SYSTEMD_EXEC_PID', '1745'), ('BUNDLED_DEBUGPY_PATH', '/home/zheng/.vscode/extensions/ms-python.debugpy-2026.6.0-linux-x64/bundled/libs/debugpy'), ('VSCODE_PYTHON_AUTOACTIVATE_GUARD', '1'), ('DBUS_SESSION_BUS_ADDRESS', 'unix:path=/run/user/1000/bus'), ('COLORTERM', 'truecolor'), ('GIO_LAUNCHED_DESKTOP_FILE_PID', '16113'), ('ROS_DISTRO', 'humble'), ('GTK_IM_MODULE', 'ibus'), ('LOGNAME', 'zheng'), ('JOURNAL_STREAM', '8:9109'), ('_', '/usr/bin/colcon'), ('ROS_VERSION', '2'), ('XDG_SESSION_CLASS', 'user'), ('USERNAME', 'zheng'), ('TERM', 'xterm-256color'), ('GNOME_DESKTOP_SESSION_ID', 'this-is-deprecated'), ('FC_FONTATIONS', '1'), ('ROS_LOCALHOST_ONLY', '0'), ('WINDOWPATH', '2'), ('PATH', '/home/zheng/.config/Code/User/globalStorage/github.copilot-chat/debugCommand:/home/zheng/.config/Code/User/globalStorage/github.copilot-chat/copilotCli:/opt/ros/humble/bin:/usr/local/sbin:/usr/local/bin:/usr/sbin:/usr/bin:/sbin:/bin:/usr/games:/usr/local/games:/snap/bin:/snap/bin:/home/zheng/.vscode/extensions/ms-python.debugpy-2026.6.0-linux-x64/bundled/scripts/noConfigScripts'), ('SESSION_MANAGER', 'local/zheng-Lenovo-Product:@/tmp/.ICE-unix/1722,unix/zheng-Lenovo-Product:/tmp/.ICE-unix/1722'), ('INVOCATION_ID', 'ac074399a22843219e3ebd3049ddf590'), ('XDG_MENU_PREFIX', 'gnome-'), ('XDG_RUNTIME_DIR', '/run/user/1000'), ('GDK_BACKEND', 'x11'), ('DISPLAY', ':0'), ('VSCODE_DEBUGPY_ADAPTER_ENDPOINTS', '/home/zheng/.vscode/extensions/ms-python.debugpy-2026.6.0-linux-x64/.noConfigDebugAdapterEndpoints/endpoint-85e0bbdd27a237cb.txt'), ('LANG', 'zh_CN.UTF-8'), ('XDG_CURRENT_DESKTOP', 'ubuntu:GNOME'), ('PYTHONSTARTUP', '/home/zheng/.config/Code/User/workspaceStorage/7c1638c18d6b6e2173098eecef125327/ms-python.python/pythonrc.py'), ('XMODIFIERS', '@im=ibus'), ('XDG_SESSION_DESKTOP', 'ubuntu-xorg'), ('XAUTHORITY', '/run/user/1000/gdm/Xauthority'), ('LS_COLORS', 'rs=0:di=01;34:ln=01;36:mh=00:pi=40;33:so=01;35:do=01;35:bd=40;33;01:cd=40;33;01:or=40;31;01:mi=00:su=37;41:sg=30;43:ca=30;41:tw=30;42:ow=34;42:st=37;44:ex=01;32:*.tar=01;31:*.tgz=01;31:*.arc=01;31:*.arj=01;31:*.taz=01;31:*.lha=01;31:*.lz4=01;31:*.lzh=01;31:*.lzma=01;31:*.tlz=01;31:*.txz=01;31:*.tzo=01;31:*.t7z=01;31:*.zip=01;31:*.z=01;31:*.dz=01;31:*.gz=01;31:*.lrz=01;31:*.lz=01;31:*.lzo=01;31:*.xz=01;31:*.zst=01;31:*.tzst=01;31:*.bz2=01;31:*.bz=01;31:*.tbz=01;31:*.tbz2=01;31:*.tz=01;31:*.deb=01;31:*.rpm=01;31:*.jar=01;31:*.war=01;31:*.ear=01;31:*.sar=01;31:*.rar=01;31:*.alz=01;31:*.ace=01;31:*.zoo=01;31:*.cpio=01;31:*.7z=01;31:*.rz=01;31:*.cab=01;31:*.wim=01;31:*.swm=01;31:*.dwm=01;31:*.esd=01;31:*.jpg=01;35:*.jpeg=01;35:*.mjpg=01;35:*.mjpeg=01;35:*.gif=01;35:*.bmp=01;35:*.pbm=01;35:*.pgm=01;35:*.ppm=01;35:*.tga=01;35:*.xbm=01;35:*.xpm=01;35:*.tif=01;35:*.tiff=01;35:*.png=01;35:*.svg=01;35:*.svgz=01;35:*.mng=01;35:*.pcx=01;35:*.mov=01;35:*.mpg=01;35:*.mpeg=01;35:*.m2v=01;35:*.mkv=01;35:*.webm=01;35:*.webp=01;35:*.ogm=01;35:*.mp4=01;35:*.m4v=01;35:*.mp4v=01;35:*.vob=01;35:*.qt=01;35:*.nuv=01;35:*.wmv=01;35:*.asf=01;35:*.rm=01;35:*.rmvb=01;35:*.flc=01;35:*.avi=01;35:*.fli=01;35:*.flv=01;35:*.gl=01;35:*.dl=01;35:*.xcf=01;35:*.xwd=01;35:*.yuv=01;35:*.cgm=01;35:*.emf=01;35:*.ogv=01;35:*.ogx=01;35:*.aac=00;36:*.au=00;36:*.flac=00;36:*.m4a=00;36:*.mid=00;36:*.midi=00;36:*.mka=00;36:*.mp3=00;36:*.mpc=00;36:*.ogg=00;36:*.ra=00;36:*.wav=00;36:*.oga=00;36:*.opus=00;36:*.spx=00;36:*.xspf=00;36:'), ('VSCODE_GIT_IPC_HANDLE', '/run/user/1000/vscode-git-f64114791b.sock'), ('TERM_PROGRAM', 'vscode'), ('SSH_AGENT_LAUNCHER', 'gnome-keyring'), ('SSH_AUTH_SOCK', '/run/user/1000/keyring/ssh'), ('AMENT_PREFIX_PATH', '/home/zheng/carerobot_slam_ros2/install/robot_costmap:/home/zheng/carerobot_slam_ros2/install/robot_communication:/opt/ros/humble'), ('SHELL', '/bin/bash'), ('QT_ACCESSIBILITY', '1'), ('GDMSESSION', 'ubuntu-xorg'), ('LESSCLOSE', '/usr/bin/lesspipe %s %s'), ('GPG_AGENT_INFO', '/run/user/1000/gnupg/S.gpg-agent:0:1'), ('GJS_DEBUG_OUTPUT', 'stderr'), ('GAZEBO_MODEL_DATABASE_URI', ''), ('VSCODE_GIT_ASKPASS_EXTRA_ARGS', ''), ('QT_IM_MODULE', 'ibus'), ('PWD', '/home/zheng/carerobot_slam_ros2/build/robot_navigation'), ('XDG_CONFIG_DIRS', '/etc/xdg/xdg-ubuntu-xorg:/etc/xdg'), ('COPILOT_DEBUG_NONCE', 'b2678e8931ad5b1b6842b5b0f9197177'), ('XDG_DATA_DIRS', '/usr/share/ubuntu-xorg:/usr/share/gnome:/usr/local/share/:/usr/share/:/var/lib/snapd/desktop'), ('PYTHONPATH', '/home/zheng/carerobot_slam_ros2/install/robot_communication/local/lib/python3.10/dist-packages:/opt/ros/humble/lib/python3.10/site-packages:/opt/ros/humble/local/lib/python3.10/dist-packages'), ('COLCON', '1'), ('CMAKE_PREFIX_PATH', '/home/zheng/carerobot_slam_ros2/install/robot_costmap:/home/zheng/carerobot_slam_ros2/install/robot_communication:/opt/ros/humble')]), 'shell': False}
[70.747989] (-) TimerEvent: {}
[70.751094] (robot_navigation) StdoutLine: {'line': b'[  4%] \x1b[32mBuilding CXX object CMakeFiles/motionPlan_node.dir/src/local_plan/differential_dwa.cpp.o\x1b[0m\n'}
[70.751532] (robot_navigation) StdoutLine: {'line': b'[  4%] \x1b[32mBuilding CXX object CMakeFiles/motionPlan_node.dir/src/math_tools/curve_fitting.cpp.o\x1b[0m\n'}
[70.751809] (robot_navigation) StdoutLine: {'line': b'[  9%] \x1b[32mBuilding CXX object CMakeFiles/Differential_DWA_node.dir/src/local_plan/differential_dwa.cpp.o\x1b[0m\n'}
[70.752142] (robot_navigation) StdoutLine: {'line': b'[  9%] \x1b[32mBuilding CXX object CMakeFiles/motionPlan_node.dir/src/nodes/motionPlan_node.cpp.o\x1b[0m\n'}
[70.752458] (robot_navigation) StdoutLine: {'line': b'[ 11%] \x1b[32mBuilding CXX object CMakeFiles/Differential_DWA_node.dir/src/math_tools/filter.cpp.o\x1b[0m\n'}
[70.752749] (robot_navigation) StdoutLine: {'line': b'[ 14%] \x1b[32mBuilding CXX object CMakeFiles/Differential_DWA_node.dir/src/math_tools/curve_fitting.cpp.o\x1b[0m\n'}
[70.753492] (robot_navigation) StdoutLine: {'line': b'[ 16%] \x1b[32mBuilding CXX object CMakeFiles/Differential_DWA_node.dir/src/nodes/differential_DWA_node.cpp.o\x1b[0m\n'}
[70.755148] (robot_navigation) StdoutLine: {'line': b'[ 19%] \x1b[32mBuilding CXX object CMakeFiles/motionPlan_node.dir/src/math_tools/filter.cpp.o\x1b[0m\n'}
[70.848092] (-) TimerEvent: {}
[70.952990] (-) TimerEvent: {}
[71.055995] (-) TimerEvent: {}
[71.160998] (-) TimerEvent: {}
[71.261338] (-) TimerEvent: {}
[71.363990] (-) TimerEvent: {}
[71.464349] (-) TimerEvent: {}
[71.565749] (-) TimerEvent: {}
[71.666309] (-) TimerEvent: {}
[71.766944] (-) TimerEvent: {}
[71.867586] (-) TimerEvent: {}
[71.970552] (-) TimerEvent: {}
[72.070963] (-) TimerEvent: {}
[72.172995] (-) TimerEvent: {}
[72.273390] (-) TimerEvent: {}
[72.375001] (-) TimerEvent: {}
[72.486008] (-) TimerEvent: {}
[72.588183] (-) TimerEvent: {}
[72.692992] (-) TimerEvent: {}
[72.793298] (-) TimerEvent: {}
[72.895109] (-) TimerEvent: {}
[72.995437] (-) TimerEvent: {}
[73.098373] (-) TimerEvent: {}
[73.200873] (-) TimerEvent: {}
[73.301910] (-) TimerEvent: {}
[73.402293] (-) TimerEvent: {}
[73.502706] (-) TimerEvent: {}
[73.603725] (-) TimerEvent: {}
[73.704154] (-) TimerEvent: {}
[73.804843] (-) TimerEvent: {}
[73.906221] (-) TimerEvent: {}
[73.935597] (robot_navigation) StdoutLine: {'line': b'[ 21%] \x1b[32mBuilding CXX object CMakeFiles/motionPlan_node.dir/src/motionPlan/motionPlan.cpp.o\x1b[0m\n'}
[74.008318] (-) TimerEvent: {}
[74.108637] (-) TimerEvent: {}
[74.129000] (robot_navigation) StdoutLine: {'line': b'[ 23%] \x1b[32mBuilding CXX object CMakeFiles/Differential_DWA_node.dir/src/motionPlan/motionPlan.cpp.o\x1b[0m\n'}
[74.208745] (-) TimerEvent: {}
[74.310989] (-) TimerEvent: {}
[74.411290] (-) TimerEvent: {}
[74.511671] (-) TimerEvent: {}
[74.612126] (-) TimerEvent: {}
[74.712539] (-) TimerEvent: {}
[74.812918] (-) TimerEvent: {}
[74.913329] (-) TimerEvent: {}
[75.013731] (-) TimerEvent: {}
[75.114137] (-) TimerEvent: {}
[75.214541] (-) TimerEvent: {}
[75.314952] (-) TimerEvent: {}
[75.415354] (-) TimerEvent: {}
[75.515762] (-) TimerEvent: {}
[75.616164] (-) TimerEvent: {}
[75.716995] (-) TimerEvent: {}
[75.817376] (-) TimerEvent: {}
[75.919226] (-) TimerEvent: {}
[76.019609] (-) TimerEvent: {}
[76.119988] (-) TimerEvent: {}
[76.220651] (-) TimerEvent: {}
[76.321067] (-) TimerEvent: {}
[76.421987] (-) TimerEvent: {}
[76.522374] (-) TimerEvent: {}
[76.626279] (-) TimerEvent: {}
[76.726956] (-) TimerEvent: {}
[76.827699] (-) TimerEvent: {}
[76.929987] (-) TimerEvent: {}
[77.030356] (-) TimerEvent: {}
[77.130765] (-) TimerEvent: {}
[77.231315] (-) TimerEvent: {}
[77.331994] (-) TimerEvent: {}
[77.432669] (-) TimerEvent: {}
[77.533059] (-) TimerEvent: {}
[77.633456] (-) TimerEvent: {}
[77.733877] (-) TimerEvent: {}
[77.834620] (-) TimerEvent: {}
[77.934915] (-) TimerEvent: {}
[78.035331] (-) TimerEvent: {}
[78.135727] (-) TimerEvent: {}
[78.238187] (-) TimerEvent: {}
[78.338587] (-) TimerEvent: {}
[78.440985] (-) TimerEvent: {}
[78.541370] (-) TimerEvent: {}
[78.641744] (-) TimerEvent: {}
[78.743080] (-) TimerEvent: {}
[78.843720] (-) TimerEvent: {}
[78.944380] (-) TimerEvent: {}
[79.044751] (-) TimerEvent: {}
[79.145115] (-) TimerEvent: {}
[79.245481] (-) TimerEvent: {}
[79.348983] (-) TimerEvent: {}
[79.449633] (-) TimerEvent: {}
[79.523055] (robot_navigation) StderrLine: {'line': b'\x1b[01m\x1b[K/home/zheng/carerobot_slam_ros2/src/robot_navigation/src/math_tools/curve_fitting.cpp:\x1b[m\x1b[K In member function \xe2\x80\x98\x1b[01m\x1b[Kdouble math_tools::curve_fitting::calDerivative(Eigen::MatrixXd, double)\x1b[m\x1b[K\xe2\x80\x99:\n'}
[79.523494] (robot_navigation) StderrLine: {'line': b'\x1b[01m\x1b[K/home/zheng/carerobot_slam_ros2/src/robot_navigation/src/math_tools/curve_fitting.cpp:97:5:\x1b[m\x1b[K \x1b[01;35m\x1b[Kwarning: \x1b[m\x1b[K\xe2\x80\x98\x1b[01m\x1b[Klast\x1b[m\x1b[K\xe2\x80\x99 may be used uninitialized [\x1b[01;35m\x1b[K\x1b]8;;https://gcc.gnu.org/onlinedocs/gcc/Warning-Options.html#index-Wmaybe-uninitialized\x07-Wmaybe-uninitialized\x1b]8;;\x07\x1b[m\x1b[K]\n'}
[79.523744] (robot_navigation) StderrLine: {'line': b'   97 |     \x1b[01;35m\x1b[Kif\x1b[m\x1b[K(derivatives < 0)\n'}
[79.523975] (robot_navigation) StderrLine: {'line': b'      |     \x1b[01;35m\x1b[K^~\x1b[m\x1b[K\n'}
[79.551994] (-) TimerEvent: {}
[79.652617] (-) TimerEvent: {}
[79.672235] (robot_navigation) StderrLine: {'line': b'\x1b[01m\x1b[K/home/zheng/carerobot_slam_ros2/src/robot_navigation/src/math_tools/curve_fitting.cpp:\x1b[m\x1b[K In member function \xe2\x80\x98\x1b[01m\x1b[Kdouble math_tools::curve_fitting::calDerivative(Eigen::MatrixXd, double)\x1b[m\x1b[K\xe2\x80\x99:\n'}
[79.672881] (robot_navigation) StderrLine: {'line': b'\x1b[01m\x1b[K/home/zheng/carerobot_slam_ros2/src/robot_navigation/src/math_tools/curve_fitting.cpp:97:5:\x1b[m\x1b[K \x1b[01;35m\x1b[Kwarning: \x1b[m\x1b[K\xe2\x80\x98\x1b[01m\x1b[Klast\x1b[m\x1b[K\xe2\x80\x99 may be used uninitialized [\x1b[01;35m\x1b[K\x1b]8;;https://gcc.gnu.org/onlinedocs/gcc/Warning-Options.html#index-Wmaybe-uninitialized\x07-Wmaybe-uninitialized\x1b]8;;\x07\x1b[m\x1b[K]\n'}
[79.673179] (robot_navigation) StderrLine: {'line': b'   97 |     \x1b[01;35m\x1b[Kif\x1b[m\x1b[K(derivatives < 0)\n'}
[79.673406] (robot_navigation) StderrLine: {'line': b'      |     \x1b[01;35m\x1b[K^~\x1b[m\x1b[K\n'}
[79.673613] (robot_navigation) StdoutLine: {'line': b'[ 26%] \x1b[32mBuilding CXX object CMakeFiles/motionPlan_node.dir/src/path_follow/pid_follow.cpp.o\x1b[0m\n'}
[79.752721] (-) TimerEvent: {}
[79.853137] (-) TimerEvent: {}
[79.867011] (robot_navigation) StdoutLine: {'line': b'[ 28%] \x1b[32mBuilding CXX object CMakeFiles/motionPlan_node.dir/src/path_optimization/BSpline.cpp.o\x1b[0m\n'}
[79.953233] (-) TimerEvent: {}
[80.055081] (-) TimerEvent: {}
[80.155456] (-) TimerEvent: {}
[80.261215] (-) TimerEvent: {}
[80.361820] (-) TimerEvent: {}
[80.465513] (-) TimerEvent: {}
[80.565891] (-) TimerEvent: {}
[80.666301] (-) TimerEvent: {}
[80.767999] (-) TimerEvent: {}
[80.868400] (-) TimerEvent: {}
[80.968797] (-) TimerEvent: {}
[81.069192] (-) TimerEvent: {}
[81.169610] (-) TimerEvent: {}
[81.251023] (robot_navigation) StdoutLine: {'line': b'[ 30%] \x1b[32mBuilding CXX object CMakeFiles/Differential_DWA_node.dir/src/path_follow/pid_follow.cpp.o\x1b[0m\n'}
[81.269713] (-) TimerEvent: {}
[81.370996] (-) TimerEvent: {}
[81.471600] (-) TimerEvent: {}
[81.572090] (-) TimerEvent: {}
[81.674829] (-) TimerEvent: {}
[81.775990] (-) TimerEvent: {}
[81.876561] (-) TimerEvent: {}
[81.977143] (-) TimerEvent: {}
[82.002779] (robot_navigation) StderrLine: {'line': b'\x1b[01m\x1b[K/home/zheng/carerobot_slam_ros2/src/robot_navigation/src/path_follow/pid_follow.cpp:\x1b[m\x1b[K In constructor \xe2\x80\x98\x1b[01m\x1b[Kpid_follow::pid_follow(double, double, double, double, double)\x1b[m\x1b[K\xe2\x80\x99:\n'}
[82.003147] (robot_navigation) StderrLine: {'line': b'\x1b[01m\x1b[K/home/zheng/carerobot_slam_ros2/src/robot_navigation/src/path_follow/pid_follow.cpp:17:31:\x1b[m\x1b[K \x1b[01;35m\x1b[Kwarning: \x1b[m\x1b[Kunused parameter \xe2\x80\x98\x1b[01m\x1b[K_kp\x1b[m\x1b[K\xe2\x80\x99 [\x1b[01;35m\x1b[K\x1b]8;;https://gcc.gnu.org/onlinedocs/gcc/Warning-Options.html#index-Wunused-parameter\x07-Wunused-parameter\x1b]8;;\x07\x1b[m\x1b[K]\n'}
[82.003421] (robot_navigation) StderrLine: {'line': b'   17 | pid_follow::pid_follow(\x1b[01;35m\x1b[Kdouble _kp\x1b[m\x1b[K, double _ki,double _kd, double _speedLimit, double _forwardDistance)\n'}
[82.003539] (robot_navigation) StderrLine: {'line': b'      |                        \x1b[01;35m\x1b[K~~~~~~~^~~\x1b[m\x1b[K\n'}
[82.003795] (robot_navigation) StderrLine: {'line': b'\x1b[01m\x1b[K/home/zheng/carerobot_slam_ros2/src/robot_navigation/src/path_follow/pid_follow.cpp:17:43:\x1b[m\x1b[K \x1b[01;35m\x1b[Kwarning: \x1b[m\x1b[Kunused parameter \xe2\x80\x98\x1b[01m\x1b[K_ki\x1b[m\x1b[K\xe2\x80\x99 [\x1b[01;35m\x1b[K\x1b]8;;https://gcc.gnu.org/onlinedocs/gcc/Warning-Options.html#index-Wunused-parameter\x07-Wunused-parameter\x1b]8;;\x07\x1b[m\x1b[K]\n'}
[82.006002] (robot_navigation) StderrLine: {'line': b'   17 | pid_follow::pid_follow(double _kp, \x1b[01;35m\x1b[Kdouble _ki\x1b[m\x1b[K,double _kd, double _speedLimit, double _forwardDistance)\n'}
[82.006312] (robot_navigation) StderrLine: {'line': b'      |                                    \x1b[01;35m\x1b[K~~~~~~~^~~\x1b[m\x1b[K\n'}
[82.006429] (robot_navigation) StderrLine: {'line': b'\x1b[01m\x1b[K/home/zheng/carerobot_slam_ros2/src/robot_navigation/src/path_follow/pid_follow.cpp:17:54:\x1b[m\x1b[K \x1b[01;35m\x1b[Kwarning: \x1b[m\x1b[Kunused parameter \xe2\x80\x98\x1b[01m\x1b[K_kd\x1b[m\x1b[K\xe2\x80\x99 [\x1b[01;35m\x1b[K\x1b]8;;https://gcc.gnu.org/onlinedocs/gcc/Warning-Options.html#index-Wunused-parameter\x07-Wunused-parameter\x1b]8;;\x07\x1b[m\x1b[K]\n'}
[82.006518] (robot_navigation) StderrLine: {'line': b'   17 | pid_follow::pid_follow(double _kp, double _ki,\x1b[01;35m\x1b[Kdouble _kd\x1b[m\x1b[K, double _speedLimit, double _forwardDistance)\n'}
[82.006598] (robot_navigation) StderrLine: {'line': b'      |                                               \x1b[01;35m\x1b[K~~~~~~~^~~\x1b[m\x1b[K\n'}
[82.077239] (-) TimerEvent: {}
[82.177871] (-) TimerEvent: {}
[82.279335] (-) TimerEvent: {}
[82.294543] (robot_navigation) StdoutLine: {'line': b'[ 33%] \x1b[32mBuilding CXX object CMakeFiles/Differential_DWA_node.dir/src/path_optimization/BSpline.cpp.o\x1b[0m\n'}
[82.379445] (-) TimerEvent: {}
[82.479999] (-) TimerEvent: {}
[82.582382] (-) TimerEvent: {}
[82.683059] (-) TimerEvent: {}
[82.783434] (-) TimerEvent: {}
[82.814892] (robot_navigation) StdoutLine: {'line': b'[ 35%] \x1b[32mBuilding CXX object CMakeFiles/motionPlan_node.dir/src/path_optimization/bezier_curve.cpp.o\x1b[0m\n'}
[82.883549] (-) TimerEvent: {}
[82.984037] (-) TimerEvent: {}
[83.086997] (-) TimerEvent: {}
[83.189999] (-) TimerEvent: {}
[83.290433] (-) TimerEvent: {}
[83.393414] (-) TimerEvent: {}
[83.495231] (-) TimerEvent: {}
[83.595574] (-) TimerEvent: {}
[83.636065] (robot_navigation) StderrLine: {'line': b'\x1b[01m\x1b[K/home/zheng/carerobot_slam_ros2/src/robot_navigation/src/path_follow/pid_follow.cpp:\x1b[m\x1b[K In constructor \xe2\x80\x98\x1b[01m\x1b[Kpid_follow::pid_follow(double, double, double, double, double)\x1b[m\x1b[K\xe2\x80\x99:\n'}
[83.636302] (robot_navigation) StderrLine: {'line': b'\x1b[01m\x1b[K/home/zheng/carerobot_slam_ros2/src/robot_navigation/src/path_follow/pid_follow.cpp:17:31:\x1b[m\x1b[K \x1b[01;35m\x1b[Kwarning: \x1b[m\x1b[Kunused parameter \xe2\x80\x98\x1b[01m\x1b[K_kp\x1b[m\x1b[K\xe2\x80\x99 [\x1b[01;35m\x1b[K\x1b]8;;https://gcc.gnu.org/onlinedocs/gcc/Warning-Options.html#index-Wunused-parameter\x07-Wunused-parameter\x1b]8;;\x07\x1b[m\x1b[K]\n'}
[83.636433] (robot_navigation) StderrLine: {'line': b'   17 | pid_follow::pid_follow(\x1b[01;35m\x1b[Kdouble _kp\x1b[m\x1b[K, double _ki,double _kd, double _speedLimit, double _forwardDistance)\n'}
[83.636552] (robot_navigation) StderrLine: {'line': b'      |                        \x1b[01;35m\x1b[K~~~~~~~^~~\x1b[m\x1b[K\n'}
[83.636664] (robot_navigation) StderrLine: {'line': b'\x1b[01m\x1b[K/home/zheng/carerobot_slam_ros2/src/robot_navigation/src/path_follow/pid_follow.cpp:17:43:\x1b[m\x1b[K \x1b[01;35m\x1b[Kwarning: \x1b[m\x1b[Kunused parameter \xe2\x80\x98\x1b[01m\x1b[K_ki\x1b[m\x1b[K\xe2\x80\x99 [\x1b[01;35m\x1b[K\x1b]8;;https://gcc.gnu.org/onlinedocs/gcc/Warning-Options.html#index-Wunused-parameter\x07-Wunused-parameter\x1b]8;;\x07\x1b[m\x1b[K]\n'}
[83.636785] (robot_navigation) StderrLine: {'line': b'   17 | pid_follow::pid_follow(double _kp, \x1b[01;35m\x1b[Kdouble _ki\x1b[m\x1b[K,double _kd, double _speedLimit, double _forwardDistance)\n'}
[83.636899] (robot_navigation) StderrLine: {'line': b'      |                                    \x1b[01;35m\x1b[K~~~~~~~^~~\x1b[m\x1b[K\n'}
[83.637086] (robot_navigation) StderrLine: {'line': b'\x1b[01m\x1b[K/home/zheng/carerobot_slam_ros2/src/robot_navigation/src/path_follow/pid_follow.cpp:17:54:\x1b[m\x1b[K \x1b[01;35m\x1b[Kwarning: \x1b[m\x1b[Kunused parameter \xe2\x80\x98\x1b[01m\x1b[K_kd\x1b[m\x1b[K\xe2\x80\x99 [\x1b[01;35m\x1b[K\x1b]8;;https://gcc.gnu.org/onlinedocs/gcc/Warning-Options.html#index-Wunused-parameter\x07-Wunused-parameter\x1b]8;;\x07\x1b[m\x1b[K]\n'}
[83.637193] (robot_navigation) StderrLine: {'line': b'   17 | pid_follow::pid_follow(double _kp, double _ki,\x1b[01;35m\x1b[Kdouble _kd\x1b[m\x1b[K, double _speedLimit, double _forwardDistance)\n'}
[83.637306] (robot_navigation) StderrLine: {'line': b'      |                                               \x1b[01;35m\x1b[K~~~~~~~^~~\x1b[m\x1b[K\n'}
[83.698994] (-) TimerEvent: {}
[83.799385] (-) TimerEvent: {}
[83.900068] (-) TimerEvent: {}
[84.001001] (-) TimerEvent: {}
[84.030073] (robot_navigation) StdoutLine: {'line': b'[ 38%] \x1b[32mBuilding CXX object CMakeFiles/Differential_DWA_node.dir/src/path_optimization/bezier_curve.cpp.o\x1b[0m\n'}
[84.101107] (-) TimerEvent: {}
[84.201493] (-) TimerEvent: {}
[84.301887] (-) TimerEvent: {}
[84.402576] (-) TimerEvent: {}
[84.503189] (-) TimerEvent: {}
[84.603516] (-) TimerEvent: {}
[84.703835] (-) TimerEvent: {}
[84.804180] (-) TimerEvent: {}
[84.906315] (-) TimerEvent: {}
[85.006969] (-) TimerEvent: {}
[85.039860] (robot_navigation) StdoutLine: {'line': b'[ 40%] \x1b[32mBuilding CXX object CMakeFiles/Differential_DWA_node.dir/src/path_optimization/bspline_optimizer.cpp.o\x1b[0m\n'}
[85.107072] (-) TimerEvent: {}
[85.207396] (-) TimerEvent: {}
[85.307786] (-) TimerEvent: {}
[85.408189] (-) TimerEvent: {}
[85.508592] (-) TimerEvent: {}
[85.610030] (-) TimerEvent: {}
[85.710683] (-) TimerEvent: {}
[85.824995] (-) TimerEvent: {}
[85.926005] (-) TimerEvent: {}
[86.026343] (-) TimerEvent: {}
[86.129001] (-) TimerEvent: {}
[86.230997] (-) TimerEvent: {}
[86.291102] (robot_navigation) StderrLine: {'line': b'\x1b[01m\x1b[K/home/zheng/carerobot_slam_ros2/src/robot_navigation/src/motionPlan/motionPlan.cpp:\x1b[m\x1b[K In member function \xe2\x80\x98\x1b[01m\x1b[Kvoid motionPlan::staticMapCallback(nav_msgs::msg::OccupancyGrid_<std::allocator<void> >::SharedPtr)\x1b[m\x1b[K\xe2\x80\x99:\n'}
[86.291612] (robot_navigation) StderrLine: {'line': b'\x1b[01m\x1b[K/home/zheng/carerobot_slam_ros2/src/robot_navigation/src/motionPlan/motionPlan.cpp:409:30:\x1b[m\x1b[K \x1b[01;35m\x1b[Kwarning: \x1b[m\x1b[Kcomparison of integer expressions of different signedness: \xe2\x80\x98\x1b[01m\x1b[Kunsigned int\x1b[m\x1b[K\xe2\x80\x99 and \xe2\x80\x98\x1b[01m\x1b[Kint\x1b[m\x1b[K\xe2\x80\x99 [\x1b[01;35m\x1b[K\x1b]8;;https://gcc.gnu.org/onlinedocs/gcc/Warning-Options.html#index-Wsign-compare\x07-Wsign-compare\x1b]8;;\x07\x1b[m\x1b[K]\n'}
[86.291912] (robot_navigation) StderrLine: {'line': b'  409 |   for (unsigned int i = 0; \x1b[01;35m\x1b[Ki < pathNav.width\x1b[m\x1b[K; i++)\n'}
[86.292195] (robot_navigation) StderrLine: {'line': b'      |                            \x1b[01;35m\x1b[K~~^~~~~~~~~~~~~~~\x1b[m\x1b[K\n'}
[86.296068] (robot_navigation) StderrLine: {'line': b'\x1b[01m\x1b[K/home/zheng/carerobot_slam_ros2/src/robot_navigation/src/motionPlan/motionPlan.cpp:411:32:\x1b[m\x1b[K \x1b[01;35m\x1b[Kwarning: \x1b[m\x1b[Kcomparison of integer expressions of different signedness: \xe2\x80\x98\x1b[01m\x1b[Kunsigned int\x1b[m\x1b[K\xe2\x80\x99 and \xe2\x80\x98\x1b[01m\x1b[Kint\x1b[m\x1b[K\xe2\x80\x99 [\x1b[01;35m\x1b[K\x1b]8;;https://gcc.gnu.org/onlinedocs/gcc/Warning-Options.html#index-Wsign-compare\x07-Wsign-compare\x1b]8;;\x07\x1b[m\x1b[K]\n'}
[86.296480] (robot_navigation) StderrLine: {'line': b'  411 |     for (unsigned int j = 0; \x1b[01;35m\x1b[Kj < pathNav.height\x1b[m\x1b[K; j++)\n'}
[86.296697] (robot_navigation) StderrLine: {'line': b'      |                              \x1b[01;35m\x1b[K~~^~~~~~~~~~~~~~~~\x1b[m\x1b[K\n'}
[86.331104] (-) TimerEvent: {}
[86.431848] (-) TimerEvent: {}
[86.532598] (-) TimerEvent: {}
[86.633414] (-) TimerEvent: {}
[86.734145] (-) TimerEvent: {}
[86.836013] (-) TimerEvent: {}
[86.939003] (-) TimerEvent: {}
[87.039426] (-) TimerEvent: {}
[87.140134] (-) TimerEvent: {}
[87.240885] (-) TimerEvent: {}
[87.256125] (robot_navigation) StderrLine: {'line': b'\x1b[01m\x1b[K/home/zheng/carerobot_slam_ros2/src/robot_navigation/src/motionPlan/motionPlan.cpp:\x1b[m\x1b[K In member function \xe2\x80\x98\x1b[01m\x1b[Kvoid motionPlan::staticMapCallback(nav_msgs::msg::OccupancyGrid_<std::allocator<void> >::SharedPtr)\x1b[m\x1b[K\xe2\x80\x99:\n'}
[87.256596] (robot_navigation) StderrLine: {'line': b'\x1b[01m\x1b[K/home/zheng/carerobot_slam_ros2/src/robot_navigation/src/motionPlan/motionPlan.cpp:409:30:\x1b[m\x1b[K \x1b[01;35m\x1b[Kwarning: \x1b[m\x1b[Kcomparison of integer expressions of different signedness: \xe2\x80\x98\x1b[01m\x1b[Kunsigned int\x1b[m\x1b[K\xe2\x80\x99 and \xe2\x80\x98\x1b[01m\x1b[Kint\x1b[m\x1b[K\xe2\x80\x99 [\x1b[01;35m\x1b[K\x1b]8;;https://gcc.gnu.org/onlinedocs/gcc/Warning-Options.html#index-Wsign-compare\x07-Wsign-compare\x1b]8;;\x07\x1b[m\x1b[K]\n'}
[87.256875] (robot_navigation) StderrLine: {'line': b'  409 |   for (unsigned int i = 0; \x1b[01;35m\x1b[Ki < pathNav.width\x1b[m\x1b[K; i++)\n'}
[87.257165] (robot_navigation) StderrLine: {'line': b'      |                            \x1b[01;35m\x1b[K~~^~~~~~~~~~~~~~~\x1b[m\x1b[K\n'}
[87.259879] (robot_navigation) StderrLine: {'line': b'\x1b[01m\x1b[K/home/zheng/carerobot_slam_ros2/src/robot_navigation/src/motionPlan/motionPlan.cpp:411:32:\x1b[m\x1b[K \x1b[01;35m\x1b[Kwarning: \x1b[m\x1b[Kcomparison of integer expressions of different signedness: \xe2\x80\x98\x1b[01m\x1b[Kunsigned int\x1b[m\x1b[K\xe2\x80\x99 and \xe2\x80\x98\x1b[01m\x1b[Kint\x1b[m\x1b[K\xe2\x80\x99 [\x1b[01;35m\x1b[K\x1b]8;;https://gcc.gnu.org/onlinedocs/gcc/Warning-Options.html#index-Wsign-compare\x07-Wsign-compare\x1b]8;;\x07\x1b[m\x1b[K]\n'}
[87.260241] (robot_navigation) StderrLine: {'line': b'  411 |     for (unsigned int j = 0; \x1b[01;35m\x1b[Kj < pathNav.height\x1b[m\x1b[K; j++)\n'}
[87.260556] (robot_navigation) StderrLine: {'line': b'      |                              \x1b[01;35m\x1b[K~~^~~~~~~~~~~~~~~~\x1b[m\x1b[K\n'}
[87.340997] (-) TimerEvent: {}
[87.441420] (-) TimerEvent: {}
[87.541821] (-) TimerEvent: {}
[87.642222] (-) TimerEvent: {}
[87.750997] (-) TimerEvent: {}
[87.820290] (robot_navigation) StdoutLine: {'line': b'[ 42%] \x1b[32mBuilding CXX object CMakeFiles/Differential_DWA_node.dir/src/path_optimization/corridor_optimizer.cpp.o\x1b[0m\n'}
[87.851099] (-) TimerEvent: {}
[87.951773] (-) TimerEvent: {}
[88.052469] (-) TimerEvent: {}
[88.153192] (-) TimerEvent: {}
[88.253872] (-) TimerEvent: {}
[88.354373] (-) TimerEvent: {}
[88.454741] (-) TimerEvent: {}
[88.564989] (-) TimerEvent: {}
[88.673053] (-) TimerEvent: {}
[88.775984] (-) TimerEvent: {}
[88.876393] (-) TimerEvent: {}
[88.977064] (-) TimerEvent: {}
[89.077430] (-) TimerEvent: {}
[89.177818] (-) TimerEvent: {}
[89.278201] (-) TimerEvent: {}
[89.378831] (-) TimerEvent: {}
[89.479521] (-) TimerEvent: {}
[89.580171] (-) TimerEvent: {}
[89.680797] (-) TimerEvent: {}
[89.782983] (-) TimerEvent: {}
[89.883637] (-) TimerEvent: {}
[89.984284] (-) TimerEvent: {}
[90.084920] (-) TimerEvent: {}
[90.185544] (-) TimerEvent: {}
[90.286190] (-) TimerEvent: {}
[90.386599] (-) TimerEvent: {}
[90.487812] (-) TimerEvent: {}
[90.503716] (robot_navigation) StdoutLine: {'line': b'[ 45%] \x1b[32mBuilding CXX object CMakeFiles/Differential_DWA_node.dir/src/path_optimization/fast_security.cpp.o\x1b[0m\n'}
[90.587922] (-) TimerEvent: {}
[90.691230] (-) TimerEvent: {}
[90.791593] (-) TimerEvent: {}
[90.892276] (-) TimerEvent: {}
[90.992982] (-) TimerEvent: {}
[91.093329] (-) TimerEvent: {}
[91.193704] (-) TimerEvent: {}
[91.294091] (-) TimerEvent: {}
[91.394455] (-) TimerEvent: {}
[91.494826] (-) TimerEvent: {}
[91.595203] (-) TimerEvent: {}
[91.695582] (-) TimerEvent: {}
[91.798627] (-) TimerEvent: {}
[91.899002] (-) TimerEvent: {}
[91.999688] (-) TimerEvent: {}
[92.100073] (-) TimerEvent: {}
[92.200448] (-) TimerEvent: {}
[92.314692] (robot_navigation) StdoutLine: {'line': b'[ 47%] \x1b[32mBuilding CXX object CMakeFiles/motionPlan_node.dir/src/path_optimization/bspline_optimizer.cpp.o\x1b[0m\n'}
[92.314895] (-) TimerEvent: {}
[92.415987] (-) TimerEvent: {}
[92.516283] (-) TimerEvent: {}
[92.616585] (-) TimerEvent: {}
[92.716887] (-) TimerEvent: {}
[92.818491] (-) TimerEvent: {}
[92.919252] (-) TimerEvent: {}
[93.019943] (-) TimerEvent: {}
[93.122995] (-) TimerEvent: {}
[93.223314] (-) TimerEvent: {}
[93.323640] (-) TimerEvent: {}
[93.424991] (-) TimerEvent: {}
[93.525825] (-) TimerEvent: {}
[93.626558] (-) TimerEvent: {}
[93.701892] (robot_navigation) StderrLine: {'line': b'\x1b[01m\x1b[K/home/zheng/carerobot_slam_ros2/src/robot_navigation/src/path_optimization/bspline_optimizer.cpp:\x1b[m\x1b[K In member function \xe2\x80\x98\x1b[01m\x1b[Kvoid dyn_planner::BsplineOptimizer::optimize(int, bool, double)\x1b[m\x1b[K\xe2\x80\x99:\n'}
[93.704366] (robot_navigation) StderrLine: {'line': b'\x1b[01m\x1b[K/home/zheng/carerobot_slam_ros2/src/robot_navigation/src/path_optimization/bspline_optimizer.cpp:134:21:\x1b[m\x1b[K \x1b[01;35m\x1b[Kwarning: \x1b[m\x1b[Kunused variable \xe2\x80\x98\x1b[01m\x1b[Kresult\x1b[m\x1b[K\xe2\x80\x99 [\x1b[01;35m\x1b[K\x1b]8;;https://gcc.gnu.org/onlinedocs/gcc/Warning-Options.html#index-Wunused-variable\x07-Wunused-variable\x1b]8;;\x07\x1b[m\x1b[K]\n'}
[93.704653] (robot_navigation) StderrLine: {'line': b'  134 |       nlopt::result \x1b[01;35m\x1b[Kresult\x1b[m\x1b[K = opt.optimize(q, final_cost);\n'}
[93.704917] (robot_navigation) StderrLine: {'line': b'      |                     \x1b[01;35m\x1b[K^~~~~~\x1b[m\x1b[K\n'}
[93.726664] (-) TimerEvent: {}
[93.827071] (-) TimerEvent: {}
[93.927472] (-) TimerEvent: {}
[94.027875] (-) TimerEvent: {}
[94.128282] (-) TimerEvent: {}
[94.231251] (-) TimerEvent: {}
[94.331638] (-) TimerEvent: {}
[94.433989] (-) TimerEvent: {}
[94.534349] (-) TimerEvent: {}
[94.634739] (-) TimerEvent: {}
[94.735148] (-) TimerEvent: {}
[94.835538] (-) TimerEvent: {}
[94.935918] (-) TimerEvent: {}
[95.037224] (-) TimerEvent: {}
[95.137641] (-) TimerEvent: {}
[95.238049] (-) TimerEvent: {}
[95.338433] (-) TimerEvent: {}
[95.440001] (-) TimerEvent: {}
[95.545994] (-) TimerEvent: {}
[95.646389] (-) TimerEvent: {}
[95.746794] (-) TimerEvent: {}
[95.849995] (-) TimerEvent: {}
[95.950379] (-) TimerEvent: {}
[96.050776] (-) TimerEvent: {}
[96.167045] (-) TimerEvent: {}
[96.270002] (-) TimerEvent: {}
[96.386707] (-) TimerEvent: {}
[96.487994] (-) TimerEvent: {}
[96.588524] (-) TimerEvent: {}
[96.689221] (-) TimerEvent: {}
[96.792006] (-) TimerEvent: {}
[96.892397] (-) TimerEvent: {}
[96.992833] (-) TimerEvent: {}
[97.093219] (-) TimerEvent: {}
[97.193599] (-) TimerEvent: {}
[97.293976] (-) TimerEvent: {}
[97.394355] (-) TimerEvent: {}
[97.496005] (-) TimerEvent: {}
[97.596412] (-) TimerEvent: {}
[98.051230] (robot_navigation) StderrLine: {'line': b'\x1b[01m\x1b[K/home/zheng/carerobot_slam_ros2/src/robot_navigation/src/path_optimization/fast_security.cpp:\x1b[m\x1b[K In member function \xe2\x80\x98\x1b[01m\x1b[Kvoid Fast_Security::ContinuExtension_Extract(std::vector<std::vector<Eigen::Matrix<int, 2, 1> > >&)\x1b[m\x1b[K\xe2\x80\x99:\n'}
[98.051701] (-) TimerEvent: {}
[98.051997] (robot_navigation) StderrLine: {'line': b'\x1b[01m\x1b[K/home/zheng/carerobot_slam_ros2/src/robot_navigation/src/path_optimization/fast_security.cpp:557:22:\x1b[m\x1b[K \x1b[01;35m\x1b[Kwarning: \x1b[m\x1b[Kcomparison of integer expressions of different signedness: \xe2\x80\x98\x1b[01m\x1b[Kint\x1b[m\x1b[K\xe2\x80\x99 and \xe2\x80\x98\x1b[01m\x1b[Kstd::vector<int>::size_type\x1b[m\x1b[K\xe2\x80\x99 {aka \xe2\x80\x98\x1b[01m\x1b[Klong unsigned int\x1b[m\x1b[K\xe2\x80\x99} [\x1b[01;35m\x1b[K\x1b]8;;https://gcc.gnu.org/onlinedocs/gcc/Warning-Options.html#index-Wsign-compare\x07-Wsign-compare\x1b]8;;\x07\x1b[m\x1b[K]\n'}
[98.052315] (robot_navigation) StderrLine: {'line': b'  557 |     for(int i=start;\x1b[01;35m\x1b[Ki<continuNum.size()\x1b[m\x1b[K;i++)\n'}
[98.052563] (robot_navigation) StderrLine: {'line': b'      |                     \x1b[01;35m\x1b[K~^~~~~~~~~~~~~~~~~~\x1b[m\x1b[K\n'}
[98.052794] (robot_navigation) StderrLine: {'line': b'\x1b[01m\x1b[K/home/zheng/carerobot_slam_ros2/src/robot_navigation/src/path_optimization/fast_security.cpp:\x1b[m\x1b[K In member function \xe2\x80\x98\x1b[01m\x1b[Kvoid Fast_Security::Continu_Extension(std::vector<std::vector<Eigen::Matrix<int, 2, 1> > >&, std::vector<std::vector<Eigen::Matrix<double, 2, 1> > >&)\x1b[m\x1b[K\xe2\x80\x99:\n'}
[98.053064] (robot_navigation) StderrLine: {'line': b'\x1b[01m\x1b[K/home/zheng/carerobot_slam_ros2/src/robot_navigation/src/path_optimization/fast_security.cpp:584:23:\x1b[m\x1b[K \x1b[01;35m\x1b[Kwarning: \x1b[m\x1b[Kcomparison of integer expressions of different signedness: \xe2\x80\x98\x1b[01m\x1b[Kint\x1b[m\x1b[K\xe2\x80\x99 and \xe2\x80\x98\x1b[01m\x1b[Kstd::vector<std::pair<int, Eigen::Matrix<int, 2, 1> > >::size_type\x1b[m\x1b[K\xe2\x80\x99 {aka \xe2\x80\x98\x1b[01m\x1b[Klong unsigned int\x1b[m\x1b[K\xe2\x80\x99} [\x1b[01;35m\x1b[K\x1b]8;;https://gcc.gnu.org/onlinedocs/gcc/Warning-Options.html#index-Wsign-compare\x07-Wsign-compare\x1b]8;;\x07\x1b[m\x1b[K]\n'}
[98.055006] (robot_navigation) StderrLine: {'line': b'  584 |     for (int i = 0; \x1b[01;35m\x1b[Ki < continuDivid.size()-1\x1b[m\x1b[K; i++)\n'}
[98.055466] (robot_navigation) StderrLine: {'line': b'      |                     \x1b[01;35m\x1b[K~~^~~~~~~~~~~~~~~~~~~~~~~\x1b[m\x1b[K\n'}
[98.055761] (robot_navigation) StderrLine: {'line': b'\x1b[01m\x1b[K/home/zheng/carerobot_slam_ros2/src/robot_navigation/src/path_optimization/fast_security.cpp:598:23:\x1b[m\x1b[K \x1b[01;35m\x1b[Kwarning: \x1b[m\x1b[Kcomparison of integer expressions of different signedness: \xe2\x80\x98\x1b[01m\x1b[Kint\x1b[m\x1b[K\xe2\x80\x99 and \xe2\x80\x98\x1b[01m\x1b[Kstd::vector<std::pair<int, Eigen::Matrix<int, 2, 1> > >::size_type\x1b[m\x1b[K\xe2\x80\x99 {aka \xe2\x80\x98\x1b[01m\x1b[Klong unsigned int\x1b[m\x1b[K\xe2\x80\x99} [\x1b[01;35m\x1b[K\x1b]8;;https://gcc.gnu.org/onlinedocs/gcc/Warning-Options.html#index-Wsign-compare\x07-Wsign-compare\x1b]8;;\x07\x1b[m\x1b[K]\n'}
[98.056073] (robot_navigation) StderrLine: {'line': b'  598 |     for (int i = 0; \x1b[01;35m\x1b[Ki < continuDivid.size()\x1b[m\x1b[K; i++)\n'}
[98.056345] (robot_navigation) StderrLine: {'line': b'      |                     \x1b[01;35m\x1b[K~~^~~~~~~~~~~~~~~~~~~~~\x1b[m\x1b[K\n'}
[98.056604] (robot_navigation) StderrLine: {'line': b'\x1b[01m\x1b[K/home/zheng/carerobot_slam_ros2/src/robot_navigation/src/path_optimization/fast_security.cpp:609:23:\x1b[m\x1b[K \x1b[01;35m\x1b[Kwarning: \x1b[m\x1b[Kcomparison of integer expressions of different signedness: \xe2\x80\x98\x1b[01m\x1b[Kint\x1b[m\x1b[K\xe2\x80\x99 and \xe2\x80\x98\x1b[01m\x1b[Kstd::vector<int>::size_type\x1b[m\x1b[K\xe2\x80\x99 {aka \xe2\x80\x98\x1b[01m\x1b[Klong unsigned int\x1b[m\x1b[K\xe2\x80\x99} [\x1b[01;35m\x1b[K\x1b]8;;https://gcc.gnu.org/onlinedocs/gcc/Warning-Options.html#index-Wsign-compare\x07-Wsign-compare\x1b]8;;\x07\x1b[m\x1b[K]\n'}
[98.056875] (robot_navigation) StderrLine: {'line': b'  609 |     for (int i = 0; \x1b[01;35m\x1b[Ki < continuNum.size()-1\x1b[m\x1b[K; i++)\n'}
[98.057154] (robot_navigation) StderrLine: {'line': b'      |                     \x1b[01;35m\x1b[K~~^~~~~~~~~~~~~~~~~~~~~\x1b[m\x1b[K\n'}
[98.058799] (robot_navigation) StderrLine: {'line': b'\x1b[01m\x1b[K/home/zheng/carerobot_slam_ros2/src/robot_navigation/src/path_optimization/fast_security.cpp:635:20:\x1b[m\x1b[K \x1b[01;35m\x1b[Kwarning: \x1b[m\x1b[Kcomparison of integer expressions of different signedness: \xe2\x80\x98\x1b[01m\x1b[Kint\x1b[m\x1b[K\xe2\x80\x99 and \xe2\x80\x98\x1b[01m\x1b[Kstd::vector<std::pair<int, Eigen::Matrix<int, 2, 1> > >::size_type\x1b[m\x1b[K\xe2\x80\x99 {aka \xe2\x80\x98\x1b[01m\x1b[Klong unsigned int\x1b[m\x1b[K\xe2\x80\x99} [\x1b[01;35m\x1b[K\x1b]8;;https://gcc.gnu.org/onlinedocs/gcc/Warning-Options.html#index-Wsign-compare\x07-Wsign-compare\x1b]8;;\x07\x1b[m\x1b[K]\n'}
[98.059290] (robot_navigation) StderrLine: {'line': b'  635 |       for(int i=0;\x1b[01;35m\x1b[Ki<continuDivid.size()-1\x1b[m\x1b[K;i++)\n'}
[98.063157] (robot_navigation) StderrLine: {'line': b'      |                   \x1b[01;35m\x1b[K~^~~~~~~~~~~~~~~~~~~~~~\x1b[m\x1b[K\n'}
[98.063580] (robot_navigation) StderrLine: {'line': b'\x1b[01m\x1b[K/home/zheng/carerobot_slam_ros2/src/robot_navigation/src/path_optimization/fast_security.cpp:661:21:\x1b[m\x1b[K \x1b[01;35m\x1b[Kwarning: \x1b[m\x1b[Kcomparison of integer expressions of different signedness: \xe2\x80\x98\x1b[01m\x1b[Kint\x1b[m\x1b[K\xe2\x80\x99 and \xe2\x80\x98\x1b[01m\x1b[Kstd::vector<int>::size_type\x1b[m\x1b[K\xe2\x80\x99 {aka \xe2\x80\x98\x1b[01m\x1b[Klong unsigned int\x1b[m\x1b[K\xe2\x80\x99} [\x1b[01;35m\x1b[K\x1b]8;;https://gcc.gnu.org/onlinedocs/gcc/Warning-Options.html#index-Wsign-compare\x07-Wsign-compare\x1b]8;;\x07\x1b[m\x1b[K]\n'}
[98.063712] (robot_navigation) StderrLine: {'line': b'  661 |             if(\x1b[01;35m\x1b[Ktime >= continu_add_search.size()\x1b[m\x1b[K)\n'}
[98.063811] (robot_navigation) StderrLine: {'line': b'      |                \x1b[01;35m\x1b[K~~~~~^~~~~~~~~~~~~~~~~~~~~~~~~~~~\x1b[m\x1b[K\n'}
[98.063905] (robot_navigation) StderrLine: {'line': b'\x1b[01m\x1b[K/home/zheng/carerobot_slam_ros2/src/robot_navigation/src/path_optimization/fast_security.cpp:\x1b[m\x1b[K In member function \xe2\x80\x98\x1b[01m\x1b[Kvoid Fast_Security::Interrupt_Extension(std::vector<std::vector<Eigen::Matrix<int, 2, 1> > >&, std::vector<std::vector<Eigen::Matrix<double, 2, 1> > >&)\x1b[m\x1b[K\xe2\x80\x99:\n'}
[98.064046] (robot_navigation) StderrLine: {'line': b'\x1b[01m\x1b[K/home/zheng/carerobot_slam_ros2/src/robot_navigation/src/path_optimization/fast_security.cpp:699:18:\x1b[m\x1b[K \x1b[01;35m\x1b[Kwarning: \x1b[m\x1b[Kcomparison of integer expressions of different signedness: \xe2\x80\x98\x1b[01m\x1b[Kint\x1b[m\x1b[K\xe2\x80\x99 and \xe2\x80\x98\x1b[01m\x1b[Kstd::vector<Eigen::Matrix<int, 2, 1> >::size_type\x1b[m\x1b[K\xe2\x80\x99 {aka \xe2\x80\x98\x1b[01m\x1b[Klong unsigned int\x1b[m\x1b[K\xe2\x80\x99} [\x1b[01;35m\x1b[K\x1b]8;;https://gcc.gnu.org/onlinedocs/gcc/Warning-Options.html#index-Wsign-compare\x07-Wsign-compare\x1b]8;;\x07\x1b[m\x1b[K]\n'}
[98.064150] (robot_navigation) StderrLine: {'line': b'  699 |     for(int i=1;\x1b[01;35m\x1b[Ki<=dividNodes.size()-1\x1b[m\x1b[K;i++)\n'}
[98.064245] (robot_navigation) StderrLine: {'line': b'      |                 \x1b[01;35m\x1b[K~^~~~~~~~~~~~~~~~~~~~~\x1b[m\x1b[K\n'}
[98.064338] (robot_navigation) StderrLine: {'line': b'\x1b[01m\x1b[K/home/zheng/carerobot_slam_ros2/src/robot_navigation/src/path_optimization/fast_security.cpp:714:23:\x1b[m\x1b[K \x1b[01;35m\x1b[Kwarning: \x1b[m\x1b[Kcomparison of integer expressions of different signedness: \xe2\x80\x98\x1b[01m\x1b[Kint\x1b[m\x1b[K\xe2\x80\x99 and \xe2\x80\x98\x1b[01m\x1b[Kstd::vector<Eigen::Matrix<int, 2, 1> >::size_type\x1b[m\x1b[K\xe2\x80\x99 {aka \xe2\x80\x98\x1b[01m\x1b[Klong unsigned int\x1b[m\x1b[K\xe2\x80\x99} [\x1b[01;35m\x1b[K\x1b]8;;https://gcc.gnu.org/onlinedocs/gcc/Warning-Options.html#index-Wsign-compare\x07-Wsign-compare\x1b]8;;\x07\x1b[m\x1b[K]\n'}
[98.064436] (robot_navigation) StderrLine: {'line': b'  714 |       if(i%2 == 1 && \x1b[01;35m\x1b[Ki<=dividNodes.size()-2\x1b[m\x1b[K)\n'}
[98.064529] (robot_navigation) StderrLine: {'line': b'      |                      \x1b[01;35m\x1b[K~^~~~~~~~~~~~~~~~~~~~~\x1b[m\x1b[K\n'}
[98.097059] (robot_navigation) StderrLine: {'line': b'\x1b[01m\x1b[K/home/zheng/carerobot_slam_ros2/src/robot_navigation/src/path_optimization/fast_security.cpp:750:23:\x1b[m\x1b[K \x1b[01;35m\x1b[Kwarning: \x1b[m\x1b[Kcomparison of integer expressions of different signedness: \xe2\x80\x98\x1b[01m\x1b[Kint\x1b[m\x1b[K\xe2\x80\x99 and \xe2\x80\x98\x1b[01m\x1b[Kstd::vector<Eigen::Matrix<int, 2, 1> >::size_type\x1b[m\x1b[K\xe2\x80\x99 {aka \xe2\x80\x98\x1b[01m\x1b[Klong unsigned int\x1b[m\x1b[K\xe2\x80\x99} [\x1b[01;35m\x1b[K\x1b]8;;https://gcc.gnu.org/onlinedocs/gcc/Warning-Options.html#index-Wsign-compare\x07-Wsign-compare\x1b]8;;\x07\x1b[m\x1b[K]\n'}
[98.097491] (robot_navigation) StderrLine: {'line': b'  750 |     for (int i = 0; \x1b[01;35m\x1b[Ki < frontToafterVec.size()\x1b[m\x1b[K; i++)\n'}
[98.100354] (robot_navigation) StderrLine: {'line': b'      |                     \x1b[01;35m\x1b[K~~^~~~~~~~~~~~~~~~~~~~~~~~\x1b[m\x1b[K\n'}
[98.100648] (robot_navigation) StderrLine: {'line': b'\x1b[01m\x1b[K/home/zheng/carerobot_slam_ros2/src/robot_navigation/src/path_optimization/fast_security.cpp:757:25:\x1b[m\x1b[K \x1b[01;35m\x1b[Kwarning: \x1b[m\x1b[Kcomparison of integer expressions of different signedness: \xe2\x80\x98\x1b[01m\x1b[Kint\x1b[m\x1b[K\xe2\x80\x99 and \xe2\x80\x98\x1b[01m\x1b[Kstd::vector<Eigen::Matrix<int, 2, 1> >::size_type\x1b[m\x1b[K\xe2\x80\x99 {aka \xe2\x80\x98\x1b[01m\x1b[Klong unsigned int\x1b[m\x1b[K\xe2\x80\x99} [\x1b[01;35m\x1b[K\x1b]8;;https://gcc.gnu.org/onlinedocs/gcc/Warning-Options.html#index-Wsign-compare\x07-Wsign-compare\x1b]8;;\x07\x1b[m\x1b[K]\n'}
[98.100921] (robot_navigation) StderrLine: {'line': b'  757 |       for (int i = 0; \x1b[01;35m\x1b[Ki < frontToafterVec.size()\x1b[m\x1b[K; i++)\n'}
[98.101213] (robot_navigation) StderrLine: {'line': b'      |                       \x1b[01;35m\x1b[K~~^~~~~~~~~~~~~~~~~~~~~~~~\x1b[m\x1b[K\n'}
[98.105453] (robot_navigation) StderrLine: {'line': b'\x1b[01m\x1b[K/home/zheng/carerobot_slam_ros2/src/robot_navigation/src/path_optimization/fast_security.cpp:\x1b[m\x1b[K In member function \xe2\x80\x98\x1b[01m\x1b[Kvoid Fast_Security::SampleGridPath(std::vector<Eigen::Matrix<int, 2, 1> >)\x1b[m\x1b[K\xe2\x80\x99:\n'}
[98.105976] (robot_navigation) StderrLine: {'line': b'\x1b[01m\x1b[K/home/zheng/carerobot_slam_ros2/src/robot_navigation/src/path_optimization/fast_security.cpp:882:21:\x1b[m\x1b[K \x1b[01;35m\x1b[Kwarning: \x1b[m\x1b[Kcomparison of integer expressions of different signedness: \xe2\x80\x98\x1b[01m\x1b[Kint\x1b[m\x1b[K\xe2\x80\x99 and \xe2\x80\x98\x1b[01m\x1b[Kstd::vector<std::pair<int, Eigen::Matrix<int, 2, 1> > >::size_type\x1b[m\x1b[K\xe2\x80\x99 {aka \xe2\x80\x98\x1b[01m\x1b[Klong unsigned int\x1b[m\x1b[K\xe2\x80\x99} [\x1b[01;35m\x1b[K\x1b]8;;https://gcc.gnu.org/onlinedocs/gcc/Warning-Options.html#index-Wsign-compare\x07-Wsign-compare\x1b]8;;\x07\x1b[m\x1b[K]\n'}
[98.106360] (robot_navigation) StderrLine: {'line': b'  882 |   for (int i = 0; \x1b[01;35m\x1b[Ki < tempcontinDiv.size()-1\x1b[m\x1b[K; i++)\n'}
[98.106709] (robot_navigation) StderrLine: {'line': b'      |                   \x1b[01;35m\x1b[K~~^~~~~~~~~~~~~~~~~~~~~~~~\x1b[m\x1b[K\n'}
[98.107333] (robot_navigation) StderrLine: {'line': b'\x1b[01m\x1b[K/home/zheng/carerobot_slam_ros2/src/robot_navigation/src/path_optimization/fast_security.cpp:900:25:\x1b[m\x1b[K \x1b[01;35m\x1b[Kwarning: \x1b[m\x1b[Kcomparison of integer expressions of different signedness: \xe2\x80\x98\x1b[01m\x1b[Kint\x1b[m\x1b[K\xe2\x80\x99 and \xe2\x80\x98\x1b[01m\x1b[Kstd::vector<int>::size_type\x1b[m\x1b[K\xe2\x80\x99 {aka \xe2\x80\x98\x1b[01m\x1b[Klong unsigned int\x1b[m\x1b[K\xe2\x80\x99} [\x1b[01;35m\x1b[K\x1b]8;;https://gcc.gnu.org/onlinedocs/gcc/Warning-Options.html#index-Wsign-compare\x07-Wsign-compare\x1b]8;;\x07\x1b[m\x1b[K]\n'}
[98.107820] (robot_navigation) StderrLine: {'line': b'  900 |   for (int num = 0; \x1b[01;35m\x1b[Knum < flagOK.size()\x1b[m\x1b[K; num++)\n'}
[98.108169] (robot_navigation) StderrLine: {'line': b'      |                     \x1b[01;35m\x1b[K~~~~^~~~~~~~~~~~~~~\x1b[m\x1b[K\n'}
[98.108714] (robot_navigation) StderrLine: {'line': b'\x1b[01m\x1b[K/home/zheng/carerobot_slam_ros2/src/robot_navigation/src/path_optimization/fast_security.cpp:902:23:\x1b[m\x1b[K \x1b[01;35m\x1b[Kwarning: \x1b[m\x1b[Kcomparison of integer expressions of different signedness: \xe2\x80\x98\x1b[01m\x1b[Kint\x1b[m\x1b[K\xe2\x80\x99 and \xe2\x80\x98\x1b[01m\x1b[Kstd::vector<std::pair<int, Eigen::Matrix<int, 2, 1> > >::size_type\x1b[m\x1b[K\xe2\x80\x99 {aka \xe2\x80\x98\x1b[01m\x1b[Klong unsigned int\x1b[m\x1b[K\xe2\x80\x99} [\x1b[01;35m\x1b[K\x1b]8;;https://gcc.gnu.org/onlinedocs/gcc/Warning-Options.html#index-Wsign-compare\x07-Wsign-compare\x1b]8;;\x07\x1b[m\x1b[K]\n'}
[98.109768] (robot_navigation) StderrLine: {'line': b'  902 |     for (int i = 0; \x1b[01;35m\x1b[Ki < tempcontinDiv.size()\x1b[m\x1b[K; i++)\n'}
[98.110071] (robot_navigation) StderrLine: {'line': b'      |                     \x1b[01;35m\x1b[K~~^~~~~~~~~~~~~~~~~~~~~~\x1b[m\x1b[K\n'}
[98.110334] (robot_navigation) StderrLine: {'line': b'\x1b[01m\x1b[K/home/zheng/carerobot_slam_ros2/src/robot_navigation/src/path_optimization/fast_security.cpp:828:7:\x1b[m\x1b[K \x1b[01;35m\x1b[Kwarning: \x1b[m\x1b[Kvariable \xe2\x80\x98\x1b[01m\x1b[Kinflectnum\x1b[m\x1b[K\xe2\x80\x99 set but not used [\x1b[01;35m\x1b[K\x1b]8;;https://gcc.gnu.org/onlinedocs/gcc/Warning-Options.html#index-Wunused-but-set-variable\x07-Wunused-but-set-variable\x1b]8;;\x07\x1b[m\x1b[K]\n'}
[98.110619] (robot_navigation) StderrLine: {'line': b'  828 |   int \x1b[01;35m\x1b[Kinflectnum\x1b[m\x1b[K = 0;\n'}
[98.113594] (robot_navigation) StderrLine: {'line': b'      |       \x1b[01;35m\x1b[K^~~~~~~~~~\x1b[m\x1b[K\n'}
[98.113892] (robot_navigation) StderrLine: {'line': b'\x1b[01m\x1b[K/home/zheng/carerobot_slam_ros2/src/robot_navigation/src/path_optimization/fast_security.cpp:\x1b[m\x1b[K In member function \xe2\x80\x98\x1b[01m\x1b[Kvoid Fast_Security::FindContinueLimitExten(std::vector<int>&, std::vector<int>&)\x1b[m\x1b[K\xe2\x80\x99:\n'}
[98.114184] (robot_navigation) StderrLine: {'line': b'\x1b[01m\x1b[K/home/zheng/carerobot_slam_ros2/src/robot_navigation/src/path_optimization/fast_security.cpp:926:18:\x1b[m\x1b[K \x1b[01;35m\x1b[Kwarning: \x1b[m\x1b[Kcomparison of integer expressions of different signedness: \xe2\x80\x98\x1b[01m\x1b[Kint\x1b[m\x1b[K\xe2\x80\x99 and \xe2\x80\x98\x1b[01m\x1b[Kstd::vector<std::pair<int, Eigen::Matrix<int, 2, 1> > >::size_type\x1b[m\x1b[K\xe2\x80\x99 {aka \xe2\x80\x98\x1b[01m\x1b[Klong unsigned int\x1b[m\x1b[K\xe2\x80\x99} [\x1b[01;35m\x1b[K\x1b]8;;https://gcc.gnu.org/onlinedocs/gcc/Warning-Options.html#index-Wsign-compare\x07-Wsign-compare\x1b]8;;\x07\x1b[m\x1b[K]\n'}
[98.114447] (robot_navigation) StderrLine: {'line': b'  926 |     for(int i=0;\x1b[01;35m\x1b[Ki<continuDivid.size()-1\x1b[m\x1b[K;i++)\n'}
[98.114703] (robot_navigation) StderrLine: {'line': b'      |                 \x1b[01;35m\x1b[K~^~~~~~~~~~~~~~~~~~~~~~\x1b[m\x1b[K\n'}
[98.115062] (robot_navigation) StderrLine: {'line': b'\x1b[01m\x1b[K/home/zheng/carerobot_slam_ros2/src/robot_navigation/src/path_optimization/fast_security.cpp:\x1b[m\x1b[K In member function \xe2\x80\x98\x1b[01m\x1b[Kvoid Fast_Security::FindInflectLimitExten(int)\x1b[m\x1b[K\xe2\x80\x99:\n'}
[98.115435] (robot_navigation) StderrLine: {'line': b'\x1b[01m\x1b[K/home/zheng/carerobot_slam_ros2/src/robot_navigation/src/path_optimization/fast_security.cpp:1056:21:\x1b[m\x1b[K \x1b[01;35m\x1b[Kwarning: \x1b[m\x1b[Kcomparison of integer expressions of different signedness: \xe2\x80\x98\x1b[01m\x1b[Kint\x1b[m\x1b[K\xe2\x80\x99 and \xe2\x80\x98\x1b[01m\x1b[Kstd::vector<int>::size_type\x1b[m\x1b[K\xe2\x80\x99 {aka \xe2\x80\x98\x1b[01m\x1b[Klong unsigned int\x1b[m\x1b[K\xe2\x80\x99} [\x1b[01;35m\x1b[K\x1b]8;;https://gcc.gnu.org/onlinedocs/gcc/Warning-Options.html#index-Wsign-compare\x07-Wsign-compare\x1b]8;;\x07\x1b[m\x1b[K]\n'}
[98.115796] (robot_navigation) StderrLine: {'line': b' 1056 |   for (int i = 0; \x1b[01;35m\x1b[Ki < inflect_add_search.size()\x1b[m\x1b[K; i++)\n'}
[98.116161] (robot_navigation) StderrLine: {'line': b'      |                   \x1b[01;35m\x1b[K~~^~~~~~~~~~~~~~~~~~~~~~~~~~~\x1b[m\x1b[K\n'}
[98.117473] (robot_navigation) StderrLine: {'line': b'\x1b[01m\x1b[K/home/zheng/carerobot_slam_ros2/src/robot_navigation/src/path_optimization/fast_security.cpp:\x1b[m\x1b[K In member function \xe2\x80\x98\x1b[01m\x1b[Kvoid Fast_Security::CalDivideNodes(std::vector<Eigen::Matrix<int, 2, 1> >&, std::vector<Eigen::Matrix<double, 2, 1> >&)\x1b[m\x1b[K\xe2\x80\x99:\n'}
[98.118275] (robot_navigation) StderrLine: {'line': b'\x1b[01m\x1b[K/home/zheng/carerobot_slam_ros2/src/robot_navigation/src/path_optimization/fast_security.cpp:1075:20:\x1b[m\x1b[K \x1b[01;35m\x1b[Kwarning: \x1b[m\x1b[Kcomparison of integer expressions of different signedness: \xe2\x80\x98\x1b[01m\x1b[Kint\x1b[m\x1b[K\xe2\x80\x99 and \xe2\x80\x98\x1b[01m\x1b[Kstd::vector<std::pair<int, Eigen::Matrix<int, 2, 1> > >::size_type\x1b[m\x1b[K\xe2\x80\x99 {aka \xe2\x80\x98\x1b[01m\x1b[Klong unsigned int\x1b[m\x1b[K\xe2\x80\x99} [\x1b[01;35m\x1b[K\x1b]8;;https://gcc.gnu.org/onlinedocs/gcc/Warning-Options.html#index-Wsign-compare\x07-Wsign-compare\x1b]8;;\x07\x1b[m\x1b[K]\n'}
[98.118631] (robot_navigation) StderrLine: {'line': b' 1075 |     for(int i = 0;\x1b[01;35m\x1b[Ki<continuDivid.size()-1\x1b[m\x1b[K;i++)\n'}
[98.119301] (robot_navigation) StderrLine: {'line': b'      |                   \x1b[01;35m\x1b[K~^~~~~~~~~~~~~~~~~~~~~~\x1b[m\x1b[K\n'}
[98.121240] (robot_navigation) StderrLine: {'line': b'\x1b[01m\x1b[K/home/zheng/carerobot_slam_ros2/src/robot_navigation/src/path_optimization/fast_security.cpp:1083:20:\x1b[m\x1b[K \x1b[01;35m\x1b[Kwarning: \x1b[m\x1b[Kcomparison of integer expressions of different signedness: \xe2\x80\x98\x1b[01m\x1b[Kint\x1b[m\x1b[K\xe2\x80\x99 and \xe2\x80\x98\x1b[01m\x1b[Kstd::vector<std::pair<int, Eigen::Matrix<int, 2, 1> > >::size_type\x1b[m\x1b[K\xe2\x80\x99 {aka \xe2\x80\x98\x1b[01m\x1b[Klong unsigned int\x1b[m\x1b[K\xe2\x80\x99} [\x1b[01;35m\x1b[K\x1b]8;;https://gcc.gnu.org/onlinedocs/gcc/Warning-Options.html#index-Wsign-compare\x07-Wsign-compare\x1b]8;;\x07\x1b[m\x1b[K]\n'}
[98.121558] (robot_navigation) StderrLine: {'line': b' 1083 |     for(int i = 1;\x1b[01;35m\x1b[Ki<continuDivid.size()\x1b[m\x1b[K;i++)\n'}
[98.121829] (robot_navigation) StderrLine: {'line': b'      |                   \x1b[01;35m\x1b[K~^~~~~~~~~~~~~~~~~~~~\x1b[m\x1b[K\n'}
[98.122099] (robot_navigation) StderrLine: {'line': b'\x1b[01m\x1b[K/home/zheng/carerobot_slam_ros2/src/robot_navigation/src/path_optimization/fast_security.cpp:1091:23:\x1b[m\x1b[K \x1b[01;35m\x1b[Kwarning: \x1b[m\x1b[Kcomparison of integer expressions of different signedness: \xe2\x80\x98\x1b[01m\x1b[Kint\x1b[m\x1b[K\xe2\x80\x99 and \xe2\x80\x98\x1b[01m\x1b[Kstd::vector<Eigen::Matrix<int, 2, 1> >::size_type\x1b[m\x1b[K\xe2\x80\x99 {aka \xe2\x80\x98\x1b[01m\x1b[Klong unsigned int\x1b[m\x1b[K\xe2\x80\x99} [\x1b[01;35m\x1b[K\x1b]8;;https://gcc.gnu.org/onlinedocs/gcc/Warning-Options.html#index-Wsign-compare\x07-Wsign-compare\x1b]8;;\x07\x1b[m\x1b[K]\n'}
[98.122375] (robot_navigation) StderrLine: {'line': b' 1091 |     for (int i = 0; \x1b[01;35m\x1b[Ki < afterpoints.size()\x1b[m\x1b[K; i++)\n'}
[98.122641] (robot_navigation) StderrLine: {'line': b'      |                     \x1b[01;35m\x1b[K~~^~~~~~~~~~~~~~~~~~~~\x1b[m\x1b[K\n'}
[98.124690] (robot_navigation) StderrLine: {'line': b'\x1b[01m\x1b[K/home/zheng/carerobot_slam_ros2/src/robot_navigation/src/path_optimization/fast_security.cpp:\x1b[m\x1b[K In member function \xe2\x80\x98\x1b[01m\x1b[Kvoid Fast_Security::CheckInflectNum(std::vector<Eigen::Matrix<int, 2, 1> >, Eigen::Vector2i, Eigen::Vector2i, int&, int&)\x1b[m\x1b[K\xe2\x80\x99:\n'}
[98.125124] (robot_navigation) StderrLine: {'line': b'\x1b[01m\x1b[K/home/zheng/carerobot_slam_ros2/src/robot_navigation/src/path_optimization/fast_security.cpp:1150:31:\x1b[m\x1b[K \x1b[01;35m\x1b[Kwarning: \x1b[m\x1b[Kcomparison of integer expressions of different signedness: \xe2\x80\x98\x1b[01m\x1b[Kint\x1b[m\x1b[K\xe2\x80\x99 and \xe2\x80\x98\x1b[01m\x1b[Kstd::vector<Eigen::Matrix<int, 2, 1> >::size_type\x1b[m\x1b[K\xe2\x80\x99 {aka \xe2\x80\x98\x1b[01m\x1b[Klong unsigned int\x1b[m\x1b[K\xe2\x80\x99} [\x1b[01;35m\x1b[K\x1b]8;;https://gcc.gnu.org/onlinedocs/gcc/Warning-Options.html#index-Wsign-compare\x07-Wsign-compare\x1b]8;;\x07\x1b[m\x1b[K]\n'}
[98.125350] (robot_navigation) StderrLine: {'line': b' 1150 |   for (int length = 0; \x1b[01;35m\x1b[Klength < gridPath.size()\x1b[m\x1b[K; length++)\n'}
[98.125453] (robot_navigation) StderrLine: {'line': b'      |                        \x1b[01;35m\x1b[K~~~~~~~^~~~~~~~~~~~~~~~~\x1b[m\x1b[K\n'}
[98.125775] (robot_navigation) StderrLine: {'line': b'\x1b[01m\x1b[K/home/zheng/carerobot_slam_ros2/src/robot_navigation/src/path_optimization/fast_security.cpp:\x1b[m\x1b[K In member function \xe2\x80\x98\x1b[01m\x1b[Kstd::vector<int> Fast_Security::CollinearPosition(std::vector<Eigen::Matrix<int, 2, 1> >)\x1b[m\x1b[K\xe2\x80\x99:\n'}
[98.126047] (robot_navigation) StderrLine: {'line': b'\x1b[01m\x1b[K/home/zheng/carerobot_slam_ros2/src/robot_navigation/src/path_optimization/fast_security.cpp:1167:21:\x1b[m\x1b[K \x1b[01;35m\x1b[Kwarning: \x1b[m\x1b[Kcomparison of integer expressions of different signedness: \xe2\x80\x98\x1b[01m\x1b[Kint\x1b[m\x1b[K\xe2\x80\x99 and \xe2\x80\x98\x1b[01m\x1b[Kstd::vector<Eigen::Matrix<int, 2, 1> >::size_type\x1b[m\x1b[K\xe2\x80\x99 {aka \xe2\x80\x98\x1b[01m\x1b[Klong unsigned int\x1b[m\x1b[K\xe2\x80\x99} [\x1b[01;35m\x1b[K\x1b]8;;https://gcc.gnu.org/onlinedocs/gcc/Warning-Options.html#index-Wsign-compare\x07-Wsign-compare\x1b]8;;\x07\x1b[m\x1b[K]\n'}
[98.126299] (robot_navigation) StderrLine: {'line': b' 1167 |   for (int i = 1; \x1b[01;35m\x1b[Ki < gridPath.size()-1\x1b[m\x1b[K; i++)\n'}
[98.126544] (robot_navigation) StderrLine: {'line': b'      |                   \x1b[01;35m\x1b[K~~^~~~~~~~~~~~~~~~~~~\x1b[m\x1b[K\n'}
[98.126862] (robot_navigation) StderrLine: {'line': b'\x1b[01m\x1b[K/home/zheng/carerobot_slam_ros2/src/robot_navigation/src/path_optimization/fast_security.cpp:\x1b[m\x1b[K In member function \xe2\x80\x98\x1b[01m\x1b[Kvoid Fast_Security::DividPath(std::vector<Eigen::Matrix<int, 2, 1> >, std::vector<int>, std::vector<std::vector<Eigen::Matrix<double, 2, 1> > >&)\x1b[m\x1b[K\xe2\x80\x99:\n'}
[98.127238] (robot_navigation) StderrLine: {'line': b'\x1b[01m\x1b[K/home/zheng/carerobot_slam_ros2/src/robot_navigation/src/path_optimization/fast_security.cpp:1190:21:\x1b[m\x1b[K \x1b[01;35m\x1b[Kwarning: \x1b[m\x1b[Kcomparison of integer expressions of different signedness: \xe2\x80\x98\x1b[01m\x1b[Kint\x1b[m\x1b[K\xe2\x80\x99 and \xe2\x80\x98\x1b[01m\x1b[Kstd::vector<int>::size_type\x1b[m\x1b[K\xe2\x80\x99 {aka \xe2\x80\x98\x1b[01m\x1b[Klong unsigned int\x1b[m\x1b[K\xe2\x80\x99} [\x1b[01;35m\x1b[K\x1b]8;;https://gcc.gnu.org/onlinedocs/gcc/Warning-Options.html#index-Wsign-compare\x07-Wsign-compare\x1b]8;;\x07\x1b[m\x1b[K]\n'}
[98.127520] (robot_navigation) StderrLine: {'line': b' 1190 |   for (int i = 0; \x1b[01;35m\x1b[Ki < dividvec.size()\x1b[m\x1b[K; i++)\n'}
[98.127728] (robot_navigation) StderrLine: {'line': b'      |                   \x1b[01;35m\x1b[K~~^~~~~~~~~~~~~~~~~\x1b[m\x1b[K\n'}
[98.127938] (robot_navigation) StderrLine: {'line': b'\x1b[01m\x1b[K/home/zheng/carerobot_slam_ros2/src/robot_navigation/src/path_optimization/fast_security.cpp:1192:9:\x1b[m\x1b[K \x1b[01;35m\x1b[Kwarning: \x1b[m\x1b[Kcomparison of integer expressions of different signedness: \xe2\x80\x98\x1b[01m\x1b[Kint\x1b[m\x1b[K\xe2\x80\x99 and \xe2\x80\x98\x1b[01m\x1b[Kstd::vector<int>::size_type\x1b[m\x1b[K\xe2\x80\x99 {aka \xe2\x80\x98\x1b[01m\x1b[Klong unsigned int\x1b[m\x1b[K\xe2\x80\x99} [\x1b[01;35m\x1b[K\x1b]8;;https://gcc.gnu.org/onlinedocs/gcc/Warning-Options.html#index-Wsign-compare\x07-Wsign-compare\x1b]8;;\x07\x1b[m\x1b[K]\n'}
[98.128178] (robot_navigation) StderrLine: {'line': b' 1192 |     if(\x1b[01;35m\x1b[Ki<dividvec.size()-1\x1b[m\x1b[K)\n'}
[98.128377] (robot_navigation) StderrLine: {'line': b'      |        \x1b[01;35m\x1b[K~^~~~~~~~~~~~~~~~~~\x1b[m\x1b[K\n'}
[98.128547] (robot_navigation) StderrLine: {'line': b'\x1b[01m\x1b[K/home/zheng/carerobot_slam_ros2/src/robot_navigation/src/path_optimization/fast_security.cpp:1196:12:\x1b[m\x1b[K \x1b[01;35m\x1b[Kwarning: \x1b[m\x1b[Kcomparison of integer expressions of different signedness: \xe2\x80\x98\x1b[01m\x1b[Kint\x1b[m\x1b[K\xe2\x80\x99 and \xe2\x80\x98\x1b[01m\x1b[Kstd::vector<int>::size_type\x1b[m\x1b[K\xe2\x80\x99 {aka \xe2\x80\x98\x1b[01m\x1b[Klong unsigned int\x1b[m\x1b[K\xe2\x80\x99} [\x1b[01;35m\x1b[K\x1b]8;;https://gcc.gnu.org/onlinedocs/gcc/Warning-Options.html#index-Wsign-compare\x07-Wsign-compare\x1b]8;;\x07\x1b[m\x1b[K]\n'}
[98.128636] (robot_navigation) StderrLine: {'line': b' 1196 |       if(\x1b[01;35m\x1b[Ki == dividvec.size()-2\x1b[m\x1b[K)\n'}
[98.128713] (robot_navigation) StderrLine: {'line': b'      |          \x1b[01;35m\x1b[K~~^~~~~~~~~~~~~~~~~~~~\x1b[m\x1b[K\n'}
[98.128783] (robot_navigation) StderrLine: {'line': b'\x1b[01m\x1b[K/home/zheng/carerobot_slam_ros2/src/robot_navigation/src/path_optimization/fast_security.cpp:1219:9:\x1b[m\x1b[K \x1b[01;35m\x1b[Kwarning: \x1b[m\x1b[Kcomparison of integer expressions of different signedness: \xe2\x80\x98\x1b[01m\x1b[Kint\x1b[m\x1b[K\xe2\x80\x99 and \xe2\x80\x98\x1b[01m\x1b[Kstd::vector<int>::size_type\x1b[m\x1b[K\xe2\x80\x99 {aka \xe2\x80\x98\x1b[01m\x1b[Klong unsigned int\x1b[m\x1b[K\xe2\x80\x99} [\x1b[01;35m\x1b[K\x1b]8;;https://gcc.gnu.org/onlinedocs/gcc/Warning-Options.html#index-Wsign-compare\x07-Wsign-compare\x1b]8;;\x07\x1b[m\x1b[K]\n'}
[98.128857] (robot_navigation) StderrLine: {'line': b' 1219 |     if(\x1b[01;35m\x1b[Ki==dividvec.size()-1\x1b[m\x1b[K)\n'}
[98.128925] (robot_navigation) StderrLine: {'line': b'      |        \x1b[01;35m\x1b[K~^~~~~~~~~~~~~~~~~~~\x1b[m\x1b[K\n'}
[98.129010] (robot_navigation) StderrLine: {'line': b'\x1b[01m\x1b[K/home/zheng/carerobot_slam_ros2/src/robot_navigation/src/path_optimization/fast_security.cpp:1222:35:\x1b[m\x1b[K \x1b[01;35m\x1b[Kwarning: \x1b[m\x1b[Kcomparison of integer expressions of different signedness: \xe2\x80\x98\x1b[01m\x1b[Kint\x1b[m\x1b[K\xe2\x80\x99 and \xe2\x80\x98\x1b[01m\x1b[Kstd::vector<Eigen::Matrix<int, 2, 1> >::size_type\x1b[m\x1b[K\xe2\x80\x99 {aka \xe2\x80\x98\x1b[01m\x1b[Klong unsigned int\x1b[m\x1b[K\xe2\x80\x99} [\x1b[01;35m\x1b[K\x1b]8;;https://gcc.gnu.org/onlinedocs/gcc/Warning-Options.html#index-Wsign-compare\x07-Wsign-compare\x1b]8;;\x07\x1b[m\x1b[K]\n'}
[98.129084] (robot_navigation) StderrLine: {'line': b' 1222 |       for (int j = dividvec[i]; \x1b[01;35m\x1b[Kj < gridPath.size()\x1b[m\x1b[K; j++)\n'}
[98.129153] (robot_navigation) StderrLine: {'line': b'      |                                 \x1b[01;35m\x1b[K~~^~~~~~~~~~~~~~~~~\x1b[m\x1b[K\n'}
[98.131578] (robot_navigation) StderrLine: {'line': b'\x1b[01m\x1b[K/home/zheng/carerobot_slam_ros2/src/robot_navigation/src/path_optimization/fast_security.cpp:\x1b[m\x1b[K In member function \xe2\x80\x98\x1b[01m\x1b[Kstd::vector<Eigen::Matrix<double, 2, 1> > Fast_Security::BezierPathOpt(std::vector<std::vector<Eigen::Matrix<double, 2, 1> > >)\x1b[m\x1b[K\xe2\x80\x99:\n'}
[98.131780] (robot_navigation) StderrLine: {'line': b'\x1b[01m\x1b[K/home/zheng/carerobot_slam_ros2/src/robot_navigation/src/path_optimization/fast_security.cpp:1237:21:\x1b[m\x1b[K \x1b[01;35m\x1b[Kwarning: \x1b[m\x1b[Kcomparison of integer expressions of different signedness: \xe2\x80\x98\x1b[01m\x1b[Kint\x1b[m\x1b[K\xe2\x80\x99 and \xe2\x80\x98\x1b[01m\x1b[Kstd::vector<std::vector<Eigen::Matrix<double, 2, 1> > >::size_type\x1b[m\x1b[K\xe2\x80\x99 {aka \xe2\x80\x98\x1b[01m\x1b[Klong unsigned int\x1b[m\x1b[K\xe2\x80\x99} [\x1b[01;35m\x1b[K\x1b]8;;https://gcc.gnu.org/onlinedocs/gcc/Warning-Options.html#index-Wsign-compare\x07-Wsign-compare\x1b]8;;\x07\x1b[m\x1b[K]\n'}
[98.131880] (robot_navigation) StderrLine: {'line': b' 1237 |   for (int i = 0; \x1b[01;35m\x1b[Ki < needoptpath.size()\x1b[m\x1b[K; i++)\n'}
[98.131969] (robot_navigation) StderrLine: {'line': b'      |                   \x1b[01;35m\x1b[K~~^~~~~~~~~~~~~~~~~~~~\x1b[m\x1b[K\n'}
[98.138989] (robot_navigation) StderrLine: {'line': b'\x1b[01m\x1b[K/home/zheng/carerobot_slam_ros2/src/robot_navigation/src/path_optimization/fast_security.cpp:1240:23:\x1b[m\x1b[K \x1b[01;35m\x1b[Kwarning: \x1b[m\x1b[Kcomparison of integer expressions of different signedness: \xe2\x80\x98\x1b[01m\x1b[Kint\x1b[m\x1b[K\xe2\x80\x99 and \xe2\x80\x98\x1b[01m\x1b[Kstd::vector<Eigen::Matrix<double, 2, 1> >::size_type\x1b[m\x1b[K\xe2\x80\x99 {aka \xe2\x80\x98\x1b[01m\x1b[Klong unsigned int\x1b[m\x1b[K\xe2\x80\x99} [\x1b[01;35m\x1b[K\x1b]8;;https://gcc.gnu.org/onlinedocs/gcc/Warning-Options.html#index-Wsign-compare\x07-Wsign-compare\x1b]8;;\x07\x1b[m\x1b[K]\n'}
[98.139420] (robot_navigation) StderrLine: {'line': b' 1240 |     for (int j = 0; \x1b[01;35m\x1b[Kj < needoptpath[i].size()\x1b[m\x1b[K; j++)\n'}
[98.139655] (robot_navigation) StderrLine: {'line': b'      |                     \x1b[01;35m\x1b[K~~^~~~~~~~~~~~~~~~~~~~~~~\x1b[m\x1b[K\n'}
[98.141137] (robot_navigation) StderrLine: {'line': b'\x1b[01m\x1b[K/home/zheng/carerobot_slam_ros2/src/robot_navigation/src/path_optimization/fast_security.cpp:1247:21:\x1b[m\x1b[K \x1b[01;35m\x1b[Kwarning: \x1b[m\x1b[Kcomparison of integer expressions of different signedness: \xe2\x80\x98\x1b[01m\x1b[Kint\x1b[m\x1b[K\xe2\x80\x99 and \xe2\x80\x98\x1b[01m\x1b[Kstd::vector<std::vector<Eigen::Matrix<double, 2, 1> > >::size_type\x1b[m\x1b[K\xe2\x80\x99 {aka \xe2\x80\x98\x1b[01m\x1b[Klong unsigned int\x1b[m\x1b[K\xe2\x80\x99} [\x1b[01;35m\x1b[K\x1b]8;;https://gcc.gnu.org/onlinedocs/gcc/Warning-Options.html#index-Wsign-compare\x07-Wsign-compare\x1b]8;;\x07\x1b[m\x1b[K]\n'}
[98.141357] (robot_navigation) StderrLine: {'line': b' 1247 |   for (int i = 0; \x1b[01;35m\x1b[Ki < needoptpath.size()\x1b[m\x1b[K; i++)\n'}
[98.141447] (robot_navigation) StderrLine: {'line': b'      |                   \x1b[01;35m\x1b[K~~^~~~~~~~~~~~~~~~~~~~\x1b[m\x1b[K\n'}
[98.142366] (robot_navigation) StderrLine: {'line': b'\x1b[01m\x1b[K/home/zheng/carerobot_slam_ros2/src/robot_navigation/src/path_optimization/fast_security.cpp:1254:29:\x1b[m\x1b[K \x1b[01;35m\x1b[Kwarning: \x1b[m\x1b[Kcomparison of integer expressions of different signedness: \xe2\x80\x98\x1b[01m\x1b[Kint\x1b[m\x1b[K\xe2\x80\x99 and \xe2\x80\x98\x1b[01m\x1b[Kstd::vector<Eigen::Matrix<double, 2, 1> >::size_type\x1b[m\x1b[K\xe2\x80\x99 {aka \xe2\x80\x98\x1b[01m\x1b[Klong unsigned int\x1b[m\x1b[K\xe2\x80\x99} [\x1b[01;35m\x1b[K\x1b]8;;https://gcc.gnu.org/onlinedocs/gcc/Warning-Options.html#index-Wsign-compare\x07-Wsign-compare\x1b]8;;\x07\x1b[m\x1b[K]\n'}
[98.142712] (robot_navigation) StderrLine: {'line': b' 1254 |       for (int num = 0; \x1b[01;35m\x1b[Knum < newoptpath.size()\x1b[m\x1b[K; num++)\n'}
[98.143372] (robot_navigation) StderrLine: {'line': b'      |                         \x1b[01;35m\x1b[K~~~~^~~~~~~~~~~~~~~~~~~\x1b[m\x1b[K\n'}
[98.143634] (robot_navigation) StderrLine: {'line': b'\x1b[01m\x1b[K/home/zheng/carerobot_slam_ros2/src/robot_navigation/src/path_optimization/fast_security.cpp:1270:37:\x1b[m\x1b[K \x1b[01;35m\x1b[Kwarning: \x1b[m\x1b[Kcomparison of integer expressions of different signedness: \xe2\x80\x98\x1b[01m\x1b[Kint\x1b[m\x1b[K\xe2\x80\x99 and \xe2\x80\x98\x1b[01m\x1b[Kstd::vector<Eigen::Matrix<double, 2, 1> >::size_type\x1b[m\x1b[K\xe2\x80\x99 {aka \xe2\x80\x98\x1b[01m\x1b[Klong unsigned int\x1b[m\x1b[K\xe2\x80\x99} [\x1b[01;35m\x1b[K\x1b]8;;https://gcc.gnu.org/onlinedocs/gcc/Warning-Options.html#index-Wsign-compare\x07-Wsign-compare\x1b]8;;\x07\x1b[m\x1b[K]\n'}
[98.144356] (robot_navigation) StderrLine: {'line': b' 1270 |         for (int length = 0; \x1b[01;35m\x1b[Klength < newoptpath.size()\x1b[m\x1b[K; length++)\n'}
[98.144628] (robot_navigation) StderrLine: {'line': b'      |                              \x1b[01;35m\x1b[K~~~~~~~^~~~~~~~~~~~~~~~~~~\x1b[m\x1b[K\n'}
[98.144861] (robot_navigation) StderrLine: {'line': b'\x1b[01m\x1b[K/home/zheng/carerobot_slam_ros2/src/robot_navigation/src/path_optimization/fast_security.cpp:1285:37:\x1b[m\x1b[K \x1b[01;35m\x1b[Kwarning: \x1b[m\x1b[Kcomparison of integer expressions of different signedness: \xe2\x80\x98\x1b[01m\x1b[Kint\x1b[m\x1b[K\xe2\x80\x99 and \xe2\x80\x98\x1b[01m\x1b[Kstd::vector<Eigen::Matrix<double, 2, 1> >::size_type\x1b[m\x1b[K\xe2\x80\x99 {aka \xe2\x80\x98\x1b[01m\x1b[Klong unsigned int\x1b[m\x1b[K\xe2\x80\x99} [\x1b[01;35m\x1b[K\x1b]8;;https://gcc.gnu.org/onlinedocs/gcc/Warning-Options.html#index-Wsign-compare\x07-Wsign-compare\x1b]8;;\x07\x1b[m\x1b[K]\n'}
[98.145662] (robot_navigation) StderrLine: {'line': b' 1285 |         for (int length = 0; \x1b[01;35m\x1b[Klength < newoptpath.size()\x1b[m\x1b[K; length++)\n'}
[98.145907] (robot_navigation) StderrLine: {'line': b'      |                              \x1b[01;35m\x1b[K~~~~~~~^~~~~~~~~~~~~~~~~~~\x1b[m\x1b[K\n'}
[98.146057] (robot_navigation) StderrLine: {'line': b'\x1b[01m\x1b[K/home/zheng/carerobot_slam_ros2/src/robot_navigation/src/path_optimization/fast_security.cpp:1300:21:\x1b[m\x1b[K \x1b[01;35m\x1b[Kwarning: \x1b[m\x1b[Kcomparison of integer expressions of different signedness: \xe2\x80\x98\x1b[01m\x1b[Kint\x1b[m\x1b[K\xe2\x80\x99 and \xe2\x80\x98\x1b[01m\x1b[Kstd::vector<Eigen::Matrix<double, 2, 1> >::size_type\x1b[m\x1b[K\xe2\x80\x99 {aka \xe2\x80\x98\x1b[01m\x1b[Klong unsigned int\x1b[m\x1b[K\xe2\x80\x99} [\x1b[01;35m\x1b[K\x1b]8;;https://gcc.gnu.org/onlinedocs/gcc/Warning-Options.html#index-Wsign-compare\x07-Wsign-compare\x1b]8;;\x07\x1b[m\x1b[K]\n'}
[98.146147] (robot_navigation) StderrLine: {'line': b' 1300 |   for (int i = 0; \x1b[01;35m\x1b[Ki < lastpath.size()\x1b[m\x1b[K; i++)\n'}
[98.146229] (robot_navigation) StderrLine: {'line': b'      |                   \x1b[01;35m\x1b[K~~^~~~~~~~~~~~~~~~~\x1b[m\x1b[K\n'}
[98.146555] (robot_navigation) StderrLine: {'line': b'\x1b[01m\x1b[K/home/zheng/carerobot_slam_ros2/src/robot_navigation/src/path_optimization/fast_security.cpp:1316:10:\x1b[m\x1b[K \x1b[01;35m\x1b[Kwarning: \x1b[m\x1b[Kcomparison of integer expressions of different signedness: \xe2\x80\x98\x1b[01m\x1b[Kint\x1b[m\x1b[K\xe2\x80\x99 and \xe2\x80\x98\x1b[01m\x1b[Kstd::vector<Eigen::Matrix<double, 2, 1> >::size_type\x1b[m\x1b[K\xe2\x80\x99 {aka \xe2\x80\x98\x1b[01m\x1b[Klong unsigned int\x1b[m\x1b[K\xe2\x80\x99} [\x1b[01;35m\x1b[K\x1b]8;;https://gcc.gnu.org/onlinedocs/gcc/Warning-Options.html#index-Wsign-compare\x07-Wsign-compare\x1b]8;;\x07\x1b[m\x1b[K]\n'}
[98.146789] (robot_navigation) StderrLine: {'line': b' 1316 |     if(\x1b[01;35m\x1b[Ki == lastpath.size()-1\x1b[m\x1b[K)\n'}
[98.147024] (robot_navigation) StderrLine: {'line': b'      |        \x1b[01;35m\x1b[K~~^~~~~~~~~~~~~~~~~~~~\x1b[m\x1b[K\n'}
[98.153003] (-) TimerEvent: {}
[98.191979] (robot_navigation) StderrLine: {'line': b'\x1b[01m\x1b[K/home/zheng/carerobot_slam_ros2/src/robot_navigation/src/path_optimization/fast_security.cpp:\x1b[m\x1b[K In member function \xe2\x80\x98\x1b[01m\x1b[Kvoid Fast_Security::Setlength_DividPath(double, std::vector<Eigen::Matrix<int, 2, 1> >, std::vector<Eigen::Matrix<int, 2, 1> >&)\x1b[m\x1b[K\xe2\x80\x99:\n'}
[98.192352] (robot_navigation) StderrLine: {'line': b'\x1b[01m\x1b[K/home/zheng/carerobot_slam_ros2/src/robot_navigation/src/path_optimization/fast_security.cpp:1378:21:\x1b[m\x1b[K \x1b[01;35m\x1b[Kwarning: \x1b[m\x1b[Kcomparison of integer expressions of different signedness: \xe2\x80\x98\x1b[01m\x1b[Kint\x1b[m\x1b[K\xe2\x80\x99 and \xe2\x80\x98\x1b[01m\x1b[Kstd::vector<Eigen::Matrix<int, 2, 1> >::size_type\x1b[m\x1b[K\xe2\x80\x99 {aka \xe2\x80\x98\x1b[01m\x1b[Klong unsigned int\x1b[m\x1b[K\xe2\x80\x99} [\x1b[01;35m\x1b[K\x1b]8;;https://gcc.gnu.org/onlinedocs/gcc/Warning-Options.html#index-Wsign-compare\x07-Wsign-compare\x1b]8;;\x07\x1b[m\x1b[K]\n'}
[98.192600] (robot_navigation) StderrLine: {'line': b' 1378 |   for (int i = 0; \x1b[01;35m\x1b[Ki < oldpath.size()\x1b[m\x1b[K; i++)\n'}
[98.192830] (robot_navigation) StderrLine: {'line': b'      |                   \x1b[01;35m\x1b[K~~^~~~~~~~~~~~~~~~\x1b[m\x1b[K\n'}
[98.193542] (robot_navigation) StderrLine: {'line': b'\x1b[01m\x1b[K/home/zheng/carerobot_slam_ros2/src/robot_navigation/src/path_optimization/fast_security.cpp:1394:10:\x1b[m\x1b[K \x1b[01;35m\x1b[Kwarning: \x1b[m\x1b[Kcomparison of integer expressions of different signedness: \xe2\x80\x98\x1b[01m\x1b[Kint\x1b[m\x1b[K\xe2\x80\x99 and \xe2\x80\x98\x1b[01m\x1b[Kstd::vector<Eigen::Matrix<int, 2, 1> >::size_type\x1b[m\x1b[K\xe2\x80\x99 {aka \xe2\x80\x98\x1b[01m\x1b[Klong unsigned int\x1b[m\x1b[K\xe2\x80\x99} [\x1b[01;35m\x1b[K\x1b]8;;https://gcc.gnu.org/onlinedocs/gcc/Warning-Options.html#index-Wsign-compare\x07-Wsign-compare\x1b]8;;\x07\x1b[m\x1b[K]\n'}
[98.193842] (robot_navigation) StderrLine: {'line': b' 1394 |     if(\x1b[01;35m\x1b[Ki == oldpath.size()-1\x1b[m\x1b[K)\n'}
[98.194186] (robot_navigation) StderrLine: {'line': b'      |        \x1b[01;35m\x1b[K~~^~~~~~~~~~~~~~~~~~~\x1b[m\x1b[K\n'}
[98.194710] (robot_navigation) StderrLine: {'line': b'\x1b[01m\x1b[K/home/zheng/carerobot_slam_ros2/src/robot_navigation/src/path_optimization/fast_security.cpp:1375:48:\x1b[m\x1b[K \x1b[01;35m\x1b[Kwarning: \x1b[m\x1b[Kunused parameter \xe2\x80\x98\x1b[01m\x1b[Kstep\x1b[m\x1b[K\xe2\x80\x99 [\x1b[01;35m\x1b[K\x1b]8;;https://gcc.gnu.org/onlinedocs/gcc/Warning-Options.html#index-Wunused-parameter\x07-Wunused-parameter\x1b]8;;\x07\x1b[m\x1b[K]\n'}
[98.194977] (robot_navigation) StderrLine: {'line': b' 1375 | void Fast_Security::Setlength_DividPath(\x1b[01;35m\x1b[Kdouble step\x1b[m\x1b[K,vector<Vector2i> oldpath,vector<Vector2i> &newpath)\n'}
[98.198315] (robot_navigation) StderrLine: {'line': b'      |                                         \x1b[01;35m\x1b[K~~~~~~~^~~~\x1b[m\x1b[K\n'}
[98.198433] (robot_navigation) StderrLine: {'line': b'\x1b[01m\x1b[K/home/zheng/carerobot_slam_ros2/src/robot_navigation/src/path_optimization/fast_security.cpp:\x1b[m\x1b[K In member function \xe2\x80\x98\x1b[01m\x1b[Kvoid Fast_Security::Setlength_Interpolation_Path(double, std::vector<Eigen::Matrix<int, 2, 1> >, std::vector<Eigen::Matrix<int, 2, 1> >&)\x1b[m\x1b[K\xe2\x80\x99:\n'}
[98.198526] (robot_navigation) StderrLine: {'line': b'\x1b[01m\x1b[K/home/zheng/carerobot_slam_ros2/src/robot_navigation/src/path_optimization/fast_security.cpp:1408:21:\x1b[m\x1b[K \x1b[01;35m\x1b[Kwarning: \x1b[m\x1b[Kcomparison of integer expressions of different signedness: \xe2\x80\x98\x1b[01m\x1b[Kint\x1b[m\x1b[K\xe2\x80\x99 and \xe2\x80\x98\x1b[01m\x1b[Kstd::vector<Eigen::Matrix<int, 2, 1> >::size_type\x1b[m\x1b[K\xe2\x80\x99 {aka \xe2\x80\x98\x1b[01m\x1b[Klong unsigned int\x1b[m\x1b[K\xe2\x80\x99} [\x1b[01;35m\x1b[K\x1b]8;;https://gcc.gnu.org/onlinedocs/gcc/Warning-Options.html#index-Wsign-compare\x07-Wsign-compare\x1b]8;;\x07\x1b[m\x1b[K]\n'}
[98.198613] (robot_navigation) StderrLine: {'line': b' 1408 |   for (int i = 0; \x1b[01;35m\x1b[Ki < oldpath.size()-1\x1b[m\x1b[K; i++)\n'}
[98.198693] (robot_navigation) StderrLine: {'line': b'      |                   \x1b[01;35m\x1b[K~~^~~~~~~~~~~~~~~~~~\x1b[m\x1b[K\n'}
[98.202044] (robot_navigation) StderrLine: {'line': b'\x1b[01m\x1b[K/home/zheng/carerobot_slam_ros2/src/robot_navigation/src/path_optimization/fast_security.cpp:\x1b[m\x1b[K In member function \xe2\x80\x98\x1b[01m\x1b[Kstd::vector<Eigen::Matrix<double, 2, 1> > Fast_Security::PathOptimization(std::vector<std::vector<Eigen::Matrix<int, 2, 1> > >, std::vector<std::vector<Eigen::Matrix<int, 2, 1> > >)\x1b[m\x1b[K\xe2\x80\x99:\n'}
[98.202440] (robot_navigation) StderrLine: {'line': b'\x1b[01m\x1b[K/home/zheng/carerobot_slam_ros2/src/robot_navigation/src/path_optimization/fast_security.cpp:1448:21:\x1b[m\x1b[K \x1b[01;35m\x1b[Kwarning: \x1b[m\x1b[Kcomparison of integer expressions of different signedness: \xe2\x80\x98\x1b[01m\x1b[Kint\x1b[m\x1b[K\xe2\x80\x99 and \xe2\x80\x98\x1b[01m\x1b[Kstd::vector<std::vector<Eigen::Matrix<int, 2, 1> > >::size_type\x1b[m\x1b[K\xe2\x80\x99 {aka \xe2\x80\x98\x1b[01m\x1b[Klong unsigned int\x1b[m\x1b[K\xe2\x80\x99} [\x1b[01;35m\x1b[K\x1b]8;;https://gcc.gnu.org/onlinedocs/gcc/Warning-Options.html#index-Wsign-compare\x07-Wsign-compare\x1b]8;;\x07\x1b[m\x1b[K]\n'}
[98.202688] (robot_navigation) StderrLine: {'line': b' 1448 |   for (int i = 0; \x1b[01;35m\x1b[Ki < continu.size()\x1b[m\x1b[K; i++)\n'}
[98.202906] (robot_navigation) StderrLine: {'line': b'      |                   \x1b[01;35m\x1b[K~~^~~~~~~~~~~~~~~~\x1b[m\x1b[K\n'}
[98.205094] (robot_navigation) StderrLine: {'line': b'\x1b[01m\x1b[K/home/zheng/carerobot_slam_ros2/src/robot_navigation/src/path_optimization/fast_security.cpp:1459:26:\x1b[m\x1b[K \x1b[01;35m\x1b[Kwarning: \x1b[m\x1b[Kcomparison of integer expressions of different signedness: \xe2\x80\x98\x1b[01m\x1b[Kint\x1b[m\x1b[K\xe2\x80\x99 and \xe2\x80\x98\x1b[01m\x1b[Kstd::vector<Eigen::Matrix<int, 2, 1> >::size_type\x1b[m\x1b[K\xe2\x80\x99 {aka \xe2\x80\x98\x1b[01m\x1b[Klong unsigned int\x1b[m\x1b[K\xe2\x80\x99} [\x1b[01;35m\x1b[K\x1b]8;;https://gcc.gnu.org/onlinedocs/gcc/Warning-Options.html#index-Wsign-compare\x07-Wsign-compare\x1b]8;;\x07\x1b[m\x1b[K]\n'}
[98.205490] (robot_navigation) StderrLine: {'line': b' 1459 |     if(i%4 == 0 && \x1b[01;35m\x1b[Ki/2+1 < dividNodes.size()\x1b[m\x1b[K)\n'}
[98.205728] (robot_navigation) StderrLine: {'line': b'      |                    \x1b[01;35m\x1b[K~~~~~~^~~~~~~~~~~~~~~~~~~\x1b[m\x1b[K\n'}
[98.206074] (robot_navigation) StderrLine: {'line': b'\x1b[01m\x1b[K/home/zheng/carerobot_slam_ros2/src/robot_navigation/src/path_optimization/fast_security.cpp:1461:12:\x1b[m\x1b[K \x1b[01;35m\x1b[Kwarning: \x1b[m\x1b[Kcomparison of integer expressions of different signedness: \xe2\x80\x98\x1b[01m\x1b[Kint\x1b[m\x1b[K\xe2\x80\x99 and \xe2\x80\x98\x1b[01m\x1b[Kstd::vector<std::vector<Eigen::Matrix<int, 2, 1> > >::size_type\x1b[m\x1b[K\xe2\x80\x99 {aka \xe2\x80\x98\x1b[01m\x1b[Klong unsigned int\x1b[m\x1b[K\xe2\x80\x99} [\x1b[01;35m\x1b[K\x1b]8;;https://gcc.gnu.org/onlinedocs/gcc/Warning-Options.html#index-Wsign-compare\x07-Wsign-compare\x1b]8;;\x07\x1b[m\x1b[K]\n'}
[98.206338] (robot_navigation) StderrLine: {'line': b' 1461 |       if(\x1b[01;35m\x1b[Ki < continu.size()-1\x1b[m\x1b[K)\n'}
[98.206556] (robot_navigation) StderrLine: {'line': b'      |          \x1b[01;35m\x1b[K~~^~~~~~~~~~~~~~~~~~\x1b[m\x1b[K\n'}
[98.208120] (robot_navigation) StderrLine: {'line': b'\x1b[01m\x1b[K/home/zheng/carerobot_slam_ros2/src/robot_navigation/src/path_optimization/fast_security.cpp:1505:30:\x1b[m\x1b[K \x1b[01;35m\x1b[Kwarning: \x1b[m\x1b[Kcomparison of integer expressions of different signedness: \xe2\x80\x98\x1b[01m\x1b[Kint\x1b[m\x1b[K\xe2\x80\x99 and \xe2\x80\x98\x1b[01m\x1b[Kstd::vector<std::vector<Eigen::Matrix<int, 2, 1> > >::size_type\x1b[m\x1b[K\xe2\x80\x99 {aka \xe2\x80\x98\x1b[01m\x1b[Klong unsigned int\x1b[m\x1b[K\xe2\x80\x99} [\x1b[01;35m\x1b[K\x1b]8;;https://gcc.gnu.org/onlinedocs/gcc/Warning-Options.html#index-Wsign-compare\x07-Wsign-compare\x1b]8;;\x07\x1b[m\x1b[K]\n'}
[98.208488] (robot_navigation) StderrLine: {'line': b' 1505 |     if(i%4 == 1 && \x1b[01;35m\x1b[K(i-1)*4+3 < inflect.size()\x1b[m\x1b[K)\n'}
[98.208720] (robot_navigation) StderrLine: {'line': b'      |                    \x1b[01;35m\x1b[K~~~~~~~~~~^~~~~~~~~~~~~~~~\x1b[m\x1b[K\n'}
[98.210044] (robot_navigation) StderrLine: {'line': b'\x1b[01m\x1b[K/home/zheng/carerobot_slam_ros2/src/robot_navigation/src/path_optimization/fast_security.cpp:1532:21:\x1b[m\x1b[K \x1b[01;35m\x1b[Kwarning: \x1b[m\x1b[Kcomparison of integer expressions of different signedness: \xe2\x80\x98\x1b[01m\x1b[Kint\x1b[m\x1b[K\xe2\x80\x99 and \xe2\x80\x98\x1b[01m\x1b[Kstd::vector<std::pair<int, std::vector<Eigen::Matrix<int, 2, 1> > > >::size_type\x1b[m\x1b[K\xe2\x80\x99 {aka \xe2\x80\x98\x1b[01m\x1b[Klong unsigned int\x1b[m\x1b[K\xe2\x80\x99} [\x1b[01;35m\x1b[K\x1b]8;;https://gcc.gnu.org/onlinedocs/gcc/Warning-Options.html#index-Wsign-compare\x07-Wsign-compare\x1b]8;;\x07\x1b[m\x1b[K]\n'}
[98.211179] (robot_navigation) StderrLine: {'line': b' 1532 |   for (int i = 0; \x1b[01;35m\x1b[Ki < optimiPoints.size()\x1b[m\x1b[K; i++)\n'}
[98.211307] (robot_navigation) StderrLine: {'line': b'      |                   \x1b[01;35m\x1b[K~~^~~~~~~~~~~~~~~~~~~~~\x1b[m\x1b[K\n'}
[98.213073] (robot_navigation) StderrLine: {'line': b'\x1b[01m\x1b[K/home/zheng/carerobot_slam_ros2/src/robot_navigation/src/path_optimization/fast_security.cpp:1537:14:\x1b[m\x1b[K \x1b[01;35m\x1b[Kwarning: \x1b[m\x1b[Kvariable \xe2\x80\x98\x1b[01m\x1b[Knowvisit\x1b[m\x1b[K\xe2\x80\x99 set but not used [\x1b[01;35m\x1b[K\x1b]8;;https://gcc.gnu.org/onlinedocs/gcc/Warning-Options.html#index-Wunused-but-set-variable\x07-Wunused-but-set-variable\x1b]8;;\x07\x1b[m\x1b[K]\n'}
[98.213284] (robot_navigation) StderrLine: {'line': b' 1537 |       double \x1b[01;35m\x1b[Knowvisit\x1b[m\x1b[K;\n'}
[98.213386] (robot_navigation) StderrLine: {'line': b'      |              \x1b[01;35m\x1b[K^~~~~~~~\x1b[m\x1b[K\n'}
[98.214754] (robot_navigation) StderrLine: {'line': b'\x1b[01m\x1b[K/home/zheng/carerobot_slam_ros2/src/robot_navigation/src/path_optimization/fast_security.cpp:1603:14:\x1b[m\x1b[K \x1b[01;35m\x1b[Kwarning: \x1b[m\x1b[Kvariable \xe2\x80\x98\x1b[01m\x1b[Knowvisit\x1b[m\x1b[K\xe2\x80\x99 set but not used [\x1b[01;35m\x1b[K\x1b]8;;https://gcc.gnu.org/onlinedocs/gcc/Warning-Options.html#index-Wunused-but-set-variable\x07-Wunused-but-set-variable\x1b]8;;\x07\x1b[m\x1b[K]\n'}
[98.218198] (robot_navigation) StderrLine: {'line': b' 1603 |       double \x1b[01;35m\x1b[Knowvisit\x1b[m\x1b[K;\n'}
[98.218327] (robot_navigation) StderrLine: {'line': b'      |              \x1b[01;35m\x1b[K^~~~~~~~\x1b[m\x1b[K\n'}
[98.253113] (-) TimerEvent: {}
[98.353438] (-) TimerEvent: {}
[98.453786] (-) TimerEvent: {}
[98.554200] (-) TimerEvent: {}
[98.657995] (-) TimerEvent: {}
[98.758413] (-) TimerEvent: {}
[98.859034] (-) TimerEvent: {}
[98.961996] (-) TimerEvent: {}
[99.062375] (-) TimerEvent: {}
[99.162681] (-) TimerEvent: {}
[99.263100] (-) TimerEvent: {}
[99.363491] (-) TimerEvent: {}
[99.464202] (-) TimerEvent: {}
[99.564868] (-) TimerEvent: {}
[99.576284] (robot_navigation) StderrLine: {'line': b'\x1b[01m\x1b[K/home/zheng/carerobot_slam_ros2/src/robot_navigation/src/path_optimization/bspline_optimizer.cpp:\x1b[m\x1b[K In member function \xe2\x80\x98\x1b[01m\x1b[Kvoid dyn_planner::BsplineOptimizer::optimize(int, bool, double)\x1b[m\x1b[K\xe2\x80\x99:\n'}
[99.576503] (robot_navigation) StderrLine: {'line': b'\x1b[01m\x1b[K/home/zheng/carerobot_slam_ros2/src/robot_navigation/src/path_optimization/bspline_optimizer.cpp:134:21:\x1b[m\x1b[K \x1b[01;35m\x1b[Kwarning: \x1b[m\x1b[Kunused variable \xe2\x80\x98\x1b[01m\x1b[Kresult\x1b[m\x1b[K\xe2\x80\x99 [\x1b[01;35m\x1b[K\x1b]8;;https://gcc.gnu.org/onlinedocs/gcc/Warning-Options.html#index-Wunused-variable\x07-Wunused-variable\x1b]8;;\x07\x1b[m\x1b[K]\n'}
[99.576618] (robot_navigation) StderrLine: {'line': b'  134 |       nlopt::result \x1b[01;35m\x1b[Kresult\x1b[m\x1b[K = opt.optimize(q, final_cost);\n'}
[99.576715] (robot_navigation) StderrLine: {'line': b'      |                     \x1b[01;35m\x1b[K^~~~~~\x1b[m\x1b[K\n'}
[99.664988] (-) TimerEvent: {}
[99.765690] (-) TimerEvent: {}
[99.866997] (-) TimerEvent: {}
[99.967643] (-) TimerEvent: {}
[100.068322] (-) TimerEvent: {}
[100.168983] (-) TimerEvent: {}
[100.273044] (-) TimerEvent: {}
[100.373348] (-) TimerEvent: {}
[100.474467] (-) TimerEvent: {}
[100.575088] (-) TimerEvent: {}
[100.678281] (-) TimerEvent: {}
[100.778830] (-) TimerEvent: {}
[100.879180] (-) TimerEvent: {}
[100.980251] (-) TimerEvent: {}
[101.080876] (-) TimerEvent: {}
[101.182792] (-) TimerEvent: {}
[101.283992] (-) TimerEvent: {}
[101.384394] (-) TimerEvent: {}
[101.484843] (-) TimerEvent: {}
[101.585581] (-) TimerEvent: {}
[101.687263] (-) TimerEvent: {}
[101.787680] (-) TimerEvent: {}
[101.888088] (-) TimerEvent: {}
[101.988481] (-) TimerEvent: {}
[102.088893] (-) TimerEvent: {}
[102.189698] (-) TimerEvent: {}
[102.291992] (-) TimerEvent: {}
[102.392304] (-) TimerEvent: {}
[102.492613] (-) TimerEvent: {}
[102.592993] (-) TimerEvent: {}
[102.693681] (-) TimerEvent: {}
[102.795753] (-) TimerEvent: {}
[102.896229] (-) TimerEvent: {}
[102.997367] (-) TimerEvent: {}
[103.099735] (-) TimerEvent: {}
[103.200393] (-) TimerEvent: {}
[103.300800] (-) TimerEvent: {}
[103.401515] (-) TimerEvent: {}
[103.502990] (-) TimerEvent: {}
[103.603597] (-) TimerEvent: {}
[103.704882] (-) TimerEvent: {}
[103.805582] (-) TimerEvent: {}
[103.906229] (-) TimerEvent: {}
[104.006643] (-) TimerEvent: {}
[104.106996] (-) TimerEvent: {}
[104.207380] (-) TimerEvent: {}
[104.307772] (-) TimerEvent: {}
[104.409400] (-) TimerEvent: {}
[104.510092] (-) TimerEvent: {}
[104.611350] (-) TimerEvent: {}
[104.712771] (-) TimerEvent: {}
[104.813905] (-) TimerEvent: {}
[104.914312] (-) TimerEvent: {}
[105.014690] (-) TimerEvent: {}
[105.115372] (-) TimerEvent: {}
[105.215773] (-) TimerEvent: {}
[105.316085] (-) TimerEvent: {}
[105.416383] (-) TimerEvent: {}
[105.516694] (-) TimerEvent: {}
[105.617001] (-) TimerEvent: {}
[105.717320] (-) TimerEvent: {}
[105.817957] (-) TimerEvent: {}
[105.918285] (-) TimerEvent: {}
[106.018602] (-) TimerEvent: {}
[106.119172] (-) TimerEvent: {}
[106.219500] (-) TimerEvent: {}
[106.319805] (-) TimerEvent: {}
[106.420112] (-) TimerEvent: {}
[106.520505] (-) TimerEvent: {}
[106.620792] (-) TimerEvent: {}
[106.721106] (-) TimerEvent: {}
[106.821472] (-) TimerEvent: {}
[106.921973] (-) TimerEvent: {}
[107.022526] (-) TimerEvent: {}
[107.123985] (-) TimerEvent: {}
[107.225298] (-) TimerEvent: {}
[107.326867] (-) TimerEvent: {}
[107.427252] (-) TimerEvent: {}
[107.530240] (-) TimerEvent: {}
[107.630580] (-) TimerEvent: {}
[107.731050] (-) TimerEvent: {}
[107.831388] (-) TimerEvent: {}
[107.931701] (-) TimerEvent: {}
[108.033418] (-) TimerEvent: {}
[108.134764] (-) TimerEvent: {}
[108.235077] (-) TimerEvent: {}
[108.335380] (-) TimerEvent: {}
[108.435679] (-) TimerEvent: {}
[108.535980] (-) TimerEvent: {}
[108.636272] (-) TimerEvent: {}
[108.736591] (-) TimerEvent: {}
[108.837294] (-) TimerEvent: {}
[108.937684] (-) TimerEvent: {}
[109.037995] (-) TimerEvent: {}
[109.138307] (-) TimerEvent: {}
[109.238628] (-) TimerEvent: {}
[109.339413] (-) TimerEvent: {}
[109.439739] (-) TimerEvent: {}
[109.540075] (-) TimerEvent: {}
[109.640398] (-) TimerEvent: {}
[109.740706] (-) TimerEvent: {}
[109.841004] (-) TimerEvent: {}
[109.941661] (-) TimerEvent: {}
[110.041979] (-) TimerEvent: {}
[110.142668] (-) TimerEvent: {}
[110.243001] (-) TimerEvent: {}
[110.343751] (-) TimerEvent: {}
[110.444061] (-) TimerEvent: {}
[110.544616] (-) TimerEvent: {}
[110.644963] (-) TimerEvent: {}
[110.745256] (-) TimerEvent: {}
[110.845560] (-) TimerEvent: {}
[110.945871] (-) TimerEvent: {}
[111.046181] (-) TimerEvent: {}
[111.146477] (-) TimerEvent: {}
[111.246797] (-) TimerEvent: {}
[111.347140] (-) TimerEvent: {}
[111.447480] (-) TimerEvent: {}
[111.550819] (-) TimerEvent: {}
[111.651150] (-) TimerEvent: {}
[111.751476] (-) TimerEvent: {}
[111.851786] (-) TimerEvent: {}
[111.952098] (-) TimerEvent: {}
[112.052392] (-) TimerEvent: {}
[112.152688] (-) TimerEvent: {}
[112.253015] (-) TimerEvent: {}
[112.353395] (-) TimerEvent: {}
[112.454040] (-) TimerEvent: {}
[112.554604] (-) TimerEvent: {}
[112.654914] (-) TimerEvent: {}
[112.755231] (-) TimerEvent: {}
[112.855526] (-) TimerEvent: {}
[112.956242] (-) TimerEvent: {}
[113.056541] (-) TimerEvent: {}
[113.156846] (-) TimerEvent: {}
[113.257156] (-) TimerEvent: {}
[113.357484] (-) TimerEvent: {}
[113.457807] (-) TimerEvent: {}
[113.558214] (-) TimerEvent: {}
[113.658550] (-) TimerEvent: {}
[113.758851] (-) TimerEvent: {}
[113.859398] (-) TimerEvent: {}
[113.959767] (-) TimerEvent: {}
[114.060080] (-) TimerEvent: {}
[114.160395] (-) TimerEvent: {}
[114.260705] (-) TimerEvent: {}
[114.361003] (-) TimerEvent: {}
[114.461307] (-) TimerEvent: {}
[114.561628] (-) TimerEvent: {}
[114.662253] (-) TimerEvent: {}
[114.762564] (-) TimerEvent: {}
[114.797290] (robot_navigation) StderrLine: {'line': b'In file included from \x1b[01m\x1b[K/usr/include/boost/math/tools/cxx03_warn.hpp:9\x1b[m\x1b[K,\n'}
[114.797520] (robot_navigation) StderrLine: {'line': b'                 from \x1b[01m\x1b[K/usr/include/boost/math/constants/constants.hpp:11\x1b[m\x1b[K,\n'}
[114.797632] (robot_navigation) StderrLine: {'line': b'                 from \x1b[01m\x1b[K/usr/include/boost/geometry/util/math.hpp:29\x1b[m\x1b[K,\n'}
[114.797728] (robot_navigation) StderrLine: {'line': b'                 from \x1b[01m\x1b[K/usr/include/boost/geometry/core/radian_access.hpp:33\x1b[m\x1b[K,\n'}
[114.797823] (robot_navigation) StderrLine: {'line': b'                 from \x1b[01m\x1b[K/usr/include/boost/geometry/geometry.hpp:51\x1b[m\x1b[K,\n'}
[114.797917] (robot_navigation) StderrLine: {'line': b'                 from \x1b[01m\x1b[K/usr/include/boost/geometry.hpp:17\x1b[m\x1b[K,\n'}
[114.798274] (robot_navigation) StderrLine: {'line': b'                 from \x1b[01m\x1b[K/home/zheng/carerobot_slam_ros2/src/robot_navigation/include/path_optimization/corridor_optimizer.h:10\x1b[m\x1b[K,\n'}
[114.798391] (robot_navigation) StderrLine: {'line': b'                 from \x1b[01m\x1b[K/home/zheng/carerobot_slam_ros2/src/robot_navigation/src/path_optimization/corridor_optimizer.cpp:1\x1b[m\x1b[K:\n'}
[114.798492] (robot_navigation) StderrLine: {'line': b'\x1b[01m\x1b[K/usr/include/boost/detail/no_exceptions_support.hpp:17:1:\x1b[m\x1b[K \x1b[01;36m\x1b[Knote: \x1b[m\x1b[K\xe2\x80\x98\x1b[01m\x1b[K#pragma message: This header is deprecated. Use <boost/core/no_exceptions_support.hpp> instead.\x1b[m\x1b[K\xe2\x80\x99\n'}
[114.799678] (robot_navigation) StderrLine: {'line': b'   17 | \x1b[01;36m\x1b[KBOOST_HEADER_DEPRECATED\x1b[m\x1b[K("<boost/core/no_exceptions_support.hpp>")\n'}
[114.799829] (robot_navigation) StderrLine: {'line': b'      | \x1b[01;36m\x1b[K^~~~~~~~~~~~~~~~~~~~~~~\x1b[m\x1b[K\n'}
[114.862683] (-) TimerEvent: {}
[114.962992] (-) TimerEvent: {}
[115.063300] (-) TimerEvent: {}
[115.163996] (-) TimerEvent: {}
[115.264310] (-) TimerEvent: {}
[115.364632] (-) TimerEvent: {}
[115.464950] (-) TimerEvent: {}
[115.565270] (-) TimerEvent: {}
[115.665603] (-) TimerEvent: {}
[115.766614] (-) TimerEvent: {}
[115.773286] (robot_navigation) StderrLine: {'line': b'\x1b[01m\x1b[K/home/zheng/carerobot_slam_ros2/src/robot_navigation/src/path_optimization/corridor_optimizer.cpp:\x1b[m\x1b[K In member function \xe2\x80\x98\x1b[01m\x1b[Kstd::vector<std::pair<int, int> > Corridor_Optimizer::polygonObstaclesInSubgrid(const Polygon_bg&, int, int)\x1b[m\x1b[K\xe2\x80\x99:\n'}
[115.773514] (robot_navigation) StderrLine: {'line': b'\x1b[01m\x1b[K/home/zheng/carerobot_slam_ros2/src/robot_navigation/src/path_optimization/corridor_optimizer.cpp:307:108:\x1b[m\x1b[K \x1b[01;35m\x1b[Kwarning: \x1b[m\x1b[Kunused parameter \xe2\x80\x98\x1b[01m\x1b[Kmin_x\x1b[m\x1b[K\xe2\x80\x99 [\x1b[01;35m\x1b[K\x1b]8;;https://gcc.gnu.org/onlinedocs/gcc/Warning-Options.html#index-Wunused-parameter\x07-Wunused-parameter\x1b]8;;\x07\x1b[m\x1b[K]\n'}
[115.773630] (robot_navigation) StderrLine: {'line': b'  307 | std::vector<std::pair<int, int>> Corridor_Optimizer::polygonObstaclesInSubgrid(const Polygon_bg& poly, \x1b[01;35m\x1b[Kint min_x\x1b[m\x1b[K, int min_y)\n'}
[115.773732] (robot_navigation) StderrLine: {'line': b'      |                                                                                                        \x1b[01;35m\x1b[K~~~~^~~~~\x1b[m\x1b[K\n'}
[115.774222] (robot_navigation) StderrLine: {'line': b'\x1b[01m\x1b[K/home/zheng/carerobot_slam_ros2/src/robot_navigation/src/path_optimization/corridor_optimizer.cpp:307:119:\x1b[m\x1b[K \x1b[01;35m\x1b[Kwarning: \x1b[m\x1b[Kunused parameter \xe2\x80\x98\x1b[01m\x1b[Kmin_y\x1b[m\x1b[K\xe2\x80\x99 [\x1b[01;35m\x1b[K\x1b]8;;https://gcc.gnu.org/onlinedocs/gcc/Warning-Options.html#index-Wunused-parameter\x07-Wunused-parameter\x1b]8;;\x07\x1b[m\x1b[K]\n'}
[115.774413] (robot_navigation) StderrLine: {'line': b'  307 | std::vector<std::pair<int, int>> Corridor_Optimizer::polygonObstaclesInSubgrid(const Polygon_bg& poly, int min_x, \x1b[01;35m\x1b[Kint min_y\x1b[m\x1b[K)\n'}
[115.774532] (robot_navigation) StderrLine: {'line': b'      |                                                                                                                   \x1b[01;35m\x1b[K~~~~^~~~~\x1b[m\x1b[K\n'}
[115.866726] (-) TimerEvent: {}
[115.967062] (-) TimerEvent: {}
[116.067381] (-) TimerEvent: {}
[116.167701] (-) TimerEvent: {}
[116.270005] (-) TimerEvent: {}
[116.370429] (-) TimerEvent: {}
[116.470742] (-) TimerEvent: {}
[116.571056] (-) TimerEvent: {}
[116.671369] (-) TimerEvent: {}
[116.771697] (-) TimerEvent: {}
[116.872005] (-) TimerEvent: {}
[116.972324] (-) TimerEvent: {}
[117.072628] (-) TimerEvent: {}
[117.172940] (-) TimerEvent: {}
[117.273245] (-) TimerEvent: {}
[117.373716] (-) TimerEvent: {}
[117.474000] (-) TimerEvent: {}
[117.574759] (-) TimerEvent: {}
[117.675074] (-) TimerEvent: {}
[117.775399] (-) TimerEvent: {}
[117.877993] (-) TimerEvent: {}
[117.978310] (-) TimerEvent: {}
[118.078619] (-) TimerEvent: {}
[118.178957] (-) TimerEvent: {}
[118.279257] (-) TimerEvent: {}
[118.379560] (-) TimerEvent: {}
[118.479877] (-) TimerEvent: {}
[118.580204] (-) TimerEvent: {}
[118.680525] (-) TimerEvent: {}
[118.780840] (-) TimerEvent: {}
[118.881175] (-) TimerEvent: {}
[118.981598] (-) TimerEvent: {}
[119.081910] (-) TimerEvent: {}
[119.182231] (-) TimerEvent: {}
[119.282551] (-) TimerEvent: {}
[119.383036] (-) TimerEvent: {}
[119.483365] (-) TimerEvent: {}
[119.583911] (-) TimerEvent: {}
[119.684322] (-) TimerEvent: {}
[119.784905] (-) TimerEvent: {}
[119.885892] (-) TimerEvent: {}
[119.987137] (-) TimerEvent: {}
[120.087450] (-) TimerEvent: {}
[120.187763] (-) TimerEvent: {}
[120.288078] (-) TimerEvent: {}
[120.388390] (-) TimerEvent: {}
[120.488707] (-) TimerEvent: {}
[120.589025] (-) TimerEvent: {}
[120.689341] (-) TimerEvent: {}
[120.789780] (-) TimerEvent: {}
[120.890106] (-) TimerEvent: {}
[120.990586] (-) TimerEvent: {}
[121.090911] (-) TimerEvent: {}
[121.191223] (-) TimerEvent: {}
[121.291529] (-) TimerEvent: {}
[121.391881] (-) TimerEvent: {}
[121.492255] (-) TimerEvent: {}
[121.592593] (-) TimerEvent: {}
[121.692896] (-) TimerEvent: {}
[121.793239] (-) TimerEvent: {}
[121.893543] (-) TimerEvent: {}
[121.993856] (-) TimerEvent: {}
[122.094193] (-) TimerEvent: {}
[122.194563] (-) TimerEvent: {}
[122.294845] (-) TimerEvent: {}
[122.396998] (-) TimerEvent: {}
[122.497301] (-) TimerEvent: {}
[122.597624] (-) TimerEvent: {}
[122.697942] (-) TimerEvent: {}
[122.798259] (-) TimerEvent: {}
[122.898543] (-) TimerEvent: {}
[122.998851] (-) TimerEvent: {}
[123.099206] (-) TimerEvent: {}
[123.199522] (-) TimerEvent: {}
[123.299865] (-) TimerEvent: {}
[123.400246] (-) TimerEvent: {}
[123.500583] (-) TimerEvent: {}
[123.600920] (-) TimerEvent: {}
[123.701280] (-) TimerEvent: {}
[123.801563] (-) TimerEvent: {}
[123.901897] (-) TimerEvent: {}
[124.002253] (-) TimerEvent: {}
[124.102541] (-) TimerEvent: {}
[124.202898] (-) TimerEvent: {}
[124.303234] (-) TimerEvent: {}
[124.403563] (-) TimerEvent: {}
[124.503845] (-) TimerEvent: {}
[124.604184] (-) TimerEvent: {}
[124.678390] (robot_navigation) StdoutLine: {'line': b'[ 50%] \x1b[32mBuilding CXX object CMakeFiles/motionPlan_node.dir/src/path_optimization/minimum_snap.cpp.o\x1b[0m\n'}
[124.704296] (-) TimerEvent: {}
[124.804602] (-) TimerEvent: {}
[124.904927] (-) TimerEvent: {}
[125.005290] (-) TimerEvent: {}
[125.105602] (-) TimerEvent: {}
[125.205967] (-) TimerEvent: {}
[125.306346] (-) TimerEvent: {}
[125.406637] (-) TimerEvent: {}
[125.506926] (-) TimerEvent: {}
[125.607245] (-) TimerEvent: {}
[125.707515] (-) TimerEvent: {}
[125.807810] (-) TimerEvent: {}
[125.908117] (-) TimerEvent: {}
[126.008456] (-) TimerEvent: {}
[126.108778] (-) TimerEvent: {}
[126.209122] (-) TimerEvent: {}
[126.309458] (-) TimerEvent: {}
[126.409767] (-) TimerEvent: {}
[126.510106] (-) TimerEvent: {}
[126.610442] (-) TimerEvent: {}
[126.710819] (-) TimerEvent: {}
[126.811201] (-) TimerEvent: {}
[126.911557] (-) TimerEvent: {}
[127.011918] (-) TimerEvent: {}
[127.112248] (-) TimerEvent: {}
[127.212593] (-) TimerEvent: {}
[127.312972] (-) TimerEvent: {}
[127.413320] (-) TimerEvent: {}
[127.513624] (-) TimerEvent: {}
[127.613984] (-) TimerEvent: {}
[127.714330] (-) TimerEvent: {}
[127.814668] (-) TimerEvent: {}
[127.914997] (-) TimerEvent: {}
[128.015356] (-) TimerEvent: {}
[128.115698] (-) TimerEvent: {}
[128.216007] (-) TimerEvent: {}
[128.316289] (-) TimerEvent: {}
[128.416572] (-) TimerEvent: {}
[128.516835] (-) TimerEvent: {}
[128.617106] (-) TimerEvent: {}
[128.717440] (-) TimerEvent: {}
[128.817753] (-) TimerEvent: {}
[128.918052] (-) TimerEvent: {}
[129.018353] (-) TimerEvent: {}
[129.118664] (-) TimerEvent: {}
[129.218995] (-) TimerEvent: {}
[129.319313] (-) TimerEvent: {}
[129.350051] (robot_navigation) StderrLine: {'line': b'\x1b[01m\x1b[K/home/zheng/carerobot_slam_ros2/src/robot_navigation/src/path_optimization/corridor_optimizer.cpp:\x1b[m\x1b[K In member function \xe2\x80\x98\x1b[01m\x1b[Kstd::pair<double, double> Corridor_Optimizer::polygonCentroid(const Polygon_bg&)\x1b[m\x1b[K\xe2\x80\x99:\n'}
[129.350341] (robot_navigation) StderrLine: {'line': b'\x1b[01m\x1b[K/home/zheng/carerobot_slam_ros2/src/robot_navigation/src/path_optimization/corridor_optimizer.cpp:269:14:\x1b[m\x1b[K \x1b[01;35m\x1b[Kwarning: \x1b[m\x1b[K\xe2\x80\x98\x1b[01m\x1b[Kc.boost::geometry::model::d2::point_xy<double, boost::geometry::cs::cartesian>::<unnamed>.boost::geometry::model::point<double, 2, boost::geometry::cs::cartesian>::m_values[0]\x1b[m\x1b[K\xe2\x80\x99 is used uninitialized [\x1b[01;35m\x1b[K\x1b]8;;https://gcc.gnu.org/onlinedocs/gcc/Warning-Options.html#index-Wuninitialized\x07-Wuninitialized\x1b]8;;\x07\x1b[m\x1b[K]\n'}
[129.350494] (robot_navigation) StderrLine: {'line': b'  269 |     Point_bg \x1b[01;35m\x1b[Kc\x1b[m\x1b[K; bg::centroid(poly, c);\n'}
[129.350629] (robot_navigation) StderrLine: {'line': b'      |              \x1b[01;35m\x1b[K^\x1b[m\x1b[K\n'}
[129.350761] (robot_navigation) StderrLine: {'line': b'\x1b[01m\x1b[K/home/zheng/carerobot_slam_ros2/src/robot_navigation/src/path_optimization/corridor_optimizer.cpp:269:14:\x1b[m\x1b[K \x1b[01;35m\x1b[Kwarning: \x1b[m\x1b[K\xe2\x80\x98\x1b[01m\x1b[Kc.boost::geometry::model::d2::point_xy<double, boost::geometry::cs::cartesian>::<unnamed>.boost::geometry::model::point<double, 2, boost::geometry::cs::cartesian>::m_values[1]\x1b[m\x1b[K\xe2\x80\x99 is used uninitialized [\x1b[01;35m\x1b[K\x1b]8;;https://gcc.gnu.org/onlinedocs/gcc/Warning-Options.html#index-Wuninitialized\x07-Wuninitialized\x1b]8;;\x07\x1b[m\x1b[K]\n'}
[129.419408] (-) TimerEvent: {}
[129.519723] (-) TimerEvent: {}
[129.620020] (-) TimerEvent: {}
[129.720320] (-) TimerEvent: {}
[129.820636] (-) TimerEvent: {}
[129.920989] (-) TimerEvent: {}
[130.021304] (-) TimerEvent: {}
[130.121604] (-) TimerEvent: {}
[130.221910] (-) TimerEvent: {}
[130.322262] (-) TimerEvent: {}
[130.422573] (-) TimerEvent: {}
[130.522892] (-) TimerEvent: {}
[130.623231] (-) TimerEvent: {}
[130.723541] (-) TimerEvent: {}
[130.823840] (-) TimerEvent: {}
[130.924181] (-) TimerEvent: {}
[131.024500] (-) TimerEvent: {}
[131.124759] (-) TimerEvent: {}
[131.225007] (-) TimerEvent: {}
[131.325362] (-) TimerEvent: {}
[131.425670] (-) TimerEvent: {}
[131.526020] (-) TimerEvent: {}
[131.626317] (-) TimerEvent: {}
[131.726617] (-) TimerEvent: {}
[131.826922] (-) TimerEvent: {}
[131.927297] (-) TimerEvent: {}
[132.027631] (-) TimerEvent: {}
[132.127969] (-) TimerEvent: {}
[132.228334] (-) TimerEvent: {}
[132.328656] (-) TimerEvent: {}
[132.429020] (-) TimerEvent: {}
[132.529361] (-) TimerEvent: {}
[132.629703] (-) TimerEvent: {}
[132.730076] (-) TimerEvent: {}
[132.830393] (-) TimerEvent: {}
[132.930735] (-) TimerEvent: {}
[133.031035] (-) TimerEvent: {}
[133.131340] (-) TimerEvent: {}
[133.231683] (-) TimerEvent: {}
[133.332023] (-) TimerEvent: {}
[133.432335] (-) TimerEvent: {}
[133.532682] (-) TimerEvent: {}
[133.633022] (-) TimerEvent: {}
[133.733341] (-) TimerEvent: {}
[133.833613] (-) TimerEvent: {}
[133.933896] (-) TimerEvent: {}
[134.034262] (-) TimerEvent: {}
[134.134543] (-) TimerEvent: {}
[134.234828] (-) TimerEvent: {}
[134.335159] (-) TimerEvent: {}
[134.435486] (-) TimerEvent: {}
[134.535765] (-) TimerEvent: {}
[134.636086] (-) TimerEvent: {}
[134.736366] (-) TimerEvent: {}
[134.836646] (-) TimerEvent: {}
[134.936955] (-) TimerEvent: {}
[135.037247] (-) TimerEvent: {}
[135.137524] (-) TimerEvent: {}
[135.237807] (-) TimerEvent: {}
[135.338091] (-) TimerEvent: {}
[135.438374] (-) TimerEvent: {}
[135.538674] (-) TimerEvent: {}
[135.639010] (-) TimerEvent: {}
[135.739288] (-) TimerEvent: {}
[135.839566] (-) TimerEvent: {}
[135.939849] (-) TimerEvent: {}
[136.040175] (-) TimerEvent: {}
[136.140464] (-) TimerEvent: {}
[136.240751] (-) TimerEvent: {}
[136.341104] (-) TimerEvent: {}
[136.441496] (-) TimerEvent: {}
[136.541846] (-) TimerEvent: {}
[136.642164] (-) TimerEvent: {}
[136.742440] (-) TimerEvent: {}
[136.842758] (-) TimerEvent: {}
[136.943004] (-) TimerEvent: {}
[137.043277] (-) TimerEvent: {}
[137.143552] (-) TimerEvent: {}
[137.243832] (-) TimerEvent: {}
[137.344124] (-) TimerEvent: {}
[137.355424] (robot_navigation) StdoutLine: {'line': b'[ 52%] \x1b[32mBuilding CXX object CMakeFiles/motionPlan_node.dir/src/path_optimization/non_uniform_bspline.cpp.o\x1b[0m\n'}
[137.444232] (-) TimerEvent: {}
[137.544553] (-) TimerEvent: {}
[137.644968] (-) TimerEvent: {}
[137.745337] (-) TimerEvent: {}
[137.845673] (-) TimerEvent: {}
[137.945974] (-) TimerEvent: {}
[138.046267] (-) TimerEvent: {}
[138.146615] (-) TimerEvent: {}
[138.246990] (-) TimerEvent: {}
[138.347334] (-) TimerEvent: {}
[138.447674] (-) TimerEvent: {}
[138.548034] (-) TimerEvent: {}
[138.648377] (-) TimerEvent: {}
[138.748693] (-) TimerEvent: {}
[138.849018] (-) TimerEvent: {}
[138.949329] (-) TimerEvent: {}
[139.049646] (-) TimerEvent: {}
[139.150023] (-) TimerEvent: {}
[139.250348] (-) TimerEvent: {}
[139.350659] (-) TimerEvent: {}
[139.450982] (-) TimerEvent: {}
[139.551304] (-) TimerEvent: {}
[139.651646] (-) TimerEvent: {}
[139.751985] (-) TimerEvent: {}
[139.852323] (-) TimerEvent: {}
[139.952609] (-) TimerEvent: {}
[140.052900] (-) TimerEvent: {}
[140.139194] (robot_navigation) StdoutLine: {'line': b'[ 54%] \x1b[32mBuilding CXX object CMakeFiles/Differential_DWA_node.dir/src/path_searcher/Hybrid_astar.cpp.o\x1b[0m\n'}
[140.153021] (-) TimerEvent: {}
[140.253354] (-) TimerEvent: {}
[140.353691] (-) TimerEvent: {}
[140.454016] (-) TimerEvent: {}
[140.554352] (-) TimerEvent: {}
[140.654692] (-) TimerEvent: {}
[140.755010] (-) TimerEvent: {}
[140.855334] (-) TimerEvent: {}
[140.955644] (-) TimerEvent: {}
[141.056022] (-) TimerEvent: {}
[141.156360] (-) TimerEvent: {}
[141.246029] (robot_navigation) StderrLine: {'line': b'\x1b[01m\x1b[K/home/zheng/carerobot_slam_ros2/src/robot_navigation/src/path_optimization/non_uniform_bspline.cpp:\x1b[m\x1b[K In member function \xe2\x80\x98\x1b[01m\x1b[Kbool dyn_planner::NonUniformBspline::checkFeasibility(bool)\x1b[m\x1b[K\xe2\x80\x99:\n'}
[141.246308] (robot_navigation) StderrLine: {'line': b'\x1b[01m\x1b[K/home/zheng/carerobot_slam_ros2/src/robot_navigation/src/path_optimization/non_uniform_bspline.cpp:202:12:\x1b[m\x1b[K \x1b[01;35m\x1b[Kwarning: \x1b[m\x1b[Kunused variable \xe2\x80\x98\x1b[01m\x1b[Kratio\x1b[m\x1b[K\xe2\x80\x99 [\x1b[01;35m\x1b[K\x1b]8;;https://gcc.gnu.org/onlinedocs/gcc/Warning-Options.html#index-Wunused-variable\x07-Wunused-variable\x1b]8;;\x07\x1b[m\x1b[K]\n'}
[141.246473] (robot_navigation) StderrLine: {'line': b'  202 |     double \x1b[01;35m\x1b[Kratio\x1b[m\x1b[K = max(fabs(max_vel) / limit_vel_, sqrt(fabs(max_acc) / limit_acc_));\n'}
[141.246587] (robot_navigation) StderrLine: {'line': b'      |            \x1b[01;35m\x1b[K^~~~~\x1b[m\x1b[K\n'}
[141.256464] (-) TimerEvent: {}
[141.356799] (-) TimerEvent: {}
[141.457148] (-) TimerEvent: {}
[141.557486] (-) TimerEvent: {}
[141.657830] (-) TimerEvent: {}
[141.758175] (-) TimerEvent: {}
[141.858460] (-) TimerEvent: {}
[141.958717] (-) TimerEvent: {}
[142.059018] (-) TimerEvent: {}
[142.159353] (-) TimerEvent: {}
[142.259609] (-) TimerEvent: {}
[142.359891] (-) TimerEvent: {}
[142.460227] (-) TimerEvent: {}
[142.560525] (-) TimerEvent: {}
[142.660803] (-) TimerEvent: {}
[142.761123] (-) TimerEvent: {}
[142.861395] (-) TimerEvent: {}
[142.961712] (-) TimerEvent: {}
[143.062012] (-) TimerEvent: {}
[143.162314] (-) TimerEvent: {}
[143.262649] (-) TimerEvent: {}
[143.362948] (-) TimerEvent: {}
[143.463223] (-) TimerEvent: {}
[143.563498] (-) TimerEvent: {}
[143.663808] (-) TimerEvent: {}
[143.764121] (-) TimerEvent: {}
[143.864420] (-) TimerEvent: {}
[143.964726] (-) TimerEvent: {}
[144.064994] (-) TimerEvent: {}
[144.165302] (-) TimerEvent: {}
[144.265623] (-) TimerEvent: {}
[144.365895] (-) TimerEvent: {}
[144.466150] (-) TimerEvent: {}
[144.566385] (-) TimerEvent: {}
[144.666678] (-) TimerEvent: {}
[144.766960] (-) TimerEvent: {}
[144.867231] (-) TimerEvent: {}
[144.967497] (-) TimerEvent: {}
[145.067771] (-) TimerEvent: {}
[145.168008] (-) TimerEvent: {}
[145.268264] (-) TimerEvent: {}
[145.368534] (-) TimerEvent: {}
[145.468815] (-) TimerEvent: {}
[145.569071] (-) TimerEvent: {}
[145.669330] (-) TimerEvent: {}
[145.769616] (-) TimerEvent: {}
[145.869897] (-) TimerEvent: {}
[145.970168] (-) TimerEvent: {}
[146.070504] (-) TimerEvent: {}
[146.170850] (-) TimerEvent: {}
[146.271246] (-) TimerEvent: {}
[146.371539] (-) TimerEvent: {}
[146.471801] (-) TimerEvent: {}
[146.572077] (-) TimerEvent: {}
[146.672349] (-) TimerEvent: {}
[146.772649] (-) TimerEvent: {}
[146.872935] (-) TimerEvent: {}
[146.973222] (-) TimerEvent: {}
[147.073490] (-) TimerEvent: {}
[147.173761] (-) TimerEvent: {}
[147.274076] (-) TimerEvent: {}
[147.374362] (-) TimerEvent: {}
[147.474642] (-) TimerEvent: {}
[147.574894] (-) TimerEvent: {}
[147.675185] (-) TimerEvent: {}
[147.775430] (-) TimerEvent: {}
[147.875730] (-) TimerEvent: {}
[147.976004] (-) TimerEvent: {}
[148.076281] (-) TimerEvent: {}
[148.176565] (-) TimerEvent: {}
[148.276882] (-) TimerEvent: {}
[148.377228] (-) TimerEvent: {}
[148.477546] (-) TimerEvent: {}
[148.577863] (-) TimerEvent: {}
[148.678222] (-) TimerEvent: {}
[148.778545] (-) TimerEvent: {}
[148.847321] (robot_navigation) StdoutLine: {'line': b'[ 57%] \x1b[32mBuilding CXX object CMakeFiles/Differential_DWA_node.dir/src/path_searcher/Astar_searcher.cpp.o\x1b[0m\n'}
[148.878646] (-) TimerEvent: {}
[148.978899] (-) TimerEvent: {}
[149.079150] (-) TimerEvent: {}
[149.179482] (-) TimerEvent: {}
[149.279786] (-) TimerEvent: {}
[149.380109] (-) TimerEvent: {}
[149.480440] (-) TimerEvent: {}
[149.580757] (-) TimerEvent: {}
[149.681062] (-) TimerEvent: {}
[149.781392] (-) TimerEvent: {}
[149.848045] (robot_navigation) StdoutLine: {'line': b'[ 59%] \x1b[32mBuilding CXX object CMakeFiles/motionPlan_node.dir/src/path_searcher/Hybrid_astar.cpp.o\x1b[0m\n'}
[149.856777] (robot_navigation) StdoutLine: {'line': b'[ 61%] \x1b[32mBuilding CXX object CMakeFiles/Differential_DWA_node.dir/src/path_optimization/non_uniform_bspline.cpp.o\x1b[0m\n'}
[149.881519] (-) TimerEvent: {}
[149.981879] (-) TimerEvent: {}
[150.082394] (-) TimerEvent: {}
[150.182777] (-) TimerEvent: {}
[150.283077] (-) TimerEvent: {}
[150.383370] (-) TimerEvent: {}
[150.483689] (-) TimerEvent: {}
[150.583992] (-) TimerEvent: {}
[150.684299] (-) TimerEvent: {}
[150.784609] (-) TimerEvent: {}
[150.862147] (robot_navigation) StdoutLine: {'line': b'[ 64%] \x1b[32mBuilding CXX object CMakeFiles/motionPlan_node.dir/src/path_searcher/Astar_searcher.cpp.o\x1b[0m\n'}
[150.873962] (robot_navigation) StdoutLine: {'line': b'[ 66%] \x1b[32mBuilding CXX object CMakeFiles/Differential_DWA_node.dir/src/path_optimization/minimum_snap.cpp.o\x1b[0m\n'}
[150.884714] (-) TimerEvent: {}
[150.984999] (-) TimerEvent: {}
[151.085305] (-) TimerEvent: {}
[151.103457] (robot_navigation) StderrLine: {'line': b'\x1b[01m\x1b[K/home/zheng/carerobot_slam_ros2/src/robot_navigation/src/path_optimization/non_uniform_bspline.cpp:\x1b[m\x1b[K In member function \xe2\x80\x98\x1b[01m\x1b[Kvoid dyn_planner::NonUniformBspline::recomputeInit()\x1b[m\x1b[K\xe2\x80\x99:\n'}
[151.105458] (robot_navigation) StderrLine: {'line': b'\x1b[01m\x1b[K/home/zheng/carerobot_slam_ros2/src/robot_navigation/src/path_optimization/non_uniform_bspline.cpp:474:6:\x1b[m\x1b[K \x1b[01;35m\x1b[Kwarning: \x1b[m\x1b[Karray subscript 4 is outside array bounds of \xe2\x80\x98\x1b[01m\x1b[KEigen::Matrix2d [1]\x1b[m\x1b[K\xe2\x80\x99 {aka \xe2\x80\x98\x1b[01m\x1b[KEigen::Matrix<double, 2, 2> [1]\x1b[m\x1b[K\xe2\x80\x99} [\x1b[01;35m\x1b[K\x1b]8;;https://gcc.gnu.org/onlinedocs/gcc/Warning-Options.html#index-Warray-bounds\x07-Warray-bounds\x1b]8;;\x07\x1b[m\x1b[K]\n'}
[151.105999] (robot_navigation) StderrLine: {'line': b'  474 |     \x1b[01;35m\x1b[KA(2, 1)\x1b[m\x1b[K = -6.0 * ((t1 - t4) + (t2 - t5)) / ((t1 - t4) * (t2 - t4) * (t2 - t5));\n'}
[151.106184] (robot_navigation) StderrLine: {'line': b'      |     \x1b[01;35m\x1b[K~^~~~~~\x1b[m\x1b[K\n'}
[151.106331] (robot_navigation) StderrLine: {'line': b'\x1b[01m\x1b[K/home/zheng/carerobot_slam_ros2/src/robot_navigation/src/path_optimization/non_uniform_bspline.cpp:461:21:\x1b[m\x1b[K \x1b[01;36m\x1b[Knote: \x1b[m\x1b[Kwhile referencing \xe2\x80\x98\x1b[01m\x1b[KA\x1b[m\x1b[K\xe2\x80\x99\n'}
[151.106486] (robot_navigation) StderrLine: {'line': b'  461 |     Eigen::Matrix2d \x1b[01;36m\x1b[KA\x1b[m\x1b[K;\n'}
[151.106618] (robot_navigation) StderrLine: {'line': b'      |                     \x1b[01;36m\x1b[K^\x1b[m\x1b[K\n'}
[151.185419] (-) TimerEvent: {}
[151.286048] (-) TimerEvent: {}
[151.393016] (-) TimerEvent: {}
[151.494990] (-) TimerEvent: {}
[151.595340] (-) TimerEvent: {}
[151.695721] (-) TimerEvent: {}
[151.796458] (-) TimerEvent: {}
[151.894338] (robot_navigation) StdoutLine: {'line': b'[ 69%] \x1b[32mBuilding CXX object CMakeFiles/motionPlan_node.dir/src/path_optimization/fast_security.cpp.o\x1b[0m\n'}
[151.896554] (-) TimerEvent: {}
[152.001384] (-) TimerEvent: {}
[152.102436] (-) TimerEvent: {}
[152.203099] (-) TimerEvent: {}
[152.303870] (-) TimerEvent: {}
[152.404447] (-) TimerEvent: {}
[152.500265] (robot_navigation) StdoutLine: {'line': b'[ 71%] \x1b[32mBuilding CXX object CMakeFiles/Differential_DWA_node.dir/src/path_searcher/JPS_searcher.cpp.o\x1b[0m\n'}
[152.504544] (-) TimerEvent: {}
[152.517200] (robot_navigation) StdoutLine: {'line': b'[ 73%] \x1b[32mBuilding CXX object CMakeFiles/motionPlan_node.dir/src/path_optimization/corridor_optimizer.cpp.o\x1b[0m\n'}
[152.604638] (-) TimerEvent: {}
[152.705283] (-) TimerEvent: {}
[152.812982] (-) TimerEvent: {}
[152.918983] (-) TimerEvent: {}
[153.024150] (-) TimerEvent: {}
[153.124841] (-) TimerEvent: {}
[153.227229] (-) TimerEvent: {}
[153.327902] (-) TimerEvent: {}
[153.429993] (-) TimerEvent: {}
[153.530625] (-) TimerEvent: {}
[153.631280] (-) TimerEvent: {}
[153.731916] (-) TimerEvent: {}
[153.832317] (-) TimerEvent: {}
[153.932730] (-) TimerEvent: {}
[154.034016] (-) TimerEvent: {}
[154.134391] (-) TimerEvent: {}
[154.234785] (-) TimerEvent: {}
[154.331581] (robot_navigation) StderrLine: {'line': b'\x1b[01m\x1b[K/home/zheng/carerobot_slam_ros2/src/robot_navigation/src/path_searcher/Astar_searcher.cpp:\x1b[m\x1b[K In member function \xe2\x80\x98\x1b[01m\x1b[Kint AstarPathFinder::AstarGraphSearch(Eigen::Vector2i, Eigen::Vector2i)\x1b[m\x1b[K\xe2\x80\x99:\n'}
[154.332035] (robot_navigation) StderrLine: {'line': b'\x1b[01m\x1b[K/home/zheng/carerobot_slam_ros2/src/robot_navigation/src/path_searcher/Astar_searcher.cpp:557:22:\x1b[m\x1b[K \x1b[01;35m\x1b[Kwarning: \x1b[m\x1b[Kunused variable \xe2\x80\x98\x1b[01m\x1b[Kis_shot_succ_\x1b[m\x1b[K\xe2\x80\x99 [\x1b[01;35m\x1b[K\x1b]8;;https://gcc.gnu.org/onlinedocs/gcc/Warning-Options.html#index-Wunused-variable\x07-Wunused-variable\x1b]8;;\x07\x1b[m\x1b[K]\n'}
[154.332337] (robot_navigation) StderrLine: {'line': b'  557 |                 bool \x1b[01;35m\x1b[Kis_shot_succ_\x1b[m\x1b[K = false;\n'}
[154.335302] (-) TimerEvent: {}
[154.335511] (robot_navigation) StderrLine: {'line': b'      |                      \x1b[01;35m\x1b[K^~~~~~~~~~~~~\x1b[m\x1b[K\n'}
[154.435406] (-) TimerEvent: {}
[154.535789] (-) TimerEvent: {}
[154.636180] (-) TimerEvent: {}
[154.736543] (-) TimerEvent: {}
[154.837196] (-) TimerEvent: {}
[154.937850] (-) TimerEvent: {}
[155.038235] (-) TimerEvent: {}
[155.138596] (-) TimerEvent: {}
[155.240981] (-) TimerEvent: {}
[155.341336] (-) TimerEvent: {}
[155.441709] (-) TimerEvent: {}
[155.542068] (-) TimerEvent: {}
[155.642441] (-) TimerEvent: {}
[155.742810] (-) TimerEvent: {}
[155.843200] (-) TimerEvent: {}
[155.943602] (-) TimerEvent: {}
[156.045994] (-) TimerEvent: {}
[156.146393] (-) TimerEvent: {}
[156.247067] (-) TimerEvent: {}
[156.347713] (-) TimerEvent: {}
[156.448391] (-) TimerEvent: {}
[156.548964] (-) TimerEvent: {}
[156.649370] (-) TimerEvent: {}
[156.749770] (-) TimerEvent: {}
[156.762621] (robot_navigation) StderrLine: {'line': b'\x1b[01m\x1b[K/home/zheng/carerobot_slam_ros2/src/robot_navigation/src/path_optimization/non_uniform_bspline.cpp:\x1b[m\x1b[K In member function \xe2\x80\x98\x1b[01m\x1b[Kbool dyn_planner::NonUniformBspline::checkFeasibility(bool)\x1b[m\x1b[K\xe2\x80\x99:\n'}
[156.763101] (robot_navigation) StderrLine: {'line': b'\x1b[01m\x1b[K/home/zheng/carerobot_slam_ros2/src/robot_navigation/src/path_optimization/non_uniform_bspline.cpp:202:12:\x1b[m\x1b[K \x1b[01;35m\x1b[Kwarning: \x1b[m\x1b[Kunused variable \xe2\x80\x98\x1b[01m\x1b[Kratio\x1b[m\x1b[K\xe2\x80\x99 [\x1b[01;35m\x1b[K\x1b]8;;https://gcc.gnu.org/onlinedocs/gcc/Warning-Options.html#index-Wunused-variable\x07-Wunused-variable\x1b]8;;\x07\x1b[m\x1b[K]\n'}
[156.763410] (robot_navigation) StderrLine: {'line': b'  202 |     double \x1b[01;35m\x1b[Kratio\x1b[m\x1b[K = max(fabs(max_vel) / limit_vel_, sqrt(fabs(max_acc) / limit_acc_));\n'}
[156.763670] (robot_navigation) StderrLine: {'line': b'      |            \x1b[01;35m\x1b[K^~~~~\x1b[m\x1b[K\n'}
[156.849885] (-) TimerEvent: {}
[156.950588] (-) TimerEvent: {}
[157.051273] (-) TimerEvent: {}
[157.151962] (-) TimerEvent: {}
[157.254116] (-) TimerEvent: {}
[157.342068] (robot_navigation) StderrLine: {'line': b'\x1b[01m\x1b[K/home/zheng/carerobot_slam_ros2/src/robot_navigation/src/path_searcher/Astar_searcher.cpp:\x1b[m\x1b[K In member function \xe2\x80\x98\x1b[01m\x1b[Kint AstarPathFinder::AstarGraphSearch(Eigen::Vector2i, Eigen::Vector2i)\x1b[m\x1b[K\xe2\x80\x99:\n'}
[157.342304] (robot_navigation) StderrLine: {'line': b'\x1b[01m\x1b[K/home/zheng/carerobot_slam_ros2/src/robot_navigation/src/path_searcher/Astar_searcher.cpp:557:22:\x1b[m\x1b[K \x1b[01;35m\x1b[Kwarning: \x1b[m\x1b[Kunused variable \xe2\x80\x98\x1b[01m\x1b[Kis_shot_succ_\x1b[m\x1b[K\xe2\x80\x99 [\x1b[01;35m\x1b[K\x1b]8;;https://gcc.gnu.org/onlinedocs/gcc/Warning-Options.html#index-Wunused-variable\x07-Wunused-variable\x1b]8;;\x07\x1b[m\x1b[K]\n'}
[157.342429] (robot_navigation) StderrLine: {'line': b'  557 |                 bool \x1b[01;35m\x1b[Kis_shot_succ_\x1b[m\x1b[K = false;\n'}
[157.342541] (robot_navigation) StderrLine: {'line': b'      |                      \x1b[01;35m\x1b[K^~~~~~~~~~~~~\x1b[m\x1b[K\n'}
[157.354206] (-) TimerEvent: {}
[157.454537] (-) TimerEvent: {}
[157.554870] (-) TimerEvent: {}
[157.655208] (-) TimerEvent: {}
[157.755564] (-) TimerEvent: {}
[157.855895] (-) TimerEvent: {}
[157.956245] (-) TimerEvent: {}
[158.056999] (-) TimerEvent: {}
[158.157596] (-) TimerEvent: {}
[158.261302] (-) TimerEvent: {}
[158.361945] (-) TimerEvent: {}
[158.465994] (-) TimerEvent: {}
[158.570998] (-) TimerEvent: {}
[158.671334] (-) TimerEvent: {}
[158.771643] (-) TimerEvent: {}
[158.872052] (-) TimerEvent: {}
[158.974292] (-) TimerEvent: {}
[159.074703] (-) TimerEvent: {}
[159.175127] (-) TimerEvent: {}
[159.190372] (robot_navigation) StderrLine: {'line': b'\x1b[01m\x1b[K/home/zheng/carerobot_slam_ros2/src/robot_navigation/src/path_searcher/JPS_searcher.cpp:\x1b[m\x1b[K In member function \xe2\x80\x98\x1b[01m\x1b[Kint JPSPathFinder::JPSGraphSearch(Eigen::Vector2i, Eigen::Vector2i)\x1b[m\x1b[K\xe2\x80\x99:\n'}
[159.190975] (robot_navigation) StderrLine: {'line': b'\x1b[01m\x1b[K/home/zheng/carerobot_slam_ros2/src/robot_navigation/src/path_searcher/JPS_searcher.cpp:314:22:\x1b[m\x1b[K \x1b[01;35m\x1b[Kwarning: \x1b[m\x1b[Kunused variable \xe2\x80\x98\x1b[01m\x1b[Kis_shot_succ_\x1b[m\x1b[K\xe2\x80\x99 [\x1b[01;35m\x1b[K\x1b]8;;https://gcc.gnu.org/onlinedocs/gcc/Warning-Options.html#index-Wunused-variable\x07-Wunused-variable\x1b]8;;\x07\x1b[m\x1b[K]\n'}
[159.191344] (robot_navigation) StderrLine: {'line': b'  314 |                 bool \x1b[01;35m\x1b[Kis_shot_succ_\x1b[m\x1b[K = false;\n'}
[159.191617] (robot_navigation) StderrLine: {'line': b'      |                      \x1b[01;35m\x1b[K^~~~~~~~~~~~~\x1b[m\x1b[K\n'}
[159.230909] (robot_navigation) StderrLine: {'line': b'\x1b[01m\x1b[K/home/zheng/carerobot_slam_ros2/src/robot_navigation/src/path_optimization/fast_security.cpp:\x1b[m\x1b[K In member function \xe2\x80\x98\x1b[01m\x1b[Kvoid Fast_Security::ContinuExtension_Extract(std::vector<std::vector<Eigen::Matrix<int, 2, 1> > >&)\x1b[m\x1b[K\xe2\x80\x99:\n'}
[159.231326] (robot_navigation) StderrLine: {'line': b'\x1b[01m\x1b[K/home/zheng/carerobot_slam_ros2/src/robot_navigation/src/path_optimization/fast_security.cpp:557:22:\x1b[m\x1b[K \x1b[01;35m\x1b[Kwarning: \x1b[m\x1b[Kcomparison of integer expressions of different signedness: \xe2\x80\x98\x1b[01m\x1b[Kint\x1b[m\x1b[K\xe2\x80\x99 and \xe2\x80\x98\x1b[01m\x1b[Kstd::vector<int>::size_type\x1b[m\x1b[K\xe2\x80\x99 {aka \xe2\x80\x98\x1b[01m\x1b[Klong unsigned int\x1b[m\x1b[K\xe2\x80\x99} [\x1b[01;35m\x1b[K\x1b]8;;https://gcc.gnu.org/onlinedocs/gcc/Warning-Options.html#index-Wsign-compare\x07-Wsign-compare\x1b]8;;\x07\x1b[m\x1b[K]\n'}
[159.232536] (robot_navigation) StderrLine: {'line': b'  557 |     for(int i=start;\x1b[01;35m\x1b[Ki<continuNum.size()\x1b[m\x1b[K;i++)\n'}
[159.233013] (robot_navigation) StderrLine: {'line': b'      |                     \x1b[01;35m\x1b[K~^~~~~~~~~~~~~~~~~~\x1b[m\x1b[K\n'}
[159.233300] (robot_navigation) StderrLine: {'line': b'\x1b[01m\x1b[K/home/zheng/carerobot_slam_ros2/src/robot_navigation/src/path_optimization/fast_security.cpp:\x1b[m\x1b[K In member function \xe2\x80\x98\x1b[01m\x1b[Kvoid Fast_Security::Continu_Extension(std::vector<std::vector<Eigen::Matrix<int, 2, 1> > >&, std::vector<std::vector<Eigen::Matrix<double, 2, 1> > >&)\x1b[m\x1b[K\xe2\x80\x99:\n'}
[159.233585] (robot_navigation) StderrLine: {'line': b'\x1b[01m\x1b[K/home/zheng/carerobot_slam_ros2/src/robot_navigation/src/path_optimization/fast_security.cpp:584:23:\x1b[m\x1b[K \x1b[01;35m\x1b[Kwarning: \x1b[m\x1b[Kcomparison of integer expressions of different signedness: \xe2\x80\x98\x1b[01m\x1b[Kint\x1b[m\x1b[K\xe2\x80\x99 and \xe2\x80\x98\x1b[01m\x1b[Kstd::vector<std::pair<int, Eigen::Matrix<int, 2, 1> > >::size_type\x1b[m\x1b[K\xe2\x80\x99 {aka \xe2\x80\x98\x1b[01m\x1b[Klong unsigned int\x1b[m\x1b[K\xe2\x80\x99} [\x1b[01;35m\x1b[K\x1b]8;;https://gcc.gnu.org/onlinedocs/gcc/Warning-Options.html#index-Wsign-compare\x07-Wsign-compare\x1b]8;;\x07\x1b[m\x1b[K]\n'}
[159.233870] (robot_navigation) StderrLine: {'line': b'  584 |     for (int i = 0; \x1b[01;35m\x1b[Ki < continuDivid.size()-1\x1b[m\x1b[K; i++)\n'}
[159.234161] (robot_navigation) StderrLine: {'line': b'      |                     \x1b[01;35m\x1b[K~~^~~~~~~~~~~~~~~~~~~~~~~\x1b[m\x1b[K\n'}
[159.235199] (robot_navigation) StderrLine: {'line': b'\x1b[01m\x1b[K/home/zheng/carerobot_slam_ros2/src/robot_navigation/src/path_optimization/fast_security.cpp:598:23:\x1b[m\x1b[K \x1b[01;35m\x1b[Kwarning: \x1b[m\x1b[Kcomparison of integer expressions of different signedness: \xe2\x80\x98\x1b[01m\x1b[Kint\x1b[m\x1b[K\xe2\x80\x99 and \xe2\x80\x98\x1b[01m\x1b[Kstd::vector<std::pair<int, Eigen::Matrix<int, 2, 1> > >::size_type\x1b[m\x1b[K\xe2\x80\x99 {aka \xe2\x80\x98\x1b[01m\x1b[Klong unsigned int\x1b[m\x1b[K\xe2\x80\x99} [\x1b[01;35m\x1b[K\x1b]8;;https://gcc.gnu.org/onlinedocs/gcc/Warning-Options.html#index-Wsign-compare\x07-Wsign-compare\x1b]8;;\x07\x1b[m\x1b[K]\n'}
[159.235399] (robot_navigation) StderrLine: {'line': b'  598 |     for (int i = 0; \x1b[01;35m\x1b[Ki < continuDivid.size()\x1b[m\x1b[K; i++)\n'}
[159.235510] (robot_navigation) StderrLine: {'line': b'      |                     \x1b[01;35m\x1b[K~~^~~~~~~~~~~~~~~~~~~~~\x1b[m\x1b[K\n'}
[159.236364] (robot_navigation) StderrLine: {'line': b'\x1b[01m\x1b[K/home/zheng/carerobot_slam_ros2/src/robot_navigation/src/path_optimization/fast_security.cpp:609:23:\x1b[m\x1b[K \x1b[01;35m\x1b[Kwarning: \x1b[m\x1b[Kcomparison of integer expressions of different signedness: \xe2\x80\x98\x1b[01m\x1b[Kint\x1b[m\x1b[K\xe2\x80\x99 and \xe2\x80\x98\x1b[01m\x1b[Kstd::vector<int>::size_type\x1b[m\x1b[K\xe2\x80\x99 {aka \xe2\x80\x98\x1b[01m\x1b[Klong unsigned int\x1b[m\x1b[K\xe2\x80\x99} [\x1b[01;35m\x1b[K\x1b]8;;https://gcc.gnu.org/onlinedocs/gcc/Warning-Options.html#index-Wsign-compare\x07-Wsign-compare\x1b]8;;\x07\x1b[m\x1b[K]\n'}
[159.236756] (robot_navigation) StderrLine: {'line': b'  609 |     for (int i = 0; \x1b[01;35m\x1b[Ki < continuNum.size()-1\x1b[m\x1b[K; i++)\n'}
[159.237062] (robot_navigation) StderrLine: {'line': b'      |                     \x1b[01;35m\x1b[K~~^~~~~~~~~~~~~~~~~~~~~\x1b[m\x1b[K\n'}
[159.237417] (robot_navigation) StderrLine: {'line': b'\x1b[01m\x1b[K/home/zheng/carerobot_slam_ros2/src/robot_navigation/src/path_optimization/fast_security.cpp:635:20:\x1b[m\x1b[K \x1b[01;35m\x1b[Kwarning: \x1b[m\x1b[Kcomparison of integer expressions of different signedness: \xe2\x80\x98\x1b[01m\x1b[Kint\x1b[m\x1b[K\xe2\x80\x99 and \xe2\x80\x98\x1b[01m\x1b[Kstd::vector<std::pair<int, Eigen::Matrix<int, 2, 1> > >::size_type\x1b[m\x1b[K\xe2\x80\x99 {aka \xe2\x80\x98\x1b[01m\x1b[Klong unsigned int\x1b[m\x1b[K\xe2\x80\x99} [\x1b[01;35m\x1b[K\x1b]8;;https://gcc.gnu.org/onlinedocs/gcc/Warning-Options.html#index-Wsign-compare\x07-Wsign-compare\x1b]8;;\x07\x1b[m\x1b[K]\n'}
[159.237553] (robot_navigation) StderrLine: {'line': b'  635 |       for(int i=0;\x1b[01;35m\x1b[Ki<continuDivid.size()-1\x1b[m\x1b[K;i++)\n'}
[159.237863] (robot_navigation) StderrLine: {'line': b'      |                   \x1b[01;35m\x1b[K~^~~~~~~~~~~~~~~~~~~~~~\x1b[m\x1b[K\n'}
[159.238158] (robot_navigation) StderrLine: {'line': b'\x1b[01m\x1b[K/home/zheng/carerobot_slam_ros2/src/robot_navigation/src/path_optimization/fast_security.cpp:661:21:\x1b[m\x1b[K \x1b[01;35m\x1b[Kwarning: \x1b[m\x1b[Kcomparison of integer expressions of different signedness: \xe2\x80\x98\x1b[01m\x1b[Kint\x1b[m\x1b[K\xe2\x80\x99 and \xe2\x80\x98\x1b[01m\x1b[Kstd::vector<int>::size_type\x1b[m\x1b[K\xe2\x80\x99 {aka \xe2\x80\x98\x1b[01m\x1b[Klong unsigned int\x1b[m\x1b[K\xe2\x80\x99} [\x1b[01;35m\x1b[K\x1b]8;;https://gcc.gnu.org/onlinedocs/gcc/Warning-Options.html#index-Wsign-compare\x07-Wsign-compare\x1b]8;;\x07\x1b[m\x1b[K]\n'}
[159.238451] (robot_navigation) StderrLine: {'line': b'  661 |             if(\x1b[01;35m\x1b[Ktime >= continu_add_search.size()\x1b[m\x1b[K)\n'}
[159.238730] (robot_navigation) StderrLine: {'line': b'      |                \x1b[01;35m\x1b[K~~~~~^~~~~~~~~~~~~~~~~~~~~~~~~~~~\x1b[m\x1b[K\n'}
[159.239015] (robot_navigation) StderrLine: {'line': b'\x1b[01m\x1b[K/home/zheng/carerobot_slam_ros2/src/robot_navigation/src/path_optimization/fast_security.cpp:\x1b[m\x1b[K In member function \xe2\x80\x98\x1b[01m\x1b[Kvoid Fast_Security::Interrupt_Extension(std::vector<std::vector<Eigen::Matrix<int, 2, 1> > >&, std::vector<std::vector<Eigen::Matrix<double, 2, 1> > >&)\x1b[m\x1b[K\xe2\x80\x99:\n'}
[159.239305] (robot_navigation) StderrLine: {'line': b'\x1b[01m\x1b[K/home/zheng/carerobot_slam_ros2/src/robot_navigation/src/path_optimization/fast_security.cpp:699:18:\x1b[m\x1b[K \x1b[01;35m\x1b[Kwarning: \x1b[m\x1b[Kcomparison of integer expressions of different signedness: \xe2\x80\x98\x1b[01m\x1b[Kint\x1b[m\x1b[K\xe2\x80\x99 and \xe2\x80\x98\x1b[01m\x1b[Kstd::vector<Eigen::Matrix<int, 2, 1> >::size_type\x1b[m\x1b[K\xe2\x80\x99 {aka \xe2\x80\x98\x1b[01m\x1b[Klong unsigned int\x1b[m\x1b[K\xe2\x80\x99} [\x1b[01;35m\x1b[K\x1b]8;;https://gcc.gnu.org/onlinedocs/gcc/Warning-Options.html#index-Wsign-compare\x07-Wsign-compare\x1b]8;;\x07\x1b[m\x1b[K]\n'}
[159.239601] (robot_navigation) StderrLine: {'line': b'  699 |     for(int i=1;\x1b[01;35m\x1b[Ki<=dividNodes.size()-1\x1b[m\x1b[K;i++)\n'}
[159.239792] (robot_navigation) StderrLine: {'line': b'      |                 \x1b[01;35m\x1b[K~^~~~~~~~~~~~~~~~~~~~~\x1b[m\x1b[K\n'}
[159.239893] (robot_navigation) StderrLine: {'line': b'\x1b[01m\x1b[K/home/zheng/carerobot_slam_ros2/src/robot_navigation/src/path_optimization/fast_security.cpp:714:23:\x1b[m\x1b[K \x1b[01;35m\x1b[Kwarning: \x1b[m\x1b[Kcomparison of integer expressions of different signedness: \xe2\x80\x98\x1b[01m\x1b[Kint\x1b[m\x1b[K\xe2\x80\x99 and \xe2\x80\x98\x1b[01m\x1b[Kstd::vector<Eigen::Matrix<int, 2, 1> >::size_type\x1b[m\x1b[K\xe2\x80\x99 {aka \xe2\x80\x98\x1b[01m\x1b[Klong unsigned int\x1b[m\x1b[K\xe2\x80\x99} [\x1b[01;35m\x1b[K\x1b]8;;https://gcc.gnu.org/onlinedocs/gcc/Warning-Options.html#index-Wsign-compare\x07-Wsign-compare\x1b]8;;\x07\x1b[m\x1b[K]\n'}
[159.240014] (robot_navigation) StderrLine: {'line': b'  714 |       if(i%2 == 1 && \x1b[01;35m\x1b[Ki<=dividNodes.size()-2\x1b[m\x1b[K)\n'}
[159.240110] (robot_navigation) StderrLine: {'line': b'      |                      \x1b[01;35m\x1b[K~^~~~~~~~~~~~~~~~~~~~~\x1b[m\x1b[K\n'}
[159.275232] (-) TimerEvent: {}
[159.275969] (robot_navigation) StderrLine: {'line': b'\x1b[01m\x1b[K/home/zheng/carerobot_slam_ros2/src/robot_navigation/src/path_optimization/fast_security.cpp:750:23:\x1b[m\x1b[K \x1b[01;35m\x1b[Kwarning: \x1b[m\x1b[Kcomparison of integer expressions of different signedness: \xe2\x80\x98\x1b[01m\x1b[Kint\x1b[m\x1b[K\xe2\x80\x99 and \xe2\x80\x98\x1b[01m\x1b[Kstd::vector<Eigen::Matrix<int, 2, 1> >::size_type\x1b[m\x1b[K\xe2\x80\x99 {aka \xe2\x80\x98\x1b[01m\x1b[Klong unsigned int\x1b[m\x1b[K\xe2\x80\x99} [\x1b[01;35m\x1b[K\x1b]8;;https://gcc.gnu.org/onlinedocs/gcc/Warning-Options.html#index-Wsign-compare\x07-Wsign-compare\x1b]8;;\x07\x1b[m\x1b[K]\n'}
[159.276423] (robot_navigation) StderrLine: {'line': b'  750 |     for (int i = 0; \x1b[01;35m\x1b[Ki < frontToafterVec.size()\x1b[m\x1b[K; i++)\n'}
[159.276707] (robot_navigation) StderrLine: {'line': b'      |                     \x1b[01;35m\x1b[K~~^~~~~~~~~~~~~~~~~~~~~~~~\x1b[m\x1b[K\n'}
[159.276994] (robot_navigation) StderrLine: {'line': b'\x1b[01m\x1b[K/home/zheng/carerobot_slam_ros2/src/robot_navigation/src/path_optimization/fast_security.cpp:757:25:\x1b[m\x1b[K \x1b[01;35m\x1b[Kwarning: \x1b[m\x1b[Kcomparison of integer expressions of different signedness: \xe2\x80\x98\x1b[01m\x1b[Kint\x1b[m\x1b[K\xe2\x80\x99 and \xe2\x80\x98\x1b[01m\x1b[Kstd::vector<Eigen::Matrix<int, 2, 1> >::size_type\x1b[m\x1b[K\xe2\x80\x99 {aka \xe2\x80\x98\x1b[01m\x1b[Klong unsigned int\x1b[m\x1b[K\xe2\x80\x99} [\x1b[01;35m\x1b[K\x1b]8;;https://gcc.gnu.org/onlinedocs/gcc/Warning-Options.html#index-Wsign-compare\x07-Wsign-compare\x1b]8;;\x07\x1b[m\x1b[K]\n'}
[159.277286] (robot_navigation) StderrLine: {'line': b'  757 |       for (int i = 0; \x1b[01;35m\x1b[Ki < frontToafterVec.size()\x1b[m\x1b[K; i++)\n'}
[159.277563] (robot_navigation) StderrLine: {'line': b'      |                       \x1b[01;35m\x1b[K~~^~~~~~~~~~~~~~~~~~~~~~~~\x1b[m\x1b[K\n'}
[159.287580] (robot_navigation) StderrLine: {'line': b'\x1b[01m\x1b[K/home/zheng/carerobot_slam_ros2/src/robot_navigation/src/path_optimization/fast_security.cpp:\x1b[m\x1b[K In member function \xe2\x80\x98\x1b[01m\x1b[Kvoid Fast_Security::SampleGridPath(std::vector<Eigen::Matrix<int, 2, 1> >)\x1b[m\x1b[K\xe2\x80\x99:\n'}
[159.290255] (robot_navigation) StderrLine: {'line': b'\x1b[01m\x1b[K/home/zheng/carerobot_slam_ros2/src/robot_navigation/src/path_optimization/fast_security.cpp:882:21:\x1b[m\x1b[K \x1b[01;35m\x1b[Kwarning: \x1b[m\x1b[Kcomparison of integer expressions of different signedness: \xe2\x80\x98\x1b[01m\x1b[Kint\x1b[m\x1b[K\xe2\x80\x99 and \xe2\x80\x98\x1b[01m\x1b[Kstd::vector<std::pair<int, Eigen::Matrix<int, 2, 1> > >::size_type\x1b[m\x1b[K\xe2\x80\x99 {aka \xe2\x80\x98\x1b[01m\x1b[Klong unsigned int\x1b[m\x1b[K\xe2\x80\x99} [\x1b[01;35m\x1b[K\x1b]8;;https://gcc.gnu.org/onlinedocs/gcc/Warning-Options.html#index-Wsign-compare\x07-Wsign-compare\x1b]8;;\x07\x1b[m\x1b[K]\n'}
[159.290530] (robot_navigation) StderrLine: {'line': b'  882 |   for (int i = 0; \x1b[01;35m\x1b[Ki < tempcontinDiv.size()-1\x1b[m\x1b[K; i++)\n'}
[159.290745] (robot_navigation) StderrLine: {'line': b'      |                   \x1b[01;35m\x1b[K~~^~~~~~~~~~~~~~~~~~~~~~~~\x1b[m\x1b[K\n'}
[159.290964] (robot_navigation) StderrLine: {'line': b'\x1b[01m\x1b[K/home/zheng/carerobot_slam_ros2/src/robot_navigation/src/path_optimization/fast_security.cpp:900:25:\x1b[m\x1b[K \x1b[01;35m\x1b[Kwarning: \x1b[m\x1b[Kcomparison of integer expressions of different signedness: \xe2\x80\x98\x1b[01m\x1b[Kint\x1b[m\x1b[K\xe2\x80\x99 and \xe2\x80\x98\x1b[01m\x1b[Kstd::vector<int>::size_type\x1b[m\x1b[K\xe2\x80\x99 {aka \xe2\x80\x98\x1b[01m\x1b[Klong unsigned int\x1b[m\x1b[K\xe2\x80\x99} [\x1b[01;35m\x1b[K\x1b]8;;https://gcc.gnu.org/onlinedocs/gcc/Warning-Options.html#index-Wsign-compare\x07-Wsign-compare\x1b]8;;\x07\x1b[m\x1b[K]\n'}
[159.291290] (robot_navigation) StderrLine: {'line': b'  900 |   for (int num = 0; \x1b[01;35m\x1b[Knum < flagOK.size()\x1b[m\x1b[K; num++)\n'}
[159.291584] (robot_navigation) StderrLine: {'line': b'      |                     \x1b[01;35m\x1b[K~~~~^~~~~~~~~~~~~~~\x1b[m\x1b[K\n'}
[159.291791] (robot_navigation) StderrLine: {'line': b'\x1b[01m\x1b[K/home/zheng/carerobot_slam_ros2/src/robot_navigation/src/path_optimization/fast_security.cpp:902:23:\x1b[m\x1b[K \x1b[01;35m\x1b[Kwarning: \x1b[m\x1b[Kcomparison of integer expressions of different signedness: \xe2\x80\x98\x1b[01m\x1b[Kint\x1b[m\x1b[K\xe2\x80\x99 and \xe2\x80\x98\x1b[01m\x1b[Kstd::vector<std::pair<int, Eigen::Matrix<int, 2, 1> > >::size_type\x1b[m\x1b[K\xe2\x80\x99 {aka \xe2\x80\x98\x1b[01m\x1b[Klong unsigned int\x1b[m\x1b[K\xe2\x80\x99} [\x1b[01;35m\x1b[K\x1b]8;;https://gcc.gnu.org/onlinedocs/gcc/Warning-Options.html#index-Wsign-compare\x07-Wsign-compare\x1b]8;;\x07\x1b[m\x1b[K]\n'}
[159.292052] (robot_navigation) StderrLine: {'line': b'  902 |     for (int i = 0; \x1b[01;35m\x1b[Ki < tempcontinDiv.size()\x1b[m\x1b[K; i++)\n'}
[159.292274] (robot_navigation) StderrLine: {'line': b'      |                     \x1b[01;35m\x1b[K~~^~~~~~~~~~~~~~~~~~~~~~\x1b[m\x1b[K\n'}
[159.293092] (robot_navigation) StderrLine: {'line': b'\x1b[01m\x1b[K/home/zheng/carerobot_slam_ros2/src/robot_navigation/src/path_optimization/fast_security.cpp:828:7:\x1b[m\x1b[K \x1b[01;35m\x1b[Kwarning: \x1b[m\x1b[Kvariable \xe2\x80\x98\x1b[01m\x1b[Kinflectnum\x1b[m\x1b[K\xe2\x80\x99 set but not used [\x1b[01;35m\x1b[K\x1b]8;;https://gcc.gnu.org/onlinedocs/gcc/Warning-Options.html#index-Wunused-but-set-variable\x07-Wunused-but-set-variable\x1b]8;;\x07\x1b[m\x1b[K]\n'}
[159.293252] (robot_navigation) StderrLine: {'line': b'  828 |   int \x1b[01;35m\x1b[Kinflectnum\x1b[m\x1b[K = 0;\n'}
[159.293380] (robot_navigation) StderrLine: {'line': b'      |       \x1b[01;35m\x1b[K^~~~~~~~~~\x1b[m\x1b[K\n'}
[159.293503] (robot_navigation) StderrLine: {'line': b'\x1b[01m\x1b[K/home/zheng/carerobot_slam_ros2/src/robot_navigation/src/path_optimization/fast_security.cpp:\x1b[m\x1b[K In member function \xe2\x80\x98\x1b[01m\x1b[Kvoid Fast_Security::FindContinueLimitExten(std::vector<int>&, std::vector<int>&)\x1b[m\x1b[K\xe2\x80\x99:\n'}
[159.293644] (robot_navigation) StderrLine: {'line': b'\x1b[01m\x1b[K/home/zheng/carerobot_slam_ros2/src/robot_navigation/src/path_optimization/fast_security.cpp:926:18:\x1b[m\x1b[K \x1b[01;35m\x1b[Kwarning: \x1b[m\x1b[Kcomparison of integer expressions of different signedness: \xe2\x80\x98\x1b[01m\x1b[Kint\x1b[m\x1b[K\xe2\x80\x99 and \xe2\x80\x98\x1b[01m\x1b[Kstd::vector<std::pair<int, Eigen::Matrix<int, 2, 1> > >::size_type\x1b[m\x1b[K\xe2\x80\x99 {aka \xe2\x80\x98\x1b[01m\x1b[Klong unsigned int\x1b[m\x1b[K\xe2\x80\x99} [\x1b[01;35m\x1b[K\x1b]8;;https://gcc.gnu.org/onlinedocs/gcc/Warning-Options.html#index-Wsign-compare\x07-Wsign-compare\x1b]8;;\x07\x1b[m\x1b[K]\n'}
[159.293847] (robot_navigation) StderrLine: {'line': b'  926 |     for(int i=0;\x1b[01;35m\x1b[Ki<continuDivid.size()-1\x1b[m\x1b[K;i++)\n'}
[159.294100] (robot_navigation) StderrLine: {'line': b'      |                 \x1b[01;35m\x1b[K~^~~~~~~~~~~~~~~~~~~~~~\x1b[m\x1b[K\n'}
[159.301990] (robot_navigation) StderrLine: {'line': b'\x1b[01m\x1b[K/home/zheng/carerobot_slam_ros2/src/robot_navigation/src/path_optimization/fast_security.cpp:\x1b[m\x1b[K In member function \xe2\x80\x98\x1b[01m\x1b[Kvoid Fast_Security::FindInflectLimitExten(int)\x1b[m\x1b[K\xe2\x80\x99:\n'}
[159.302441] (robot_navigation) StderrLine: {'line': b'\x1b[01m\x1b[K/home/zheng/carerobot_slam_ros2/src/robot_navigation/src/path_optimization/fast_security.cpp:1056:21:\x1b[m\x1b[K \x1b[01;35m\x1b[Kwarning: \x1b[m\x1b[Kcomparison of integer expressions of different signedness: \xe2\x80\x98\x1b[01m\x1b[Kint\x1b[m\x1b[K\xe2\x80\x99 and \xe2\x80\x98\x1b[01m\x1b[Kstd::vector<int>::size_type\x1b[m\x1b[K\xe2\x80\x99 {aka \xe2\x80\x98\x1b[01m\x1b[Klong unsigned int\x1b[m\x1b[K\xe2\x80\x99} [\x1b[01;35m\x1b[K\x1b]8;;https://gcc.gnu.org/onlinedocs/gcc/Warning-Options.html#index-Wsign-compare\x07-Wsign-compare\x1b]8;;\x07\x1b[m\x1b[K]\n'}
[159.302706] (robot_navigation) StderrLine: {'line': b' 1056 |   for (int i = 0; \x1b[01;35m\x1b[Ki < inflect_add_search.size()\x1b[m\x1b[K; i++)\n'}
[159.302952] (robot_navigation) StderrLine: {'line': b'      |                   \x1b[01;35m\x1b[K~~^~~~~~~~~~~~~~~~~~~~~~~~~~~\x1b[m\x1b[K\n'}
[159.303200] (robot_navigation) StderrLine: {'line': b'\x1b[01m\x1b[K/home/zheng/carerobot_slam_ros2/src/robot_navigation/src/path_optimization/fast_security.cpp:\x1b[m\x1b[K In member function \xe2\x80\x98\x1b[01m\x1b[Kvoid Fast_Security::CalDivideNodes(std::vector<Eigen::Matrix<int, 2, 1> >&, std::vector<Eigen::Matrix<double, 2, 1> >&)\x1b[m\x1b[K\xe2\x80\x99:\n'}
[159.303445] (robot_navigation) StderrLine: {'line': b'\x1b[01m\x1b[K/home/zheng/carerobot_slam_ros2/src/robot_navigation/src/path_optimization/fast_security.cpp:1075:20:\x1b[m\x1b[K \x1b[01;35m\x1b[Kwarning: \x1b[m\x1b[Kcomparison of integer expressions of different signedness: \xe2\x80\x98\x1b[01m\x1b[Kint\x1b[m\x1b[K\xe2\x80\x99 and \xe2\x80\x98\x1b[01m\x1b[Kstd::vector<std::pair<int, Eigen::Matrix<int, 2, 1> > >::size_type\x1b[m\x1b[K\xe2\x80\x99 {aka \xe2\x80\x98\x1b[01m\x1b[Klong unsigned int\x1b[m\x1b[K\xe2\x80\x99} [\x1b[01;35m\x1b[K\x1b]8;;https://gcc.gnu.org/onlinedocs/gcc/Warning-Options.html#index-Wsign-compare\x07-Wsign-compare\x1b]8;;\x07\x1b[m\x1b[K]\n'}
[159.303689] (robot_navigation) StderrLine: {'line': b' 1075 |     for(int i = 0;\x1b[01;35m\x1b[Ki<continuDivid.size()-1\x1b[m\x1b[K;i++)\n'}
[159.303924] (robot_navigation) StderrLine: {'line': b'      |                   \x1b[01;35m\x1b[K~^~~~~~~~~~~~~~~~~~~~~~\x1b[m\x1b[K\n'}
[159.304179] (robot_navigation) StderrLine: {'line': b'\x1b[01m\x1b[K/home/zheng/carerobot_slam_ros2/src/robot_navigation/src/path_optimization/fast_security.cpp:1083:20:\x1b[m\x1b[K \x1b[01;35m\x1b[Kwarning: \x1b[m\x1b[Kcomparison of integer expressions of different signedness: \xe2\x80\x98\x1b[01m\x1b[Kint\x1b[m\x1b[K\xe2\x80\x99 and \xe2\x80\x98\x1b[01m\x1b[Kstd::vector<std::pair<int, Eigen::Matrix<int, 2, 1> > >::size_type\x1b[m\x1b[K\xe2\x80\x99 {aka \xe2\x80\x98\x1b[01m\x1b[Klong unsigned int\x1b[m\x1b[K\xe2\x80\x99} [\x1b[01;35m\x1b[K\x1b]8;;https://gcc.gnu.org/onlinedocs/gcc/Warning-Options.html#index-Wsign-compare\x07-Wsign-compare\x1b]8;;\x07\x1b[m\x1b[K]\n'}
[159.304376] (robot_navigation) StderrLine: {'line': b' 1083 |     for(int i = 1;\x1b[01;35m\x1b[Ki<continuDivid.size()\x1b[m\x1b[K;i++)\n'}
[159.304501] (robot_navigation) StderrLine: {'line': b'      |                   \x1b[01;35m\x1b[K~^~~~~~~~~~~~~~~~~~~~\x1b[m\x1b[K\n'}
[159.304607] (robot_navigation) StderrLine: {'line': b'\x1b[01m\x1b[K/home/zheng/carerobot_slam_ros2/src/robot_navigation/src/path_optimization/fast_security.cpp:1091:23:\x1b[m\x1b[K \x1b[01;35m\x1b[Kwarning: \x1b[m\x1b[Kcomparison of integer expressions of different signedness: \xe2\x80\x98\x1b[01m\x1b[Kint\x1b[m\x1b[K\xe2\x80\x99 and \xe2\x80\x98\x1b[01m\x1b[Kstd::vector<Eigen::Matrix<int, 2, 1> >::size_type\x1b[m\x1b[K\xe2\x80\x99 {aka \xe2\x80\x98\x1b[01m\x1b[Klong unsigned int\x1b[m\x1b[K\xe2\x80\x99} [\x1b[01;35m\x1b[K\x1b]8;;https://gcc.gnu.org/onlinedocs/gcc/Warning-Options.html#index-Wsign-compare\x07-Wsign-compare\x1b]8;;\x07\x1b[m\x1b[K]\n'}
[159.304756] (robot_navigation) StderrLine: {'line': b' 1091 |     for (int i = 0; \x1b[01;35m\x1b[Ki < afterpoints.size()\x1b[m\x1b[K; i++)\n'}
[159.304895] (robot_navigation) StderrLine: {'line': b'      |                     \x1b[01;35m\x1b[K~~^~~~~~~~~~~~~~~~~~~~\x1b[m\x1b[K\n'}
[159.306456] (robot_navigation) StderrLine: {'line': b'\x1b[01m\x1b[K/home/zheng/carerobot_slam_ros2/src/robot_navigation/src/path_optimization/fast_security.cpp:\x1b[m\x1b[K In member function \xe2\x80\x98\x1b[01m\x1b[Kvoid Fast_Security::CheckInflectNum(std::vector<Eigen::Matrix<int, 2, 1> >, Eigen::Vector2i, Eigen::Vector2i, int&, int&)\x1b[m\x1b[K\xe2\x80\x99:\n'}
[159.306651] (robot_navigation) StderrLine: {'line': b'\x1b[01m\x1b[K/home/zheng/carerobot_slam_ros2/src/robot_navigation/src/path_optimization/fast_security.cpp:1150:31:\x1b[m\x1b[K \x1b[01;35m\x1b[Kwarning: \x1b[m\x1b[Kcomparison of integer expressions of different signedness: \xe2\x80\x98\x1b[01m\x1b[Kint\x1b[m\x1b[K\xe2\x80\x99 and \xe2\x80\x98\x1b[01m\x1b[Kstd::vector<Eigen::Matrix<int, 2, 1> >::size_type\x1b[m\x1b[K\xe2\x80\x99 {aka \xe2\x80\x98\x1b[01m\x1b[Klong unsigned int\x1b[m\x1b[K\xe2\x80\x99} [\x1b[01;35m\x1b[K\x1b]8;;https://gcc.gnu.org/onlinedocs/gcc/Warning-Options.html#index-Wsign-compare\x07-Wsign-compare\x1b]8;;\x07\x1b[m\x1b[K]\n'}
[159.306773] (robot_navigation) StderrLine: {'line': b' 1150 |   for (int length = 0; \x1b[01;35m\x1b[Klength < gridPath.size()\x1b[m\x1b[K; length++)\n'}
[159.306871] (robot_navigation) StderrLine: {'line': b'      |                        \x1b[01;35m\x1b[K~~~~~~~^~~~~~~~~~~~~~~~~\x1b[m\x1b[K\n'}
[159.307267] (robot_navigation) StderrLine: {'line': b'\x1b[01m\x1b[K/home/zheng/carerobot_slam_ros2/src/robot_navigation/src/path_optimization/fast_security.cpp:\x1b[m\x1b[K In member function \xe2\x80\x98\x1b[01m\x1b[Kstd::vector<int> Fast_Security::CollinearPosition(std::vector<Eigen::Matrix<int, 2, 1> >)\x1b[m\x1b[K\xe2\x80\x99:\n'}
[159.307604] (robot_navigation) StderrLine: {'line': b'\x1b[01m\x1b[K/home/zheng/carerobot_slam_ros2/src/robot_navigation/src/path_optimization/fast_security.cpp:1167:21:\x1b[m\x1b[K \x1b[01;35m\x1b[Kwarning: \x1b[m\x1b[Kcomparison of integer expressions of different signedness: \xe2\x80\x98\x1b[01m\x1b[Kint\x1b[m\x1b[K\xe2\x80\x99 and \xe2\x80\x98\x1b[01m\x1b[Kstd::vector<Eigen::Matrix<int, 2, 1> >::size_type\x1b[m\x1b[K\xe2\x80\x99 {aka \xe2\x80\x98\x1b[01m\x1b[Klong unsigned int\x1b[m\x1b[K\xe2\x80\x99} [\x1b[01;35m\x1b[K\x1b]8;;https://gcc.gnu.org/onlinedocs/gcc/Warning-Options.html#index-Wsign-compare\x07-Wsign-compare\x1b]8;;\x07\x1b[m\x1b[K]\n'}
[159.307875] (robot_navigation) StderrLine: {'line': b' 1167 |   for (int i = 1; \x1b[01;35m\x1b[Ki < gridPath.size()-1\x1b[m\x1b[K; i++)\n'}
[159.308118] (robot_navigation) StderrLine: {'line': b'      |                   \x1b[01;35m\x1b[K~~^~~~~~~~~~~~~~~~~~~\x1b[m\x1b[K\n'}
[159.308674] (robot_navigation) StderrLine: {'line': b'\x1b[01m\x1b[K/home/zheng/carerobot_slam_ros2/src/robot_navigation/src/path_optimization/fast_security.cpp:\x1b[m\x1b[K In member function \xe2\x80\x98\x1b[01m\x1b[Kvoid Fast_Security::DividPath(std::vector<Eigen::Matrix<int, 2, 1> >, std::vector<int>, std::vector<std::vector<Eigen::Matrix<double, 2, 1> > >&)\x1b[m\x1b[K\xe2\x80\x99:\n'}
[159.309414] (robot_navigation) StderrLine: {'line': b'\x1b[01m\x1b[K/home/zheng/carerobot_slam_ros2/src/robot_navigation/src/path_optimization/fast_security.cpp:1190:21:\x1b[m\x1b[K \x1b[01;35m\x1b[Kwarning: \x1b[m\x1b[Kcomparison of integer expressions of different signedness: \xe2\x80\x98\x1b[01m\x1b[Kint\x1b[m\x1b[K\xe2\x80\x99 and \xe2\x80\x98\x1b[01m\x1b[Kstd::vector<int>::size_type\x1b[m\x1b[K\xe2\x80\x99 {aka \xe2\x80\x98\x1b[01m\x1b[Klong unsigned int\x1b[m\x1b[K\xe2\x80\x99} [\x1b[01;35m\x1b[K\x1b]8;;https://gcc.gnu.org/onlinedocs/gcc/Warning-Options.html#index-Wsign-compare\x07-Wsign-compare\x1b]8;;\x07\x1b[m\x1b[K]\n'}
[159.309823] (robot_navigation) StderrLine: {'line': b' 1190 |   for (int i = 0; \x1b[01;35m\x1b[Ki < dividvec.size()\x1b[m\x1b[K; i++)\n'}
[159.310178] (robot_navigation) StderrLine: {'line': b'      |                   \x1b[01;35m\x1b[K~~^~~~~~~~~~~~~~~~~\x1b[m\x1b[K\n'}
[159.310486] (robot_navigation) StderrLine: {'line': b'\x1b[01m\x1b[K/home/zheng/carerobot_slam_ros2/src/robot_navigation/src/path_optimization/fast_security.cpp:1192:9:\x1b[m\x1b[K \x1b[01;35m\x1b[Kwarning: \x1b[m\x1b[Kcomparison of integer expressions of different signedness: \xe2\x80\x98\x1b[01m\x1b[Kint\x1b[m\x1b[K\xe2\x80\x99 and \xe2\x80\x98\x1b[01m\x1b[Kstd::vector<int>::size_type\x1b[m\x1b[K\xe2\x80\x99 {aka \xe2\x80\x98\x1b[01m\x1b[Klong unsigned int\x1b[m\x1b[K\xe2\x80\x99} [\x1b[01;35m\x1b[K\x1b]8;;https://gcc.gnu.org/onlinedocs/gcc/Warning-Options.html#index-Wsign-compare\x07-Wsign-compare\x1b]8;;\x07\x1b[m\x1b[K]\n'}
[159.310786] (robot_navigation) StderrLine: {'line': b' 1192 |     if(\x1b[01;35m\x1b[Ki<dividvec.size()-1\x1b[m\x1b[K)\n'}
[159.311074] (robot_navigation) StderrLine: {'line': b'      |        \x1b[01;35m\x1b[K~^~~~~~~~~~~~~~~~~~\x1b[m\x1b[K\n'}
[159.311325] (robot_navigation) StderrLine: {'line': b'\x1b[01m\x1b[K/home/zheng/carerobot_slam_ros2/src/robot_navigation/src/path_optimization/fast_security.cpp:1196:12:\x1b[m\x1b[K \x1b[01;35m\x1b[Kwarning: \x1b[m\x1b[Kcomparison of integer expressions of different signedness: \xe2\x80\x98\x1b[01m\x1b[Kint\x1b[m\x1b[K\xe2\x80\x99 and \xe2\x80\x98\x1b[01m\x1b[Kstd::vector<int>::size_type\x1b[m\x1b[K\xe2\x80\x99 {aka \xe2\x80\x98\x1b[01m\x1b[Klong unsigned int\x1b[m\x1b[K\xe2\x80\x99} [\x1b[01;35m\x1b[K\x1b]8;;https://gcc.gnu.org/onlinedocs/gcc/Warning-Options.html#index-Wsign-compare\x07-Wsign-compare\x1b]8;;\x07\x1b[m\x1b[K]\n'}
[159.311591] (robot_navigation) StderrLine: {'line': b' 1196 |       if(\x1b[01;35m\x1b[Ki == dividvec.size()-2\x1b[m\x1b[K)\n'}
[159.311836] (robot_navigation) StderrLine: {'line': b'      |          \x1b[01;35m\x1b[K~~^~~~~~~~~~~~~~~~~~~~\x1b[m\x1b[K\n'}
[159.312121] (robot_navigation) StderrLine: {'line': b'\x1b[01m\x1b[K/home/zheng/carerobot_slam_ros2/src/robot_navigation/src/path_optimization/fast_security.cpp:1219:9:\x1b[m\x1b[K \x1b[01;35m\x1b[Kwarning: \x1b[m\x1b[Kcomparison of integer expressions of different signedness: \xe2\x80\x98\x1b[01m\x1b[Kint\x1b[m\x1b[K\xe2\x80\x99 and \xe2\x80\x98\x1b[01m\x1b[Kstd::vector<int>::size_type\x1b[m\x1b[K\xe2\x80\x99 {aka \xe2\x80\x98\x1b[01m\x1b[Klong unsigned int\x1b[m\x1b[K\xe2\x80\x99} [\x1b[01;35m\x1b[K\x1b]8;;https://gcc.gnu.org/onlinedocs/gcc/Warning-Options.html#index-Wsign-compare\x07-Wsign-compare\x1b]8;;\x07\x1b[m\x1b[K]\n'}
[159.312252] (robot_navigation) StderrLine: {'line': b' 1219 |     if(\x1b[01;35m\x1b[Ki==dividvec.size()-1\x1b[m\x1b[K)\n'}
[159.312355] (robot_navigation) StderrLine: {'line': b'      |        \x1b[01;35m\x1b[K~^~~~~~~~~~~~~~~~~~~\x1b[m\x1b[K\n'}
[159.312442] (robot_navigation) StderrLine: {'line': b'\x1b[01m\x1b[K/home/zheng/carerobot_slam_ros2/src/robot_navigation/src/path_optimization/fast_security.cpp:1222:35:\x1b[m\x1b[K \x1b[01;35m\x1b[Kwarning: \x1b[m\x1b[Kcomparison of integer expressions of different signedness: \xe2\x80\x98\x1b[01m\x1b[Kint\x1b[m\x1b[K\xe2\x80\x99 and \xe2\x80\x98\x1b[01m\x1b[Kstd::vector<Eigen::Matrix<int, 2, 1> >::size_type\x1b[m\x1b[K\xe2\x80\x99 {aka \xe2\x80\x98\x1b[01m\x1b[Klong unsigned int\x1b[m\x1b[K\xe2\x80\x99} [\x1b[01;35m\x1b[K\x1b]8;;https://gcc.gnu.org/onlinedocs/gcc/Warning-Options.html#index-Wsign-compare\x07-Wsign-compare\x1b]8;;\x07\x1b[m\x1b[K]\n'}
[159.312537] (robot_navigation) StderrLine: {'line': b' 1222 |       for (int j = dividvec[i]; \x1b[01;35m\x1b[Kj < gridPath.size()\x1b[m\x1b[K; j++)\n'}
[159.312630] (robot_navigation) StderrLine: {'line': b'      |                                 \x1b[01;35m\x1b[K~~^~~~~~~~~~~~~~~~~\x1b[m\x1b[K\n'}
[159.317072] (robot_navigation) StderrLine: {'line': b'\x1b[01m\x1b[K/home/zheng/carerobot_slam_ros2/src/robot_navigation/src/path_optimization/fast_security.cpp:\x1b[m\x1b[K In member function \xe2\x80\x98\x1b[01m\x1b[Kstd::vector<Eigen::Matrix<double, 2, 1> > Fast_Security::BezierPathOpt(std::vector<std::vector<Eigen::Matrix<double, 2, 1> > >)\x1b[m\x1b[K\xe2\x80\x99:\n'}
[159.317283] (robot_navigation) StderrLine: {'line': b'\x1b[01m\x1b[K/home/zheng/carerobot_slam_ros2/src/robot_navigation/src/path_optimization/fast_security.cpp:1237:21:\x1b[m\x1b[K \x1b[01;35m\x1b[Kwarning: \x1b[m\x1b[Kcomparison of integer expressions of different signedness: \xe2\x80\x98\x1b[01m\x1b[Kint\x1b[m\x1b[K\xe2\x80\x99 and \xe2\x80\x98\x1b[01m\x1b[Kstd::vector<std::vector<Eigen::Matrix<double, 2, 1> > >::size_type\x1b[m\x1b[K\xe2\x80\x99 {aka \xe2\x80\x98\x1b[01m\x1b[Klong unsigned int\x1b[m\x1b[K\xe2\x80\x99} [\x1b[01;35m\x1b[K\x1b]8;;https://gcc.gnu.org/onlinedocs/gcc/Warning-Options.html#index-Wsign-compare\x07-Wsign-compare\x1b]8;;\x07\x1b[m\x1b[K]\n'}
[159.317412] (robot_navigation) StderrLine: {'line': b' 1237 |   for (int i = 0; \x1b[01;35m\x1b[Ki < needoptpath.size()\x1b[m\x1b[K; i++)\n'}
[159.317506] (robot_navigation) StderrLine: {'line': b'      |                   \x1b[01;35m\x1b[K~~^~~~~~~~~~~~~~~~~~~~\x1b[m\x1b[K\n'}
[159.318287] (robot_navigation) StderrLine: {'line': b'\x1b[01m\x1b[K/home/zheng/carerobot_slam_ros2/src/robot_navigation/src/path_optimization/fast_security.cpp:1240:23:\x1b[m\x1b[K \x1b[01;35m\x1b[Kwarning: \x1b[m\x1b[Kcomparison of integer expressions of different signedness: \xe2\x80\x98\x1b[01m\x1b[Kint\x1b[m\x1b[K\xe2\x80\x99 and \xe2\x80\x98\x1b[01m\x1b[Kstd::vector<Eigen::Matrix<double, 2, 1> >::size_type\x1b[m\x1b[K\xe2\x80\x99 {aka \xe2\x80\x98\x1b[01m\x1b[Klong unsigned int\x1b[m\x1b[K\xe2\x80\x99} [\x1b[01;35m\x1b[K\x1b]8;;https://gcc.gnu.org/onlinedocs/gcc/Warning-Options.html#index-Wsign-compare\x07-Wsign-compare\x1b]8;;\x07\x1b[m\x1b[K]\n'}
[159.318623] (robot_navigation) StderrLine: {'line': b' 1240 |     for (int j = 0; \x1b[01;35m\x1b[Kj < needoptpath[i].size()\x1b[m\x1b[K; j++)\n'}
[159.318876] (robot_navigation) StderrLine: {'line': b'      |                     \x1b[01;35m\x1b[K~~^~~~~~~~~~~~~~~~~~~~~~~\x1b[m\x1b[K\n'}
[159.320940] (robot_navigation) StderrLine: {'line': b'\x1b[01m\x1b[K/home/zheng/carerobot_slam_ros2/src/robot_navigation/src/path_optimization/fast_security.cpp:1247:21:\x1b[m\x1b[K \x1b[01;35m\x1b[Kwarning: \x1b[m\x1b[Kcomparison of integer expressions of different signedness: \xe2\x80\x98\x1b[01m\x1b[Kint\x1b[m\x1b[K\xe2\x80\x99 and \xe2\x80\x98\x1b[01m\x1b[Kstd::vector<std::vector<Eigen::Matrix<double, 2, 1> > >::size_type\x1b[m\x1b[K\xe2\x80\x99 {aka \xe2\x80\x98\x1b[01m\x1b[Klong unsigned int\x1b[m\x1b[K\xe2\x80\x99} [\x1b[01;35m\x1b[K\x1b]8;;https://gcc.gnu.org/onlinedocs/gcc/Warning-Options.html#index-Wsign-compare\x07-Wsign-compare\x1b]8;;\x07\x1b[m\x1b[K]\n'}
[159.321345] (robot_navigation) StderrLine: {'line': b' 1247 |   for (int i = 0; \x1b[01;35m\x1b[Ki < needoptpath.size()\x1b[m\x1b[K; i++)\n'}
[159.321611] (robot_navigation) StderrLine: {'line': b'      |                   \x1b[01;35m\x1b[K~~^~~~~~~~~~~~~~~~~~~~\x1b[m\x1b[K\n'}
[159.321967] (robot_navigation) StderrLine: {'line': b'\x1b[01m\x1b[K/home/zheng/carerobot_slam_ros2/src/robot_navigation/src/path_optimization/fast_security.cpp:1254:29:\x1b[m\x1b[K \x1b[01;35m\x1b[Kwarning: \x1b[m\x1b[Kcomparison of integer expressions of different signedness: \xe2\x80\x98\x1b[01m\x1b[Kint\x1b[m\x1b[K\xe2\x80\x99 and \xe2\x80\x98\x1b[01m\x1b[Kstd::vector<Eigen::Matrix<double, 2, 1> >::size_type\x1b[m\x1b[K\xe2\x80\x99 {aka \xe2\x80\x98\x1b[01m\x1b[Klong unsigned int\x1b[m\x1b[K\xe2\x80\x99} [\x1b[01;35m\x1b[K\x1b]8;;https://gcc.gnu.org/onlinedocs/gcc/Warning-Options.html#index-Wsign-compare\x07-Wsign-compare\x1b]8;;\x07\x1b[m\x1b[K]\n'}
[159.322372] (robot_navigation) StderrLine: {'line': b' 1254 |       for (int num = 0; \x1b[01;35m\x1b[Knum < newoptpath.size()\x1b[m\x1b[K; num++)\n'}
[159.322487] (robot_navigation) StderrLine: {'line': b'      |                         \x1b[01;35m\x1b[K~~~~^~~~~~~~~~~~~~~~~~~\x1b[m\x1b[K\n'}
[159.322588] (robot_navigation) StderrLine: {'line': b'\x1b[01m\x1b[K/home/zheng/carerobot_slam_ros2/src/robot_navigation/src/path_optimization/fast_security.cpp:1270:37:\x1b[m\x1b[K \x1b[01;35m\x1b[Kwarning: \x1b[m\x1b[Kcomparison of integer expressions of different signedness: \xe2\x80\x98\x1b[01m\x1b[Kint\x1b[m\x1b[K\xe2\x80\x99 and \xe2\x80\x98\x1b[01m\x1b[Kstd::vector<Eigen::Matrix<double, 2, 1> >::size_type\x1b[m\x1b[K\xe2\x80\x99 {aka \xe2\x80\x98\x1b[01m\x1b[Klong unsigned int\x1b[m\x1b[K\xe2\x80\x99} [\x1b[01;35m\x1b[K\x1b]8;;https://gcc.gnu.org/onlinedocs/gcc/Warning-Options.html#index-Wsign-compare\x07-Wsign-compare\x1b]8;;\x07\x1b[m\x1b[K]\n'}
[159.322706] (robot_navigation) StderrLine: {'line': b' 1270 |         for (int length = 0; \x1b[01;35m\x1b[Klength < newoptpath.size()\x1b[m\x1b[K; length++)\n'}
[159.323349] (robot_navigation) StderrLine: {'line': b'      |                              \x1b[01;35m\x1b[K~~~~~~~^~~~~~~~~~~~~~~~~~~\x1b[m\x1b[K\n'}
[159.323626] (robot_navigation) StderrLine: {'line': b'\x1b[01m\x1b[K/home/zheng/carerobot_slam_ros2/src/robot_navigation/src/path_optimization/fast_security.cpp:1285:37:\x1b[m\x1b[K \x1b[01;35m\x1b[Kwarning: \x1b[m\x1b[Kcomparison of integer expressions of different signedness: \xe2\x80\x98\x1b[01m\x1b[Kint\x1b[m\x1b[K\xe2\x80\x99 and \xe2\x80\x98\x1b[01m\x1b[Kstd::vector<Eigen::Matrix<double, 2, 1> >::size_type\x1b[m\x1b[K\xe2\x80\x99 {aka \xe2\x80\x98\x1b[01m\x1b[Klong unsigned int\x1b[m\x1b[K\xe2\x80\x99} [\x1b[01;35m\x1b[K\x1b]8;;https://gcc.gnu.org/onlinedocs/gcc/Warning-Options.html#index-Wsign-compare\x07-Wsign-compare\x1b]8;;\x07\x1b[m\x1b[K]\n'}
[159.323906] (robot_navigation) StderrLine: {'line': b' 1285 |         for (int length = 0; \x1b[01;35m\x1b[Klength < newoptpath.size()\x1b[m\x1b[K; length++)\n'}
[159.324170] (robot_navigation) StderrLine: {'line': b'      |                              \x1b[01;35m\x1b[K~~~~~~~^~~~~~~~~~~~~~~~~~~\x1b[m\x1b[K\n'}
[159.324424] (robot_navigation) StderrLine: {'line': b'\x1b[01m\x1b[K/home/zheng/carerobot_slam_ros2/src/robot_navigation/src/path_optimization/fast_security.cpp:1300:21:\x1b[m\x1b[K \x1b[01;35m\x1b[Kwarning: \x1b[m\x1b[Kcomparison of integer expressions of different signedness: \xe2\x80\x98\x1b[01m\x1b[Kint\x1b[m\x1b[K\xe2\x80\x99 and \xe2\x80\x98\x1b[01m\x1b[Kstd::vector<Eigen::Matrix<double, 2, 1> >::size_type\x1b[m\x1b[K\xe2\x80\x99 {aka \xe2\x80\x98\x1b[01m\x1b[Klong unsigned int\x1b[m\x1b[K\xe2\x80\x99} [\x1b[01;35m\x1b[K\x1b]8;;https://gcc.gnu.org/onlinedocs/gcc/Warning-Options.html#index-Wsign-compare\x07-Wsign-compare\x1b]8;;\x07\x1b[m\x1b[K]\n'}
[159.326159] (robot_navigation) StderrLine: {'line': b' 1300 |   for (int i = 0; \x1b[01;35m\x1b[Ki < lastpath.size()\x1b[m\x1b[K; i++)\n'}
[159.326474] (robot_navigation) StderrLine: {'line': b'      |                   \x1b[01;35m\x1b[K~~^~~~~~~~~~~~~~~~~\x1b[m\x1b[K\n'}
[159.326723] (robot_navigation) StderrLine: {'line': b'\x1b[01m\x1b[K/home/zheng/carerobot_slam_ros2/src/robot_navigation/src/path_optimization/fast_security.cpp:1316:10:\x1b[m\x1b[K \x1b[01;35m\x1b[Kwarning: \x1b[m\x1b[Kcomparison of integer expressions of different signedness: \xe2\x80\x98\x1b[01m\x1b[Kint\x1b[m\x1b[K\xe2\x80\x99 and \xe2\x80\x98\x1b[01m\x1b[Kstd::vector<Eigen::Matrix<double, 2, 1> >::size_type\x1b[m\x1b[K\xe2\x80\x99 {aka \xe2\x80\x98\x1b[01m\x1b[Klong unsigned int\x1b[m\x1b[K\xe2\x80\x99} [\x1b[01;35m\x1b[K\x1b]8;;https://gcc.gnu.org/onlinedocs/gcc/Warning-Options.html#index-Wsign-compare\x07-Wsign-compare\x1b]8;;\x07\x1b[m\x1b[K]\n'}
[159.326995] (robot_navigation) StderrLine: {'line': b' 1316 |     if(\x1b[01;35m\x1b[Ki == lastpath.size()-1\x1b[m\x1b[K)\n'}
[159.327257] (robot_navigation) StderrLine: {'line': b'      |        \x1b[01;35m\x1b[K~~^~~~~~~~~~~~~~~~~~~~\x1b[m\x1b[K\n'}
[159.370441] (robot_navigation) StderrLine: {'line': b'\x1b[01m\x1b[K/home/zheng/carerobot_slam_ros2/src/robot_navigation/src/path_optimization/fast_security.cpp:\x1b[m\x1b[K In member function \xe2\x80\x98\x1b[01m\x1b[Kvoid Fast_Security::Setlength_DividPath(double, std::vector<Eigen::Matrix<int, 2, 1> >, std::vector<Eigen::Matrix<int, 2, 1> >&)\x1b[m\x1b[K\xe2\x80\x99:\n'}
[159.370862] (robot_navigation) StderrLine: {'line': b'\x1b[01m\x1b[K/home/zheng/carerobot_slam_ros2/src/robot_navigation/src/path_optimization/fast_security.cpp:1378:21:\x1b[m\x1b[K \x1b[01;35m\x1b[Kwarning: \x1b[m\x1b[Kcomparison of integer expressions of different signedness: \xe2\x80\x98\x1b[01m\x1b[Kint\x1b[m\x1b[K\xe2\x80\x99 and \xe2\x80\x98\x1b[01m\x1b[Kstd::vector<Eigen::Matrix<int, 2, 1> >::size_type\x1b[m\x1b[K\xe2\x80\x99 {aka \xe2\x80\x98\x1b[01m\x1b[Klong unsigned int\x1b[m\x1b[K\xe2\x80\x99} [\x1b[01;35m\x1b[K\x1b]8;;https://gcc.gnu.org/onlinedocs/gcc/Warning-Options.html#index-Wsign-compare\x07-Wsign-compare\x1b]8;;\x07\x1b[m\x1b[K]\n'}
[159.371240] (robot_navigation) StderrLine: {'line': b' 1378 |   for (int i = 0; \x1b[01;35m\x1b[Ki < oldpath.size()\x1b[m\x1b[K; i++)\n'}
[159.371353] (robot_navigation) StderrLine: {'line': b'      |                   \x1b[01;35m\x1b[K~~^~~~~~~~~~~~~~~~\x1b[m\x1b[K\n'}
[159.372336] (robot_navigation) StderrLine: {'line': b'\x1b[01m\x1b[K/home/zheng/carerobot_slam_ros2/src/robot_navigation/src/path_optimization/fast_security.cpp:1394:10:\x1b[m\x1b[K \x1b[01;35m\x1b[Kwarning: \x1b[m\x1b[Kcomparison of integer expressions of different signedness: \xe2\x80\x98\x1b[01m\x1b[Kint\x1b[m\x1b[K\xe2\x80\x99 and \xe2\x80\x98\x1b[01m\x1b[Kstd::vector<Eigen::Matrix<int, 2, 1> >::size_type\x1b[m\x1b[K\xe2\x80\x99 {aka \xe2\x80\x98\x1b[01m\x1b[Klong unsigned int\x1b[m\x1b[K\xe2\x80\x99} [\x1b[01;35m\x1b[K\x1b]8;;https://gcc.gnu.org/onlinedocs/gcc/Warning-Options.html#index-Wsign-compare\x07-Wsign-compare\x1b]8;;\x07\x1b[m\x1b[K]\n'}
[159.372722] (robot_navigation) StderrLine: {'line': b' 1394 |     if(\x1b[01;35m\x1b[Ki == oldpath.size()-1\x1b[m\x1b[K)\n'}
[159.372998] (robot_navigation) StderrLine: {'line': b'      |        \x1b[01;35m\x1b[K~~^~~~~~~~~~~~~~~~~~~\x1b[m\x1b[K\n'}
[159.375329] (-) TimerEvent: {}
[159.375528] (robot_navigation) StderrLine: {'line': b'\x1b[01m\x1b[K/home/zheng/carerobot_slam_ros2/src/robot_navigation/src/path_optimization/fast_security.cpp:1375:48:\x1b[m\x1b[K \x1b[01;35m\x1b[Kwarning: \x1b[m\x1b[Kunused parameter \xe2\x80\x98\x1b[01m\x1b[Kstep\x1b[m\x1b[K\xe2\x80\x99 [\x1b[01;35m\x1b[K\x1b]8;;https://gcc.gnu.org/onlinedocs/gcc/Warning-Options.html#index-Wunused-parameter\x07-Wunused-parameter\x1b]8;;\x07\x1b[m\x1b[K]\n'}
[159.375815] (robot_navigation) StderrLine: {'line': b' 1375 | void Fast_Security::Setlength_DividPath(\x1b[01;35m\x1b[Kdouble step\x1b[m\x1b[K,vector<Vector2i> oldpath,vector<Vector2i> &newpath)\n'}
[159.376094] (robot_navigation) StderrLine: {'line': b'      |                                         \x1b[01;35m\x1b[K~~~~~~~^~~~\x1b[m\x1b[K\n'}
[159.376392] (robot_navigation) StderrLine: {'line': b'\x1b[01m\x1b[K/home/zheng/carerobot_slam_ros2/src/robot_navigation/src/path_optimization/fast_security.cpp:\x1b[m\x1b[K In member function \xe2\x80\x98\x1b[01m\x1b[Kvoid Fast_Security::Setlength_Interpolation_Path(double, std::vector<Eigen::Matrix<int, 2, 1> >, std::vector<Eigen::Matrix<int, 2, 1> >&)\x1b[m\x1b[K\xe2\x80\x99:\n'}
[159.376713] (robot_navigation) StderrLine: {'line': b'\x1b[01m\x1b[K/home/zheng/carerobot_slam_ros2/src/robot_navigation/src/path_optimization/fast_security.cpp:1408:21:\x1b[m\x1b[K \x1b[01;35m\x1b[Kwarning: \x1b[m\x1b[Kcomparison of integer expressions of different signedness: \xe2\x80\x98\x1b[01m\x1b[Kint\x1b[m\x1b[K\xe2\x80\x99 and \xe2\x80\x98\x1b[01m\x1b[Kstd::vector<Eigen::Matrix<int, 2, 1> >::size_type\x1b[m\x1b[K\xe2\x80\x99 {aka \xe2\x80\x98\x1b[01m\x1b[Klong unsigned int\x1b[m\x1b[K\xe2\x80\x99} [\x1b[01;35m\x1b[K\x1b]8;;https://gcc.gnu.org/onlinedocs/gcc/Warning-Options.html#index-Wsign-compare\x07-Wsign-compare\x1b]8;;\x07\x1b[m\x1b[K]\n'}
[159.376997] (robot_navigation) StderrLine: {'line': b' 1408 |   for (int i = 0; \x1b[01;35m\x1b[Ki < oldpath.size()-1\x1b[m\x1b[K; i++)\n'}
[159.377275] (robot_navigation) StderrLine: {'line': b'      |                   \x1b[01;35m\x1b[K~~^~~~~~~~~~~~~~~~~~\x1b[m\x1b[K\n'}
[159.377601] (robot_navigation) StderrLine: {'line': b'\x1b[01m\x1b[K/home/zheng/carerobot_slam_ros2/src/robot_navigation/src/path_optimization/fast_security.cpp:\x1b[m\x1b[K In member function \xe2\x80\x98\x1b[01m\x1b[Kstd::vector<Eigen::Matrix<double, 2, 1> > Fast_Security::PathOptimization(std::vector<std::vector<Eigen::Matrix<int, 2, 1> > >, std::vector<std::vector<Eigen::Matrix<int, 2, 1> > >)\x1b[m\x1b[K\xe2\x80\x99:\n'}
[159.377874] (robot_navigation) StderrLine: {'line': b'\x1b[01m\x1b[K/home/zheng/carerobot_slam_ros2/src/robot_navigation/src/path_optimization/fast_security.cpp:1448:21:\x1b[m\x1b[K \x1b[01;35m\x1b[Kwarning: \x1b[m\x1b[Kcomparison of integer expressions of different signedness: \xe2\x80\x98\x1b[01m\x1b[Kint\x1b[m\x1b[K\xe2\x80\x99 and \xe2\x80\x98\x1b[01m\x1b[Kstd::vector<std::vector<Eigen::Matrix<int, 2, 1> > >::size_type\x1b[m\x1b[K\xe2\x80\x99 {aka \xe2\x80\x98\x1b[01m\x1b[Klong unsigned int\x1b[m\x1b[K\xe2\x80\x99} [\x1b[01;35m\x1b[K\x1b]8;;https://gcc.gnu.org/onlinedocs/gcc/Warning-Options.html#index-Wsign-compare\x07-Wsign-compare\x1b]8;;\x07\x1b[m\x1b[K]\n'}
[159.378156] (robot_navigation) StderrLine: {'line': b' 1448 |   for (int i = 0; \x1b[01;35m\x1b[Ki < continu.size()\x1b[m\x1b[K; i++)\n'}
[159.378416] (robot_navigation) StderrLine: {'line': b'      |                   \x1b[01;35m\x1b[K~~^~~~~~~~~~~~~~~~\x1b[m\x1b[K\n'}
[159.382387] (robot_navigation) StderrLine: {'line': b'\x1b[01m\x1b[K/home/zheng/carerobot_slam_ros2/src/robot_navigation/src/path_optimization/fast_security.cpp:1459:26:\x1b[m\x1b[K \x1b[01;35m\x1b[Kwarning: \x1b[m\x1b[Kcomparison of integer expressions of different signedness: \xe2\x80\x98\x1b[01m\x1b[Kint\x1b[m\x1b[K\xe2\x80\x99 and \xe2\x80\x98\x1b[01m\x1b[Kstd::vector<Eigen::Matrix<int, 2, 1> >::size_type\x1b[m\x1b[K\xe2\x80\x99 {aka \xe2\x80\x98\x1b[01m\x1b[Klong unsigned int\x1b[m\x1b[K\xe2\x80\x99} [\x1b[01;35m\x1b[K\x1b]8;;https://gcc.gnu.org/onlinedocs/gcc/Warning-Options.html#index-Wsign-compare\x07-Wsign-compare\x1b]8;;\x07\x1b[m\x1b[K]\n'}
[159.382702] (robot_navigation) StderrLine: {'line': b' 1459 |     if(i%4 == 0 && \x1b[01;35m\x1b[Ki/2+1 < dividNodes.size()\x1b[m\x1b[K)\n'}
[159.382985] (robot_navigation) StderrLine: {'line': b'      |                    \x1b[01;35m\x1b[K~~~~~~^~~~~~~~~~~~~~~~~~~\x1b[m\x1b[K\n'}
[159.383293] (robot_navigation) StderrLine: {'line': b'\x1b[01m\x1b[K/home/zheng/carerobot_slam_ros2/src/robot_navigation/src/path_optimization/fast_security.cpp:1461:12:\x1b[m\x1b[K \x1b[01;35m\x1b[Kwarning: \x1b[m\x1b[Kcomparison of integer expressions of different signedness: \xe2\x80\x98\x1b[01m\x1b[Kint\x1b[m\x1b[K\xe2\x80\x99 and \xe2\x80\x98\x1b[01m\x1b[Kstd::vector<std::vector<Eigen::Matrix<int, 2, 1> > >::size_type\x1b[m\x1b[K\xe2\x80\x99 {aka \xe2\x80\x98\x1b[01m\x1b[Klong unsigned int\x1b[m\x1b[K\xe2\x80\x99} [\x1b[01;35m\x1b[K\x1b]8;;https://gcc.gnu.org/onlinedocs/gcc/Warning-Options.html#index-Wsign-compare\x07-Wsign-compare\x1b]8;;\x07\x1b[m\x1b[K]\n'}
[159.383573] (robot_navigation) StderrLine: {'line': b' 1461 |       if(\x1b[01;35m\x1b[Ki < continu.size()-1\x1b[m\x1b[K)\n'}
[159.383833] (robot_navigation) StderrLine: {'line': b'      |          \x1b[01;35m\x1b[K~~^~~~~~~~~~~~~~~~~~\x1b[m\x1b[K\n'}
[159.384103] (robot_navigation) StderrLine: {'line': b'\x1b[01m\x1b[K/home/zheng/carerobot_slam_ros2/src/robot_navigation/src/path_optimization/fast_security.cpp:1505:30:\x1b[m\x1b[K \x1b[01;35m\x1b[Kwarning: \x1b[m\x1b[Kcomparison of integer expressions of different signedness: \xe2\x80\x98\x1b[01m\x1b[Kint\x1b[m\x1b[K\xe2\x80\x99 and \xe2\x80\x98\x1b[01m\x1b[Kstd::vector<std::vector<Eigen::Matrix<int, 2, 1> > >::size_type\x1b[m\x1b[K\xe2\x80\x99 {aka \xe2\x80\x98\x1b[01m\x1b[Klong unsigned int\x1b[m\x1b[K\xe2\x80\x99} [\x1b[01;35m\x1b[K\x1b]8;;https://gcc.gnu.org/onlinedocs/gcc/Warning-Options.html#index-Wsign-compare\x07-Wsign-compare\x1b]8;;\x07\x1b[m\x1b[K]\n'}
[159.384372] (robot_navigation) StderrLine: {'line': b' 1505 |     if(i%4 == 1 && \x1b[01;35m\x1b[K(i-1)*4+3 < inflect.size()\x1b[m\x1b[K)\n'}
[159.384648] (robot_navigation) StderrLine: {'line': b'      |                    \x1b[01;35m\x1b[K~~~~~~~~~~^~~~~~~~~~~~~~~~\x1b[m\x1b[K\n'}
[159.384962] (robot_navigation) StderrLine: {'line': b'\x1b[01m\x1b[K/home/zheng/carerobot_slam_ros2/src/robot_navigation/src/path_optimization/fast_security.cpp:1532:21:\x1b[m\x1b[K \x1b[01;35m\x1b[Kwarning: \x1b[m\x1b[Kcomparison of integer expressions of different signedness: \xe2\x80\x98\x1b[01m\x1b[Kint\x1b[m\x1b[K\xe2\x80\x99 and \xe2\x80\x98\x1b[01m\x1b[Kstd::vector<std::pair<int, std::vector<Eigen::Matrix<int, 2, 1> > > >::size_type\x1b[m\x1b[K\xe2\x80\x99 {aka \xe2\x80\x98\x1b[01m\x1b[Klong unsigned int\x1b[m\x1b[K\xe2\x80\x99} [\x1b[01;35m\x1b[K\x1b]8;;https://gcc.gnu.org/onlinedocs/gcc/Warning-Options.html#index-Wsign-compare\x07-Wsign-compare\x1b]8;;\x07\x1b[m\x1b[K]\n'}
[159.385239] (robot_navigation) StderrLine: {'line': b' 1532 |   for (int i = 0; \x1b[01;35m\x1b[Ki < optimiPoints.size()\x1b[m\x1b[K; i++)\n'}
[159.385539] (robot_navigation) StderrLine: {'line': b'      |                   \x1b[01;35m\x1b[K~~^~~~~~~~~~~~~~~~~~~~~\x1b[m\x1b[K\n'}
[159.385855] (robot_navigation) StderrLine: {'line': b'\x1b[01m\x1b[K/home/zheng/carerobot_slam_ros2/src/robot_navigation/src/path_optimization/fast_security.cpp:1537:14:\x1b[m\x1b[K \x1b[01;35m\x1b[Kwarning: \x1b[m\x1b[Kvariable \xe2\x80\x98\x1b[01m\x1b[Knowvisit\x1b[m\x1b[K\xe2\x80\x99 set but not used [\x1b[01;35m\x1b[K\x1b]8;;https://gcc.gnu.org/onlinedocs/gcc/Warning-Options.html#index-Wunused-but-set-variable\x07-Wunused-but-set-variable\x1b]8;;\x07\x1b[m\x1b[K]\n'}
[159.386178] (robot_navigation) StderrLine: {'line': b' 1537 |       double \x1b[01;35m\x1b[Knowvisit\x1b[m\x1b[K;\n'}
[159.386463] (robot_navigation) StderrLine: {'line': b'      |              \x1b[01;35m\x1b[K^~~~~~~~\x1b[m\x1b[K\n'}
[159.388717] (robot_navigation) StderrLine: {'line': b'\x1b[01m\x1b[K/home/zheng/carerobot_slam_ros2/src/robot_navigation/src/path_optimization/fast_security.cpp:1603:14:\x1b[m\x1b[K \x1b[01;35m\x1b[Kwarning: \x1b[m\x1b[Kvariable \xe2\x80\x98\x1b[01m\x1b[Knowvisit\x1b[m\x1b[K\xe2\x80\x99 set but not used [\x1b[01;35m\x1b[K\x1b]8;;https://gcc.gnu.org/onlinedocs/gcc/Warning-Options.html#index-Wunused-but-set-variable\x07-Wunused-but-set-variable\x1b]8;;\x07\x1b[m\x1b[K]\n'}
[159.389252] (robot_navigation) StderrLine: {'line': b' 1603 |       double \x1b[01;35m\x1b[Knowvisit\x1b[m\x1b[K;\n'}
[159.389569] (robot_navigation) StderrLine: {'line': b'      |              \x1b[01;35m\x1b[K^~~~~~~~\x1b[m\x1b[K\n'}
[159.475443] (-) TimerEvent: {}
[159.578991] (-) TimerEvent: {}
[159.679394] (-) TimerEvent: {}
[159.779720] (-) TimerEvent: {}
[159.880002] (-) TimerEvent: {}
[159.980423] (-) TimerEvent: {}
[160.080759] (-) TimerEvent: {}
[160.181200] (-) TimerEvent: {}
[160.283010] (-) TimerEvent: {}
[160.383422] (-) TimerEvent: {}
[160.485389] (-) TimerEvent: {}
[160.585693] (-) TimerEvent: {}
[160.686001] (-) TimerEvent: {}
[160.786334] (-) TimerEvent: {}
[160.886658] (-) TimerEvent: {}
[160.988998] (-) TimerEvent: {}
[161.089316] (-) TimerEvent: {}
[161.189628] (-) TimerEvent: {}
[161.289961] (-) TimerEvent: {}
[161.390275] (-) TimerEvent: {}
[161.490964] (-) TimerEvent: {}
[161.591285] (-) TimerEvent: {}
[161.691587] (-) TimerEvent: {}
[161.791881] (-) TimerEvent: {}
[161.892193] (-) TimerEvent: {}
[161.992505] (-) TimerEvent: {}
[162.092842] (-) TimerEvent: {}
[162.193160] (-) TimerEvent: {}
[162.293511] (-) TimerEvent: {}
[162.393830] (-) TimerEvent: {}
[162.494158] (-) TimerEvent: {}
[162.594475] (-) TimerEvent: {}
[162.694793] (-) TimerEvent: {}
[162.772098] (robot_navigation) StderrLine: {'line': b'In file included from \x1b[01m\x1b[K/usr/include/boost/math/tools/cxx03_warn.hpp:9\x1b[m\x1b[K,\n'}
[162.772320] (robot_navigation) StderrLine: {'line': b'                 from \x1b[01m\x1b[K/usr/include/boost/math/constants/constants.hpp:11\x1b[m\x1b[K,\n'}
[162.772429] (robot_navigation) StderrLine: {'line': b'                 from \x1b[01m\x1b[K/usr/include/boost/geometry/util/math.hpp:29\x1b[m\x1b[K,\n'}
[162.772530] (robot_navigation) StderrLine: {'line': b'                 from \x1b[01m\x1b[K/usr/include/boost/geometry/core/radian_access.hpp:33\x1b[m\x1b[K,\n'}
[162.772627] (robot_navigation) StderrLine: {'line': b'                 from \x1b[01m\x1b[K/usr/include/boost/geometry/geometry.hpp:51\x1b[m\x1b[K,\n'}
[162.772733] (robot_navigation) StderrLine: {'line': b'                 from \x1b[01m\x1b[K/usr/include/boost/geometry.hpp:17\x1b[m\x1b[K,\n'}
[162.772829] (robot_navigation) StderrLine: {'line': b'                 from \x1b[01m\x1b[K/home/zheng/carerobot_slam_ros2/src/robot_navigation/include/path_optimization/corridor_optimizer.h:10\x1b[m\x1b[K,\n'}
[162.772924] (robot_navigation) StderrLine: {'line': b'                 from \x1b[01m\x1b[K/home/zheng/carerobot_slam_ros2/src/robot_navigation/src/path_optimization/corridor_optimizer.cpp:1\x1b[m\x1b[K:\n'}
[162.773037] (robot_navigation) StderrLine: {'line': b'\x1b[01m\x1b[K/usr/include/boost/detail/no_exceptions_support.hpp:17:1:\x1b[m\x1b[K \x1b[01;36m\x1b[Knote: \x1b[m\x1b[K\xe2\x80\x98\x1b[01m\x1b[K#pragma message: This header is deprecated. Use <boost/core/no_exceptions_support.hpp> instead.\x1b[m\x1b[K\xe2\x80\x99\n'}
[162.773134] (robot_navigation) StderrLine: {'line': b'   17 | \x1b[01;36m\x1b[KBOOST_HEADER_DEPRECATED\x1b[m\x1b[K("<boost/core/no_exceptions_support.hpp>")\n'}
[162.773228] (robot_navigation) StderrLine: {'line': b'      | \x1b[01;36m\x1b[K^~~~~~~~~~~~~~~~~~~~~~~\x1b[m\x1b[K\n'}
[162.794902] (-) TimerEvent: {}
[162.895230] (-) TimerEvent: {}
[162.995830] (-) TimerEvent: {}
[163.096208] (-) TimerEvent: {}
[163.196546] (-) TimerEvent: {}
[163.296951] (-) TimerEvent: {}
[163.393828] (robot_navigation) StderrLine: {'line': b'\x1b[01m\x1b[K/home/zheng/carerobot_slam_ros2/src/robot_navigation/src/path_optimization/corridor_optimizer.cpp:\x1b[m\x1b[K In member function \xe2\x80\x98\x1b[01m\x1b[Kstd::vector<std::pair<int, int> > Corridor_Optimizer::polygonObstaclesInSubgrid(const Polygon_bg&, int, int)\x1b[m\x1b[K\xe2\x80\x99:\n'}
[163.394081] (robot_navigation) StderrLine: {'line': b'\x1b[01m\x1b[K/home/zheng/carerobot_slam_ros2/src/robot_navigation/src/path_optimization/corridor_optimizer.cpp:307:108:\x1b[m\x1b[K \x1b[01;35m\x1b[Kwarning: \x1b[m\x1b[Kunused parameter \xe2\x80\x98\x1b[01m\x1b[Kmin_x\x1b[m\x1b[K\xe2\x80\x99 [\x1b[01;35m\x1b[K\x1b]8;;https://gcc.gnu.org/onlinedocs/gcc/Warning-Options.html#index-Wunused-parameter\x07-Wunused-parameter\x1b]8;;\x07\x1b[m\x1b[K]\n'}
[163.394192] (robot_navigation) StderrLine: {'line': b'  307 | std::vector<std::pair<int, int>> Corridor_Optimizer::polygonObstaclesInSubgrid(const Polygon_bg& poly, \x1b[01;35m\x1b[Kint min_x\x1b[m\x1b[K, int min_y)\n'}
[163.394282] (robot_navigation) StderrLine: {'line': b'      |                                                                                                        \x1b[01;35m\x1b[K~~~~^~~~~\x1b[m\x1b[K\n'}
[163.394372] (robot_navigation) StderrLine: {'line': b'\x1b[01m\x1b[K/home/zheng/carerobot_slam_ros2/src/robot_navigation/src/path_optimization/corridor_optimizer.cpp:307:119:\x1b[m\x1b[K \x1b[01;35m\x1b[Kwarning: \x1b[m\x1b[Kunused parameter \xe2\x80\x98\x1b[01m\x1b[Kmin_y\x1b[m\x1b[K\xe2\x80\x99 [\x1b[01;35m\x1b[K\x1b]8;;https://gcc.gnu.org/onlinedocs/gcc/Warning-Options.html#index-Wunused-parameter\x07-Wunused-parameter\x1b]8;;\x07\x1b[m\x1b[K]\n'}
[163.394465] (robot_navigation) StderrLine: {'line': b'  307 | std::vector<std::pair<int, int>> Corridor_Optimizer::polygonObstaclesInSubgrid(const Polygon_bg& poly, int min_x, \x1b[01;35m\x1b[Kint min_y\x1b[m\x1b[K)\n'}
[163.394555] (robot_navigation) StderrLine: {'line': b'      |                                                                                                                   \x1b[01;35m\x1b[K~~~~^~~~~\x1b[m\x1b[K\n'}
[163.397005] (-) TimerEvent: {}
[163.497309] (-) TimerEvent: {}
[163.597612] (-) TimerEvent: {}
[163.697998] (-) TimerEvent: {}
[163.798320] (-) TimerEvent: {}
[163.898678] (-) TimerEvent: {}
[163.998997] (-) TimerEvent: {}
[164.099320] (-) TimerEvent: {}
[164.199645] (-) TimerEvent: {}
[164.299973] (-) TimerEvent: {}
[164.400276] (-) TimerEvent: {}
[164.500584] (-) TimerEvent: {}
[164.600913] (-) TimerEvent: {}
[164.701256] (-) TimerEvent: {}
[164.801521] (-) TimerEvent: {}
[164.901827] (-) TimerEvent: {}
[165.002135] (-) TimerEvent: {}
[165.102437] (-) TimerEvent: {}
[165.202748] (-) TimerEvent: {}
[165.303064] (-) TimerEvent: {}
[165.403362] (-) TimerEvent: {}
[165.503667] (-) TimerEvent: {}
[165.603985] (-) TimerEvent: {}
[165.704284] (-) TimerEvent: {}
[165.804605] (-) TimerEvent: {}
[165.904920] (-) TimerEvent: {}
[166.005261] (-) TimerEvent: {}
[166.105571] (-) TimerEvent: {}
[166.206995] (-) TimerEvent: {}
[166.307305] (-) TimerEvent: {}
[166.407623] (-) TimerEvent: {}
[166.507953] (-) TimerEvent: {}
[166.608285] (-) TimerEvent: {}
[166.708556] (-) TimerEvent: {}
[166.808881] (-) TimerEvent: {}
[166.909227] (-) TimerEvent: {}
[167.009526] (-) TimerEvent: {}
[167.109827] (-) TimerEvent: {}
[167.210153] (-) TimerEvent: {}
[167.310460] (-) TimerEvent: {}
[167.410755] (-) TimerEvent: {}
[167.511071] (-) TimerEvent: {}
[167.611390] (-) TimerEvent: {}
[167.711715] (-) TimerEvent: {}
[167.812056] (-) TimerEvent: {}
[167.912354] (-) TimerEvent: {}
[168.012662] (-) TimerEvent: {}
[168.112981] (-) TimerEvent: {}
[168.213293] (-) TimerEvent: {}
[168.313602] (-) TimerEvent: {}
[168.413907] (-) TimerEvent: {}
[168.514223] (-) TimerEvent: {}
[168.614511] (-) TimerEvent: {}
[168.714800] (-) TimerEvent: {}
[168.815103] (-) TimerEvent: {}
[168.915451] (-) TimerEvent: {}
[169.015806] (-) TimerEvent: {}
[169.118232] (-) TimerEvent: {}
[169.218548] (-) TimerEvent: {}
[169.318853] (-) TimerEvent: {}
[169.419162] (-) TimerEvent: {}
[169.519473] (-) TimerEvent: {}
[169.619807] (-) TimerEvent: {}
[169.720133] (-) TimerEvent: {}
[169.820417] (-) TimerEvent: {}
[169.920732] (-) TimerEvent: {}
[170.021037] (-) TimerEvent: {}
[170.046475] (robot_navigation) StderrLine: {'line': b'\x1b[01m\x1b[K/home/zheng/carerobot_slam_ros2/src/robot_navigation/src/path_optimization/non_uniform_bspline.cpp:\x1b[m\x1b[K In member function \xe2\x80\x98\x1b[01m\x1b[Kvoid dyn_planner::NonUniformBspline::recomputeInit()\x1b[m\x1b[K\xe2\x80\x99:\n'}
[170.046701] (robot_navigation) StderrLine: {'line': b'\x1b[01m\x1b[K/home/zheng/carerobot_slam_ros2/src/robot_navigation/src/path_optimization/non_uniform_bspline.cpp:474:6:\x1b[m\x1b[K \x1b[01;35m\x1b[Kwarning: \x1b[m\x1b[Karray subscript 4 is outside array bounds of \xe2\x80\x98\x1b[01m\x1b[KEigen::Matrix2d [1]\x1b[m\x1b[K\xe2\x80\x99 {aka \xe2\x80\x98\x1b[01m\x1b[KEigen::Matrix<double, 2, 2> [1]\x1b[m\x1b[K\xe2\x80\x99} [\x1b[01;35m\x1b[K\x1b]8;;https://gcc.gnu.org/onlinedocs/gcc/Warning-Options.html#index-Warray-bounds\x07-Warray-bounds\x1b]8;;\x07\x1b[m\x1b[K]\n'}
[170.046834] (robot_navigation) StderrLine: {'line': b'  474 |     \x1b[01;35m\x1b[KA(2, 1)\x1b[m\x1b[K = -6.0 * ((t1 - t4) + (t2 - t5)) / ((t1 - t4) * (t2 - t4) * (t2 - t5));\n'}
[170.046965] (robot_navigation) StderrLine: {'line': b'      |     \x1b[01;35m\x1b[K~^~~~~~\x1b[m\x1b[K\n'}
[170.047089] (robot_navigation) StderrLine: {'line': b'\x1b[01m\x1b[K/home/zheng/carerobot_slam_ros2/src/robot_navigation/src/path_optimization/non_uniform_bspline.cpp:461:21:\x1b[m\x1b[K \x1b[01;36m\x1b[Knote: \x1b[m\x1b[Kwhile referencing \xe2\x80\x98\x1b[01m\x1b[KA\x1b[m\x1b[K\xe2\x80\x99\n'}
[170.047199] (robot_navigation) StderrLine: {'line': b'  461 |     Eigen::Matrix2d \x1b[01;36m\x1b[KA\x1b[m\x1b[K;\n'}
[170.047296] (robot_navigation) StderrLine: {'line': b'      |                     \x1b[01;36m\x1b[K^\x1b[m\x1b[K\n'}
[170.121133] (-) TimerEvent: {}
[170.221455] (-) TimerEvent: {}
[170.321741] (-) TimerEvent: {}
[170.422033] (-) TimerEvent: {}
[170.522319] (-) TimerEvent: {}
[170.622616] (-) TimerEvent: {}
[170.684219] (robot_navigation) StdoutLine: {'line': b'[ 76%] \x1b[32mBuilding CXX object CMakeFiles/Differential_DWA_node.dir/src/path_searcher/two_way_rrt.cpp.o\x1b[0m\n'}
[170.722712] (-) TimerEvent: {}
[170.823010] (-) TimerEvent: {}
[170.923333] (-) TimerEvent: {}
[171.023612] (-) TimerEvent: {}
[171.123915] (-) TimerEvent: {}
[171.224208] (-) TimerEvent: {}
[171.324472] (-) TimerEvent: {}
[171.424785] (-) TimerEvent: {}
[171.525124] (-) TimerEvent: {}
[171.625412] (-) TimerEvent: {}
[171.725749] (-) TimerEvent: {}
[171.826070] (-) TimerEvent: {}
[171.926402] (-) TimerEvent: {}
[172.026757] (-) TimerEvent: {}
[172.127136] (-) TimerEvent: {}
[172.227470] (-) TimerEvent: {}
[172.327819] (-) TimerEvent: {}
[172.428176] (-) TimerEvent: {}
[172.528512] (-) TimerEvent: {}
[172.628846] (-) TimerEvent: {}
[172.729205] (-) TimerEvent: {}
[172.829612] (-) TimerEvent: {}
[172.929904] (-) TimerEvent: {}
[173.030219] (-) TimerEvent: {}
[173.130533] (-) TimerEvent: {}
[173.230816] (-) TimerEvent: {}
[173.331106] (-) TimerEvent: {}
[173.431410] (-) TimerEvent: {}
[173.531696] (-) TimerEvent: {}
[173.631999] (-) TimerEvent: {}
[173.732281] (-) TimerEvent: {}
[173.832563] (-) TimerEvent: {}
[173.932844] (-) TimerEvent: {}
[174.033143] (-) TimerEvent: {}
[174.133492] (-) TimerEvent: {}
[174.233739] (-) TimerEvent: {}
[174.334008] (-) TimerEvent: {}
[174.434308] (-) TimerEvent: {}
[174.534619] (-) TimerEvent: {}
[174.634940] (-) TimerEvent: {}
[174.735188] (-) TimerEvent: {}
[174.835493] (-) TimerEvent: {}
[174.935829] (-) TimerEvent: {}
[175.036171] (-) TimerEvent: {}
[175.136520] (-) TimerEvent: {}
[175.236854] (-) TimerEvent: {}
[175.337194] (-) TimerEvent: {}
[175.437536] (-) TimerEvent: {}
[175.484443] (robot_navigation) StderrLine: {'line': b'\x1b[01m\x1b[K/home/zheng/carerobot_slam_ros2/src/robot_navigation/src/path_optimization/corridor_optimizer.cpp:\x1b[m\x1b[K In member function \xe2\x80\x98\x1b[01m\x1b[Kstd::pair<double, double> Corridor_Optimizer::polygonCentroid(const Polygon_bg&)\x1b[m\x1b[K\xe2\x80\x99:\n'}
[175.484642] (robot_navigation) StderrLine: {'line': b'\x1b[01m\x1b[K/home/zheng/carerobot_slam_ros2/src/robot_navigation/src/path_optimization/corridor_optimizer.cpp:269:14:\x1b[m\x1b[K \x1b[01;35m\x1b[Kwarning: \x1b[m\x1b[K\xe2\x80\x98\x1b[01m\x1b[Kc.boost::geometry::model::d2::point_xy<double, boost::geometry::cs::cartesian>::<unnamed>.boost::geometry::model::point<double, 2, boost::geometry::cs::cartesian>::m_values[0]\x1b[m\x1b[K\xe2\x80\x99 is used uninitialized [\x1b[01;35m\x1b[K\x1b]8;;https://gcc.gnu.org/onlinedocs/gcc/Warning-Options.html#index-Wuninitialized\x07-Wuninitialized\x1b]8;;\x07\x1b[m\x1b[K]\n'}
[175.484757] (robot_navigation) StderrLine: {'line': b'  269 |     Point_bg \x1b[01;35m\x1b[Kc\x1b[m\x1b[K; bg::centroid(poly, c);\n'}
[175.484860] (robot_navigation) StderrLine: {'line': b'      |              \x1b[01;35m\x1b[K^\x1b[m\x1b[K\n'}
[175.484973] (robot_navigation) StderrLine: {'line': b'\x1b[01m\x1b[K/home/zheng/carerobot_slam_ros2/src/robot_navigation/src/path_optimization/corridor_optimizer.cpp:269:14:\x1b[m\x1b[K \x1b[01;35m\x1b[Kwarning: \x1b[m\x1b[K\xe2\x80\x98\x1b[01m\x1b[Kc.boost::geometry::model::d2::point_xy<double, boost::geometry::cs::cartesian>::<unnamed>.boost::geometry::model::point<double, 2, boost::geometry::cs::cartesian>::m_values[1]\x1b[m\x1b[K\xe2\x80\x99 is used uninitialized [\x1b[01;35m\x1b[K\x1b]8;;https://gcc.gnu.org/onlinedocs/gcc/Warning-Options.html#index-Wuninitialized\x07-Wuninitialized\x1b]8;;\x07\x1b[m\x1b[K]\n'}
[175.537670] (-) TimerEvent: {}
[175.637970] (-) TimerEvent: {}
[175.738257] (-) TimerEvent: {}
[175.838553] (-) TimerEvent: {}
[175.938832] (-) TimerEvent: {}
[176.039097] (-) TimerEvent: {}
[176.139376] (-) TimerEvent: {}
[176.239668] (-) TimerEvent: {}
[176.339955] (-) TimerEvent: {}
[176.440230] (-) TimerEvent: {}
[176.540469] (-) TimerEvent: {}
[176.640716] (-) TimerEvent: {}
[176.740977] (-) TimerEvent: {}
[176.841218] (-) TimerEvent: {}
[176.941445] (-) TimerEvent: {}
[177.041691] (-) TimerEvent: {}
[177.141944] (-) TimerEvent: {}
[177.242190] (-) TimerEvent: {}
[177.342439] (-) TimerEvent: {}
[177.442697] (-) TimerEvent: {}
[177.516087] (robot_navigation) StderrLine: {'line': b'\x1b[01m\x1b[K/home/zheng/carerobot_slam_ros2/src/robot_navigation/src/path_searcher/two_way_rrt.cpp:\x1b[m\x1b[K In member function \xe2\x80\x98\x1b[01m\x1b[Kvoid RRTstarPlanner::getPathFromTree(std::vector<Node>&, std::vector<Node>&, Node&, std::vector<Eigen::Matrix<double, 2, 1> >&, GetPlanMode)\x1b[m\x1b[K\xe2\x80\x99:\n'}
[177.516314] (robot_navigation) StderrLine: {'line': b'\x1b[01m\x1b[K/home/zheng/carerobot_slam_ros2/src/robot_navigation/src/path_searcher/two_way_rrt.cpp:87:10:\x1b[m\x1b[K \x1b[01;35m\x1b[Kwarning: \x1b[m\x1b[K\xe2\x80\x98\x1b[01m\x1b[Kcurrent_node.Node::x\x1b[m\x1b[K\xe2\x80\x99 is used uninitialized [\x1b[01;35m\x1b[K\x1b]8;;https://gcc.gnu.org/onlinedocs/gcc/Warning-Options.html#index-Wuninitialized\x07-Wuninitialized\x1b]8;;\x07\x1b[m\x1b[K]\n'}
[177.516374] (robot_navigation) StderrLine: {'line': b'   87 |     Node \x1b[01;35m\x1b[Kcurrent_node\x1b[m\x1b[K;\n'}
[177.516424] (robot_navigation) StderrLine: {'line': b'      |          \x1b[01;35m\x1b[K^~~~~~~~~~~~\x1b[m\x1b[K\n'}
[177.516473] (robot_navigation) StderrLine: {'line': b'\x1b[01m\x1b[K/home/zheng/carerobot_slam_ros2/src/robot_navigation/src/path_searcher/two_way_rrt.cpp:87:10:\x1b[m\x1b[K \x1b[01;35m\x1b[Kwarning: \x1b[m\x1b[K\xe2\x80\x98\x1b[01m\x1b[Kcurrent_node.Node::y\x1b[m\x1b[K\xe2\x80\x99 is used uninitialized [\x1b[01;35m\x1b[K\x1b]8;;https://gcc.gnu.org/onlinedocs/gcc/Warning-Options.html#index-Wuninitialized\x07-Wuninitialized\x1b]8;;\x07\x1b[m\x1b[K]\n'}
[177.516522] (robot_navigation) StderrLine: {'line': b'\x1b[01m\x1b[K/home/zheng/carerobot_slam_ros2/src/robot_navigation/src/path_searcher/two_way_rrt.cpp:114:35:\x1b[m\x1b[K \x1b[01;35m\x1b[Kwarning: \x1b[m\x1b[K\xe2\x80\x98\x1b[01m\x1b[Kcurrent_node.Node::parent_id\x1b[m\x1b[K\xe2\x80\x99 may be used uninitialized in this function [\x1b[01;35m\x1b[K\x1b]8;;https://gcc.gnu.org/onlinedocs/gcc/Warning-Options.html#index-Wmaybe-uninitialized\x07-Wmaybe-uninitialized\x1b]8;;\x07\x1b[m\x1b[K]\n'}
[177.516581] (robot_navigation) StderrLine: {'line': b'  114 |     while (\x1b[01;35m\x1b[Kcurrent_node.parent_id != tree1[0].parent_id\x1b[m\x1b[K)\n'}
[177.516627] (robot_navigation) StderrLine: {'line': b'      |            \x1b[01;35m\x1b[K~~~~~~~~~~~~~~~~~~~~~~~^~~~~~~~~~~~~~~~~~~~~\x1b[m\x1b[K\n'}
[177.542803] (-) TimerEvent: {}
[177.643005] (-) TimerEvent: {}
[177.743306] (-) TimerEvent: {}
[177.843581] (-) TimerEvent: {}
[177.943829] (-) TimerEvent: {}
[178.044068] (-) TimerEvent: {}
[178.144314] (-) TimerEvent: {}
[178.244569] (-) TimerEvent: {}
[178.344830] (-) TimerEvent: {}
[178.445069] (-) TimerEvent: {}
[178.545324] (-) TimerEvent: {}
[178.612815] (robot_navigation) StdoutLine: {'line': b'[ 78%] \x1b[32mBuilding CXX object CMakeFiles/Differential_DWA_node.dir/src/path_searcher/nav_app.cpp.o\x1b[0m\n'}
[178.645409] (-) TimerEvent: {}
[178.745674] (-) TimerEvent: {}
[178.845973] (-) TimerEvent: {}
[178.946288] (-) TimerEvent: {}
[179.046540] (-) TimerEvent: {}
[179.146804] (-) TimerEvent: {}
[179.247063] (-) TimerEvent: {}
[179.347380] (-) TimerEvent: {}
[179.447726] (-) TimerEvent: {}
[179.548010] (-) TimerEvent: {}
[179.622588] (robot_navigation) StdoutLine: {'line': b'[ 80%] \x1b[32mBuilding CXX object CMakeFiles/Differential_DWA_node.dir/src/path_searcher/JPS_utils.cpp.o\x1b[0m\n'}
[179.648120] (-) TimerEvent: {}
[179.748448] (-) TimerEvent: {}
[179.848791] (-) TimerEvent: {}
[179.949119] (-) TimerEvent: {}
[180.016742] (robot_navigation) StderrLine: {'line': b'\x1b[01m\x1b[K/home/zheng/carerobot_slam_ros2/src/robot_navigation/src/path_searcher/JPS_utils.cpp:\x1b[m\x1b[K In member function \xe2\x80\x98\x1b[01m\x1b[Kvoid JPS2DNeib::Neib(int, int, int, int, int&, int&)\x1b[m\x1b[K\xe2\x80\x99:\n'}
[180.016963] (robot_navigation) StderrLine: {'line': b'\x1b[01m\x1b[K/home/zheng/carerobot_slam_ros2/src/robot_navigation/src/path_searcher/JPS_utils.cpp:39:7:\x1b[m\x1b[K \x1b[01;35m\x1b[Kwarning: \x1b[m\x1b[Kthis statement may fall through [\x1b[01;35m\x1b[K\x1b]8;;https://gcc.gnu.org/onlinedocs/gcc/Warning-Options.html#index-Wimplicit-fallthrough=\x07-Wimplicit-fallthrough=\x1b]8;;\x07\x1b[m\x1b[K]\n'}
[180.017094] (robot_navigation) StderrLine: {'line': b'   39 |       \x1b[01;35m\x1b[Kswitch\x1b[m\x1b[K(dev)\n'}
[180.017184] (robot_navigation) StderrLine: {'line': b'      |       \x1b[01;35m\x1b[K^~~~~~\x1b[m\x1b[K\n'}
[180.017276] (robot_navigation) StderrLine: {'line': b'\x1b[01m\x1b[K/home/zheng/carerobot_slam_ros2/src/robot_navigation/src/path_searcher/JPS_utils.cpp:50:5:\x1b[m\x1b[K \x1b[01;36m\x1b[Knote: \x1b[m\x1b[Khere\n'}
[180.017360] (robot_navigation) StderrLine: {'line': b'   50 |     \x1b[01;36m\x1b[Kcase\x1b[m\x1b[K 1:\n'}
[180.017447] (robot_navigation) StderrLine: {'line': b'      |     \x1b[01;36m\x1b[K^~~~\x1b[m\x1b[K\n'}
[180.049226] (-) TimerEvent: {}
[180.062976] (robot_navigation) StdoutLine: {'line': b'[ 83%] \x1b[32mBuilding CXX object CMakeFiles/Differential_DWA_node.dir/src/vel_transform/vel_transform.cpp.o\x1b[0m\n'}
[180.149332] (-) TimerEvent: {}
[180.249659] (-) TimerEvent: {}
[180.349970] (-) TimerEvent: {}
[180.450265] (-) TimerEvent: {}
[180.550575] (-) TimerEvent: {}
[180.650893] (-) TimerEvent: {}
[180.751164] (-) TimerEvent: {}
[180.851479] (-) TimerEvent: {}
[180.951829] (-) TimerEvent: {}
[181.052132] (-) TimerEvent: {}
[181.152456] (-) TimerEvent: {}
[181.253005] (-) TimerEvent: {}
[181.353337] (-) TimerEvent: {}
[181.453636] (-) TimerEvent: {}
[181.553954] (-) TimerEvent: {}
[181.654260] (-) TimerEvent: {}
[181.754574] (-) TimerEvent: {}
[181.854870] (-) TimerEvent: {}
[181.955161] (-) TimerEvent: {}
[182.055444] (-) TimerEvent: {}
[182.155727] (-) TimerEvent: {}
[182.256118] (-) TimerEvent: {}
[182.356524] (-) TimerEvent: {}
[182.456818] (-) TimerEvent: {}
[182.557116] (-) TimerEvent: {}
[182.657405] (-) TimerEvent: {}
[182.757690] (-) TimerEvent: {}
[182.858091] (-) TimerEvent: {}
[182.958388] (-) TimerEvent: {}
[183.058700] (-) TimerEvent: {}
[183.158997] (-) TimerEvent: {}
[183.259299] (-) TimerEvent: {}
[183.359599] (-) TimerEvent: {}
[183.459905] (-) TimerEvent: {}
[183.560243] (-) TimerEvent: {}
[183.662994] (-) TimerEvent: {}
[183.763298] (-) TimerEvent: {}
[183.863592] (-) TimerEvent: {}
[183.963871] (-) TimerEvent: {}
[184.064265] (-) TimerEvent: {}
[184.164833] (-) TimerEvent: {}
[184.265144] (-) TimerEvent: {}
[184.365838] (-) TimerEvent: {}
[184.466206] (-) TimerEvent: {}
[184.566846] (-) TimerEvent: {}
[184.667253] (-) TimerEvent: {}
[184.767539] (-) TimerEvent: {}
[184.867943] (-) TimerEvent: {}
[184.968217] (-) TimerEvent: {}
[185.068543] (-) TimerEvent: {}
[185.168879] (-) TimerEvent: {}
[185.269175] (-) TimerEvent: {}
[185.369572] (-) TimerEvent: {}
[185.469881] (-) TimerEvent: {}
[185.570175] (-) TimerEvent: {}
[185.670472] (-) TimerEvent: {}
[185.770775] (-) TimerEvent: {}
[185.871054] (-) TimerEvent: {}
[185.971335] (-) TimerEvent: {}
[186.071635] (-) TimerEvent: {}
[186.171961] (-) TimerEvent: {}
[186.272294] (-) TimerEvent: {}
[186.372599] (-) TimerEvent: {}
[186.472925] (-) TimerEvent: {}
[186.573261] (-) TimerEvent: {}
[186.673517] (-) TimerEvent: {}
[186.773778] (-) TimerEvent: {}
[186.874118] (-) TimerEvent: {}
[186.974434] (-) TimerEvent: {}
[187.074756] (-) TimerEvent: {}
[187.175058] (-) TimerEvent: {}
[187.275343] (-) TimerEvent: {}
[187.375632] (-) TimerEvent: {}
[187.475959] (-) TimerEvent: {}
[187.576257] (-) TimerEvent: {}
[187.662207] (robot_navigation) StdoutLine: {'line': b'[ 88%] \x1b[32mBuilding CXX object CMakeFiles/motionPlan_node.dir/src/path_searcher/nav_app.cpp.o\x1b[0m\n'}
[187.662468] (robot_navigation) StdoutLine: {'line': b'[ 88%] \x1b[32mBuilding CXX object CMakeFiles/motionPlan_node.dir/src/vel_transform/vel_transform.cpp.o\x1b[0m\n'}
[187.662600] (robot_navigation) StdoutLine: {'line': b'[ 90%] \x1b[32mBuilding CXX object CMakeFiles/motionPlan_node.dir/src/path_searcher/two_way_rrt.cpp.o\x1b[0m\n'}
[187.676362] (-) TimerEvent: {}
[187.776671] (-) TimerEvent: {}
[187.876972] (-) TimerEvent: {}
[187.977275] (-) TimerEvent: {}
[188.077570] (-) TimerEvent: {}
[188.177888] (-) TimerEvent: {}
[188.278196] (-) TimerEvent: {}
[188.378822] (-) TimerEvent: {}
[188.479164] (-) TimerEvent: {}
[188.579849] (-) TimerEvent: {}
[188.680479] (-) TimerEvent: {}
[188.780886] (-) TimerEvent: {}
[188.881241] (-) TimerEvent: {}
[188.981551] (-) TimerEvent: {}
[189.081878] (-) TimerEvent: {}
[189.182192] (-) TimerEvent: {}
[189.282511] (-) TimerEvent: {}
[189.382828] (-) TimerEvent: {}
[189.483153] (-) TimerEvent: {}
[189.583453] (-) TimerEvent: {}
[189.684100] (-) TimerEvent: {}
[189.784524] (-) TimerEvent: {}
[189.884819] (-) TimerEvent: {}
[189.985136] (-) TimerEvent: {}
[190.085429] (-) TimerEvent: {}
[190.185733] (-) TimerEvent: {}
[190.286001] (-) TimerEvent: {}
[190.386324] (-) TimerEvent: {}
[190.486636] (-) TimerEvent: {}
[190.586975] (-) TimerEvent: {}
[190.687289] (-) TimerEvent: {}
[190.787608] (-) TimerEvent: {}
[190.887952] (-) TimerEvent: {}
[190.988268] (-) TimerEvent: {}
[191.088592] (-) TimerEvent: {}
[191.188916] (-) TimerEvent: {}
[191.289246] (-) TimerEvent: {}
[191.389559] (-) TimerEvent: {}
[191.489908] (-) TimerEvent: {}
[191.590223] (-) TimerEvent: {}
[191.690523] (-) TimerEvent: {}
[191.790825] (-) TimerEvent: {}
[191.891137] (-) TimerEvent: {}
[191.991445] (-) TimerEvent: {}
[192.091757] (-) TimerEvent: {}
[192.192083] (-) TimerEvent: {}
[192.292391] (-) TimerEvent: {}
[192.356223] (robot_navigation) StdoutLine: {'line': b'[ 92%] \x1b[32mBuilding CXX object CMakeFiles/motionPlan_node.dir/src/path_searcher/JPS_utils.cpp.o\x1b[0m\n'}
[192.392504] (-) TimerEvent: {}
[192.492835] (-) TimerEvent: {}
[192.593194] (-) TimerEvent: {}
[192.693521] (-) TimerEvent: {}
[192.769498] (robot_navigation) StderrLine: {'line': b'\x1b[01m\x1b[K/home/zheng/carerobot_slam_ros2/src/robot_navigation/src/path_searcher/JPS_utils.cpp:\x1b[m\x1b[K In member function \xe2\x80\x98\x1b[01m\x1b[Kvoid JPS2DNeib::Neib(int, int, int, int, int&, int&)\x1b[m\x1b[K\xe2\x80\x99:\n'}
[192.769730] (robot_navigation) StderrLine: {'line': b'\x1b[01m\x1b[K/home/zheng/carerobot_slam_ros2/src/robot_navigation/src/path_searcher/JPS_utils.cpp:39:7:\x1b[m\x1b[K \x1b[01;35m\x1b[Kwarning: \x1b[m\x1b[Kthis statement may fall through [\x1b[01;35m\x1b[K\x1b]8;;https://gcc.gnu.org/onlinedocs/gcc/Warning-Options.html#index-Wimplicit-fallthrough=\x07-Wimplicit-fallthrough=\x1b]8;;\x07\x1b[m\x1b[K]\n'}
[192.769851] (robot_navigation) StderrLine: {'line': b'   39 |       \x1b[01;35m\x1b[Kswitch\x1b[m\x1b[K(dev)\n'}
[192.770174] (robot_navigation) StderrLine: {'line': b'      |       \x1b[01;35m\x1b[K^~~~~~\x1b[m\x1b[K\n'}
[192.771032] (robot_navigation) StderrLine: {'line': b'\x1b[01m\x1b[K/home/zheng/carerobot_slam_ros2/src/robot_navigation/src/path_searcher/JPS_utils.cpp:50:5:\x1b[m\x1b[K \x1b[01;36m\x1b[Knote: \x1b[m\x1b[Khere\n'}
[192.771220] (robot_navigation) StderrLine: {'line': b'   50 |     \x1b[01;36m\x1b[Kcase\x1b[m\x1b[K 1:\n'}
[192.771329] (robot_navigation) StderrLine: {'line': b'      |     \x1b[01;36m\x1b[K^~~~\x1b[m\x1b[K\n'}
[192.793627] (-) TimerEvent: {}
[192.830889] (robot_navigation) StdoutLine: {'line': b'[ 95%] \x1b[32mBuilding CXX object CMakeFiles/motionPlan_node.dir/src/path_searcher/JPS_searcher.cpp.o\x1b[0m\n'}
[192.893747] (-) TimerEvent: {}
[192.997238] (-) TimerEvent: {}
[193.097562] (-) TimerEvent: {}
[193.197878] (-) TimerEvent: {}
[193.298558] (-) TimerEvent: {}
[193.398889] (-) TimerEvent: {}
[193.499194] (-) TimerEvent: {}
[193.599519] (-) TimerEvent: {}
[193.699857] (-) TimerEvent: {}
[193.801008] (-) TimerEvent: {}
[193.901329] (-) TimerEvent: {}
[194.001656] (-) TimerEvent: {}
[194.101987] (-) TimerEvent: {}
[194.202305] (-) TimerEvent: {}
[194.302621] (-) TimerEvent: {}
[194.402945] (-) TimerEvent: {}
[194.503271] (-) TimerEvent: {}
[194.603582] (-) TimerEvent: {}
[194.703981] (-) TimerEvent: {}
[194.804381] (-) TimerEvent: {}
[194.904804] (-) TimerEvent: {}
[195.005115] (-) TimerEvent: {}
[195.105979] (-) TimerEvent: {}
[195.206266] (-) TimerEvent: {}
[195.306582] (-) TimerEvent: {}
[195.406874] (-) TimerEvent: {}
[195.476381] (robot_navigation) StderrLine: {'line': b'\x1b[01m\x1b[K/home/zheng/carerobot_slam_ros2/src/robot_navigation/src/path_searcher/two_way_rrt.cpp:\x1b[m\x1b[K In member function \xe2\x80\x98\x1b[01m\x1b[Kvoid RRTstarPlanner::getPathFromTree(std::vector<Node>&, std::vector<Node>&, Node&, std::vector<Eigen::Matrix<double, 2, 1> >&, GetPlanMode)\x1b[m\x1b[K\xe2\x80\x99:\n'}
[195.476633] (robot_navigation) StderrLine: {'line': b'\x1b[01m\x1b[K/home/zheng/carerobot_slam_ros2/src/robot_navigation/src/path_searcher/two_way_rrt.cpp:87:10:\x1b[m\x1b[K \x1b[01;35m\x1b[Kwarning: \x1b[m\x1b[K\xe2\x80\x98\x1b[01m\x1b[Kcurrent_node.Node::x\x1b[m\x1b[K\xe2\x80\x99 is used uninitialized [\x1b[01;35m\x1b[K\x1b]8;;https://gcc.gnu.org/onlinedocs/gcc/Warning-Options.html#index-Wuninitialized\x07-Wuninitialized\x1b]8;;\x07\x1b[m\x1b[K]\n'}
[195.476765] (robot_navigation) StderrLine: {'line': b'   87 |     Node \x1b[01;35m\x1b[Kcurrent_node\x1b[m\x1b[K;\n'}
[195.476869] (robot_navigation) StderrLine: {'line': b'      |          \x1b[01;35m\x1b[K^~~~~~~~~~~~\x1b[m\x1b[K\n'}
[195.476981] (robot_navigation) StderrLine: {'line': b'\x1b[01m\x1b[K/home/zheng/carerobot_slam_ros2/src/robot_navigation/src/path_searcher/two_way_rrt.cpp:87:10:\x1b[m\x1b[K \x1b[01;35m\x1b[Kwarning: \x1b[m\x1b[K\xe2\x80\x98\x1b[01m\x1b[Kcurrent_node.Node::y\x1b[m\x1b[K\xe2\x80\x99 is used uninitialized [\x1b[01;35m\x1b[K\x1b]8;;https://gcc.gnu.org/onlinedocs/gcc/Warning-Options.html#index-Wuninitialized\x07-Wuninitialized\x1b]8;;\x07\x1b[m\x1b[K]\n'}
[195.477088] (robot_navigation) StderrLine: {'line': b'\x1b[01m\x1b[K/home/zheng/carerobot_slam_ros2/src/robot_navigation/src/path_searcher/two_way_rrt.cpp:114:35:\x1b[m\x1b[K \x1b[01;35m\x1b[Kwarning: \x1b[m\x1b[K\xe2\x80\x98\x1b[01m\x1b[Kcurrent_node.Node::parent_id\x1b[m\x1b[K\xe2\x80\x99 may be used uninitialized in this function [\x1b[01;35m\x1b[K\x1b]8;;https://gcc.gnu.org/onlinedocs/gcc/Warning-Options.html#index-Wmaybe-uninitialized\x07-Wmaybe-uninitialized\x1b]8;;\x07\x1b[m\x1b[K]\n'}
[195.477197] (robot_navigation) StderrLine: {'line': b'  114 |     while (\x1b[01;35m\x1b[Kcurrent_node.parent_id != tree1[0].parent_id\x1b[m\x1b[K)\n'}
[195.477298] (robot_navigation) StderrLine: {'line': b'      |            \x1b[01;35m\x1b[K~~~~~~~~~~~~~~~~~~~~~~~^~~~~~~~~~~~~~~~~~~~~\x1b[m\x1b[K\n'}
[195.506989] (-) TimerEvent: {}
[195.608000] (-) TimerEvent: {}
[195.708284] (-) TimerEvent: {}
[195.808581] (-) TimerEvent: {}
[195.908901] (-) TimerEvent: {}
[196.009198] (-) TimerEvent: {}
[196.109487] (-) TimerEvent: {}
[196.209834] (-) TimerEvent: {}
[196.310339] (-) TimerEvent: {}
[196.410668] (-) TimerEvent: {}
[196.510979] (-) TimerEvent: {}
[196.611280] (-) TimerEvent: {}
[196.711637] (-) TimerEvent: {}
[196.787169] (robot_navigation) StderrLine: {'line': b'\x1b[01m\x1b[K/home/zheng/carerobot_slam_ros2/src/robot_navigation/src/path_searcher/JPS_searcher.cpp:\x1b[m\x1b[K In member function \xe2\x80\x98\x1b[01m\x1b[Kint JPSPathFinder::JPSGraphSearch(Eigen::Vector2i, Eigen::Vector2i)\x1b[m\x1b[K\xe2\x80\x99:\n'}
[196.787378] (robot_navigation) StderrLine: {'line': b'\x1b[01m\x1b[K/home/zheng/carerobot_slam_ros2/src/robot_navigation/src/path_searcher/JPS_searcher.cpp:314:22:\x1b[m\x1b[K \x1b[01;35m\x1b[Kwarning: \x1b[m\x1b[Kunused variable \xe2\x80\x98\x1b[01m\x1b[Kis_shot_succ_\x1b[m\x1b[K\xe2\x80\x99 [\x1b[01;35m\x1b[K\x1b]8;;https://gcc.gnu.org/onlinedocs/gcc/Warning-Options.html#index-Wunused-variable\x07-Wunused-variable\x1b]8;;\x07\x1b[m\x1b[K]\n'}
[196.787490] (robot_navigation) StderrLine: {'line': b'  314 |                 bool \x1b[01;35m\x1b[Kis_shot_succ_\x1b[m\x1b[K = false;\n'}
[196.787587] (robot_navigation) StderrLine: {'line': b'      |                      \x1b[01;35m\x1b[K^~~~~~~~~~~~~\x1b[m\x1b[K\n'}
[196.811748] (-) TimerEvent: {}
[196.912072] (-) TimerEvent: {}
[197.012362] (-) TimerEvent: {}
[197.112610] (-) TimerEvent: {}
[197.212891] (-) TimerEvent: {}
[197.313185] (-) TimerEvent: {}
[197.413472] (-) TimerEvent: {}
[197.513771] (-) TimerEvent: {}
[197.614095] (-) TimerEvent: {}
[197.714414] (-) TimerEvent: {}
[197.814708] (-) TimerEvent: {}
[197.914986] (-) TimerEvent: {}
[198.015262] (-) TimerEvent: {}
[198.115511] (-) TimerEvent: {}
[198.215801] (-) TimerEvent: {}
[198.316074] (-) TimerEvent: {}
[198.416320] (-) TimerEvent: {}
[198.516676] (-) TimerEvent: {}
[198.616990] (-) TimerEvent: {}
[198.717340] (-) TimerEvent: {}
[198.817665] (-) TimerEvent: {}
[198.917994] (-) TimerEvent: {}
[199.018309] (-) TimerEvent: {}
[199.118649] (-) TimerEvent: {}
[199.219012] (-) TimerEvent: {}
[199.319330] (-) TimerEvent: {}
[199.419664] (-) TimerEvent: {}
[199.519946] (-) TimerEvent: {}
[199.620211] (-) TimerEvent: {}
[199.720488] (-) TimerEvent: {}
[199.820749] (-) TimerEvent: {}
[199.921064] (-) TimerEvent: {}
[200.021435] (-) TimerEvent: {}
[200.121683] (-) TimerEvent: {}
[200.221997] (-) TimerEvent: {}
[200.322303] (-) TimerEvent: {}
[200.422578] (-) TimerEvent: {}
[200.522837] (-) TimerEvent: {}
[200.623078] (-) TimerEvent: {}
[200.723374] (-) TimerEvent: {}
[200.823685] (-) TimerEvent: {}
[200.923991] (-) TimerEvent: {}
[201.024299] (-) TimerEvent: {}
[201.124598] (-) TimerEvent: {}
[201.224912] (-) TimerEvent: {}
[201.325200] (-) TimerEvent: {}
[201.425506] (-) TimerEvent: {}
[201.525786] (-) TimerEvent: {}
[201.626068] (-) TimerEvent: {}
[201.726356] (-) TimerEvent: {}
[201.826665] (-) TimerEvent: {}
[201.926971] (-) TimerEvent: {}
[202.027248] (-) TimerEvent: {}
[202.127520] (-) TimerEvent: {}
[202.227797] (-) TimerEvent: {}
[202.328057] (-) TimerEvent: {}
[202.428323] (-) TimerEvent: {}
[202.528650] (-) TimerEvent: {}
[202.628999] (-) TimerEvent: {}
[202.729328] (-) TimerEvent: {}
[202.829649] (-) TimerEvent: {}
[202.929923] (-) TimerEvent: {}
[203.030184] (-) TimerEvent: {}
[203.130501] (-) TimerEvent: {}
[203.230794] (-) TimerEvent: {}
[203.331058] (-) TimerEvent: {}
[203.431311] (-) TimerEvent: {}
[203.531581] (-) TimerEvent: {}
[203.596145] (robot_navigation) StdoutLine: {'line': b'[ 97%] \x1b[32m\x1b[1mLinking CXX executable Differential_DWA_node\x1b[0m\n'}
[203.631707] (-) TimerEvent: {}
[203.732011] (-) TimerEvent: {}
[203.832275] (-) TimerEvent: {}
[203.932580] (-) TimerEvent: {}
[204.032856] (-) TimerEvent: {}
[204.133131] (-) TimerEvent: {}
[204.233382] (-) TimerEvent: {}
[204.333639] (-) TimerEvent: {}
[204.433904] (-) TimerEvent: {}
[204.534154] (-) TimerEvent: {}
[204.634429] (-) TimerEvent: {}
[204.734705] (-) TimerEvent: {}
[204.834984] (-) TimerEvent: {}
[204.935233] (-) TimerEvent: {}
[205.035505] (-) TimerEvent: {}
[205.135786] (-) TimerEvent: {}
[205.236170] (-) TimerEvent: {}
[205.336483] (-) TimerEvent: {}
[205.436788] (-) TimerEvent: {}
[205.537067] (-) TimerEvent: {}
[205.637332] (-) TimerEvent: {}
[205.737687] (-) TimerEvent: {}
[205.838040] (-) TimerEvent: {}
[205.938324] (-) TimerEvent: {}
[206.038689] (-) TimerEvent: {}
[206.139018] (-) TimerEvent: {}
[206.239341] (-) TimerEvent: {}
[206.339656] (-) TimerEvent: {}
[206.439975] (-) TimerEvent: {}
[206.540299] (-) TimerEvent: {}
[206.640585] (-) TimerEvent: {}
[206.740857] (-) TimerEvent: {}
[206.841140] (-) TimerEvent: {}
[206.941400] (-) TimerEvent: {}
[207.041701] (-) TimerEvent: {}
[207.142003] (-) TimerEvent: {}
[207.242273] (-) TimerEvent: {}
[207.342585] (-) TimerEvent: {}
[207.442873] (-) TimerEvent: {}
[207.543162] (-) TimerEvent: {}
[207.643459] (-) TimerEvent: {}
[207.743779] (-) TimerEvent: {}
[207.844111] (-) TimerEvent: {}
[207.944345] (-) TimerEvent: {}
[208.044669] (-) TimerEvent: {}
[208.144997] (-) TimerEvent: {}
[208.245303] (-) TimerEvent: {}
[208.345601] (-) TimerEvent: {}
[208.445901] (-) TimerEvent: {}
[208.546170] (-) TimerEvent: {}
[208.646449] (-) TimerEvent: {}
[208.746710] (-) TimerEvent: {}
[208.846977] (-) TimerEvent: {}
[208.947290] (-) TimerEvent: {}
[209.047613] (-) TimerEvent: {}
[209.148003] (-) TimerEvent: {}
[209.248425] (-) TimerEvent: {}
[209.349355] (-) TimerEvent: {}
[209.449767] (-) TimerEvent: {}
[209.550053] (-) TimerEvent: {}
[209.650394] (-) TimerEvent: {}
[209.750778] (-) TimerEvent: {}
[209.851033] (-) TimerEvent: {}
[209.951359] (-) TimerEvent: {}
[210.053128] (-) TimerEvent: {}
[210.153499] (-) TimerEvent: {}
[210.253838] (-) TimerEvent: {}
[210.354188] (-) TimerEvent: {}
[210.454439] (-) TimerEvent: {}
[210.554742] (-) TimerEvent: {}
[210.655049] (-) TimerEvent: {}
[210.755346] (-) TimerEvent: {}
[210.855619] (-) TimerEvent: {}
[210.955891] (-) TimerEvent: {}
[211.056186] (-) TimerEvent: {}
[211.156471] (-) TimerEvent: {}
[211.256738] (-) TimerEvent: {}
[211.357082] (-) TimerEvent: {}
[211.457453] (-) TimerEvent: {}
[211.557855] (-) TimerEvent: {}
[211.658252] (-) TimerEvent: {}
[211.758613] (-) TimerEvent: {}
[211.858868] (-) TimerEvent: {}
[211.959152] (-) TimerEvent: {}
[212.059411] (-) TimerEvent: {}
[212.159715] (-) TimerEvent: {}
[212.259994] (-) TimerEvent: {}
[212.360284] (-) TimerEvent: {}
[212.460583] (-) TimerEvent: {}
[212.560857] (-) TimerEvent: {}
[212.562768] (robot_navigation) StdoutLine: {'line': b'[100%] \x1b[32m\x1b[1mLinking CXX executable motionPlan_node\x1b[0m\n'}
[212.660982] (-) TimerEvent: {}
[212.761286] (-) TimerEvent: {}
[212.861621] (-) TimerEvent: {}
[212.961999] (-) TimerEvent: {}
[213.062382] (-) TimerEvent: {}
[213.162707] (-) TimerEvent: {}
[213.263002] (-) TimerEvent: {}
[213.363345] (-) TimerEvent: {}
[213.463687] (-) TimerEvent: {}
[213.563999] (-) TimerEvent: {}
[213.664261] (-) TimerEvent: {}
[213.764528] (-) TimerEvent: {}
[213.864816] (-) TimerEvent: {}
[213.965086] (-) TimerEvent: {}
[214.065380] (-) TimerEvent: {}
[214.165668] (-) TimerEvent: {}
[214.265990] (-) TimerEvent: {}
[214.366302] (-) TimerEvent: {}
[214.466567] (-) TimerEvent: {}
[214.566838] (-) TimerEvent: {}
[214.667187] (-) TimerEvent: {}
[214.690451] (robot_navigation) StdoutLine: {'line': b'[100%] Built target Differential_DWA_node\n'}
[214.767278] (-) TimerEvent: {}
[214.867559] (-) TimerEvent: {}
[214.967868] (-) TimerEvent: {}
[215.068180] (-) TimerEvent: {}
[215.168494] (-) TimerEvent: {}
[215.268809] (-) TimerEvent: {}
[215.369181] (-) TimerEvent: {}
[215.469503] (-) TimerEvent: {}
[215.569766] (-) TimerEvent: {}
[215.670023] (-) TimerEvent: {}
[215.739632] (robot_navigation) StdoutLine: {'line': b'[100%] Built target motionPlan_node\n'}
[215.766362] (robot_navigation) CommandEnded: {'returncode': 0}
[215.794243] (-) TimerEvent: {}
[215.794398] (robot_navigation) JobProgress: {'identifier': 'robot_navigation', 'progress': 'install'}
[215.798655] (robot_navigation) Command: {'cmd': ['/usr/bin/cmake', '--install', '/home/zheng/carerobot_slam_ros2/build/robot_navigation'], 'cwd': '/home/zheng/carerobot_slam_ros2/build/robot_navigation', 'env': OrderedDict([('GJS_DEBUG_TOPICS', 'JS ERROR;JS LOG'), ('PYTHON_BASIC_REPL', '1'), ('LESSOPEN', '| /usr/bin/lesspipe %s'), ('LANGUAGE', 'zh_CN:zh'), ('USER', 'zheng'), ('XDG_SESSION_TYPE', 'x11'), ('GIT_ASKPASS', '/usr/share/code/resources/app/extensions/git/dist/askpass.sh'), ('SHLVL', '1'), ('LD_LIBRARY_PATH', '/home/zheng/carerobot_slam_ros2/install/robot_costmap/lib:/home/zheng/carerobot_slam_ros2/install/robot_communication/lib:/usr/lib/x86_64-linux-gnu/gazebo-11/plugins:/opt/ros/humble/opt/rviz_ogre_vendor/lib:/opt/ros/humble/lib/x86_64-linux-gnu:/opt/ros/humble/lib'), ('HOME', '/home/zheng'), ('CHROME_DESKTOP', 'code.desktop'), ('TERM_PROGRAM_VERSION', '1.135.0'), ('DESKTOP_SESSION', 'ubuntu-xorg'), ('GIO_LAUNCHED_DESKTOP_FILE', '/usr/share/applications/code.desktop'), ('ROS_PYTHON_VERSION', '3'), ('GNOME_SHELL_SESSION_MODE', 'ubuntu'), ('GTK_MODULES', 'gail:atk-bridge'), ('VSCODE_GIT_ASKPASS_MAIN', '/usr/share/code/resources/app/extensions/git/dist/askpass-main.js'), ('VSCODE_GIT_ASKPASS_NODE', '/usr/share/code/code'), ('MANAGERPID', '1463'), ('PYDEVD_DISABLE_FILE_VALIDATION', '1'), ('SYSTEMD_EXEC_PID', '1745'), ('BUNDLED_DEBUGPY_PATH', '/home/zheng/.vscode/extensions/ms-python.debugpy-2026.6.0-linux-x64/bundled/libs/debugpy'), ('VSCODE_PYTHON_AUTOACTIVATE_GUARD', '1'), ('DBUS_SESSION_BUS_ADDRESS', 'unix:path=/run/user/1000/bus'), ('COLORTERM', 'truecolor'), ('GIO_LAUNCHED_DESKTOP_FILE_PID', '16113'), ('ROS_DISTRO', 'humble'), ('GTK_IM_MODULE', 'ibus'), ('LOGNAME', 'zheng'), ('JOURNAL_STREAM', '8:9109'), ('_', '/usr/bin/colcon'), ('ROS_VERSION', '2'), ('XDG_SESSION_CLASS', 'user'), ('USERNAME', 'zheng'), ('TERM', 'xterm-256color'), ('GNOME_DESKTOP_SESSION_ID', 'this-is-deprecated'), ('FC_FONTATIONS', '1'), ('ROS_LOCALHOST_ONLY', '0'), ('WINDOWPATH', '2'), ('PATH', '/home/zheng/.config/Code/User/globalStorage/github.copilot-chat/debugCommand:/home/zheng/.config/Code/User/globalStorage/github.copilot-chat/copilotCli:/opt/ros/humble/bin:/usr/local/sbin:/usr/local/bin:/usr/sbin:/usr/bin:/sbin:/bin:/usr/games:/usr/local/games:/snap/bin:/snap/bin:/home/zheng/.vscode/extensions/ms-python.debugpy-2026.6.0-linux-x64/bundled/scripts/noConfigScripts'), ('SESSION_MANAGER', 'local/zheng-Lenovo-Product:@/tmp/.ICE-unix/1722,unix/zheng-Lenovo-Product:/tmp/.ICE-unix/1722'), ('INVOCATION_ID', 'ac074399a22843219e3ebd3049ddf590'), ('XDG_MENU_PREFIX', 'gnome-'), ('XDG_RUNTIME_DIR', '/run/user/1000'), ('GDK_BACKEND', 'x11'), ('DISPLAY', ':0'), ('VSCODE_DEBUGPY_ADAPTER_ENDPOINTS', '/home/zheng/.vscode/extensions/ms-python.debugpy-2026.6.0-linux-x64/.noConfigDebugAdapterEndpoints/endpoint-85e0bbdd27a237cb.txt'), ('LANG', 'zh_CN.UTF-8'), ('XDG_CURRENT_DESKTOP', 'ubuntu:GNOME'), ('PYTHONSTARTUP', '/home/zheng/.config/Code/User/workspaceStorage/7c1638c18d6b6e2173098eecef125327/ms-python.python/pythonrc.py'), ('XMODIFIERS', '@im=ibus'), ('XDG_SESSION_DESKTOP', 'ubuntu-xorg'), ('XAUTHORITY', '/run/user/1000/gdm/Xauthority'), ('LS_COLORS', 'rs=0:di=01;34:ln=01;36:mh=00:pi=40;33:so=01;35:do=01;35:bd=40;33;01:cd=40;33;01:or=40;31;01:mi=00:su=37;41:sg=30;43:ca=30;41:tw=30;42:ow=34;42:st=37;44:ex=01;32:*.tar=01;31:*.tgz=01;31:*.arc=01;31:*.arj=01;31:*.taz=01;31:*.lha=01;31:*.lz4=01;31:*.lzh=01;31:*.lzma=01;31:*.tlz=01;31:*.txz=01;31:*.tzo=01;31:*.t7z=01;31:*.zip=01;31:*.z=01;31:*.dz=01;31:*.gz=01;31:*.lrz=01;31:*.lz=01;31:*.lzo=01;31:*.xz=01;31:*.zst=01;31:*.tzst=01;31:*.bz2=01;31:*.bz=01;31:*.tbz=01;31:*.tbz2=01;31:*.tz=01;31:*.deb=01;31:*.rpm=01;31:*.jar=01;31:*.war=01;31:*.ear=01;31:*.sar=01;31:*.rar=01;31:*.alz=01;31:*.ace=01;31:*.zoo=01;31:*.cpio=01;31:*.7z=01;31:*.rz=01;31:*.cab=01;31:*.wim=01;31:*.swm=01;31:*.dwm=01;31:*.esd=01;31:*.jpg=01;35:*.jpeg=01;35:*.mjpg=01;35:*.mjpeg=01;35:*.gif=01;35:*.bmp=01;35:*.pbm=01;35:*.pgm=01;35:*.ppm=01;35:*.tga=01;35:*.xbm=01;35:*.xpm=01;35:*.tif=01;35:*.tiff=01;35:*.png=01;35:*.svg=01;35:*.svgz=01;35:*.mng=01;35:*.pcx=01;35:*.mov=01;35:*.mpg=01;35:*.mpeg=01;35:*.m2v=01;35:*.mkv=01;35:*.webm=01;35:*.webp=01;35:*.ogm=01;35:*.mp4=01;35:*.m4v=01;35:*.mp4v=01;35:*.vob=01;35:*.qt=01;35:*.nuv=01;35:*.wmv=01;35:*.asf=01;35:*.rm=01;35:*.rmvb=01;35:*.flc=01;35:*.avi=01;35:*.fli=01;35:*.flv=01;35:*.gl=01;35:*.dl=01;35:*.xcf=01;35:*.xwd=01;35:*.yuv=01;35:*.cgm=01;35:*.emf=01;35:*.ogv=01;35:*.ogx=01;35:*.aac=00;36:*.au=00;36:*.flac=00;36:*.m4a=00;36:*.mid=00;36:*.midi=00;36:*.mka=00;36:*.mp3=00;36:*.mpc=00;36:*.ogg=00;36:*.ra=00;36:*.wav=00;36:*.oga=00;36:*.opus=00;36:*.spx=00;36:*.xspf=00;36:'), ('VSCODE_GIT_IPC_HANDLE', '/run/user/1000/vscode-git-f64114791b.sock'), ('TERM_PROGRAM', 'vscode'), ('SSH_AGENT_LAUNCHER', 'gnome-keyring'), ('SSH_AUTH_SOCK', '/run/user/1000/keyring/ssh'), ('AMENT_PREFIX_PATH', '/home/zheng/carerobot_slam_ros2/install/robot_costmap:/home/zheng/carerobot_slam_ros2/install/robot_communication:/opt/ros/humble'), ('SHELL', '/bin/bash'), ('QT_ACCESSIBILITY', '1'), ('GDMSESSION', 'ubuntu-xorg'), ('LESSCLOSE', '/usr/bin/lesspipe %s %s'), ('GPG_AGENT_INFO', '/run/user/1000/gnupg/S.gpg-agent:0:1'), ('GJS_DEBUG_OUTPUT', 'stderr'), ('GAZEBO_MODEL_DATABASE_URI', ''), ('VSCODE_GIT_ASKPASS_EXTRA_ARGS', ''), ('QT_IM_MODULE', 'ibus'), ('PWD', '/home/zheng/carerobot_slam_ros2/build/robot_navigation'), ('XDG_CONFIG_DIRS', '/etc/xdg/xdg-ubuntu-xorg:/etc/xdg'), ('COPILOT_DEBUG_NONCE', 'b2678e8931ad5b1b6842b5b0f9197177'), ('XDG_DATA_DIRS', '/usr/share/ubuntu-xorg:/usr/share/gnome:/usr/local/share/:/usr/share/:/var/lib/snapd/desktop'), ('PYTHONPATH', '/home/zheng/carerobot_slam_ros2/install/robot_communication/local/lib/python3.10/dist-packages:/opt/ros/humble/lib/python3.10/site-packages:/opt/ros/humble/local/lib/python3.10/dist-packages'), ('COLCON', '1'), ('CMAKE_PREFIX_PATH', '/home/zheng/carerobot_slam_ros2/install/robot_costmap:/home/zheng/carerobot_slam_ros2/install/robot_communication:/opt/ros/humble')]), 'shell': False}
[215.814641] (robot_navigation) StdoutLine: {'line': b'-- Install configuration: "Release"\n'}
[215.814902] (robot_navigation) StdoutLine: {'line': b'-- Installing: /home/zheng/carerobot_slam_ros2/install/robot_navigation/lib/robot_navigation/motionPlan_node\n'}
[215.836643] (robot_navigation) StdoutLine: {'line': b'-- Set runtime path of "/home/zheng/carerobot_slam_ros2/install/robot_navigation/lib/robot_navigation/motionPlan_node" to ""\n'}
[215.836887] (robot_navigation) StdoutLine: {'line': b'-- Installing: /home/zheng/carerobot_slam_ros2/install/robot_navigation/lib/robot_navigation/Differential_DWA_node\n'}
[215.857657] (robot_navigation) StdoutLine: {'line': b'-- Set runtime path of "/home/zheng/carerobot_slam_ros2/install/robot_navigation/lib/robot_navigation/Differential_DWA_node" to ""\n'}
[215.857918] (robot_navigation) StdoutLine: {'line': b'-- Installing: /home/zheng/carerobot_slam_ros2/install/robot_navigation/include/\n'}
[215.858112] (robot_navigation) StdoutLine: {'line': b'-- Installing: /home/zheng/carerobot_slam_ros2/install/robot_navigation/include//vel_transform\n'}
[215.858194] (robot_navigation) StdoutLine: {'line': b'-- Installing: /home/zheng/carerobot_slam_ros2/install/robot_navigation/include//vel_transform/vel_transform.h\n'}
[215.858311] (robot_navigation) StdoutLine: {'line': b'-- Installing: /home/zheng/carerobot_slam_ros2/install/robot_navigation/include//path_searcher\n'}
[215.858387] (robot_navigation) StdoutLine: {'line': b'-- Installing: /home/zheng/carerobot_slam_ros2/install/robot_navigation/include//path_searcher/node.h\n'}
[215.858487] (robot_navigation) StdoutLine: {'line': b'-- Installing: /home/zheng/carerobot_slam_ros2/install/robot_navigation/include//path_searcher/Hybrid_astar.h\n'}
[215.858590] (robot_navigation) StdoutLine: {'line': b'-- Installing: /home/zheng/carerobot_slam_ros2/install/robot_navigation/include//path_searcher/nav_app.h\n'}
[215.858715] (robot_navigation) StdoutLine: {'line': b'-- Installing: /home/zheng/carerobot_slam_ros2/install/robot_navigation/include//path_searcher/Astar_searcher.h\n'}
[215.858791] (robot_navigation) StdoutLine: {'line': b'-- Installing: /home/zheng/carerobot_slam_ros2/install/robot_navigation/include//path_searcher/JPS_searcher.h\n'}
[215.858869] (robot_navigation) StdoutLine: {'line': b'-- Installing: /home/zheng/carerobot_slam_ros2/install/robot_navigation/include//path_searcher/two_way_rrt.h\n'}
[215.859036] (robot_navigation) StdoutLine: {'line': b'-- Installing: /home/zheng/carerobot_slam_ros2/install/robot_navigation/include//path_searcher/JPS_utils.h\n'}
[215.859136] (robot_navigation) StdoutLine: {'line': b'-- Installing: /home/zheng/carerobot_slam_ros2/install/robot_navigation/include//motionPlan\n'}
[215.859236] (robot_navigation) StdoutLine: {'line': b'-- Installing: /home/zheng/carerobot_slam_ros2/install/robot_navigation/include//motionPlan/motionPlan.h\n'}
[215.867691] (robot_navigation) StdoutLine: {'line': b'-- Installing: /home/zheng/carerobot_slam_ros2/install/robot_navigation/include//utility\n'}
[215.867909] (robot_navigation) StdoutLine: {'line': b'-- Installing: /home/zheng/carerobot_slam_ros2/install/robot_navigation/include//utility/type.h\n'}
[215.868090] (robot_navigation) StdoutLine: {'line': b'-- Installing: /home/zheng/carerobot_slam_ros2/install/robot_navigation/include//utility/math_function.h\n'}
[215.868205] (robot_navigation) StdoutLine: {'line': b'-- Installing: /home/zheng/carerobot_slam_ros2/install/robot_navigation/include//math_tools\n'}
[215.868287] (robot_navigation) StdoutLine: {'line': b'-- Installing: /home/zheng/carerobot_slam_ros2/install/robot_navigation/include//math_tools/filter.h\n'}
[215.881465] (robot_navigation) StdoutLine: {'line': b'-- Installing: /home/zheng/carerobot_slam_ros2/install/robot_navigation/include//math_tools/curve_fitting.h\n'}
[215.881708] (robot_navigation) StdoutLine: {'line': b'-- Installing: /home/zheng/carerobot_slam_ros2/install/robot_navigation/include//path_optimization\n'}
[215.881851] (robot_navigation) StdoutLine: {'line': b'-- Installing: /home/zheng/carerobot_slam_ros2/install/robot_navigation/include//path_optimization/fast_security.h\n'}
[215.881983] (robot_navigation) StdoutLine: {'line': b'-- Installing: /home/zheng/carerobot_slam_ros2/install/robot_navigation/include//path_optimization/minimum_snap.h\n'}
[215.882073] (robot_navigation) StdoutLine: {'line': b'-- Installing: /home/zheng/carerobot_slam_ros2/install/robot_navigation/include//path_optimization/bspline_optimizer.h\n'}
[215.888547] (robot_navigation) StdoutLine: {'line': b'-- Installing: /home/zheng/carerobot_slam_ros2/install/robot_navigation/include//path_optimization/bezier_curve.h\n'}
[215.888778] (robot_navigation) StdoutLine: {'line': b'-- Installing: /home/zheng/carerobot_slam_ros2/install/robot_navigation/include//path_optimization/corridor_optimizer.h\n'}
[215.888905] (robot_navigation) StdoutLine: {'line': b'-- Installing: /home/zheng/carerobot_slam_ros2/install/robot_navigation/include//path_optimization/non_uniform_bspline.h\n'}
[215.889053] (robot_navigation) StdoutLine: {'line': b'-- Installing: /home/zheng/carerobot_slam_ros2/install/robot_navigation/include//path_optimization/BSpline.h\n'}
[215.894342] (-) TimerEvent: {}
[215.897483] (robot_navigation) StdoutLine: {'line': b'-- Installing: /home/zheng/carerobot_slam_ros2/install/robot_navigation/include//path_follow\n'}
[215.897722] (robot_navigation) StdoutLine: {'line': b'-- Installing: /home/zheng/carerobot_slam_ros2/install/robot_navigation/include//path_follow/pid_follow.h\n'}
[215.903644] (robot_navigation) StdoutLine: {'line': b'-- Installing: /home/zheng/carerobot_slam_ros2/install/robot_navigation/include//local_plan\n'}
[215.903884] (robot_navigation) StdoutLine: {'line': b'-- Installing: /home/zheng/carerobot_slam_ros2/install/robot_navigation/include//local_plan/differential_dwa.h\n'}
[215.916786] (robot_navigation) StdoutLine: {'line': b'-- Installing: /home/zheng/carerobot_slam_ros2/install/robot_navigation/share/robot_navigation/config\n'}
[215.917023] (robot_navigation) StdoutLine: {'line': b'-- Installing: /home/zheng/carerobot_slam_ros2/install/robot_navigation/share/robot_navigation/config/dwa_param.yaml\n'}
[215.928900] (robot_navigation) StdoutLine: {'line': b'-- Installing: /home/zheng/carerobot_slam_ros2/install/robot_navigation/share/robot_navigation/config/navigation_param.yaml\n'}
[215.935510] (robot_navigation) StdoutLine: {'line': b'-- Installing: /home/zheng/carerobot_slam_ros2/install/robot_navigation/share/robot_navigation/config/pid_param.yaml\n'}
[215.938670] (robot_navigation) StdoutLine: {'line': b'-- Installing: /home/zheng/carerobot_slam_ros2/install/robot_navigation/share/robot_navigation/launch\n'}
[215.938848] (robot_navigation) StdoutLine: {'line': b'-- Installing: /home/zheng/carerobot_slam_ros2/install/robot_navigation/share/robot_navigation/launch/motionPlan.launch.py\n'}
[215.948368] (robot_navigation) StdoutLine: {'line': b'-- Installing: /home/zheng/carerobot_slam_ros2/install/robot_navigation/share/robot_navigation/launch/Differential_DWA.launch\n'}
[215.948839] (robot_navigation) StdoutLine: {'line': b'-- Installing: /home/zheng/carerobot_slam_ros2/install/robot_navigation/share/ament_index/resource_index/package_run_dependencies/robot_navigation\n'}
[215.962728] (robot_navigation) StdoutLine: {'line': b'-- Installing: /home/zheng/carerobot_slam_ros2/install/robot_navigation/share/ament_index/resource_index/parent_prefix_path/robot_navigation\n'}
[215.975425] (robot_navigation) StdoutLine: {'line': b'-- Installing: /home/zheng/carerobot_slam_ros2/install/robot_navigation/share/robot_navigation/environment/ament_prefix_path.sh\n'}
[215.975675] (robot_navigation) StdoutLine: {'line': b'-- Installing: /home/zheng/carerobot_slam_ros2/install/robot_navigation/share/robot_navigation/environment/ament_prefix_path.dsv\n'}
[215.976031] (robot_navigation) StdoutLine: {'line': b'-- Installing: /home/zheng/carerobot_slam_ros2/install/robot_navigation/share/robot_navigation/environment/path.sh\n'}
[215.976267] (robot_navigation) StdoutLine: {'line': b'-- Installing: /home/zheng/carerobot_slam_ros2/install/robot_navigation/share/robot_navigation/environment/path.dsv\n'}
[215.976536] (robot_navigation) StdoutLine: {'line': b'-- Installing: /home/zheng/carerobot_slam_ros2/install/robot_navigation/share/robot_navigation/local_setup.bash\n'}
[215.976820] (robot_navigation) StdoutLine: {'line': b'-- Installing: /home/zheng/carerobot_slam_ros2/install/robot_navigation/share/robot_navigation/local_setup.sh\n'}
[215.977199] (robot_navigation) StdoutLine: {'line': b'-- Installing: /home/zheng/carerobot_slam_ros2/install/robot_navigation/share/robot_navigation/local_setup.zsh\n'}
[215.977546] (robot_navigation) StdoutLine: {'line': b'-- Installing: /home/zheng/carerobot_slam_ros2/install/robot_navigation/share/robot_navigation/local_setup.dsv\n'}
[215.977875] (robot_navigation) StdoutLine: {'line': b'-- Installing: /home/zheng/carerobot_slam_ros2/install/robot_navigation/share/robot_navigation/package.dsv\n'}
[215.978266] (robot_navigation) StdoutLine: {'line': b'-- Installing: /home/zheng/carerobot_slam_ros2/install/robot_navigation/share/ament_index/resource_index/packages/robot_navigation\n'}
[215.978522] (robot_navigation) StdoutLine: {'line': b'-- Installing: /home/zheng/carerobot_slam_ros2/install/robot_navigation/share/robot_navigation/cmake/robot_navigationConfig.cmake\n'}
[215.978793] (robot_navigation) StdoutLine: {'line': b'-- Installing: /home/zheng/carerobot_slam_ros2/install/robot_navigation/share/robot_navigation/cmake/robot_navigationConfig-version.cmake\n'}
[215.979088] (robot_navigation) StdoutLine: {'line': b'-- Installing: /home/zheng/carerobot_slam_ros2/install/robot_navigation/share/robot_navigation/package.xml\n'}
[215.991173] (robot_navigation) CommandEnded: {'returncode': 0}
[215.994438] (-) TimerEvent: {}
[216.041489] (robot_navigation) JobEnded: {'identifier': 'robot_navigation', 'rc': 0}
[216.043495] (-) EventReactorShutdown: {}
