[0.110s] DEBUG:colcon:Command line arguments: ['/usr/bin/colcon', 'build']
[0.111s] DEBUG:colcon:Parsed command line arguments: Namespace(log_base=None, log_level=None, verb_name='build', build_base='build', install_base='install', merge_install=False, symlink_install=False, test_result_base=None, continue_on_error=False, executor='parallel', parallel_workers=8, event_handlers=None, ignore_user_meta=False, metas=['./colcon.meta'], base_paths=['.'], packages_ignore=None, packages_ignore_regex=None, paths=None, packages_up_to=None, packages_up_to_regex=None, packages_above=None, packages_above_and_dependencies=None, packages_above_depth=None, packages_select_by_dep=None, packages_skip_by_dep=None, packages_skip_up_to=None, packages_select_build_failed=False, packages_skip_build_finished=False, packages_select_test_failures=False, packages_skip_test_passed=False, packages_select=None, packages_skip=None, packages_select_regex=None, packages_skip_regex=None, packages_start=None, packages_end=None, allow_overriding=[], cmake_args=None, cmake_target=None, cmake_target_skip_unavailable=False, cmake_clean_cache=False, cmake_clean_first=False, cmake_force_configure=False, ament_cmake_args=None, catkin_cmake_args=None, catkin_skip_building_tests=False, verb_parser=<colcon_defaults.argument_parser.defaults.DefaultArgumentsDecorator object at 0x7a5af4807bb0>, verb_extension=<colcon_core.verb.build.BuildVerb object at 0x7a5af4955240>, main=<bound method BuildVerb.main of <colcon_core.verb.build.BuildVerb object at 0x7a5af4955240>>)
[0.303s] Level 1:colcon.colcon_core.package_discovery:discover_packages(colcon_meta) check parameters
[0.303s] Level 1:colcon.colcon_core.package_discovery:discover_packages(recursive) check parameters
[0.303s] Level 1:colcon.colcon_core.package_discovery:discover_packages(ignore) check parameters
[0.303s] Level 1:colcon.colcon_core.package_discovery:discover_packages(path) check parameters
[0.303s] Level 1:colcon.colcon_core.package_discovery:discover_packages(colcon_meta) discover
[0.303s] Level 1:colcon.colcon_core.package_discovery:discover_packages(recursive) discover
[0.303s] INFO:colcon.colcon_core.package_discovery:Crawling recursively for packages in '/home/zheng/carerobot_slam_ros2'
[0.303s] Level 1:colcon.colcon_core.package_identification:_identify(.) by extensions ['ignore', 'ignore_ament_install']
[0.303s] Level 1:colcon.colcon_core.package_identification:_identify(.) by extension 'ignore'
[0.303s] Level 1:colcon.colcon_core.package_identification:_identify(.) by extension 'ignore_ament_install'
[0.304s] Level 1:colcon.colcon_core.package_identification:_identify(.) by extensions ['colcon_pkg']
[0.304s] Level 1:colcon.colcon_core.package_identification:_identify(.) by extension 'colcon_pkg'
[0.304s] Level 1:colcon.colcon_core.package_identification:_identify(.) by extensions ['colcon_meta']
[0.304s] Level 1:colcon.colcon_core.package_identification:_identify(.) by extension 'colcon_meta'
[0.304s] Level 1:colcon.colcon_core.package_identification:_identify(.) by extensions ['ros']
[0.304s] Level 1:colcon.colcon_core.package_identification:_identify(.) by extension 'ros'
[0.316s] Level 1:colcon.colcon_core.package_identification:_identify(.) by extensions ['cmake', 'python']
[0.316s] Level 1:colcon.colcon_core.package_identification:_identify(.) by extension 'cmake'
[0.316s] Level 1:colcon.colcon_core.package_identification:_identify(.) by extension 'python'
[0.316s] Level 1:colcon.colcon_core.package_identification:_identify(.) by extensions ['python_setup_py']
[0.316s] Level 1:colcon.colcon_core.package_identification:_identify(.) by extension 'python_setup_py'
[0.316s] Level 1:colcon.colcon_core.package_identification:_identify(__pycache__) by extensions ['ignore', 'ignore_ament_install']
[0.317s] Level 1:colcon.colcon_core.package_identification:_identify(__pycache__) by extension 'ignore'
[0.317s] Level 1:colcon.colcon_core.package_identification:_identify(__pycache__) by extension 'ignore_ament_install'
[0.317s] Level 1:colcon.colcon_core.package_identification:_identify(__pycache__) by extensions ['colcon_pkg']
[0.317s] Level 1:colcon.colcon_core.package_identification:_identify(__pycache__) by extension 'colcon_pkg'
[0.317s] Level 1:colcon.colcon_core.package_identification:_identify(__pycache__) by extensions ['colcon_meta']
[0.317s] Level 1:colcon.colcon_core.package_identification:_identify(__pycache__) by extension 'colcon_meta'
[0.317s] Level 1:colcon.colcon_core.package_identification:_identify(__pycache__) by extensions ['ros']
[0.317s] Level 1:colcon.colcon_core.package_identification:_identify(__pycache__) by extension 'ros'
[0.317s] Level 1:colcon.colcon_core.package_identification:_identify(__pycache__) by extensions ['cmake', 'python']
[0.317s] Level 1:colcon.colcon_core.package_identification:_identify(__pycache__) by extension 'cmake'
[0.317s] Level 1:colcon.colcon_core.package_identification:_identify(__pycache__) by extension 'python'
[0.317s] Level 1:colcon.colcon_core.package_identification:_identify(__pycache__) by extensions ['python_setup_py']
[0.317s] Level 1:colcon.colcon_core.package_identification:_identify(__pycache__) by extension 'python_setup_py'
[0.317s] Level 1:colcon.colcon_core.package_identification:_identify(build) by extensions ['ignore', 'ignore_ament_install']
[0.318s] Level 1:colcon.colcon_core.package_identification:_identify(build) by extension 'ignore'
[0.318s] Level 1:colcon.colcon_core.package_identification:_identify(build) ignored
[0.318s] Level 1:colcon.colcon_core.package_identification:_identify(install) by extensions ['ignore', 'ignore_ament_install']
[0.318s] Level 1:colcon.colcon_core.package_identification:_identify(install) by extension 'ignore'
[0.318s] Level 1:colcon.colcon_core.package_identification:_identify(install) ignored
[0.318s] Level 1:colcon.colcon_core.package_identification:_identify(log) by extensions ['ignore', 'ignore_ament_install']
[0.318s] Level 1:colcon.colcon_core.package_identification:_identify(log) by extension 'ignore'
[0.318s] Level 1:colcon.colcon_core.package_identification:_identify(log) ignored
[0.318s] Level 1:colcon.colcon_core.package_identification:_identify(src) by extensions ['ignore', 'ignore_ament_install']
[0.318s] Level 1:colcon.colcon_core.package_identification:_identify(src) by extension 'ignore'
[0.319s] Level 1:colcon.colcon_core.package_identification:_identify(src) by extension 'ignore_ament_install'
[0.319s] Level 1:colcon.colcon_core.package_identification:_identify(src) by extensions ['colcon_pkg']
[0.319s] Level 1:colcon.colcon_core.package_identification:_identify(src) by extension 'colcon_pkg'
[0.319s] Level 1:colcon.colcon_core.package_identification:_identify(src) by extensions ['colcon_meta']
[0.319s] Level 1:colcon.colcon_core.package_identification:_identify(src) by extension 'colcon_meta'
[0.319s] Level 1:colcon.colcon_core.package_identification:_identify(src) by extensions ['ros']
[0.319s] Level 1:colcon.colcon_core.package_identification:_identify(src) by extension 'ros'
[0.319s] Level 1:colcon.colcon_core.package_identification:_identify(src) by extensions ['cmake', 'python']
[0.319s] Level 1:colcon.colcon_core.package_identification:_identify(src) by extension 'cmake'
[0.319s] Level 1:colcon.colcon_core.package_identification:_identify(src) by extension 'python'
[0.319s] Level 1:colcon.colcon_core.package_identification:_identify(src) by extensions ['python_setup_py']
[0.319s] Level 1:colcon.colcon_core.package_identification:_identify(src) by extension 'python_setup_py'
[0.319s] Level 1:colcon.colcon_core.package_identification:_identify(src/diff_drive_gazebo) by extensions ['ignore', 'ignore_ament_install']
[0.319s] Level 1:colcon.colcon_core.package_identification:_identify(src/diff_drive_gazebo) by extension 'ignore'
[0.320s] Level 1:colcon.colcon_core.package_identification:_identify(src/diff_drive_gazebo) by extension 'ignore_ament_install'
[0.320s] Level 1:colcon.colcon_core.package_identification:_identify(src/diff_drive_gazebo) by extensions ['colcon_pkg']
[0.320s] Level 1:colcon.colcon_core.package_identification:_identify(src/diff_drive_gazebo) by extension 'colcon_pkg'
[0.320s] Level 1:colcon.colcon_core.package_identification:_identify(src/diff_drive_gazebo) by extensions ['colcon_meta']
[0.320s] Level 1:colcon.colcon_core.package_identification:_identify(src/diff_drive_gazebo) by extension 'colcon_meta'
[0.320s] Level 1:colcon.colcon_core.package_identification:_identify(src/diff_drive_gazebo) by extensions ['ros']
[0.320s] Level 1:colcon.colcon_core.package_identification:_identify(src/diff_drive_gazebo) by extension 'ros'
[0.325s] DEBUG:colcon.colcon_core.package_identification:Package 'src/diff_drive_gazebo' with type 'ros.ament_cmake' and name 'diff_drive_gazebo'
[0.325s] Level 1:colcon.colcon_core.package_identification:_identify(src/keyboard_control) by extensions ['ignore', 'ignore_ament_install']
[0.325s] Level 1:colcon.colcon_core.package_identification:_identify(src/keyboard_control) by extension 'ignore'
[0.325s] Level 1:colcon.colcon_core.package_identification:_identify(src/keyboard_control) by extension 'ignore_ament_install'
[0.325s] Level 1:colcon.colcon_core.package_identification:_identify(src/keyboard_control) by extensions ['colcon_pkg']
[0.325s] Level 1:colcon.colcon_core.package_identification:_identify(src/keyboard_control) by extension 'colcon_pkg'
[0.325s] Level 1:colcon.colcon_core.package_identification:_identify(src/keyboard_control) by extensions ['colcon_meta']
[0.325s] Level 1:colcon.colcon_core.package_identification:_identify(src/keyboard_control) by extension 'colcon_meta'
[0.325s] Level 1:colcon.colcon_core.package_identification:_identify(src/keyboard_control) by extensions ['ros']
[0.325s] Level 1:colcon.colcon_core.package_identification:_identify(src/keyboard_control) by extension 'ros'
[0.326s] DEBUG:colcon.colcon_core.package_identification:Package 'src/keyboard_control' with type 'ros.ament_cmake' and name 'keyboard_control'
[0.326s] Level 1:colcon.colcon_core.package_identification:_identify(src/openslam_gmapping) by extensions ['ignore', 'ignore_ament_install']
[0.327s] Level 1:colcon.colcon_core.package_identification:_identify(src/openslam_gmapping) by extension 'ignore'
[0.327s] Level 1:colcon.colcon_core.package_identification:_identify(src/openslam_gmapping) by extension 'ignore_ament_install'
[0.327s] Level 1:colcon.colcon_core.package_identification:_identify(src/openslam_gmapping) by extensions ['colcon_pkg']
[0.327s] Level 1:colcon.colcon_core.package_identification:_identify(src/openslam_gmapping) by extension 'colcon_pkg'
[0.327s] Level 1:colcon.colcon_core.package_identification:_identify(src/openslam_gmapping) by extensions ['colcon_meta']
[0.327s] Level 1:colcon.colcon_core.package_identification:_identify(src/openslam_gmapping) by extension 'colcon_meta'
[0.327s] Level 1:colcon.colcon_core.package_identification:_identify(src/openslam_gmapping) by extensions ['ros']
[0.327s] Level 1:colcon.colcon_core.package_identification:_identify(src/openslam_gmapping) by extension 'ros'
[0.328s] DEBUG:colcon.colcon_core.package_identification:Package 'src/openslam_gmapping' with type 'ros.ament_cmake' and name 'openslam_gmapping'
[0.328s] Level 1:colcon.colcon_core.package_identification:_identify(src/robot_communication) by extensions ['ignore', 'ignore_ament_install']
[0.328s] Level 1:colcon.colcon_core.package_identification:_identify(src/robot_communication) by extension 'ignore'
[0.328s] Level 1:colcon.colcon_core.package_identification:_identify(src/robot_communication) by extension 'ignore_ament_install'
[0.328s] Level 1:colcon.colcon_core.package_identification:_identify(src/robot_communication) by extensions ['colcon_pkg']
[0.328s] Level 1:colcon.colcon_core.package_identification:_identify(src/robot_communication) by extension 'colcon_pkg'
[0.329s] Level 1:colcon.colcon_core.package_identification:_identify(src/robot_communication) by extensions ['colcon_meta']
[0.329s] Level 1:colcon.colcon_core.package_identification:_identify(src/robot_communication) by extension 'colcon_meta'
[0.329s] Level 1:colcon.colcon_core.package_identification:_identify(src/robot_communication) by extensions ['ros']
[0.329s] Level 1:colcon.colcon_core.package_identification:_identify(src/robot_communication) by extension 'ros'
[0.330s] DEBUG:colcon.colcon_core.package_identification:Package 'src/robot_communication' with type 'ros.ament_cmake' and name 'robot_communication'
[0.330s] Level 1:colcon.colcon_core.package_identification:_identify(src/robot_costmap) by extensions ['ignore', 'ignore_ament_install']
[0.330s] Level 1:colcon.colcon_core.package_identification:_identify(src/robot_costmap) by extension 'ignore'
[0.330s] Level 1:colcon.colcon_core.package_identification:_identify(src/robot_costmap) by extension 'ignore_ament_install'
[0.330s] Level 1:colcon.colcon_core.package_identification:_identify(src/robot_costmap) by extensions ['colcon_pkg']
[0.330s] Level 1:colcon.colcon_core.package_identification:_identify(src/robot_costmap) by extension 'colcon_pkg'
[0.331s] Level 1:colcon.colcon_core.package_identification:_identify(src/robot_costmap) by extensions ['colcon_meta']
[0.331s] Level 1:colcon.colcon_core.package_identification:_identify(src/robot_costmap) by extension 'colcon_meta'
[0.331s] Level 1:colcon.colcon_core.package_identification:_identify(src/robot_costmap) by extensions ['ros']
[0.331s] Level 1:colcon.colcon_core.package_identification:_identify(src/robot_costmap) by extension 'ros'
[0.333s] DEBUG:colcon.colcon_core.package_identification:Package 'src/robot_costmap' with type 'ros.ament_cmake' and name 'robot_costmap'
[0.333s] Level 1:colcon.colcon_core.package_identification:_identify(src/robot_navigation) by extensions ['ignore', 'ignore_ament_install']
[0.333s] Level 1:colcon.colcon_core.package_identification:_identify(src/robot_navigation) by extension 'ignore'
[0.333s] Level 1:colcon.colcon_core.package_identification:_identify(src/robot_navigation) by extension 'ignore_ament_install'
[0.333s] Level 1:colcon.colcon_core.package_identification:_identify(src/robot_navigation) by extensions ['colcon_pkg']
[0.333s] Level 1:colcon.colcon_core.package_identification:_identify(src/robot_navigation) by extension 'colcon_pkg'
[0.333s] Level 1:colcon.colcon_core.package_identification:_identify(src/robot_navigation) by extensions ['colcon_meta']
[0.333s] Level 1:colcon.colcon_core.package_identification:_identify(src/robot_navigation) by extension 'colcon_meta'
[0.333s] Level 1:colcon.colcon_core.package_identification:_identify(src/robot_navigation) by extensions ['ros']
[0.333s] Level 1:colcon.colcon_core.package_identification:_identify(src/robot_navigation) by extension 'ros'
[0.336s] DEBUG:colcon.colcon_core.package_identification:Package 'src/robot_navigation' with type 'ros.ament_cmake' and name 'robot_navigation'
[0.336s] Level 1:colcon.colcon_core.package_identification:_identify(src/robot_pid_local_planner) by extensions ['ignore', 'ignore_ament_install']
[0.336s] Level 1:colcon.colcon_core.package_identification:_identify(src/robot_pid_local_planner) by extension 'ignore'
[0.336s] Level 1:colcon.colcon_core.package_identification:_identify(src/robot_pid_local_planner) by extension 'ignore_ament_install'
[0.337s] Level 1:colcon.colcon_core.package_identification:_identify(src/robot_pid_local_planner) by extensions ['colcon_pkg']
[0.337s] Level 1:colcon.colcon_core.package_identification:_identify(src/robot_pid_local_planner) by extension 'colcon_pkg'
[0.337s] Level 1:colcon.colcon_core.package_identification:_identify(src/robot_pid_local_planner) by extensions ['colcon_meta']
[0.337s] Level 1:colcon.colcon_core.package_identification:_identify(src/robot_pid_local_planner) by extension 'colcon_meta'
[0.337s] Level 1:colcon.colcon_core.package_identification:_identify(src/robot_pid_local_planner) by extensions ['ros']
[0.337s] Level 1:colcon.colcon_core.package_identification:_identify(src/robot_pid_local_planner) by extension 'ros'
[0.339s] DEBUG:colcon.colcon_core.package_identification:Package 'src/robot_pid_local_planner' with type 'ros.ament_cmake' and name 'robot_pid_local_planner'
[0.339s] Level 1:colcon.colcon_core.package_identification:_identify(src/slam_gmapping) by extensions ['ignore', 'ignore_ament_install']
[0.339s] Level 1:colcon.colcon_core.package_identification:_identify(src/slam_gmapping) by extension 'ignore'
[0.339s] Level 1:colcon.colcon_core.package_identification:_identify(src/slam_gmapping) by extension 'ignore_ament_install'
[0.339s] Level 1:colcon.colcon_core.package_identification:_identify(src/slam_gmapping) by extensions ['colcon_pkg']
[0.339s] Level 1:colcon.colcon_core.package_identification:_identify(src/slam_gmapping) by extension 'colcon_pkg'
[0.339s] Level 1:colcon.colcon_core.package_identification:_identify(src/slam_gmapping) by extensions ['colcon_meta']
[0.339s] Level 1:colcon.colcon_core.package_identification:_identify(src/slam_gmapping) by extension 'colcon_meta'
[0.339s] Level 1:colcon.colcon_core.package_identification:_identify(src/slam_gmapping) by extensions ['ros']
[0.339s] Level 1:colcon.colcon_core.package_identification:_identify(src/slam_gmapping) by extension 'ros'
[0.342s] DEBUG:colcon.colcon_core.package_identification:Package 'src/slam_gmapping' with type 'ros.ament_cmake' and name 'slam_gmapping'
[0.342s] Level 1:colcon.colcon_core.package_discovery:discover_packages(recursive) using defaults
[0.342s] Level 1:colcon.colcon_core.package_discovery:discover_packages(ignore) discover
[0.342s] Level 1:colcon.colcon_core.package_discovery:discover_packages(ignore) using defaults
[0.342s] Level 1:colcon.colcon_core.package_discovery:discover_packages(path) discover
[0.342s] Level 1:colcon.colcon_core.package_discovery:discover_packages(path) using defaults
[0.378s] Level 1:colcon.colcon_core.package_discovery:discover_packages(prefix_path) check parameters
[0.378s] Level 1:colcon.colcon_core.package_discovery:discover_packages(prefix_path) discover
[0.380s] DEBUG:colcon.colcon_installed_package_information.package_discovery:Found 8 installed packages in /home/zheng/carerobot_slam_ros2/install
[0.382s] DEBUG:colcon.colcon_installed_package_information.package_discovery:Found 329 installed packages in /opt/ros/humble
[0.383s] Level 1:colcon.colcon_core.package_discovery:discover_packages(prefix_path) using defaults
[0.426s] Level 5:colcon.colcon_core.verb:set package 'diff_drive_gazebo' build argument 'cmake_args' from command line to 'None'
[0.427s] Level 5:colcon.colcon_core.verb:set package 'diff_drive_gazebo' build argument 'cmake_target' from command line to 'None'
[0.427s] Level 5:colcon.colcon_core.verb:set package 'diff_drive_gazebo' build argument 'cmake_target_skip_unavailable' from command line to 'False'
[0.427s] Level 5:colcon.colcon_core.verb:set package 'diff_drive_gazebo' build argument 'cmake_clean_cache' from command line to 'False'
[0.427s] Level 5:colcon.colcon_core.verb:set package 'diff_drive_gazebo' build argument 'cmake_clean_first' from command line to 'False'
[0.427s] Level 5:colcon.colcon_core.verb:set package 'diff_drive_gazebo' build argument 'cmake_force_configure' from command line to 'False'
[0.427s] Level 5:colcon.colcon_core.verb:set package 'diff_drive_gazebo' build argument 'ament_cmake_args' from command line to 'None'
[0.427s] Level 5:colcon.colcon_core.verb:set package 'diff_drive_gazebo' build argument 'catkin_cmake_args' from command line to 'None'
[0.427s] Level 5:colcon.colcon_core.verb:set package 'diff_drive_gazebo' build argument 'catkin_skip_building_tests' from command line to 'False'
[0.427s] DEBUG:colcon.colcon_core.verb:Building package 'diff_drive_gazebo' with the following arguments: {'ament_cmake_args': None, 'build_base': '/home/zheng/carerobot_slam_ros2/build/diff_drive_gazebo', 'catkin_cmake_args': None, 'catkin_skip_building_tests': False, 'cmake_args': None, 'cmake_clean_cache': False, 'cmake_clean_first': False, 'cmake_force_configure': False, 'cmake_target': None, 'cmake_target_skip_unavailable': False, 'install_base': '/home/zheng/carerobot_slam_ros2/install/diff_drive_gazebo', 'merge_install': False, 'path': '/home/zheng/carerobot_slam_ros2/src/diff_drive_gazebo', 'symlink_install': False, 'test_result_base': None}
[0.428s] Level 5:colcon.colcon_core.verb:set package 'keyboard_control' build argument 'cmake_args' from command line to 'None'
[0.428s] Level 5:colcon.colcon_core.verb:set package 'keyboard_control' build argument 'cmake_target' from command line to 'None'
[0.428s] Level 5:colcon.colcon_core.verb:set package 'keyboard_control' build argument 'cmake_target_skip_unavailable' from command line to 'False'
[0.428s] Level 5:colcon.colcon_core.verb:set package 'keyboard_control' build argument 'cmake_clean_cache' from command line to 'False'
[0.428s] Level 5:colcon.colcon_core.verb:set package 'keyboard_control' build argument 'cmake_clean_first' from command line to 'False'
[0.428s] Level 5:colcon.colcon_core.verb:set package 'keyboard_control' build argument 'cmake_force_configure' from command line to 'False'
[0.428s] Level 5:colcon.colcon_core.verb:set package 'keyboard_control' build argument 'ament_cmake_args' from command line to 'None'
[0.428s] Level 5:colcon.colcon_core.verb:set package 'keyboard_control' build argument 'catkin_cmake_args' from command line to 'None'
[0.428s] Level 5:colcon.colcon_core.verb:set package 'keyboard_control' build argument 'catkin_skip_building_tests' from command line to 'False'
[0.428s] DEBUG:colcon.colcon_core.verb:Building package 'keyboard_control' with the following arguments: {'ament_cmake_args': None, 'build_base': '/home/zheng/carerobot_slam_ros2/build/keyboard_control', 'catkin_cmake_args': None, 'catkin_skip_building_tests': False, 'cmake_args': None, 'cmake_clean_cache': False, 'cmake_clean_first': False, 'cmake_force_configure': False, 'cmake_target': None, 'cmake_target_skip_unavailable': False, 'install_base': '/home/zheng/carerobot_slam_ros2/install/keyboard_control', 'merge_install': False, 'path': '/home/zheng/carerobot_slam_ros2/src/keyboard_control', 'symlink_install': False, 'test_result_base': None}
[0.429s] Level 5:colcon.colcon_core.verb:set package 'openslam_gmapping' build argument 'cmake_args' from command line to 'None'
[0.429s] Level 5:colcon.colcon_core.verb:set package 'openslam_gmapping' build argument 'cmake_target' from command line to 'None'
[0.429s] Level 5:colcon.colcon_core.verb:set package 'openslam_gmapping' build argument 'cmake_target_skip_unavailable' from command line to 'False'
[0.429s] Level 5:colcon.colcon_core.verb:set package 'openslam_gmapping' build argument 'cmake_clean_cache' from command line to 'False'
[0.429s] Level 5:colcon.colcon_core.verb:set package 'openslam_gmapping' build argument 'cmake_clean_first' from command line to 'False'
[0.429s] Level 5:colcon.colcon_core.verb:set package 'openslam_gmapping' build argument 'cmake_force_configure' from command line to 'False'
[0.429s] Level 5:colcon.colcon_core.verb:set package 'openslam_gmapping' build argument 'ament_cmake_args' from command line to 'None'
[0.429s] Level 5:colcon.colcon_core.verb:set package 'openslam_gmapping' build argument 'catkin_cmake_args' from command line to 'None'
[0.429s] Level 5:colcon.colcon_core.verb:set package 'openslam_gmapping' build argument 'catkin_skip_building_tests' from command line to 'False'
[0.429s] DEBUG:colcon.colcon_core.verb:Building package 'openslam_gmapping' with the following arguments: {'ament_cmake_args': None, 'build_base': '/home/zheng/carerobot_slam_ros2/build/openslam_gmapping', 'catkin_cmake_args': None, 'catkin_skip_building_tests': False, 'cmake_args': None, 'cmake_clean_cache': False, 'cmake_clean_first': False, 'cmake_force_configure': False, 'cmake_target': None, 'cmake_target_skip_unavailable': False, 'install_base': '/home/zheng/carerobot_slam_ros2/install/openslam_gmapping', 'merge_install': False, 'path': '/home/zheng/carerobot_slam_ros2/src/openslam_gmapping', 'symlink_install': False, 'test_result_base': None}
[0.429s] Level 5:colcon.colcon_core.verb:set package 'robot_communication' build argument 'cmake_args' from command line to 'None'
[0.429s] Level 5:colcon.colcon_core.verb:set package 'robot_communication' build argument 'cmake_target' from command line to 'None'
[0.429s] Level 5:colcon.colcon_core.verb:set package 'robot_communication' build argument 'cmake_target_skip_unavailable' from command line to 'False'
[0.429s] Level 5:colcon.colcon_core.verb:set package 'robot_communication' build argument 'cmake_clean_cache' from command line to 'False'
[0.429s] Level 5:colcon.colcon_core.verb:set package 'robot_communication' build argument 'cmake_clean_first' from command line to 'False'
[0.429s] Level 5:colcon.colcon_core.verb:set package 'robot_communication' build argument 'cmake_force_configure' from command line to 'False'
[0.429s] Level 5:colcon.colcon_core.verb:set package 'robot_communication' build argument 'ament_cmake_args' from command line to 'None'
[0.429s] Level 5:colcon.colcon_core.verb:set package 'robot_communication' build argument 'catkin_cmake_args' from command line to 'None'
[0.429s] Level 5:colcon.colcon_core.verb:set package 'robot_communication' build argument 'catkin_skip_building_tests' from command line to 'False'
[0.429s] DEBUG:colcon.colcon_core.verb:Building package 'robot_communication' with the following arguments: {'ament_cmake_args': None, 'build_base': '/home/zheng/carerobot_slam_ros2/build/robot_communication', 'catkin_cmake_args': None, 'catkin_skip_building_tests': False, 'cmake_args': None, 'cmake_clean_cache': False, 'cmake_clean_first': False, 'cmake_force_configure': False, 'cmake_target': None, 'cmake_target_skip_unavailable': False, 'install_base': '/home/zheng/carerobot_slam_ros2/install/robot_communication', 'merge_install': False, 'path': '/home/zheng/carerobot_slam_ros2/src/robot_communication', 'symlink_install': False, 'test_result_base': None}
[0.430s] Level 5:colcon.colcon_core.verb:set package 'robot_costmap' build argument 'cmake_args' from command line to 'None'
[0.430s] Level 5:colcon.colcon_core.verb:set package 'robot_costmap' build argument 'cmake_target' from command line to 'None'
[0.430s] Level 5:colcon.colcon_core.verb:set package 'robot_costmap' build argument 'cmake_target_skip_unavailable' from command line to 'False'
[0.430s] Level 5:colcon.colcon_core.verb:set package 'robot_costmap' build argument 'cmake_clean_cache' from command line to 'False'
[0.430s] Level 5:colcon.colcon_core.verb:set package 'robot_costmap' build argument 'cmake_clean_first' from command line to 'False'
[0.430s] Level 5:colcon.colcon_core.verb:set package 'robot_costmap' build argument 'cmake_force_configure' from command line to 'False'
[0.430s] Level 5:colcon.colcon_core.verb:set package 'robot_costmap' build argument 'ament_cmake_args' from command line to 'None'
[0.430s] Level 5:colcon.colcon_core.verb:set package 'robot_costmap' build argument 'catkin_cmake_args' from command line to 'None'
[0.430s] Level 5:colcon.colcon_core.verb:set package 'robot_costmap' build argument 'catkin_skip_building_tests' from command line to 'False'
[0.430s] DEBUG:colcon.colcon_core.verb:Building package 'robot_costmap' with the following arguments: {'ament_cmake_args': None, 'build_base': '/home/zheng/carerobot_slam_ros2/build/robot_costmap', 'catkin_cmake_args': None, 'catkin_skip_building_tests': False, 'cmake_args': None, 'cmake_clean_cache': False, 'cmake_clean_first': False, 'cmake_force_configure': False, 'cmake_target': None, 'cmake_target_skip_unavailable': False, 'install_base': '/home/zheng/carerobot_slam_ros2/install/robot_costmap', 'merge_install': False, 'path': '/home/zheng/carerobot_slam_ros2/src/robot_costmap', 'symlink_install': False, 'test_result_base': None}
[0.430s] Level 5:colcon.colcon_core.verb:set package 'robot_pid_local_planner' build argument 'cmake_args' from command line to 'None'
[0.430s] Level 5:colcon.colcon_core.verb:set package 'robot_pid_local_planner' build argument 'cmake_target' from command line to 'None'
[0.430s] Level 5:colcon.colcon_core.verb:set package 'robot_pid_local_planner' build argument 'cmake_target_skip_unavailable' from command line to 'False'
[0.430s] Level 5:colcon.colcon_core.verb:set package 'robot_pid_local_planner' build argument 'cmake_clean_cache' from command line to 'False'
[0.430s] Level 5:colcon.colcon_core.verb:set package 'robot_pid_local_planner' build argument 'cmake_clean_first' from command line to 'False'
[0.431s] Level 5:colcon.colcon_core.verb:set package 'robot_pid_local_planner' build argument 'cmake_force_configure' from command line to 'False'
[0.431s] Level 5:colcon.colcon_core.verb:set package 'robot_pid_local_planner' build argument 'ament_cmake_args' from command line to 'None'
[0.431s] Level 5:colcon.colcon_core.verb:set package 'robot_pid_local_planner' build argument 'catkin_cmake_args' from command line to 'None'
[0.431s] Level 5:colcon.colcon_core.verb:set package 'robot_pid_local_planner' build argument 'catkin_skip_building_tests' from command line to 'False'
[0.431s] DEBUG:colcon.colcon_core.verb:Building package 'robot_pid_local_planner' with the following arguments: {'ament_cmake_args': None, 'build_base': '/home/zheng/carerobot_slam_ros2/build/robot_pid_local_planner', 'catkin_cmake_args': None, 'catkin_skip_building_tests': False, 'cmake_args': None, 'cmake_clean_cache': False, 'cmake_clean_first': False, 'cmake_force_configure': False, 'cmake_target': None, 'cmake_target_skip_unavailable': False, 'install_base': '/home/zheng/carerobot_slam_ros2/install/robot_pid_local_planner', 'merge_install': False, 'path': '/home/zheng/carerobot_slam_ros2/src/robot_pid_local_planner', 'symlink_install': False, 'test_result_base': None}
[0.431s] Level 5:colcon.colcon_core.verb:set package 'slam_gmapping' build argument 'cmake_args' from command line to 'None'
[0.431s] Level 5:colcon.colcon_core.verb:set package 'slam_gmapping' build argument 'cmake_target' from command line to 'None'
[0.431s] Level 5:colcon.colcon_core.verb:set package 'slam_gmapping' build argument 'cmake_target_skip_unavailable' from command line to 'False'
[0.431s] Level 5:colcon.colcon_core.verb:set package 'slam_gmapping' build argument 'cmake_clean_cache' from command line to 'False'
[0.431s] Level 5:colcon.colcon_core.verb:set package 'slam_gmapping' build argument 'cmake_clean_first' from command line to 'False'
[0.431s] Level 5:colcon.colcon_core.verb:set package 'slam_gmapping' build argument 'cmake_force_configure' from command line to 'False'
[0.431s] Level 5:colcon.colcon_core.verb:set package 'slam_gmapping' build argument 'ament_cmake_args' from command line to 'None'
[0.431s] Level 5:colcon.colcon_core.verb:set package 'slam_gmapping' build argument 'catkin_cmake_args' from command line to 'None'
[0.431s] Level 5:colcon.colcon_core.verb:set package 'slam_gmapping' build argument 'catkin_skip_building_tests' from command line to 'False'
[0.431s] DEBUG:colcon.colcon_core.verb:Building package 'slam_gmapping' with the following arguments: {'ament_cmake_args': None, 'build_base': '/home/zheng/carerobot_slam_ros2/build/slam_gmapping', 'catkin_cmake_args': None, 'catkin_skip_building_tests': False, 'cmake_args': None, 'cmake_clean_cache': False, 'cmake_clean_first': False, 'cmake_force_configure': False, 'cmake_target': None, 'cmake_target_skip_unavailable': False, 'install_base': '/home/zheng/carerobot_slam_ros2/install/slam_gmapping', 'merge_install': False, 'path': '/home/zheng/carerobot_slam_ros2/src/slam_gmapping', 'symlink_install': False, 'test_result_base': None}
[0.432s] Level 5:colcon.colcon_core.verb:set package 'robot_navigation' build argument 'cmake_args' from command line to 'None'
[0.432s] Level 5:colcon.colcon_core.verb:set package 'robot_navigation' build argument 'cmake_target' from command line to 'None'
[0.432s] Level 5:colcon.colcon_core.verb:set package 'robot_navigation' build argument 'cmake_target_skip_unavailable' from command line to 'False'
[0.432s] Level 5:colcon.colcon_core.verb:set package 'robot_navigation' build argument 'cmake_clean_cache' from command line to 'False'
[0.432s] Level 5:colcon.colcon_core.verb:set package 'robot_navigation' build argument 'cmake_clean_first' from command line to 'False'
[0.432s] Level 5:colcon.colcon_core.verb:set package 'robot_navigation' build argument 'cmake_force_configure' from command line to 'False'
[0.432s] Level 5:colcon.colcon_core.verb:set package 'robot_navigation' build argument 'ament_cmake_args' from command line to 'None'
[0.432s] Level 5:colcon.colcon_core.verb:set package 'robot_navigation' build argument 'catkin_cmake_args' from command line to 'None'
[0.432s] Level 5:colcon.colcon_core.verb:set package 'robot_navigation' build argument 'catkin_skip_building_tests' from command line to 'False'
[0.432s] DEBUG:colcon.colcon_core.verb:Building package 'robot_navigation' with the following arguments: {'ament_cmake_args': None, 'build_base': '/home/zheng/carerobot_slam_ros2/build/robot_navigation', 'catkin_cmake_args': None, 'catkin_skip_building_tests': False, 'cmake_args': None, 'cmake_clean_cache': False, 'cmake_clean_first': False, 'cmake_force_configure': False, 'cmake_target': None, 'cmake_target_skip_unavailable': False, 'install_base': '/home/zheng/carerobot_slam_ros2/install/robot_navigation', 'merge_install': False, 'path': '/home/zheng/carerobot_slam_ros2/src/robot_navigation', 'symlink_install': False, 'test_result_base': None}
[0.432s] INFO:colcon.colcon_core.executor:Executing jobs using 'parallel' executor
[0.433s] DEBUG:colcon.colcon_parallel_executor.executor.parallel:run_until_complete
[0.433s] INFO:colcon.colcon_ros.task.ament_cmake.build:Building ROS package in '/home/zheng/carerobot_slam_ros2/src/robot_communication' with build type 'ament_cmake'
[0.433s] INFO:colcon.colcon_cmake.task.cmake.build:Building CMake package in '/home/zheng/carerobot_slam_ros2/src/robot_communication'
[0.436s] INFO:colcon.colcon_core.plugin_system:Skipping extension 'colcon_core.shell.bat': Not used on non-Windows systems
[0.436s] INFO:colcon.colcon_core.shell:Skip shell extension 'powershell' for command environment: Not usable outside of PowerShell
[0.436s] DEBUG:colcon.colcon_core.shell:Skip shell extension 'dsv' for command environment
[0.440s] INFO:colcon.colcon_ros.task.ament_cmake.build:Building ROS package in '/home/zheng/carerobot_slam_ros2/src/openslam_gmapping' with build type 'ament_cmake'
[0.440s] INFO:colcon.colcon_cmake.task.cmake.build:Building CMake package in '/home/zheng/carerobot_slam_ros2/src/openslam_gmapping'
[0.441s] INFO:colcon.colcon_core.shell:Skip shell extension 'powershell' for command environment: Not usable outside of PowerShell
[0.441s] DEBUG:colcon.colcon_core.shell:Skip shell extension 'dsv' for command environment
[0.445s] INFO:colcon.colcon_ros.task.ament_cmake.build:Building ROS package in '/home/zheng/carerobot_slam_ros2/src/diff_drive_gazebo' with build type 'ament_cmake'
[0.446s] INFO:colcon.colcon_cmake.task.cmake.build:Building CMake package in '/home/zheng/carerobot_slam_ros2/src/diff_drive_gazebo'
[0.446s] INFO:colcon.colcon_core.shell:Skip shell extension 'powershell' for command environment: Not usable outside of PowerShell
[0.446s] DEBUG:colcon.colcon_core.shell:Skip shell extension 'dsv' for command environment
[0.451s] INFO:colcon.colcon_ros.task.ament_cmake.build:Building ROS package in '/home/zheng/carerobot_slam_ros2/src/keyboard_control' with build type 'ament_cmake'
[0.451s] INFO:colcon.colcon_cmake.task.cmake.build:Building CMake package in '/home/zheng/carerobot_slam_ros2/src/keyboard_control'
[0.451s] INFO:colcon.colcon_core.shell:Skip shell extension 'powershell' for command environment: Not usable outside of PowerShell
[0.451s] DEBUG:colcon.colcon_core.shell:Skip shell extension 'dsv' for command environment
[0.464s] DEBUG:colcon.colcon_core.event_handler.log_command:Invoking command in '/home/zheng/carerobot_slam_ros2/build/robot_communication': CMAKE_PREFIX_PATH=${CMAKE_PREFIX_PATH}:/opt/ros/humble /usr/bin/cmake --build /home/zheng/carerobot_slam_ros2/build/robot_communication -- -j8 -l8
[0.467s] DEBUG:colcon.colcon_core.event_handler.log_command:Invoking command in '/home/zheng/carerobot_slam_ros2/build/openslam_gmapping': CMAKE_PREFIX_PATH=${CMAKE_PREFIX_PATH}:/opt/ros/humble /usr/bin/cmake --build /home/zheng/carerobot_slam_ros2/build/openslam_gmapping -- -j8 -l8
[0.470s] DEBUG:colcon.colcon_core.event_handler.log_command:Invoking command in '/home/zheng/carerobot_slam_ros2/build/diff_drive_gazebo': CMAKE_PREFIX_PATH=${CMAKE_PREFIX_PATH}:/opt/ros/humble /usr/bin/cmake --build /home/zheng/carerobot_slam_ros2/build/diff_drive_gazebo -- -j8 -l8
[0.478s] DEBUG:colcon.colcon_core.event_handler.log_command:Invoking command in '/home/zheng/carerobot_slam_ros2/build/keyboard_control': CMAKE_PREFIX_PATH=${CMAKE_PREFIX_PATH}:/opt/ros/humble /usr/bin/cmake --build /home/zheng/carerobot_slam_ros2/build/keyboard_control -- -j8 -l8
[0.552s] DEBUG:colcon.colcon_core.event_handler.log_command:Invoked command in '/home/zheng/carerobot_slam_ros2/build/diff_drive_gazebo' returned '0': CMAKE_PREFIX_PATH=${CMAKE_PREFIX_PATH}:/opt/ros/humble /usr/bin/cmake --build /home/zheng/carerobot_slam_ros2/build/diff_drive_gazebo -- -j8 -l8
[0.573s] DEBUG:colcon.colcon_core.event_handler.log_command:Invoking command in '/home/zheng/carerobot_slam_ros2/build/diff_drive_gazebo': CMAKE_PREFIX_PATH=${CMAKE_PREFIX_PATH}:/opt/ros/humble /usr/bin/cmake --install /home/zheng/carerobot_slam_ros2/build/diff_drive_gazebo
[0.604s] Level 1:colcon.colcon_core.environment:create_environment_scripts_only(diff_drive_gazebo)
[0.617s] Level 1:colcon.colcon_core.environment:checking '/home/zheng/carerobot_slam_ros2/install/diff_drive_gazebo' for CMake module files
[0.618s] DEBUG:colcon.colcon_core.event_handler.log_command:Invoked command in '/home/zheng/carerobot_slam_ros2/build/diff_drive_gazebo' returned '0': CMAKE_PREFIX_PATH=${CMAKE_PREFIX_PATH}:/opt/ros/humble /usr/bin/cmake --install /home/zheng/carerobot_slam_ros2/build/diff_drive_gazebo
[0.619s] Level 1:colcon.colcon_core.environment:checking '/home/zheng/carerobot_slam_ros2/install/diff_drive_gazebo' for CMake config files
[0.620s] Level 1:colcon.colcon_core.shell:create_environment_hook('diff_drive_gazebo', 'cmake_prefix_path')
[0.621s] INFO:colcon.colcon_core.shell:Creating environment hook '/home/zheng/carerobot_slam_ros2/install/diff_drive_gazebo/share/diff_drive_gazebo/hook/cmake_prefix_path.ps1'
[0.622s] INFO:colcon.colcon_core.shell:Creating environment descriptor '/home/zheng/carerobot_slam_ros2/install/diff_drive_gazebo/share/diff_drive_gazebo/hook/cmake_prefix_path.dsv'
[0.622s] INFO:colcon.colcon_core.shell:Creating environment hook '/home/zheng/carerobot_slam_ros2/install/diff_drive_gazebo/share/diff_drive_gazebo/hook/cmake_prefix_path.sh'
[0.623s] Level 1:colcon.colcon_core.environment:checking '/home/zheng/carerobot_slam_ros2/install/diff_drive_gazebo/bin'
[0.624s] Level 1:colcon.colcon_core.environment:checking '/home/zheng/carerobot_slam_ros2/install/diff_drive_gazebo/lib/pkgconfig/diff_drive_gazebo.pc'
[0.624s] Level 1:colcon.colcon_core.environment:checking '/home/zheng/carerobot_slam_ros2/install/diff_drive_gazebo/lib/python3.10/site-packages'
[0.625s] Level 1:colcon.colcon_core.environment:checking '/home/zheng/carerobot_slam_ros2/install/diff_drive_gazebo/bin'
[0.625s] INFO:colcon.colcon_core.shell:Creating package script '/home/zheng/carerobot_slam_ros2/install/diff_drive_gazebo/share/diff_drive_gazebo/package.ps1'
[0.627s] INFO:colcon.colcon_core.shell:Creating package descriptor '/home/zheng/carerobot_slam_ros2/install/diff_drive_gazebo/share/diff_drive_gazebo/package.dsv'
[0.628s] INFO:colcon.colcon_core.shell:Creating package script '/home/zheng/carerobot_slam_ros2/install/diff_drive_gazebo/share/diff_drive_gazebo/package.sh'
[0.629s] INFO:colcon.colcon_core.shell:Creating package script '/home/zheng/carerobot_slam_ros2/install/diff_drive_gazebo/share/diff_drive_gazebo/package.bash'
[0.630s] INFO:colcon.colcon_core.shell:Creating package script '/home/zheng/carerobot_slam_ros2/install/diff_drive_gazebo/share/diff_drive_gazebo/package.zsh'
[0.631s] Level 1:colcon.colcon_core.environment:create_file_with_runtime_dependencies(/home/zheng/carerobot_slam_ros2/install/diff_drive_gazebo/share/colcon-core/packages/diff_drive_gazebo)
[0.632s] Level 1:colcon.colcon_core.environment:create_environment_scripts_only(diff_drive_gazebo)
[0.632s] Level 1:colcon.colcon_core.environment:checking '/home/zheng/carerobot_slam_ros2/install/diff_drive_gazebo' for CMake module files
[0.633s] Level 1:colcon.colcon_core.environment:checking '/home/zheng/carerobot_slam_ros2/install/diff_drive_gazebo' for CMake config files
[0.635s] Level 1:colcon.colcon_core.shell:create_environment_hook('diff_drive_gazebo', 'cmake_prefix_path')
[0.635s] INFO:colcon.colcon_core.shell:Creating environment hook '/home/zheng/carerobot_slam_ros2/install/diff_drive_gazebo/share/diff_drive_gazebo/hook/cmake_prefix_path.ps1'
[0.636s] INFO:colcon.colcon_core.shell:Creating environment descriptor '/home/zheng/carerobot_slam_ros2/install/diff_drive_gazebo/share/diff_drive_gazebo/hook/cmake_prefix_path.dsv'
[0.637s] INFO:colcon.colcon_core.shell:Creating environment hook '/home/zheng/carerobot_slam_ros2/install/diff_drive_gazebo/share/diff_drive_gazebo/hook/cmake_prefix_path.sh'
[0.637s] Level 1:colcon.colcon_core.environment:checking '/home/zheng/carerobot_slam_ros2/install/diff_drive_gazebo/bin'
[0.637s] Level 1:colcon.colcon_core.environment:checking '/home/zheng/carerobot_slam_ros2/install/diff_drive_gazebo/lib/pkgconfig/diff_drive_gazebo.pc'
[0.638s] Level 1:colcon.colcon_core.environment:checking '/home/zheng/carerobot_slam_ros2/install/diff_drive_gazebo/lib/python3.10/site-packages'
[0.638s] Level 1:colcon.colcon_core.environment:checking '/home/zheng/carerobot_slam_ros2/install/diff_drive_gazebo/bin'
[0.639s] INFO:colcon.colcon_core.shell:Creating package script '/home/zheng/carerobot_slam_ros2/install/diff_drive_gazebo/share/diff_drive_gazebo/package.ps1'
[0.640s] INFO:colcon.colcon_core.shell:Creating package descriptor '/home/zheng/carerobot_slam_ros2/install/diff_drive_gazebo/share/diff_drive_gazebo/package.dsv'
[0.641s] INFO:colcon.colcon_core.shell:Creating package script '/home/zheng/carerobot_slam_ros2/install/diff_drive_gazebo/share/diff_drive_gazebo/package.sh'
[0.642s] INFO:colcon.colcon_core.shell:Creating package script '/home/zheng/carerobot_slam_ros2/install/diff_drive_gazebo/share/diff_drive_gazebo/package.bash'
[0.642s] INFO:colcon.colcon_core.shell:Creating package script '/home/zheng/carerobot_slam_ros2/install/diff_drive_gazebo/share/diff_drive_gazebo/package.zsh'
[0.642s] Level 1:colcon.colcon_core.environment:create_file_with_runtime_dependencies(/home/zheng/carerobot_slam_ros2/install/diff_drive_gazebo/share/colcon-core/packages/diff_drive_gazebo)
[0.645s] DEBUG:colcon.colcon_core.event_handler.log_command:Invoked command in '/home/zheng/carerobot_slam_ros2/build/keyboard_control' returned '0': CMAKE_PREFIX_PATH=${CMAKE_PREFIX_PATH}:/opt/ros/humble /usr/bin/cmake --build /home/zheng/carerobot_slam_ros2/build/keyboard_control -- -j8 -l8
[0.647s] DEBUG:colcon.colcon_core.event_handler.log_command:Invoking command in '/home/zheng/carerobot_slam_ros2/build/keyboard_control': CMAKE_PREFIX_PATH=${CMAKE_PREFIX_PATH}:/opt/ros/humble /usr/bin/cmake --install /home/zheng/carerobot_slam_ros2/build/keyboard_control
[0.659s] Level 1:colcon.colcon_core.environment:create_environment_scripts_only(keyboard_control)
[0.659s] Level 1:colcon.colcon_core.environment:checking '/home/zheng/carerobot_slam_ros2/install/keyboard_control' for CMake module files
[0.660s] DEBUG:colcon.colcon_core.event_handler.log_command:Invoked command in '/home/zheng/carerobot_slam_ros2/build/keyboard_control' returned '0': CMAKE_PREFIX_PATH=${CMAKE_PREFIX_PATH}:/opt/ros/humble /usr/bin/cmake --install /home/zheng/carerobot_slam_ros2/build/keyboard_control
[0.661s] Level 1:colcon.colcon_core.environment:checking '/home/zheng/carerobot_slam_ros2/install/keyboard_control' for CMake config files
[0.662s] Level 1:colcon.colcon_core.shell:create_environment_hook('keyboard_control', 'cmake_prefix_path')
[0.662s] INFO:colcon.colcon_core.shell:Creating environment hook '/home/zheng/carerobot_slam_ros2/install/keyboard_control/share/keyboard_control/hook/cmake_prefix_path.ps1'
[0.663s] INFO:colcon.colcon_core.shell:Creating environment descriptor '/home/zheng/carerobot_slam_ros2/install/keyboard_control/share/keyboard_control/hook/cmake_prefix_path.dsv'
[0.663s] INFO:colcon.colcon_core.shell:Creating environment hook '/home/zheng/carerobot_slam_ros2/install/keyboard_control/share/keyboard_control/hook/cmake_prefix_path.sh'
[0.664s] Level 1:colcon.colcon_core.environment:checking '/home/zheng/carerobot_slam_ros2/install/keyboard_control/lib'
[0.664s] Level 1:colcon.colcon_core.environment:checking '/home/zheng/carerobot_slam_ros2/install/keyboard_control/bin'
[0.664s] Level 1:colcon.colcon_core.environment:checking '/home/zheng/carerobot_slam_ros2/install/keyboard_control/lib/pkgconfig/keyboard_control.pc'
[0.664s] Level 1:colcon.colcon_core.environment:checking '/home/zheng/carerobot_slam_ros2/install/keyboard_control/lib/python3.10/site-packages'
[0.665s] Level 1:colcon.colcon_core.environment:checking '/home/zheng/carerobot_slam_ros2/install/keyboard_control/bin'
[0.665s] INFO:colcon.colcon_core.shell:Creating package script '/home/zheng/carerobot_slam_ros2/install/keyboard_control/share/keyboard_control/package.ps1'
[0.666s] INFO:colcon.colcon_core.shell:Creating package descriptor '/home/zheng/carerobot_slam_ros2/install/keyboard_control/share/keyboard_control/package.dsv'
[0.667s] INFO:colcon.colcon_core.shell:Creating package script '/home/zheng/carerobot_slam_ros2/install/keyboard_control/share/keyboard_control/package.sh'
[0.668s] INFO:colcon.colcon_core.shell:Creating package script '/home/zheng/carerobot_slam_ros2/install/keyboard_control/share/keyboard_control/package.bash'
[0.668s] INFO:colcon.colcon_core.shell:Creating package script '/home/zheng/carerobot_slam_ros2/install/keyboard_control/share/keyboard_control/package.zsh'
[0.669s] Level 1:colcon.colcon_core.environment:create_file_with_runtime_dependencies(/home/zheng/carerobot_slam_ros2/install/keyboard_control/share/colcon-core/packages/keyboard_control)
[0.670s] Level 1:colcon.colcon_core.environment:create_environment_scripts_only(keyboard_control)
[0.670s] Level 1:colcon.colcon_core.environment:checking '/home/zheng/carerobot_slam_ros2/install/keyboard_control' for CMake module files
[0.671s] Level 1:colcon.colcon_core.environment:checking '/home/zheng/carerobot_slam_ros2/install/keyboard_control' for CMake config files
[0.671s] Level 1:colcon.colcon_core.shell:create_environment_hook('keyboard_control', 'cmake_prefix_path')
[0.672s] INFO:colcon.colcon_core.shell:Creating environment hook '/home/zheng/carerobot_slam_ros2/install/keyboard_control/share/keyboard_control/hook/cmake_prefix_path.ps1'
[0.672s] INFO:colcon.colcon_core.shell:Creating environment descriptor '/home/zheng/carerobot_slam_ros2/install/keyboard_control/share/keyboard_control/hook/cmake_prefix_path.dsv'
[0.673s] INFO:colcon.colcon_core.shell:Creating environment hook '/home/zheng/carerobot_slam_ros2/install/keyboard_control/share/keyboard_control/hook/cmake_prefix_path.sh'
[0.674s] Level 1:colcon.colcon_core.environment:checking '/home/zheng/carerobot_slam_ros2/install/keyboard_control/lib'
[0.674s] Level 1:colcon.colcon_core.environment:checking '/home/zheng/carerobot_slam_ros2/install/keyboard_control/bin'
[0.674s] Level 1:colcon.colcon_core.environment:checking '/home/zheng/carerobot_slam_ros2/install/keyboard_control/lib/pkgconfig/keyboard_control.pc'
[0.674s] Level 1:colcon.colcon_core.environment:checking '/home/zheng/carerobot_slam_ros2/install/keyboard_control/lib/python3.10/site-packages'
[0.675s] Level 1:colcon.colcon_core.environment:checking '/home/zheng/carerobot_slam_ros2/install/keyboard_control/bin'
[0.676s] INFO:colcon.colcon_core.shell:Creating package script '/home/zheng/carerobot_slam_ros2/install/keyboard_control/share/keyboard_control/package.ps1'
[0.677s] INFO:colcon.colcon_core.shell:Creating package descriptor '/home/zheng/carerobot_slam_ros2/install/keyboard_control/share/keyboard_control/package.dsv'
[0.678s] INFO:colcon.colcon_core.shell:Creating package script '/home/zheng/carerobot_slam_ros2/install/keyboard_control/share/keyboard_control/package.sh'
[0.679s] INFO:colcon.colcon_core.shell:Creating package script '/home/zheng/carerobot_slam_ros2/install/keyboard_control/share/keyboard_control/package.bash'
[0.679s] INFO:colcon.colcon_core.shell:Creating package script '/home/zheng/carerobot_slam_ros2/install/keyboard_control/share/keyboard_control/package.zsh'
[0.680s] Level 1:colcon.colcon_core.environment:create_file_with_runtime_dependencies(/home/zheng/carerobot_slam_ros2/install/keyboard_control/share/colcon-core/packages/keyboard_control)
[0.729s] DEBUG:colcon.colcon_core.event_handler.log_command:Invoked command in '/home/zheng/carerobot_slam_ros2/build/openslam_gmapping' returned '0': CMAKE_PREFIX_PATH=${CMAKE_PREFIX_PATH}:/opt/ros/humble /usr/bin/cmake --build /home/zheng/carerobot_slam_ros2/build/openslam_gmapping -- -j8 -l8
[0.734s] DEBUG:colcon.colcon_core.event_handler.log_command:Invoking command in '/home/zheng/carerobot_slam_ros2/build/openslam_gmapping': CMAKE_PREFIX_PATH=${CMAKE_PREFIX_PATH}:/opt/ros/humble /usr/bin/cmake --install /home/zheng/carerobot_slam_ros2/build/openslam_gmapping
[0.779s] Level 1:colcon.colcon_core.environment:create_environment_scripts_only(openslam_gmapping)
[0.780s] Level 1:colcon.colcon_core.environment:checking '/home/zheng/carerobot_slam_ros2/install/openslam_gmapping' for CMake module files
[0.780s] Level 1:colcon.colcon_core.environment:checking '/home/zheng/carerobot_slam_ros2/install/openslam_gmapping' for CMake config files
[0.781s] Level 1:colcon.colcon_core.shell:create_environment_hook('openslam_gmapping', 'cmake_prefix_path')
[0.781s] INFO:colcon.colcon_core.shell:Creating environment hook '/home/zheng/carerobot_slam_ros2/install/openslam_gmapping/share/openslam_gmapping/hook/cmake_prefix_path.ps1'
[0.782s] INFO:colcon.colcon_core.shell:Creating environment descriptor '/home/zheng/carerobot_slam_ros2/install/openslam_gmapping/share/openslam_gmapping/hook/cmake_prefix_path.dsv'
[0.782s] INFO:colcon.colcon_core.shell:Creating environment hook '/home/zheng/carerobot_slam_ros2/install/openslam_gmapping/share/openslam_gmapping/hook/cmake_prefix_path.sh'
[0.783s] Level 1:colcon.colcon_core.environment:checking '/home/zheng/carerobot_slam_ros2/install/openslam_gmapping/lib'
[0.783s] Level 1:colcon.colcon_core.environment:checking '/home/zheng/carerobot_slam_ros2/install/openslam_gmapping/bin'
[0.783s] Level 1:colcon.colcon_core.environment:checking '/home/zheng/carerobot_slam_ros2/install/openslam_gmapping/lib/pkgconfig/openslam_gmapping.pc'
[0.784s] Level 1:colcon.colcon_core.environment:checking '/home/zheng/carerobot_slam_ros2/install/openslam_gmapping/lib/python3.10/site-packages'
[0.784s] Level 1:colcon.colcon_core.environment:checking '/home/zheng/carerobot_slam_ros2/install/openslam_gmapping/bin'
[0.785s] INFO:colcon.colcon_core.shell:Creating package script '/home/zheng/carerobot_slam_ros2/install/openslam_gmapping/share/openslam_gmapping/package.ps1'
[0.788s] INFO:colcon.colcon_core.shell:Creating package descriptor '/home/zheng/carerobot_slam_ros2/install/openslam_gmapping/share/openslam_gmapping/package.dsv'
[0.788s] INFO:colcon.colcon_core.shell:Creating package script '/home/zheng/carerobot_slam_ros2/install/openslam_gmapping/share/openslam_gmapping/package.sh'
[0.787s] DEBUG:colcon.colcon_core.event_handler.log_command:Invoked command in '/home/zheng/carerobot_slam_ros2/build/openslam_gmapping' returned '0': CMAKE_PREFIX_PATH=${CMAKE_PREFIX_PATH}:/opt/ros/humble /usr/bin/cmake --install /home/zheng/carerobot_slam_ros2/build/openslam_gmapping
[0.789s] INFO:colcon.colcon_core.shell:Creating package script '/home/zheng/carerobot_slam_ros2/install/openslam_gmapping/share/openslam_gmapping/package.bash'
[0.790s] INFO:colcon.colcon_core.shell:Creating package script '/home/zheng/carerobot_slam_ros2/install/openslam_gmapping/share/openslam_gmapping/package.zsh'
[0.790s] Level 1:colcon.colcon_core.environment:create_file_with_runtime_dependencies(/home/zheng/carerobot_slam_ros2/install/openslam_gmapping/share/colcon-core/packages/openslam_gmapping)
[0.791s] Level 1:colcon.colcon_core.environment:create_environment_scripts_only(openslam_gmapping)
[0.791s] Level 1:colcon.colcon_core.environment:checking '/home/zheng/carerobot_slam_ros2/install/openslam_gmapping' for CMake module files
[0.792s] Level 1:colcon.colcon_core.environment:checking '/home/zheng/carerobot_slam_ros2/install/openslam_gmapping' for CMake config files
[0.793s] Level 1:colcon.colcon_core.shell:create_environment_hook('openslam_gmapping', 'cmake_prefix_path')
[0.793s] INFO:colcon.colcon_core.shell:Creating environment hook '/home/zheng/carerobot_slam_ros2/install/openslam_gmapping/share/openslam_gmapping/hook/cmake_prefix_path.ps1'
[0.794s] INFO:colcon.colcon_core.shell:Creating environment descriptor '/home/zheng/carerobot_slam_ros2/install/openslam_gmapping/share/openslam_gmapping/hook/cmake_prefix_path.dsv'
[0.794s] INFO:colcon.colcon_core.shell:Creating environment hook '/home/zheng/carerobot_slam_ros2/install/openslam_gmapping/share/openslam_gmapping/hook/cmake_prefix_path.sh'
[0.795s] Level 1:colcon.colcon_core.environment:checking '/home/zheng/carerobot_slam_ros2/install/openslam_gmapping/lib'
[0.795s] Level 1:colcon.colcon_core.environment:checking '/home/zheng/carerobot_slam_ros2/install/openslam_gmapping/bin'
[0.795s] Level 1:colcon.colcon_core.environment:checking '/home/zheng/carerobot_slam_ros2/install/openslam_gmapping/lib/pkgconfig/openslam_gmapping.pc'
[0.795s] Level 1:colcon.colcon_core.environment:checking '/home/zheng/carerobot_slam_ros2/install/openslam_gmapping/lib/python3.10/site-packages'
[0.796s] Level 1:colcon.colcon_core.environment:checking '/home/zheng/carerobot_slam_ros2/install/openslam_gmapping/bin'
[0.796s] INFO:colcon.colcon_core.shell:Creating package script '/home/zheng/carerobot_slam_ros2/install/openslam_gmapping/share/openslam_gmapping/package.ps1'
[0.797s] INFO:colcon.colcon_core.shell:Creating package descriptor '/home/zheng/carerobot_slam_ros2/install/openslam_gmapping/share/openslam_gmapping/package.dsv'
[0.798s] INFO:colcon.colcon_core.shell:Creating package script '/home/zheng/carerobot_slam_ros2/install/openslam_gmapping/share/openslam_gmapping/package.sh'
[0.798s] INFO:colcon.colcon_core.shell:Creating package script '/home/zheng/carerobot_slam_ros2/install/openslam_gmapping/share/openslam_gmapping/package.bash'
[0.799s] INFO:colcon.colcon_core.shell:Creating package script '/home/zheng/carerobot_slam_ros2/install/openslam_gmapping/share/openslam_gmapping/package.zsh'
[0.800s] Level 1:colcon.colcon_core.environment:create_file_with_runtime_dependencies(/home/zheng/carerobot_slam_ros2/install/openslam_gmapping/share/colcon-core/packages/openslam_gmapping)
[0.800s] INFO:colcon.colcon_ros.task.ament_cmake.build:Building ROS package in '/home/zheng/carerobot_slam_ros2/src/slam_gmapping' with build type 'ament_cmake'
[0.800s] INFO:colcon.colcon_cmake.task.cmake.build:Building CMake package in '/home/zheng/carerobot_slam_ros2/src/slam_gmapping'
[0.800s] INFO:colcon.colcon_core.shell:Skip shell extension 'powershell' for command environment: Not usable outside of PowerShell
[0.801s] DEBUG:colcon.colcon_core.shell:Skip shell extension 'dsv' for command environment
[0.813s] DEBUG:colcon.colcon_core.event_handler.log_command:Invoking command in '/home/zheng/carerobot_slam_ros2/build/slam_gmapping': CMAKE_PREFIX_PATH=/home/zheng/carerobot_slam_ros2/install/openslam_gmapping:/home/zheng/carerobot_slam_ros2/install/slam_gmapping:/home/zheng/carerobot_slam_ros2/install/robot_pid_local_planner:/home/zheng/carerobot_slam_ros2/install/robot_navigation:/home/zheng/carerobot_slam_ros2/install/robot_costmap:/home/zheng/carerobot_slam_ros2/install/robot_communication:/home/zheng/carerobot_slam_ros2/install/keyboard_control:/home/zheng/carerobot_slam_ros2/install/diff_drive_gazebo:/opt/ros/humble /usr/bin/cmake --build /home/zheng/carerobot_slam_ros2/build/slam_gmapping -- -j8 -l8
[0.885s] DEBUG:colcon.colcon_core.event_handler.log_command:Invoked command in '/home/zheng/carerobot_slam_ros2/build/slam_gmapping' returned '0': CMAKE_PREFIX_PATH=/home/zheng/carerobot_slam_ros2/install/openslam_gmapping:/home/zheng/carerobot_slam_ros2/install/slam_gmapping:/home/zheng/carerobot_slam_ros2/install/robot_pid_local_planner:/home/zheng/carerobot_slam_ros2/install/robot_navigation:/home/zheng/carerobot_slam_ros2/install/robot_costmap:/home/zheng/carerobot_slam_ros2/install/robot_communication:/home/zheng/carerobot_slam_ros2/install/keyboard_control:/home/zheng/carerobot_slam_ros2/install/diff_drive_gazebo:/opt/ros/humble /usr/bin/cmake --build /home/zheng/carerobot_slam_ros2/build/slam_gmapping -- -j8 -l8
[0.887s] DEBUG:colcon.colcon_core.event_handler.log_command:Invoking command in '/home/zheng/carerobot_slam_ros2/build/slam_gmapping': CMAKE_PREFIX_PATH=/home/zheng/carerobot_slam_ros2/install/openslam_gmapping:/home/zheng/carerobot_slam_ros2/install/slam_gmapping:/home/zheng/carerobot_slam_ros2/install/robot_pid_local_planner:/home/zheng/carerobot_slam_ros2/install/robot_navigation:/home/zheng/carerobot_slam_ros2/install/robot_costmap:/home/zheng/carerobot_slam_ros2/install/robot_communication:/home/zheng/carerobot_slam_ros2/install/keyboard_control:/home/zheng/carerobot_slam_ros2/install/diff_drive_gazebo:/opt/ros/humble /usr/bin/cmake --install /home/zheng/carerobot_slam_ros2/build/slam_gmapping
[0.898s] Level 1:colcon.colcon_core.environment:create_environment_scripts_only(slam_gmapping)
[0.898s] Level 1:colcon.colcon_core.environment:checking '/home/zheng/carerobot_slam_ros2/install/slam_gmapping' for CMake module files
[0.899s] DEBUG:colcon.colcon_core.event_handler.log_command:Invoked command in '/home/zheng/carerobot_slam_ros2/build/slam_gmapping' returned '0': CMAKE_PREFIX_PATH=/home/zheng/carerobot_slam_ros2/install/openslam_gmapping:/home/zheng/carerobot_slam_ros2/install/slam_gmapping:/home/zheng/carerobot_slam_ros2/install/robot_pid_local_planner:/home/zheng/carerobot_slam_ros2/install/robot_navigation:/home/zheng/carerobot_slam_ros2/install/robot_costmap:/home/zheng/carerobot_slam_ros2/install/robot_communication:/home/zheng/carerobot_slam_ros2/install/keyboard_control:/home/zheng/carerobot_slam_ros2/install/diff_drive_gazebo:/opt/ros/humble /usr/bin/cmake --install /home/zheng/carerobot_slam_ros2/build/slam_gmapping
[0.899s] Level 1:colcon.colcon_core.environment:checking '/home/zheng/carerobot_slam_ros2/install/slam_gmapping' for CMake config files
[0.900s] Level 1:colcon.colcon_core.shell:create_environment_hook('slam_gmapping', 'cmake_prefix_path')
[0.900s] INFO:colcon.colcon_core.shell:Creating environment hook '/home/zheng/carerobot_slam_ros2/install/slam_gmapping/share/slam_gmapping/hook/cmake_prefix_path.ps1'
[0.900s] INFO:colcon.colcon_core.shell:Creating environment descriptor '/home/zheng/carerobot_slam_ros2/install/slam_gmapping/share/slam_gmapping/hook/cmake_prefix_path.dsv'
[0.901s] INFO:colcon.colcon_core.shell:Creating environment hook '/home/zheng/carerobot_slam_ros2/install/slam_gmapping/share/slam_gmapping/hook/cmake_prefix_path.sh'
[0.901s] Level 1:colcon.colcon_core.environment:checking '/home/zheng/carerobot_slam_ros2/install/slam_gmapping/lib'
[0.901s] Level 1:colcon.colcon_core.environment:checking '/home/zheng/carerobot_slam_ros2/install/slam_gmapping/bin'
[0.902s] Level 1:colcon.colcon_core.environment:checking '/home/zheng/carerobot_slam_ros2/install/slam_gmapping/lib/pkgconfig/slam_gmapping.pc'
[0.902s] Level 1:colcon.colcon_core.environment:checking '/home/zheng/carerobot_slam_ros2/install/slam_gmapping/lib/python3.10/site-packages'
[0.902s] Level 1:colcon.colcon_core.environment:checking '/home/zheng/carerobot_slam_ros2/install/slam_gmapping/bin'
[0.902s] INFO:colcon.colcon_core.shell:Creating package script '/home/zheng/carerobot_slam_ros2/install/slam_gmapping/share/slam_gmapping/package.ps1'
[0.903s] INFO:colcon.colcon_core.shell:Creating package descriptor '/home/zheng/carerobot_slam_ros2/install/slam_gmapping/share/slam_gmapping/package.dsv'
[0.904s] INFO:colcon.colcon_core.shell:Creating package script '/home/zheng/carerobot_slam_ros2/install/slam_gmapping/share/slam_gmapping/package.sh'
[0.904s] INFO:colcon.colcon_core.shell:Creating package script '/home/zheng/carerobot_slam_ros2/install/slam_gmapping/share/slam_gmapping/package.bash'
[0.904s] INFO:colcon.colcon_core.shell:Creating package script '/home/zheng/carerobot_slam_ros2/install/slam_gmapping/share/slam_gmapping/package.zsh'
[0.905s] Level 1:colcon.colcon_core.environment:create_file_with_runtime_dependencies(/home/zheng/carerobot_slam_ros2/install/slam_gmapping/share/colcon-core/packages/slam_gmapping)
[0.905s] Level 1:colcon.colcon_core.environment:create_environment_scripts_only(slam_gmapping)
[0.906s] Level 1:colcon.colcon_core.environment:checking '/home/zheng/carerobot_slam_ros2/install/slam_gmapping' for CMake module files
[0.906s] Level 1:colcon.colcon_core.environment:checking '/home/zheng/carerobot_slam_ros2/install/slam_gmapping' for CMake config files
[0.906s] Level 1:colcon.colcon_core.shell:create_environment_hook('slam_gmapping', 'cmake_prefix_path')
[0.907s] INFO:colcon.colcon_core.shell:Creating environment hook '/home/zheng/carerobot_slam_ros2/install/slam_gmapping/share/slam_gmapping/hook/cmake_prefix_path.ps1'
[0.907s] INFO:colcon.colcon_core.shell:Creating environment descriptor '/home/zheng/carerobot_slam_ros2/install/slam_gmapping/share/slam_gmapping/hook/cmake_prefix_path.dsv'
[0.908s] INFO:colcon.colcon_core.shell:Creating environment hook '/home/zheng/carerobot_slam_ros2/install/slam_gmapping/share/slam_gmapping/hook/cmake_prefix_path.sh'
[0.908s] Level 1:colcon.colcon_core.environment:checking '/home/zheng/carerobot_slam_ros2/install/slam_gmapping/lib'
[0.908s] Level 1:colcon.colcon_core.environment:checking '/home/zheng/carerobot_slam_ros2/install/slam_gmapping/bin'
[0.908s] Level 1:colcon.colcon_core.environment:checking '/home/zheng/carerobot_slam_ros2/install/slam_gmapping/lib/pkgconfig/slam_gmapping.pc'
[0.909s] Level 1:colcon.colcon_core.environment:checking '/home/zheng/carerobot_slam_ros2/install/slam_gmapping/lib/python3.10/site-packages'
[0.909s] Level 1:colcon.colcon_core.environment:checking '/home/zheng/carerobot_slam_ros2/install/slam_gmapping/bin'
[0.910s] INFO:colcon.colcon_core.shell:Creating package script '/home/zheng/carerobot_slam_ros2/install/slam_gmapping/share/slam_gmapping/package.ps1'
[0.910s] INFO:colcon.colcon_core.shell:Creating package descriptor '/home/zheng/carerobot_slam_ros2/install/slam_gmapping/share/slam_gmapping/package.dsv'
[0.911s] INFO:colcon.colcon_core.shell:Creating package script '/home/zheng/carerobot_slam_ros2/install/slam_gmapping/share/slam_gmapping/package.sh'
[0.911s] INFO:colcon.colcon_core.shell:Creating package script '/home/zheng/carerobot_slam_ros2/install/slam_gmapping/share/slam_gmapping/package.bash'
[0.912s] INFO:colcon.colcon_core.shell:Creating package script '/home/zheng/carerobot_slam_ros2/install/slam_gmapping/share/slam_gmapping/package.zsh'
[0.912s] Level 1:colcon.colcon_core.environment:create_file_with_runtime_dependencies(/home/zheng/carerobot_slam_ros2/install/slam_gmapping/share/colcon-core/packages/slam_gmapping)
[1.004s] DEBUG:colcon.colcon_core.event_handler.log_command:Invoked command in '/home/zheng/carerobot_slam_ros2/build/robot_communication' returned '0': CMAKE_PREFIX_PATH=${CMAKE_PREFIX_PATH}:/opt/ros/humble /usr/bin/cmake --build /home/zheng/carerobot_slam_ros2/build/robot_communication -- -j8 -l8
[1.006s] DEBUG:colcon.colcon_core.event_handler.log_command:Invoking command in '/home/zheng/carerobot_slam_ros2/build/robot_communication': CMAKE_PREFIX_PATH=${CMAKE_PREFIX_PATH}:/opt/ros/humble /usr/bin/cmake --install /home/zheng/carerobot_slam_ros2/build/robot_communication
[1.087s] Level 1:colcon.colcon_core.environment:create_environment_scripts_only(robot_communication)
[1.087s] Level 1:colcon.colcon_core.environment:checking '/home/zheng/carerobot_slam_ros2/install/robot_communication' for CMake module files
[1.088s] Level 1:colcon.colcon_core.environment:checking '/home/zheng/carerobot_slam_ros2/install/robot_communication' for CMake config files
[1.090s] Level 1:colcon.colcon_core.shell:create_environment_hook('robot_communication', 'cmake_prefix_path')
[1.091s] INFO:colcon.colcon_core.shell:Creating environment hook '/home/zheng/carerobot_slam_ros2/install/robot_communication/share/robot_communication/hook/cmake_prefix_path.ps1'
[1.091s] INFO:colcon.colcon_core.shell:Creating environment descriptor '/home/zheng/carerobot_slam_ros2/install/robot_communication/share/robot_communication/hook/cmake_prefix_path.dsv'
[1.092s] INFO:colcon.colcon_core.shell:Creating environment hook '/home/zheng/carerobot_slam_ros2/install/robot_communication/share/robot_communication/hook/cmake_prefix_path.sh'
[1.094s] Level 1:colcon.colcon_core.environment:checking '/home/zheng/carerobot_slam_ros2/install/robot_communication/lib'
[1.095s] Level 1:colcon.colcon_core.shell:create_environment_hook('robot_communication', 'ld_library_path_lib')
[1.096s] INFO:colcon.colcon_core.shell:Creating environment hook '/home/zheng/carerobot_slam_ros2/install/robot_communication/share/robot_communication/hook/ld_library_path_lib.ps1'
[1.096s] INFO:colcon.colcon_core.shell:Creating environment descriptor '/home/zheng/carerobot_slam_ros2/install/robot_communication/share/robot_communication/hook/ld_library_path_lib.dsv'
[1.097s] INFO:colcon.colcon_core.shell:Creating environment hook '/home/zheng/carerobot_slam_ros2/install/robot_communication/share/robot_communication/hook/ld_library_path_lib.sh'
[1.097s] Level 1:colcon.colcon_core.environment:checking '/home/zheng/carerobot_slam_ros2/install/robot_communication/bin'
[1.097s] Level 1:colcon.colcon_core.environment:checking '/home/zheng/carerobot_slam_ros2/install/robot_communication/lib/pkgconfig/robot_communication.pc'
[1.098s] Level 1:colcon.colcon_core.environment:checking '/home/zheng/carerobot_slam_ros2/install/robot_communication/lib/python3.10/site-packages'
[1.098s] Level 1:colcon.colcon_core.environment:checking '/home/zheng/carerobot_slam_ros2/install/robot_communication/bin'
[1.099s] INFO:colcon.colcon_core.shell:Creating package script '/home/zheng/carerobot_slam_ros2/install/robot_communication/share/robot_communication/package.ps1'
[1.101s] DEBUG:colcon.colcon_core.event_handler.log_command:Invoked command in '/home/zheng/carerobot_slam_ros2/build/robot_communication' returned '0': CMAKE_PREFIX_PATH=${CMAKE_PREFIX_PATH}:/opt/ros/humble /usr/bin/cmake --install /home/zheng/carerobot_slam_ros2/build/robot_communication
[1.101s] INFO:colcon.colcon_core.shell:Creating package descriptor '/home/zheng/carerobot_slam_ros2/install/robot_communication/share/robot_communication/package.dsv'
[1.101s] INFO:colcon.colcon_core.shell:Creating package script '/home/zheng/carerobot_slam_ros2/install/robot_communication/share/robot_communication/package.sh'
[1.102s] INFO:colcon.colcon_core.shell:Creating package script '/home/zheng/carerobot_slam_ros2/install/robot_communication/share/robot_communication/package.bash'
[1.103s] INFO:colcon.colcon_core.shell:Creating package script '/home/zheng/carerobot_slam_ros2/install/robot_communication/share/robot_communication/package.zsh'
[1.103s] Level 1:colcon.colcon_core.environment:create_file_with_runtime_dependencies(/home/zheng/carerobot_slam_ros2/install/robot_communication/share/colcon-core/packages/robot_communication)
[1.105s] Level 1:colcon.colcon_core.environment:create_environment_scripts_only(robot_communication)
[1.105s] Level 1:colcon.colcon_core.environment:checking '/home/zheng/carerobot_slam_ros2/install/robot_communication' for CMake module files
[1.107s] Level 1:colcon.colcon_core.environment:checking '/home/zheng/carerobot_slam_ros2/install/robot_communication' for CMake config files
[1.108s] Level 1:colcon.colcon_core.shell:create_environment_hook('robot_communication', 'cmake_prefix_path')
[1.109s] INFO:colcon.colcon_core.shell:Creating environment hook '/home/zheng/carerobot_slam_ros2/install/robot_communication/share/robot_communication/hook/cmake_prefix_path.ps1'
[1.109s] INFO:colcon.colcon_core.shell:Creating environment descriptor '/home/zheng/carerobot_slam_ros2/install/robot_communication/share/robot_communication/hook/cmake_prefix_path.dsv'
[1.110s] INFO:colcon.colcon_core.shell:Creating environment hook '/home/zheng/carerobot_slam_ros2/install/robot_communication/share/robot_communication/hook/cmake_prefix_path.sh'
[1.111s] Level 1:colcon.colcon_core.environment:checking '/home/zheng/carerobot_slam_ros2/install/robot_communication/lib'
[1.111s] Level 1:colcon.colcon_core.shell:create_environment_hook('robot_communication', 'ld_library_path_lib')
[1.111s] INFO:colcon.colcon_core.shell:Creating environment hook '/home/zheng/carerobot_slam_ros2/install/robot_communication/share/robot_communication/hook/ld_library_path_lib.ps1'
[1.119s] INFO:colcon.colcon_core.shell:Creating environment descriptor '/home/zheng/carerobot_slam_ros2/install/robot_communication/share/robot_communication/hook/ld_library_path_lib.dsv'
[1.119s] INFO:colcon.colcon_core.shell:Creating environment hook '/home/zheng/carerobot_slam_ros2/install/robot_communication/share/robot_communication/hook/ld_library_path_lib.sh'
[1.120s] Level 1:colcon.colcon_core.environment:checking '/home/zheng/carerobot_slam_ros2/install/robot_communication/bin'
[1.120s] Level 1:colcon.colcon_core.environment:checking '/home/zheng/carerobot_slam_ros2/install/robot_communication/lib/pkgconfig/robot_communication.pc'
[1.121s] Level 1:colcon.colcon_core.environment:checking '/home/zheng/carerobot_slam_ros2/install/robot_communication/lib/python3.10/site-packages'
[1.121s] Level 1:colcon.colcon_core.environment:checking '/home/zheng/carerobot_slam_ros2/install/robot_communication/bin'
[1.121s] INFO:colcon.colcon_core.shell:Creating package script '/home/zheng/carerobot_slam_ros2/install/robot_communication/share/robot_communication/package.ps1'
[1.122s] INFO:colcon.colcon_core.shell:Creating package descriptor '/home/zheng/carerobot_slam_ros2/install/robot_communication/share/robot_communication/package.dsv'
[1.123s] INFO:colcon.colcon_core.shell:Creating package script '/home/zheng/carerobot_slam_ros2/install/robot_communication/share/robot_communication/package.sh'
[1.124s] INFO:colcon.colcon_core.shell:Creating package script '/home/zheng/carerobot_slam_ros2/install/robot_communication/share/robot_communication/package.bash'
[1.124s] INFO:colcon.colcon_core.shell:Creating package script '/home/zheng/carerobot_slam_ros2/install/robot_communication/share/robot_communication/package.zsh'
[1.125s] Level 1:colcon.colcon_core.environment:create_file_with_runtime_dependencies(/home/zheng/carerobot_slam_ros2/install/robot_communication/share/colcon-core/packages/robot_communication)
[1.125s] INFO:colcon.colcon_ros.task.ament_cmake.build:Building ROS package in '/home/zheng/carerobot_slam_ros2/src/robot_costmap' with build type 'ament_cmake'
[1.125s] INFO:colcon.colcon_cmake.task.cmake.build:Building CMake package in '/home/zheng/carerobot_slam_ros2/src/robot_costmap'
[1.126s] INFO:colcon.colcon_core.shell:Skip shell extension 'powershell' for command environment: Not usable outside of PowerShell
[1.126s] DEBUG:colcon.colcon_core.shell:Skip shell extension 'dsv' for command environment
[1.132s] INFO:colcon.colcon_ros.task.ament_cmake.build:Building ROS package in '/home/zheng/carerobot_slam_ros2/src/robot_pid_local_planner' with build type 'ament_cmake'
[1.132s] INFO:colcon.colcon_cmake.task.cmake.build:Building CMake package in '/home/zheng/carerobot_slam_ros2/src/robot_pid_local_planner'
[1.133s] INFO:colcon.colcon_core.shell:Skip shell extension 'powershell' for command environment: Not usable outside of PowerShell
[1.133s] DEBUG:colcon.colcon_core.shell:Skip shell extension 'dsv' for command environment
[1.149s] DEBUG:colcon.colcon_core.event_handler.log_command:Invoking command in '/home/zheng/carerobot_slam_ros2/build/robot_costmap': CMAKE_PREFIX_PATH=/home/zheng/carerobot_slam_ros2/install/robot_communication:/home/zheng/carerobot_slam_ros2/install/slam_gmapping:/home/zheng/carerobot_slam_ros2/install/robot_pid_local_planner:/home/zheng/carerobot_slam_ros2/install/robot_navigation:/home/zheng/carerobot_slam_ros2/install/robot_costmap:/home/zheng/carerobot_slam_ros2/install/openslam_gmapping:/home/zheng/carerobot_slam_ros2/install/keyboard_control:/home/zheng/carerobot_slam_ros2/install/diff_drive_gazebo:/opt/ros/humble LD_LIBRARY_PATH=/home/zheng/carerobot_slam_ros2/install/robot_communication/lib:/home/zheng/carerobot_slam_ros2/install/robot_costmap/lib:/home/zheng/carerobot_slam_ros2/install/openslam_gmapping/lib:/usr/lib/x86_64-linux-gnu/gazebo-11/plugins:/opt/ros/humble/opt/rviz_ogre_vendor/lib:/opt/ros/humble/lib/x86_64-linux-gnu:/opt/ros/humble/lib /usr/bin/cmake --build /home/zheng/carerobot_slam_ros2/build/robot_costmap -- -j8 -l8
[1.157s] DEBUG:colcon.colcon_core.event_handler.log_command:Invoking command in '/home/zheng/carerobot_slam_ros2/build/robot_pid_local_planner': CMAKE_PREFIX_PATH=/home/zheng/carerobot_slam_ros2/install/robot_communication:/home/zheng/carerobot_slam_ros2/install/slam_gmapping:/home/zheng/carerobot_slam_ros2/install/robot_pid_local_planner:/home/zheng/carerobot_slam_ros2/install/robot_navigation:/home/zheng/carerobot_slam_ros2/install/robot_costmap:/home/zheng/carerobot_slam_ros2/install/openslam_gmapping:/home/zheng/carerobot_slam_ros2/install/keyboard_control:/home/zheng/carerobot_slam_ros2/install/diff_drive_gazebo:/opt/ros/humble LD_LIBRARY_PATH=/home/zheng/carerobot_slam_ros2/install/robot_communication/lib:/home/zheng/carerobot_slam_ros2/install/robot_costmap/lib:/home/zheng/carerobot_slam_ros2/install/openslam_gmapping/lib:/usr/lib/x86_64-linux-gnu/gazebo-11/plugins:/opt/ros/humble/opt/rviz_ogre_vendor/lib:/opt/ros/humble/lib/x86_64-linux-gnu:/opt/ros/humble/lib /usr/bin/cmake --build /home/zheng/carerobot_slam_ros2/build/robot_pid_local_planner -- -j8 -l8
[1.241s] DEBUG:colcon.colcon_core.event_handler.log_command:Invoked command in '/home/zheng/carerobot_slam_ros2/build/robot_pid_local_planner' returned '0': CMAKE_PREFIX_PATH=/home/zheng/carerobot_slam_ros2/install/robot_communication:/home/zheng/carerobot_slam_ros2/install/slam_gmapping:/home/zheng/carerobot_slam_ros2/install/robot_pid_local_planner:/home/zheng/carerobot_slam_ros2/install/robot_navigation:/home/zheng/carerobot_slam_ros2/install/robot_costmap:/home/zheng/carerobot_slam_ros2/install/openslam_gmapping:/home/zheng/carerobot_slam_ros2/install/keyboard_control:/home/zheng/carerobot_slam_ros2/install/diff_drive_gazebo:/opt/ros/humble LD_LIBRARY_PATH=/home/zheng/carerobot_slam_ros2/install/robot_communication/lib:/home/zheng/carerobot_slam_ros2/install/robot_costmap/lib:/home/zheng/carerobot_slam_ros2/install/openslam_gmapping/lib:/usr/lib/x86_64-linux-gnu/gazebo-11/plugins:/opt/ros/humble/opt/rviz_ogre_vendor/lib:/opt/ros/humble/lib/x86_64-linux-gnu:/opt/ros/humble/lib /usr/bin/cmake --build /home/zheng/carerobot_slam_ros2/build/robot_pid_local_planner -- -j8 -l8
[1.245s] DEBUG:colcon.colcon_core.event_handler.log_command:Invoking command in '/home/zheng/carerobot_slam_ros2/build/robot_pid_local_planner': CMAKE_PREFIX_PATH=/home/zheng/carerobot_slam_ros2/install/robot_communication:/home/zheng/carerobot_slam_ros2/install/slam_gmapping:/home/zheng/carerobot_slam_ros2/install/robot_pid_local_planner:/home/zheng/carerobot_slam_ros2/install/robot_navigation:/home/zheng/carerobot_slam_ros2/install/robot_costmap:/home/zheng/carerobot_slam_ros2/install/openslam_gmapping:/home/zheng/carerobot_slam_ros2/install/keyboard_control:/home/zheng/carerobot_slam_ros2/install/diff_drive_gazebo:/opt/ros/humble LD_LIBRARY_PATH=/home/zheng/carerobot_slam_ros2/install/robot_communication/lib:/home/zheng/carerobot_slam_ros2/install/robot_costmap/lib:/home/zheng/carerobot_slam_ros2/install/openslam_gmapping/lib:/usr/lib/x86_64-linux-gnu/gazebo-11/plugins:/opt/ros/humble/opt/rviz_ogre_vendor/lib:/opt/ros/humble/lib/x86_64-linux-gnu:/opt/ros/humble/lib /usr/bin/cmake --install /home/zheng/carerobot_slam_ros2/build/robot_pid_local_planner
[1.254s] Level 1:colcon.colcon_core.environment:create_environment_scripts_only(robot_pid_local_planner)
[1.255s] Level 1:colcon.colcon_core.environment:checking '/home/zheng/carerobot_slam_ros2/install/robot_pid_local_planner' for CMake module files
[1.256s] DEBUG:colcon.colcon_core.event_handler.log_command:Invoked command in '/home/zheng/carerobot_slam_ros2/build/robot_pid_local_planner' returned '0': CMAKE_PREFIX_PATH=/home/zheng/carerobot_slam_ros2/install/robot_communication:/home/zheng/carerobot_slam_ros2/install/slam_gmapping:/home/zheng/carerobot_slam_ros2/install/robot_pid_local_planner:/home/zheng/carerobot_slam_ros2/install/robot_navigation:/home/zheng/carerobot_slam_ros2/install/robot_costmap:/home/zheng/carerobot_slam_ros2/install/openslam_gmapping:/home/zheng/carerobot_slam_ros2/install/keyboard_control:/home/zheng/carerobot_slam_ros2/install/diff_drive_gazebo:/opt/ros/humble LD_LIBRARY_PATH=/home/zheng/carerobot_slam_ros2/install/robot_communication/lib:/home/zheng/carerobot_slam_ros2/install/robot_costmap/lib:/home/zheng/carerobot_slam_ros2/install/openslam_gmapping/lib:/usr/lib/x86_64-linux-gnu/gazebo-11/plugins:/opt/ros/humble/opt/rviz_ogre_vendor/lib:/opt/ros/humble/lib/x86_64-linux-gnu:/opt/ros/humble/lib /usr/bin/cmake --install /home/zheng/carerobot_slam_ros2/build/robot_pid_local_planner
[1.256s] Level 1:colcon.colcon_core.environment:checking '/home/zheng/carerobot_slam_ros2/install/robot_pid_local_planner' for CMake config files
[1.257s] Level 1:colcon.colcon_core.shell:create_environment_hook('robot_pid_local_planner', 'cmake_prefix_path')
[1.257s] INFO:colcon.colcon_core.shell:Creating environment hook '/home/zheng/carerobot_slam_ros2/install/robot_pid_local_planner/share/robot_pid_local_planner/hook/cmake_prefix_path.ps1'
[1.258s] INFO:colcon.colcon_core.shell:Creating environment descriptor '/home/zheng/carerobot_slam_ros2/install/robot_pid_local_planner/share/robot_pid_local_planner/hook/cmake_prefix_path.dsv'
[1.258s] INFO:colcon.colcon_core.shell:Creating environment hook '/home/zheng/carerobot_slam_ros2/install/robot_pid_local_planner/share/robot_pid_local_planner/hook/cmake_prefix_path.sh'
[1.259s] Level 1:colcon.colcon_core.environment:checking '/home/zheng/carerobot_slam_ros2/install/robot_pid_local_planner/lib'
[1.259s] Level 1:colcon.colcon_core.environment:checking '/home/zheng/carerobot_slam_ros2/install/robot_pid_local_planner/bin'
[1.259s] Level 1:colcon.colcon_core.environment:checking '/home/zheng/carerobot_slam_ros2/install/robot_pid_local_planner/lib/pkgconfig/robot_pid_local_planner.pc'
[1.259s] Level 1:colcon.colcon_core.environment:checking '/home/zheng/carerobot_slam_ros2/install/robot_pid_local_planner/lib/python3.10/site-packages'
[1.260s] Level 1:colcon.colcon_core.environment:checking '/home/zheng/carerobot_slam_ros2/install/robot_pid_local_planner/bin'
[1.260s] INFO:colcon.colcon_core.shell:Creating package script '/home/zheng/carerobot_slam_ros2/install/robot_pid_local_planner/share/robot_pid_local_planner/package.ps1'
[1.261s] INFO:colcon.colcon_core.shell:Creating package descriptor '/home/zheng/carerobot_slam_ros2/install/robot_pid_local_planner/share/robot_pid_local_planner/package.dsv'
[1.262s] INFO:colcon.colcon_core.shell:Creating package script '/home/zheng/carerobot_slam_ros2/install/robot_pid_local_planner/share/robot_pid_local_planner/package.sh'
[1.262s] INFO:colcon.colcon_core.shell:Creating package script '/home/zheng/carerobot_slam_ros2/install/robot_pid_local_planner/share/robot_pid_local_planner/package.bash'
[1.263s] INFO:colcon.colcon_core.shell:Creating package script '/home/zheng/carerobot_slam_ros2/install/robot_pid_local_planner/share/robot_pid_local_planner/package.zsh'
[1.263s] Level 1:colcon.colcon_core.environment:create_file_with_runtime_dependencies(/home/zheng/carerobot_slam_ros2/install/robot_pid_local_planner/share/colcon-core/packages/robot_pid_local_planner)
[1.264s] Level 1:colcon.colcon_core.environment:create_environment_scripts_only(robot_pid_local_planner)
[1.264s] Level 1:colcon.colcon_core.environment:checking '/home/zheng/carerobot_slam_ros2/install/robot_pid_local_planner' for CMake module files
[1.265s] Level 1:colcon.colcon_core.environment:checking '/home/zheng/carerobot_slam_ros2/install/robot_pid_local_planner' for CMake config files
[1.265s] Level 1:colcon.colcon_core.shell:create_environment_hook('robot_pid_local_planner', 'cmake_prefix_path')
[1.266s] INFO:colcon.colcon_core.shell:Creating environment hook '/home/zheng/carerobot_slam_ros2/install/robot_pid_local_planner/share/robot_pid_local_planner/hook/cmake_prefix_path.ps1'
[1.266s] INFO:colcon.colcon_core.shell:Creating environment descriptor '/home/zheng/carerobot_slam_ros2/install/robot_pid_local_planner/share/robot_pid_local_planner/hook/cmake_prefix_path.dsv'
[1.267s] INFO:colcon.colcon_core.shell:Creating environment hook '/home/zheng/carerobot_slam_ros2/install/robot_pid_local_planner/share/robot_pid_local_planner/hook/cmake_prefix_path.sh'
[1.268s] Level 1:colcon.colcon_core.environment:checking '/home/zheng/carerobot_slam_ros2/install/robot_pid_local_planner/lib'
[1.268s] Level 1:colcon.colcon_core.environment:checking '/home/zheng/carerobot_slam_ros2/install/robot_pid_local_planner/bin'
[1.268s] Level 1:colcon.colcon_core.environment:checking '/home/zheng/carerobot_slam_ros2/install/robot_pid_local_planner/lib/pkgconfig/robot_pid_local_planner.pc'
[1.268s] Level 1:colcon.colcon_core.environment:checking '/home/zheng/carerobot_slam_ros2/install/robot_pid_local_planner/lib/python3.10/site-packages'
[1.269s] Level 1:colcon.colcon_core.environment:checking '/home/zheng/carerobot_slam_ros2/install/robot_pid_local_planner/bin'
[1.269s] INFO:colcon.colcon_core.shell:Creating package script '/home/zheng/carerobot_slam_ros2/install/robot_pid_local_planner/share/robot_pid_local_planner/package.ps1'
[1.270s] INFO:colcon.colcon_core.shell:Creating package descriptor '/home/zheng/carerobot_slam_ros2/install/robot_pid_local_planner/share/robot_pid_local_planner/package.dsv'
[1.270s] INFO:colcon.colcon_core.shell:Creating package script '/home/zheng/carerobot_slam_ros2/install/robot_pid_local_planner/share/robot_pid_local_planner/package.sh'
[1.271s] INFO:colcon.colcon_core.shell:Creating package script '/home/zheng/carerobot_slam_ros2/install/robot_pid_local_planner/share/robot_pid_local_planner/package.bash'
[1.271s] INFO:colcon.colcon_core.shell:Creating package script '/home/zheng/carerobot_slam_ros2/install/robot_pid_local_planner/share/robot_pid_local_planner/package.zsh'
[1.272s] Level 1:colcon.colcon_core.environment:create_file_with_runtime_dependencies(/home/zheng/carerobot_slam_ros2/install/robot_pid_local_planner/share/colcon-core/packages/robot_pid_local_planner)
[1.310s] DEBUG:colcon.colcon_core.event_handler.log_command:Invoked command in '/home/zheng/carerobot_slam_ros2/build/robot_costmap' returned '0': CMAKE_PREFIX_PATH=/home/zheng/carerobot_slam_ros2/install/robot_communication:/home/zheng/carerobot_slam_ros2/install/slam_gmapping:/home/zheng/carerobot_slam_ros2/install/robot_pid_local_planner:/home/zheng/carerobot_slam_ros2/install/robot_navigation:/home/zheng/carerobot_slam_ros2/install/robot_costmap:/home/zheng/carerobot_slam_ros2/install/openslam_gmapping:/home/zheng/carerobot_slam_ros2/install/keyboard_control:/home/zheng/carerobot_slam_ros2/install/diff_drive_gazebo:/opt/ros/humble LD_LIBRARY_PATH=/home/zheng/carerobot_slam_ros2/install/robot_communication/lib:/home/zheng/carerobot_slam_ros2/install/robot_costmap/lib:/home/zheng/carerobot_slam_ros2/install/openslam_gmapping/lib:/usr/lib/x86_64-linux-gnu/gazebo-11/plugins:/opt/ros/humble/opt/rviz_ogre_vendor/lib:/opt/ros/humble/lib/x86_64-linux-gnu:/opt/ros/humble/lib /usr/bin/cmake --build /home/zheng/carerobot_slam_ros2/build/robot_costmap -- -j8 -l8
[1.313s] DEBUG:colcon.colcon_core.event_handler.log_command:Invoking command in '/home/zheng/carerobot_slam_ros2/build/robot_costmap': CMAKE_PREFIX_PATH=/home/zheng/carerobot_slam_ros2/install/robot_communication:/home/zheng/carerobot_slam_ros2/install/slam_gmapping:/home/zheng/carerobot_slam_ros2/install/robot_pid_local_planner:/home/zheng/carerobot_slam_ros2/install/robot_navigation:/home/zheng/carerobot_slam_ros2/install/robot_costmap:/home/zheng/carerobot_slam_ros2/install/openslam_gmapping:/home/zheng/carerobot_slam_ros2/install/keyboard_control:/home/zheng/carerobot_slam_ros2/install/diff_drive_gazebo:/opt/ros/humble LD_LIBRARY_PATH=/home/zheng/carerobot_slam_ros2/install/robot_communication/lib:/home/zheng/carerobot_slam_ros2/install/robot_costmap/lib:/home/zheng/carerobot_slam_ros2/install/openslam_gmapping/lib:/usr/lib/x86_64-linux-gnu/gazebo-11/plugins:/opt/ros/humble/opt/rviz_ogre_vendor/lib:/opt/ros/humble/lib/x86_64-linux-gnu:/opt/ros/humble/lib /usr/bin/cmake --install /home/zheng/carerobot_slam_ros2/build/robot_costmap
[1.324s] Level 1:colcon.colcon_core.environment:create_environment_scripts_only(robot_costmap)
[1.325s] Level 1:colcon.colcon_core.environment:checking '/home/zheng/carerobot_slam_ros2/install/robot_costmap' for CMake module files
[1.326s] DEBUG:colcon.colcon_core.event_handler.log_command:Invoked command in '/home/zheng/carerobot_slam_ros2/build/robot_costmap' returned '0': CMAKE_PREFIX_PATH=/home/zheng/carerobot_slam_ros2/install/robot_communication:/home/zheng/carerobot_slam_ros2/install/slam_gmapping:/home/zheng/carerobot_slam_ros2/install/robot_pid_local_planner:/home/zheng/carerobot_slam_ros2/install/robot_navigation:/home/zheng/carerobot_slam_ros2/install/robot_costmap:/home/zheng/carerobot_slam_ros2/install/openslam_gmapping:/home/zheng/carerobot_slam_ros2/install/keyboard_control:/home/zheng/carerobot_slam_ros2/install/diff_drive_gazebo:/opt/ros/humble LD_LIBRARY_PATH=/home/zheng/carerobot_slam_ros2/install/robot_communication/lib:/home/zheng/carerobot_slam_ros2/install/robot_costmap/lib:/home/zheng/carerobot_slam_ros2/install/openslam_gmapping/lib:/usr/lib/x86_64-linux-gnu/gazebo-11/plugins:/opt/ros/humble/opt/rviz_ogre_vendor/lib:/opt/ros/humble/lib/x86_64-linux-gnu:/opt/ros/humble/lib /usr/bin/cmake --install /home/zheng/carerobot_slam_ros2/build/robot_costmap
[1.326s] Level 1:colcon.colcon_core.environment:checking '/home/zheng/carerobot_slam_ros2/install/robot_costmap' for CMake config files
[1.327s] Level 1:colcon.colcon_core.shell:create_environment_hook('robot_costmap', 'cmake_prefix_path')
[1.327s] INFO:colcon.colcon_core.shell:Creating environment hook '/home/zheng/carerobot_slam_ros2/install/robot_costmap/share/robot_costmap/hook/cmake_prefix_path.ps1'
[1.328s] INFO:colcon.colcon_core.shell:Creating environment descriptor '/home/zheng/carerobot_slam_ros2/install/robot_costmap/share/robot_costmap/hook/cmake_prefix_path.dsv'
[1.329s] INFO:colcon.colcon_core.shell:Creating environment hook '/home/zheng/carerobot_slam_ros2/install/robot_costmap/share/robot_costmap/hook/cmake_prefix_path.sh'
[1.329s] Level 1:colcon.colcon_core.environment:checking '/home/zheng/carerobot_slam_ros2/install/robot_costmap/lib'
[1.329s] Level 1:colcon.colcon_core.environment:checking '/home/zheng/carerobot_slam_ros2/install/robot_costmap/bin'
[1.329s] Level 1:colcon.colcon_core.environment:checking '/home/zheng/carerobot_slam_ros2/install/robot_costmap/lib/pkgconfig/robot_costmap.pc'
[1.330s] Level 1:colcon.colcon_core.environment:checking '/home/zheng/carerobot_slam_ros2/install/robot_costmap/lib/python3.10/site-packages'
[1.330s] Level 1:colcon.colcon_core.environment:checking '/home/zheng/carerobot_slam_ros2/install/robot_costmap/bin'
[1.330s] INFO:colcon.colcon_core.shell:Creating package script '/home/zheng/carerobot_slam_ros2/install/robot_costmap/share/robot_costmap/package.ps1'
[1.331s] INFO:colcon.colcon_core.shell:Creating package descriptor '/home/zheng/carerobot_slam_ros2/install/robot_costmap/share/robot_costmap/package.dsv'
[1.332s] INFO:colcon.colcon_core.shell:Creating package script '/home/zheng/carerobot_slam_ros2/install/robot_costmap/share/robot_costmap/package.sh'
[1.332s] INFO:colcon.colcon_core.shell:Creating package script '/home/zheng/carerobot_slam_ros2/install/robot_costmap/share/robot_costmap/package.bash'
[1.332s] INFO:colcon.colcon_core.shell:Creating package script '/home/zheng/carerobot_slam_ros2/install/robot_costmap/share/robot_costmap/package.zsh'
[1.333s] Level 1:colcon.colcon_core.environment:create_file_with_runtime_dependencies(/home/zheng/carerobot_slam_ros2/install/robot_costmap/share/colcon-core/packages/robot_costmap)
[1.333s] Level 1:colcon.colcon_core.environment:create_environment_scripts_only(robot_costmap)
[1.334s] Level 1:colcon.colcon_core.environment:checking '/home/zheng/carerobot_slam_ros2/install/robot_costmap' for CMake module files
[1.334s] Level 1:colcon.colcon_core.environment:checking '/home/zheng/carerobot_slam_ros2/install/robot_costmap' for CMake config files
[1.335s] Level 1:colcon.colcon_core.shell:create_environment_hook('robot_costmap', 'cmake_prefix_path')
[1.335s] INFO:colcon.colcon_core.shell:Creating environment hook '/home/zheng/carerobot_slam_ros2/install/robot_costmap/share/robot_costmap/hook/cmake_prefix_path.ps1'
[1.335s] INFO:colcon.colcon_core.shell:Creating environment descriptor '/home/zheng/carerobot_slam_ros2/install/robot_costmap/share/robot_costmap/hook/cmake_prefix_path.dsv'
[1.336s] INFO:colcon.colcon_core.shell:Creating environment hook '/home/zheng/carerobot_slam_ros2/install/robot_costmap/share/robot_costmap/hook/cmake_prefix_path.sh'
[1.337s] Level 1:colcon.colcon_core.environment:checking '/home/zheng/carerobot_slam_ros2/install/robot_costmap/lib'
[1.337s] Level 1:colcon.colcon_core.environment:checking '/home/zheng/carerobot_slam_ros2/install/robot_costmap/bin'
[1.337s] Level 1:colcon.colcon_core.environment:checking '/home/zheng/carerobot_slam_ros2/install/robot_costmap/lib/pkgconfig/robot_costmap.pc'
[1.337s] Level 1:colcon.colcon_core.environment:checking '/home/zheng/carerobot_slam_ros2/install/robot_costmap/lib/python3.10/site-packages'
[1.338s] Level 1:colcon.colcon_core.environment:checking '/home/zheng/carerobot_slam_ros2/install/robot_costmap/bin'
[1.338s] INFO:colcon.colcon_core.shell:Creating package script '/home/zheng/carerobot_slam_ros2/install/robot_costmap/share/robot_costmap/package.ps1'
[1.339s] INFO:colcon.colcon_core.shell:Creating package descriptor '/home/zheng/carerobot_slam_ros2/install/robot_costmap/share/robot_costmap/package.dsv'
[1.339s] INFO:colcon.colcon_core.shell:Creating package script '/home/zheng/carerobot_slam_ros2/install/robot_costmap/share/robot_costmap/package.sh'
[1.340s] INFO:colcon.colcon_core.shell:Creating package script '/home/zheng/carerobot_slam_ros2/install/robot_costmap/share/robot_costmap/package.bash'
[1.340s] INFO:colcon.colcon_core.shell:Creating package script '/home/zheng/carerobot_slam_ros2/install/robot_costmap/share/robot_costmap/package.zsh'
[1.341s] Level 1:colcon.colcon_core.environment:create_file_with_runtime_dependencies(/home/zheng/carerobot_slam_ros2/install/robot_costmap/share/colcon-core/packages/robot_costmap)
[1.341s] INFO:colcon.colcon_ros.task.ament_cmake.build:Building ROS package in '/home/zheng/carerobot_slam_ros2/src/robot_navigation' with build type 'ament_cmake'
[1.341s] INFO:colcon.colcon_cmake.task.cmake.build:Building CMake package in '/home/zheng/carerobot_slam_ros2/src/robot_navigation'
[1.342s] INFO:colcon.colcon_core.shell:Skip shell extension 'powershell' for command environment: Not usable outside of PowerShell
[1.342s] DEBUG:colcon.colcon_core.shell:Skip shell extension 'dsv' for command environment
[1.361s] DEBUG:colcon.colcon_core.event_handler.log_command:Invoking command in '/home/zheng/carerobot_slam_ros2/build/robot_navigation': CMAKE_PREFIX_PATH=/home/zheng/carerobot_slam_ros2/install/robot_costmap:/home/zheng/carerobot_slam_ros2/install/robot_communication:/home/zheng/carerobot_slam_ros2/install/slam_gmapping:/home/zheng/carerobot_slam_ros2/install/robot_pid_local_planner:/home/zheng/carerobot_slam_ros2/install/robot_navigation:/home/zheng/carerobot_slam_ros2/install/openslam_gmapping:/home/zheng/carerobot_slam_ros2/install/keyboard_control:/home/zheng/carerobot_slam_ros2/install/diff_drive_gazebo:/opt/ros/humble LD_LIBRARY_PATH=/home/zheng/carerobot_slam_ros2/install/robot_communication/lib:/home/zheng/carerobot_slam_ros2/install/robot_costmap/lib:/home/zheng/carerobot_slam_ros2/install/openslam_gmapping/lib:/usr/lib/x86_64-linux-gnu/gazebo-11/plugins:/opt/ros/humble/opt/rviz_ogre_vendor/lib:/opt/ros/humble/lib/x86_64-linux-gnu:/opt/ros/humble/lib /usr/bin/cmake --build /home/zheng/carerobot_slam_ros2/build/robot_navigation -- -j8 -l8
[1.494s] DEBUG:colcon.colcon_core.event_handler.log_command:Invoked command in '/home/zheng/carerobot_slam_ros2/build/robot_navigation' returned '0': CMAKE_PREFIX_PATH=/home/zheng/carerobot_slam_ros2/install/robot_costmap:/home/zheng/carerobot_slam_ros2/install/robot_communication:/home/zheng/carerobot_slam_ros2/install/slam_gmapping:/home/zheng/carerobot_slam_ros2/install/robot_pid_local_planner:/home/zheng/carerobot_slam_ros2/install/robot_navigation:/home/zheng/carerobot_slam_ros2/install/openslam_gmapping:/home/zheng/carerobot_slam_ros2/install/keyboard_control:/home/zheng/carerobot_slam_ros2/install/diff_drive_gazebo:/opt/ros/humble LD_LIBRARY_PATH=/home/zheng/carerobot_slam_ros2/install/robot_communication/lib:/home/zheng/carerobot_slam_ros2/install/robot_costmap/lib:/home/zheng/carerobot_slam_ros2/install/openslam_gmapping/lib:/usr/lib/x86_64-linux-gnu/gazebo-11/plugins:/opt/ros/humble/opt/rviz_ogre_vendor/lib:/opt/ros/humble/lib/x86_64-linux-gnu:/opt/ros/humble/lib /usr/bin/cmake --build /home/zheng/carerobot_slam_ros2/build/robot_navigation -- -j8 -l8
[1.496s] DEBUG:colcon.colcon_core.event_handler.log_command:Invoking command in '/home/zheng/carerobot_slam_ros2/build/robot_navigation': CMAKE_PREFIX_PATH=/home/zheng/carerobot_slam_ros2/install/robot_costmap:/home/zheng/carerobot_slam_ros2/install/robot_communication:/home/zheng/carerobot_slam_ros2/install/slam_gmapping:/home/zheng/carerobot_slam_ros2/install/robot_pid_local_planner:/home/zheng/carerobot_slam_ros2/install/robot_navigation:/home/zheng/carerobot_slam_ros2/install/openslam_gmapping:/home/zheng/carerobot_slam_ros2/install/keyboard_control:/home/zheng/carerobot_slam_ros2/install/diff_drive_gazebo:/opt/ros/humble LD_LIBRARY_PATH=/home/zheng/carerobot_slam_ros2/install/robot_communication/lib:/home/zheng/carerobot_slam_ros2/install/robot_costmap/lib:/home/zheng/carerobot_slam_ros2/install/openslam_gmapping/lib:/usr/lib/x86_64-linux-gnu/gazebo-11/plugins:/opt/ros/humble/opt/rviz_ogre_vendor/lib:/opt/ros/humble/lib/x86_64-linux-gnu:/opt/ros/humble/lib /usr/bin/cmake --install /home/zheng/carerobot_slam_ros2/build/robot_navigation
[1.509s] Level 1:colcon.colcon_core.environment:create_environment_scripts_only(robot_navigation)
[1.510s] Level 1:colcon.colcon_core.environment:checking '/home/zheng/carerobot_slam_ros2/install/robot_navigation' for CMake module files
[1.511s] DEBUG:colcon.colcon_core.event_handler.log_command:Invoked command in '/home/zheng/carerobot_slam_ros2/build/robot_navigation' returned '0': CMAKE_PREFIX_PATH=/home/zheng/carerobot_slam_ros2/install/robot_costmap:/home/zheng/carerobot_slam_ros2/install/robot_communication:/home/zheng/carerobot_slam_ros2/install/slam_gmapping:/home/zheng/carerobot_slam_ros2/install/robot_pid_local_planner:/home/zheng/carerobot_slam_ros2/install/robot_navigation:/home/zheng/carerobot_slam_ros2/install/openslam_gmapping:/home/zheng/carerobot_slam_ros2/install/keyboard_control:/home/zheng/carerobot_slam_ros2/install/diff_drive_gazebo:/opt/ros/humble LD_LIBRARY_PATH=/home/zheng/carerobot_slam_ros2/install/robot_communication/lib:/home/zheng/carerobot_slam_ros2/install/robot_costmap/lib:/home/zheng/carerobot_slam_ros2/install/openslam_gmapping/lib:/usr/lib/x86_64-linux-gnu/gazebo-11/plugins:/opt/ros/humble/opt/rviz_ogre_vendor/lib:/opt/ros/humble/lib/x86_64-linux-gnu:/opt/ros/humble/lib /usr/bin/cmake --install /home/zheng/carerobot_slam_ros2/build/robot_navigation
[1.512s] Level 1:colcon.colcon_core.environment:checking '/home/zheng/carerobot_slam_ros2/install/robot_navigation' for CMake config files
[1.513s] Level 1:colcon.colcon_core.shell:create_environment_hook('robot_navigation', 'cmake_prefix_path')
[1.513s] INFO:colcon.colcon_core.shell:Creating environment hook '/home/zheng/carerobot_slam_ros2/install/robot_navigation/share/robot_navigation/hook/cmake_prefix_path.ps1'
[1.514s] INFO:colcon.colcon_core.shell:Creating environment descriptor '/home/zheng/carerobot_slam_ros2/install/robot_navigation/share/robot_navigation/hook/cmake_prefix_path.dsv'
[1.514s] INFO:colcon.colcon_core.shell:Creating environment hook '/home/zheng/carerobot_slam_ros2/install/robot_navigation/share/robot_navigation/hook/cmake_prefix_path.sh'
[1.515s] Level 1:colcon.colcon_core.environment:checking '/home/zheng/carerobot_slam_ros2/install/robot_navigation/lib'
[1.515s] Level 1:colcon.colcon_core.environment:checking '/home/zheng/carerobot_slam_ros2/install/robot_navigation/bin'
[1.515s] Level 1:colcon.colcon_core.environment:checking '/home/zheng/carerobot_slam_ros2/install/robot_navigation/lib/pkgconfig/robot_navigation.pc'
[1.515s] Level 1:colcon.colcon_core.environment:checking '/home/zheng/carerobot_slam_ros2/install/robot_navigation/lib/python3.10/site-packages'
[1.516s] Level 1:colcon.colcon_core.environment:checking '/home/zheng/carerobot_slam_ros2/install/robot_navigation/bin'
[1.516s] INFO:colcon.colcon_core.shell:Creating package script '/home/zheng/carerobot_slam_ros2/install/robot_navigation/share/robot_navigation/package.ps1'
[1.517s] INFO:colcon.colcon_core.shell:Creating package descriptor '/home/zheng/carerobot_slam_ros2/install/robot_navigation/share/robot_navigation/package.dsv'
[1.518s] INFO:colcon.colcon_core.shell:Creating package script '/home/zheng/carerobot_slam_ros2/install/robot_navigation/share/robot_navigation/package.sh'
[1.518s] INFO:colcon.colcon_core.shell:Creating package script '/home/zheng/carerobot_slam_ros2/install/robot_navigation/share/robot_navigation/package.bash'
[1.519s] INFO:colcon.colcon_core.shell:Creating package script '/home/zheng/carerobot_slam_ros2/install/robot_navigation/share/robot_navigation/package.zsh'
[1.519s] Level 1:colcon.colcon_core.environment:create_file_with_runtime_dependencies(/home/zheng/carerobot_slam_ros2/install/robot_navigation/share/colcon-core/packages/robot_navigation)
[1.520s] Level 1:colcon.colcon_core.environment:create_environment_scripts_only(robot_navigation)
[1.520s] Level 1:colcon.colcon_core.environment:checking '/home/zheng/carerobot_slam_ros2/install/robot_navigation' for CMake module files
[1.521s] Level 1:colcon.colcon_core.environment:checking '/home/zheng/carerobot_slam_ros2/install/robot_navigation' for CMake config files
[1.522s] Level 1:colcon.colcon_core.shell:create_environment_hook('robot_navigation', 'cmake_prefix_path')
[1.522s] INFO:colcon.colcon_core.shell:Creating environment hook '/home/zheng/carerobot_slam_ros2/install/robot_navigation/share/robot_navigation/hook/cmake_prefix_path.ps1'
[1.523s] INFO:colcon.colcon_core.shell:Creating environment descriptor '/home/zheng/carerobot_slam_ros2/install/robot_navigation/share/robot_navigation/hook/cmake_prefix_path.dsv'
[1.523s] INFO:colcon.colcon_core.shell:Creating environment hook '/home/zheng/carerobot_slam_ros2/install/robot_navigation/share/robot_navigation/hook/cmake_prefix_path.sh'
[1.524s] Level 1:colcon.colcon_core.environment:checking '/home/zheng/carerobot_slam_ros2/install/robot_navigation/lib'
[1.524s] Level 1:colcon.colcon_core.environment:checking '/home/zheng/carerobot_slam_ros2/install/robot_navigation/bin'
[1.524s] Level 1:colcon.colcon_core.environment:checking '/home/zheng/carerobot_slam_ros2/install/robot_navigation/lib/pkgconfig/robot_navigation.pc'
[1.525s] Level 1:colcon.colcon_core.environment:checking '/home/zheng/carerobot_slam_ros2/install/robot_navigation/lib/python3.10/site-packages'
[1.525s] Level 1:colcon.colcon_core.environment:checking '/home/zheng/carerobot_slam_ros2/install/robot_navigation/bin'
[1.526s] INFO:colcon.colcon_core.shell:Creating package script '/home/zheng/carerobot_slam_ros2/install/robot_navigation/share/robot_navigation/package.ps1'
[1.527s] INFO:colcon.colcon_core.shell:Creating package descriptor '/home/zheng/carerobot_slam_ros2/install/robot_navigation/share/robot_navigation/package.dsv'
[1.527s] INFO:colcon.colcon_core.shell:Creating package script '/home/zheng/carerobot_slam_ros2/install/robot_navigation/share/robot_navigation/package.sh'
[1.528s] INFO:colcon.colcon_core.shell:Creating package script '/home/zheng/carerobot_slam_ros2/install/robot_navigation/share/robot_navigation/package.bash'
[1.529s] INFO:colcon.colcon_core.shell:Creating package script '/home/zheng/carerobot_slam_ros2/install/robot_navigation/share/robot_navigation/package.zsh'
[1.529s] Level 1:colcon.colcon_core.environment:create_file_with_runtime_dependencies(/home/zheng/carerobot_slam_ros2/install/robot_navigation/share/colcon-core/packages/robot_navigation)
[1.530s] DEBUG:colcon.colcon_parallel_executor.executor.parallel:closing loop
[1.530s] DEBUG:colcon.colcon_parallel_executor.executor.parallel:loop closed
[1.530s] DEBUG:colcon.colcon_parallel_executor.executor.parallel:run_until_complete finished with '0'
[1.530s] DEBUG:colcon.colcon_core.event_reactor:joining thread
[1.537s] INFO:colcon.colcon_core.plugin_system:Skipping extension 'colcon_notification.desktop_notification.terminal_notifier': Not used on non-Darwin systems
[1.537s] INFO:colcon.colcon_core.plugin_system:Skipping extension 'colcon_notification.desktop_notification.win32': Not used on non-Windows systems
[1.537s] INFO:colcon.colcon_notification.desktop_notification:Sending desktop notification using 'notify2'
[1.548s] DEBUG:colcon.colcon_core.event_reactor:joined thread
[1.549s] INFO:colcon.colcon_core.shell:Creating prefix script '/home/zheng/carerobot_slam_ros2/install/local_setup.ps1'
[1.550s] INFO:colcon.colcon_core.shell:Creating prefix util module '/home/zheng/carerobot_slam_ros2/install/_local_setup_util_ps1.py'
[1.553s] INFO:colcon.colcon_core.shell:Creating prefix chain script '/home/zheng/carerobot_slam_ros2/install/setup.ps1'
[1.556s] INFO:colcon.colcon_core.shell:Creating prefix script '/home/zheng/carerobot_slam_ros2/install/local_setup.sh'
[1.557s] INFO:colcon.colcon_core.shell:Creating prefix util module '/home/zheng/carerobot_slam_ros2/install/_local_setup_util_sh.py'
[1.558s] INFO:colcon.colcon_core.shell:Creating prefix chain script '/home/zheng/carerobot_slam_ros2/install/setup.sh'
[1.560s] INFO:colcon.colcon_core.shell:Creating prefix script '/home/zheng/carerobot_slam_ros2/install/local_setup.bash'
[1.560s] INFO:colcon.colcon_core.shell:Creating prefix chain script '/home/zheng/carerobot_slam_ros2/install/setup.bash'
[1.563s] INFO:colcon.colcon_core.shell:Creating prefix script '/home/zheng/carerobot_slam_ros2/install/local_setup.zsh'
[1.564s] INFO:colcon.colcon_core.shell:Creating prefix chain script '/home/zheng/carerobot_slam_ros2/install/setup.zsh'
