[5.107s] DEBUG:colcon:Command line arguments: ['/usr/bin/colcon', 'build']
[5.107s] DEBUG:colcon:Parsed command line arguments: Namespace(log_base=None, log_level=None, verb_name='build', build_base='build', install_base='install', merge_install=False, symlink_install=False, test_result_base=None, continue_on_error=False, executor='parallel', parallel_workers=8, event_handlers=None, ignore_user_meta=False, metas=['./colcon.meta'], base_paths=['.'], packages_ignore=None, packages_ignore_regex=None, paths=None, packages_up_to=None, packages_up_to_regex=None, packages_above=None, packages_above_and_dependencies=None, packages_above_depth=None, packages_select_by_dep=None, packages_skip_by_dep=None, packages_skip_up_to=None, packages_select_build_failed=False, packages_skip_build_finished=False, packages_select_test_failures=False, packages_skip_test_passed=False, packages_select=None, packages_skip=None, packages_select_regex=None, packages_skip_regex=None, packages_start=None, packages_end=None, allow_overriding=[], cmake_args=None, cmake_target=None, cmake_target_skip_unavailable=False, cmake_clean_cache=False, cmake_clean_first=False, cmake_force_configure=False, ament_cmake_args=None, catkin_cmake_args=None, catkin_skip_building_tests=False, verb_parser=<colcon_defaults.argument_parser.defaults.DefaultArgumentsDecorator object at 0x7fc973e1b970>, verb_extension=<colcon_core.verb.build.BuildVerb object at 0x7fc973f5d000>, main=<bound method BuildVerb.main of <colcon_core.verb.build.BuildVerb object at 0x7fc973f5d000>>)
[9.377s] Level 1:colcon.colcon_core.package_discovery:discover_packages(colcon_meta) check parameters
[9.377s] Level 1:colcon.colcon_core.package_discovery:discover_packages(recursive) check parameters
[9.377s] Level 1:colcon.colcon_core.package_discovery:discover_packages(ignore) check parameters
[9.377s] Level 1:colcon.colcon_core.package_discovery:discover_packages(path) check parameters
[9.377s] Level 1:colcon.colcon_core.package_discovery:discover_packages(colcon_meta) discover
[9.377s] Level 1:colcon.colcon_core.package_discovery:discover_packages(recursive) discover
[9.377s] INFO:colcon.colcon_core.package_discovery:Crawling recursively for packages in '/home/zheng/carerobot_slam_ros2'
[9.377s] Level 1:colcon.colcon_core.package_identification:_identify(.) by extensions ['ignore', 'ignore_ament_install']
[9.377s] Level 1:colcon.colcon_core.package_identification:_identify(.) by extension 'ignore'
[9.377s] Level 1:colcon.colcon_core.package_identification:_identify(.) by extension 'ignore_ament_install'
[9.377s] Level 1:colcon.colcon_core.package_identification:_identify(.) by extensions ['colcon_pkg']
[9.377s] Level 1:colcon.colcon_core.package_identification:_identify(.) by extension 'colcon_pkg'
[9.377s] Level 1:colcon.colcon_core.package_identification:_identify(.) by extensions ['colcon_meta']
[9.377s] Level 1:colcon.colcon_core.package_identification:_identify(.) by extension 'colcon_meta'
[9.377s] Level 1:colcon.colcon_core.package_identification:_identify(.) by extensions ['ros']
[9.378s] Level 1:colcon.colcon_core.package_identification:_identify(.) by extension 'ros'
[9.459s] Level 1:colcon.colcon_core.package_identification:_identify(.) by extensions ['cmake', 'python']
[9.459s] Level 1:colcon.colcon_core.package_identification:_identify(.) by extension 'cmake'
[9.459s] Level 1:colcon.colcon_core.package_identification:_identify(.) by extension 'python'
[9.460s] Level 1:colcon.colcon_core.package_identification:_identify(.) by extensions ['python_setup_py']
[9.460s] Level 1:colcon.colcon_core.package_identification:_identify(.) by extension 'python_setup_py'
[9.460s] Level 1:colcon.colcon_core.package_identification:_identify(__pycache__) by extensions ['ignore', 'ignore_ament_install']
[9.460s] Level 1:colcon.colcon_core.package_identification:_identify(__pycache__) by extension 'ignore'
[9.460s] Level 1:colcon.colcon_core.package_identification:_identify(__pycache__) by extension 'ignore_ament_install'
[9.460s] Level 1:colcon.colcon_core.package_identification:_identify(__pycache__) by extensions ['colcon_pkg']
[9.460s] Level 1:colcon.colcon_core.package_identification:_identify(__pycache__) by extension 'colcon_pkg'
[9.460s] Level 1:colcon.colcon_core.package_identification:_identify(__pycache__) by extensions ['colcon_meta']
[9.460s] Level 1:colcon.colcon_core.package_identification:_identify(__pycache__) by extension 'colcon_meta'
[9.460s] Level 1:colcon.colcon_core.package_identification:_identify(__pycache__) by extensions ['ros']
[9.460s] Level 1:colcon.colcon_core.package_identification:_identify(__pycache__) by extension 'ros'
[9.460s] Level 1:colcon.colcon_core.package_identification:_identify(__pycache__) by extensions ['cmake', 'python']
[9.460s] Level 1:colcon.colcon_core.package_identification:_identify(__pycache__) by extension 'cmake'
[9.460s] Level 1:colcon.colcon_core.package_identification:_identify(__pycache__) by extension 'python'
[9.460s] Level 1:colcon.colcon_core.package_identification:_identify(__pycache__) by extensions ['python_setup_py']
[9.460s] Level 1:colcon.colcon_core.package_identification:_identify(__pycache__) by extension 'python_setup_py'
[9.460s] Level 1:colcon.colcon_core.package_identification:_identify(build) by extensions ['ignore', 'ignore_ament_install']
[9.460s] Level 1:colcon.colcon_core.package_identification:_identify(build) by extension 'ignore'
[9.461s] Level 1:colcon.colcon_core.package_identification:_identify(build) ignored
[9.461s] Level 1:colcon.colcon_core.package_identification:_identify(install) by extensions ['ignore', 'ignore_ament_install']
[9.461s] Level 1:colcon.colcon_core.package_identification:_identify(install) by extension 'ignore'
[9.461s] Level 1:colcon.colcon_core.package_identification:_identify(install) ignored
[9.461s] Level 1:colcon.colcon_core.package_identification:_identify(log) by extensions ['ignore', 'ignore_ament_install']
[9.461s] Level 1:colcon.colcon_core.package_identification:_identify(log) by extension 'ignore'
[9.461s] Level 1:colcon.colcon_core.package_identification:_identify(log) ignored
[9.461s] Level 1:colcon.colcon_core.package_identification:_identify(src) by extensions ['ignore', 'ignore_ament_install']
[9.461s] Level 1:colcon.colcon_core.package_identification:_identify(src) by extension 'ignore'
[9.461s] Level 1:colcon.colcon_core.package_identification:_identify(src) by extension 'ignore_ament_install'
[9.461s] Level 1:colcon.colcon_core.package_identification:_identify(src) by extensions ['colcon_pkg']
[9.461s] Level 1:colcon.colcon_core.package_identification:_identify(src) by extension 'colcon_pkg'
[9.461s] Level 1:colcon.colcon_core.package_identification:_identify(src) by extensions ['colcon_meta']
[9.461s] Level 1:colcon.colcon_core.package_identification:_identify(src) by extension 'colcon_meta'
[9.461s] Level 1:colcon.colcon_core.package_identification:_identify(src) by extensions ['ros']
[9.461s] Level 1:colcon.colcon_core.package_identification:_identify(src) by extension 'ros'
[9.462s] Level 1:colcon.colcon_core.package_identification:_identify(src) by extensions ['cmake', 'python']
[9.462s] Level 1:colcon.colcon_core.package_identification:_identify(src) by extension 'cmake'
[9.462s] Level 1:colcon.colcon_core.package_identification:_identify(src) by extension 'python'
[9.462s] Level 1:colcon.colcon_core.package_identification:_identify(src) by extensions ['python_setup_py']
[9.462s] Level 1:colcon.colcon_core.package_identification:_identify(src) by extension 'python_setup_py'
[9.462s] Level 1:colcon.colcon_core.package_identification:_identify(src/diff_drive_gazebo) by extensions ['ignore', 'ignore_ament_install']
[9.462s] Level 1:colcon.colcon_core.package_identification:_identify(src/diff_drive_gazebo) by extension 'ignore'
[9.462s] Level 1:colcon.colcon_core.package_identification:_identify(src/diff_drive_gazebo) by extension 'ignore_ament_install'
[9.462s] Level 1:colcon.colcon_core.package_identification:_identify(src/diff_drive_gazebo) by extensions ['colcon_pkg']
[9.462s] Level 1:colcon.colcon_core.package_identification:_identify(src/diff_drive_gazebo) by extension 'colcon_pkg'
[9.462s] Level 1:colcon.colcon_core.package_identification:_identify(src/diff_drive_gazebo) by extensions ['colcon_meta']
[9.462s] Level 1:colcon.colcon_core.package_identification:_identify(src/diff_drive_gazebo) by extension 'colcon_meta'
[9.462s] Level 1:colcon.colcon_core.package_identification:_identify(src/diff_drive_gazebo) by extensions ['ros']
[9.462s] Level 1:colcon.colcon_core.package_identification:_identify(src/diff_drive_gazebo) by extension 'ros'
[9.507s] DEBUG:colcon.colcon_core.package_identification:Package 'src/diff_drive_gazebo' with type 'ros.ament_cmake' and name 'diff_drive_gazebo'
[9.507s] Level 1:colcon.colcon_core.package_identification:_identify(src/explore_lite) by extensions ['ignore', 'ignore_ament_install']
[9.507s] Level 1:colcon.colcon_core.package_identification:_identify(src/explore_lite) by extension 'ignore'
[9.507s] Level 1:colcon.colcon_core.package_identification:_identify(src/explore_lite) by extension 'ignore_ament_install'
[9.507s] Level 1:colcon.colcon_core.package_identification:_identify(src/explore_lite) by extensions ['colcon_pkg']
[9.507s] Level 1:colcon.colcon_core.package_identification:_identify(src/explore_lite) by extension 'colcon_pkg'
[9.507s] Level 1:colcon.colcon_core.package_identification:_identify(src/explore_lite) by extensions ['colcon_meta']
[9.507s] Level 1:colcon.colcon_core.package_identification:_identify(src/explore_lite) by extension 'colcon_meta'
[9.508s] Level 1:colcon.colcon_core.package_identification:_identify(src/explore_lite) by extensions ['ros']
[9.508s] Level 1:colcon.colcon_core.package_identification:_identify(src/explore_lite) by extension 'ros'
[9.520s] DEBUG:colcon.colcon_core.package_identification:Package 'src/explore_lite' with type 'ros.ament_cmake' and name 'explore_lite'
[9.520s] Level 1:colcon.colcon_core.package_identification:_identify(src/keyboard_control) by extensions ['ignore', 'ignore_ament_install']
[9.520s] Level 1:colcon.colcon_core.package_identification:_identify(src/keyboard_control) by extension 'ignore'
[9.520s] Level 1:colcon.colcon_core.package_identification:_identify(src/keyboard_control) by extension 'ignore_ament_install'
[9.520s] Level 1:colcon.colcon_core.package_identification:_identify(src/keyboard_control) by extensions ['colcon_pkg']
[9.521s] Level 1:colcon.colcon_core.package_identification:_identify(src/keyboard_control) by extension 'colcon_pkg'
[9.521s] Level 1:colcon.colcon_core.package_identification:_identify(src/keyboard_control) by extensions ['colcon_meta']
[9.521s] Level 1:colcon.colcon_core.package_identification:_identify(src/keyboard_control) by extension 'colcon_meta'
[9.521s] Level 1:colcon.colcon_core.package_identification:_identify(src/keyboard_control) by extensions ['ros']
[9.521s] Level 1:colcon.colcon_core.package_identification:_identify(src/keyboard_control) by extension 'ros'
[9.535s] DEBUG:colcon.colcon_core.package_identification:Package 'src/keyboard_control' with type 'ros.ament_cmake' and name 'keyboard_control'
[9.535s] Level 1:colcon.colcon_core.package_identification:_identify(src/openslam_gmapping) by extensions ['ignore', 'ignore_ament_install']
[9.535s] Level 1:colcon.colcon_core.package_identification:_identify(src/openslam_gmapping) by extension 'ignore'
[9.535s] Level 1:colcon.colcon_core.package_identification:_identify(src/openslam_gmapping) by extension 'ignore_ament_install'
[9.535s] Level 1:colcon.colcon_core.package_identification:_identify(src/openslam_gmapping) by extensions ['colcon_pkg']
[9.535s] Level 1:colcon.colcon_core.package_identification:_identify(src/openslam_gmapping) by extension 'colcon_pkg'
[9.536s] Level 1:colcon.colcon_core.package_identification:_identify(src/openslam_gmapping) by extensions ['colcon_meta']
[9.536s] Level 1:colcon.colcon_core.package_identification:_identify(src/openslam_gmapping) by extension 'colcon_meta'
[9.536s] Level 1:colcon.colcon_core.package_identification:_identify(src/openslam_gmapping) by extensions ['ros']
[9.536s] Level 1:colcon.colcon_core.package_identification:_identify(src/openslam_gmapping) by extension 'ros'
[9.564s] DEBUG:colcon.colcon_core.package_identification:Package 'src/openslam_gmapping' with type 'ros.ament_cmake' and name 'openslam_gmapping'
[9.564s] Level 1:colcon.colcon_core.package_identification:_identify(src/read_laser_data) by extensions ['ignore', 'ignore_ament_install']
[9.565s] Level 1:colcon.colcon_core.package_identification:_identify(src/read_laser_data) by extension 'ignore'
[9.565s] Level 1:colcon.colcon_core.package_identification:_identify(src/read_laser_data) by extension 'ignore_ament_install'
[9.565s] Level 1:colcon.colcon_core.package_identification:_identify(src/read_laser_data) by extensions ['colcon_pkg']
[9.565s] Level 1:colcon.colcon_core.package_identification:_identify(src/read_laser_data) by extension 'colcon_pkg'
[9.565s] Level 1:colcon.colcon_core.package_identification:_identify(src/read_laser_data) by extensions ['colcon_meta']
[9.565s] Level 1:colcon.colcon_core.package_identification:_identify(src/read_laser_data) by extension 'colcon_meta'
[9.565s] Level 1:colcon.colcon_core.package_identification:_identify(src/read_laser_data) by extensions ['ros']
[9.565s] Level 1:colcon.colcon_core.package_identification:_identify(src/read_laser_data) by extension 'ros'
[9.578s] DEBUG:colcon.colcon_core.package_identification:Package 'src/read_laser_data' with type 'ros.ament_cmake' and name 'read_laser_data'
[9.578s] Level 1:colcon.colcon_core.package_identification:_identify(src/robot_communication) by extensions ['ignore', 'ignore_ament_install']
[9.578s] Level 1:colcon.colcon_core.package_identification:_identify(src/robot_communication) by extension 'ignore'
[9.578s] Level 1:colcon.colcon_core.package_identification:_identify(src/robot_communication) by extension 'ignore_ament_install'
[9.578s] Level 1:colcon.colcon_core.package_identification:_identify(src/robot_communication) by extensions ['colcon_pkg']
[9.578s] Level 1:colcon.colcon_core.package_identification:_identify(src/robot_communication) by extension 'colcon_pkg'
[9.578s] Level 1:colcon.colcon_core.package_identification:_identify(src/robot_communication) by extensions ['colcon_meta']
[9.578s] Level 1:colcon.colcon_core.package_identification:_identify(src/robot_communication) by extension 'colcon_meta'
[9.578s] Level 1:colcon.colcon_core.package_identification:_identify(src/robot_communication) by extensions ['ros']
[9.578s] Level 1:colcon.colcon_core.package_identification:_identify(src/robot_communication) by extension 'ros'
[9.596s] DEBUG:colcon.colcon_core.package_identification:Package 'src/robot_communication' with type 'ros.ament_cmake' and name 'robot_communication'
[9.596s] Level 1:colcon.colcon_core.package_identification:_identify(src/robot_costmap) by extensions ['ignore', 'ignore_ament_install']
[9.596s] Level 1:colcon.colcon_core.package_identification:_identify(src/robot_costmap) by extension 'ignore'
[9.596s] Level 1:colcon.colcon_core.package_identification:_identify(src/robot_costmap) by extension 'ignore_ament_install'
[9.597s] Level 1:colcon.colcon_core.package_identification:_identify(src/robot_costmap) by extensions ['colcon_pkg']
[9.597s] Level 1:colcon.colcon_core.package_identification:_identify(src/robot_costmap) by extension 'colcon_pkg'
[9.597s] Level 1:colcon.colcon_core.package_identification:_identify(src/robot_costmap) by extensions ['colcon_meta']
[9.597s] Level 1:colcon.colcon_core.package_identification:_identify(src/robot_costmap) by extension 'colcon_meta'
[9.597s] Level 1:colcon.colcon_core.package_identification:_identify(src/robot_costmap) by extensions ['ros']
[9.597s] Level 1:colcon.colcon_core.package_identification:_identify(src/robot_costmap) by extension 'ros'
[9.614s] DEBUG:colcon.colcon_core.package_identification:Package 'src/robot_costmap' with type 'ros.ament_cmake' and name 'robot_costmap'
[9.614s] Level 1:colcon.colcon_core.package_identification:_identify(src/robot_navigation) by extensions ['ignore', 'ignore_ament_install']
[9.614s] Level 1:colcon.colcon_core.package_identification:_identify(src/robot_navigation) by extension 'ignore'
[9.614s] Level 1:colcon.colcon_core.package_identification:_identify(src/robot_navigation) by extension 'ignore_ament_install'
[9.614s] Level 1:colcon.colcon_core.package_identification:_identify(src/robot_navigation) by extensions ['colcon_pkg']
[9.614s] Level 1:colcon.colcon_core.package_identification:_identify(src/robot_navigation) by extension 'colcon_pkg'
[9.614s] Level 1:colcon.colcon_core.package_identification:_identify(src/robot_navigation) by extensions ['colcon_meta']
[9.614s] Level 1:colcon.colcon_core.package_identification:_identify(src/robot_navigation) by extension 'colcon_meta'
[9.614s] Level 1:colcon.colcon_core.package_identification:_identify(src/robot_navigation) by extensions ['ros']
[9.614s] Level 1:colcon.colcon_core.package_identification:_identify(src/robot_navigation) by extension 'ros'
[9.634s] DEBUG:colcon.colcon_core.package_identification:Package 'src/robot_navigation' with type 'ros.ament_cmake' and name 'robot_navigation'
[9.634s] Level 1:colcon.colcon_core.package_identification:_identify(src/robot_pid_local_planner) by extensions ['ignore', 'ignore_ament_install']
[9.634s] Level 1:colcon.colcon_core.package_identification:_identify(src/robot_pid_local_planner) by extension 'ignore'
[9.634s] Level 1:colcon.colcon_core.package_identification:_identify(src/robot_pid_local_planner) by extension 'ignore_ament_install'
[9.635s] Level 1:colcon.colcon_core.package_identification:_identify(src/robot_pid_local_planner) by extensions ['colcon_pkg']
[9.635s] Level 1:colcon.colcon_core.package_identification:_identify(src/robot_pid_local_planner) by extension 'colcon_pkg'
[9.635s] Level 1:colcon.colcon_core.package_identification:_identify(src/robot_pid_local_planner) by extensions ['colcon_meta']
[9.635s] Level 1:colcon.colcon_core.package_identification:_identify(src/robot_pid_local_planner) by extension 'colcon_meta'
[9.635s] Level 1:colcon.colcon_core.package_identification:_identify(src/robot_pid_local_planner) by extensions ['ros']
[9.635s] Level 1:colcon.colcon_core.package_identification:_identify(src/robot_pid_local_planner) by extension 'ros'
[9.662s] DEBUG:colcon.colcon_core.package_identification:Package 'src/robot_pid_local_planner' with type 'ros.ament_cmake' and name 'robot_pid_local_planner'
[9.662s] Level 1:colcon.colcon_core.package_identification:_identify(src/slam_gmapping) by extensions ['ignore', 'ignore_ament_install']
[9.663s] Level 1:colcon.colcon_core.package_identification:_identify(src/slam_gmapping) by extension 'ignore'
[9.663s] Level 1:colcon.colcon_core.package_identification:_identify(src/slam_gmapping) by extension 'ignore_ament_install'
[9.663s] Level 1:colcon.colcon_core.package_identification:_identify(src/slam_gmapping) by extensions ['colcon_pkg']
[9.663s] Level 1:colcon.colcon_core.package_identification:_identify(src/slam_gmapping) by extension 'colcon_pkg'
[9.663s] Level 1:colcon.colcon_core.package_identification:_identify(src/slam_gmapping) by extensions ['colcon_meta']
[9.663s] Level 1:colcon.colcon_core.package_identification:_identify(src/slam_gmapping) by extension 'colcon_meta'
[9.663s] Level 1:colcon.colcon_core.package_identification:_identify(src/slam_gmapping) by extensions ['ros']
[9.663s] Level 1:colcon.colcon_core.package_identification:_identify(src/slam_gmapping) by extension 'ros'
[9.675s] DEBUG:colcon.colcon_core.package_identification:Package 'src/slam_gmapping' with type 'ros.ament_cmake' and name 'slam_gmapping'
[9.675s] Level 1:colcon.colcon_core.package_discovery:discover_packages(recursive) using defaults
[9.675s] Level 1:colcon.colcon_core.package_discovery:discover_packages(ignore) discover
[9.675s] Level 1:colcon.colcon_core.package_discovery:discover_packages(ignore) using defaults
[9.675s] Level 1:colcon.colcon_core.package_discovery:discover_packages(path) discover
[9.675s] Level 1:colcon.colcon_core.package_discovery:discover_packages(path) using defaults
[10.069s] Level 1:colcon.colcon_core.package_discovery:discover_packages(prefix_path) check parameters
[10.069s] Level 1:colcon.colcon_core.package_discovery:discover_packages(prefix_path) discover
[10.126s] DEBUG:colcon.colcon_installed_package_information.package_discovery:Found 331 installed packages in /opt/ros/humble
[10.127s] Level 1:colcon.colcon_core.package_discovery:discover_packages(prefix_path) using defaults
[10.206s] Level 5:colcon.colcon_core.verb:set package 'diff_drive_gazebo' build argument 'cmake_args' from command line to 'None'
[10.206s] Level 5:colcon.colcon_core.verb:set package 'diff_drive_gazebo' build argument 'cmake_target' from command line to 'None'
[10.206s] Level 5:colcon.colcon_core.verb:set package 'diff_drive_gazebo' build argument 'cmake_target_skip_unavailable' from command line to 'False'
[10.206s] Level 5:colcon.colcon_core.verb:set package 'diff_drive_gazebo' build argument 'cmake_clean_cache' from command line to 'False'
[10.206s] Level 5:colcon.colcon_core.verb:set package 'diff_drive_gazebo' build argument 'cmake_clean_first' from command line to 'False'
[10.206s] Level 5:colcon.colcon_core.verb:set package 'diff_drive_gazebo' build argument 'cmake_force_configure' from command line to 'False'
[10.206s] Level 5:colcon.colcon_core.verb:set package 'diff_drive_gazebo' build argument 'ament_cmake_args' from command line to 'None'
[10.206s] Level 5:colcon.colcon_core.verb:set package 'diff_drive_gazebo' build argument 'catkin_cmake_args' from command line to 'None'
[10.206s] Level 5:colcon.colcon_core.verb:set package 'diff_drive_gazebo' build argument 'catkin_skip_building_tests' from command line to 'False'
[10.206s] DEBUG:colcon.colcon_core.verb:Building package 'diff_drive_gazebo' with the following arguments: {'ament_cmake_args': None, 'build_base': '/home/zheng/carerobot_slam_ros2/build/diff_drive_gazebo', 'catkin_cmake_args': None, 'catkin_skip_building_tests': False, 'cmake_args': None, 'cmake_clean_cache': False, 'cmake_clean_first': False, 'cmake_force_configure': False, 'cmake_target': None, 'cmake_target_skip_unavailable': False, 'install_base': '/home/zheng/carerobot_slam_ros2/install/diff_drive_gazebo', 'merge_install': False, 'path': '/home/zheng/carerobot_slam_ros2/src/diff_drive_gazebo', 'symlink_install': False, 'test_result_base': None}
[10.207s] Level 5:colcon.colcon_core.verb:set package 'explore_lite' build argument 'cmake_args' from command line to 'None'
[10.207s] Level 5:colcon.colcon_core.verb:set package 'explore_lite' build argument 'cmake_target' from command line to 'None'
[10.207s] Level 5:colcon.colcon_core.verb:set package 'explore_lite' build argument 'cmake_target_skip_unavailable' from command line to 'False'
[10.207s] Level 5:colcon.colcon_core.verb:set package 'explore_lite' build argument 'cmake_clean_cache' from command line to 'False'
[10.207s] Level 5:colcon.colcon_core.verb:set package 'explore_lite' build argument 'cmake_clean_first' from command line to 'False'
[10.207s] Level 5:colcon.colcon_core.verb:set package 'explore_lite' build argument 'cmake_force_configure' from command line to 'False'
[10.207s] Level 5:colcon.colcon_core.verb:set package 'explore_lite' build argument 'ament_cmake_args' from command line to 'None'
[10.207s] Level 5:colcon.colcon_core.verb:set package 'explore_lite' build argument 'catkin_cmake_args' from command line to 'None'
[10.208s] Level 5:colcon.colcon_core.verb:set package 'explore_lite' build argument 'catkin_skip_building_tests' from command line to 'False'
[10.208s] DEBUG:colcon.colcon_core.verb:Building package 'explore_lite' with the following arguments: {'ament_cmake_args': None, 'build_base': '/home/zheng/carerobot_slam_ros2/build/explore_lite', 'catkin_cmake_args': None, 'catkin_skip_building_tests': False, 'cmake_args': None, 'cmake_clean_cache': False, 'cmake_clean_first': False, 'cmake_force_configure': False, 'cmake_target': None, 'cmake_target_skip_unavailable': False, 'install_base': '/home/zheng/carerobot_slam_ros2/install/explore_lite', 'merge_install': False, 'path': '/home/zheng/carerobot_slam_ros2/src/explore_lite', 'symlink_install': False, 'test_result_base': None}
[10.208s] Level 5:colcon.colcon_core.verb:set package 'keyboard_control' build argument 'cmake_args' from command line to 'None'
[10.208s] Level 5:colcon.colcon_core.verb:set package 'keyboard_control' build argument 'cmake_target' from command line to 'None'
[10.208s] Level 5:colcon.colcon_core.verb:set package 'keyboard_control' build argument 'cmake_target_skip_unavailable' from command line to 'False'
[10.208s] Level 5:colcon.colcon_core.verb:set package 'keyboard_control' build argument 'cmake_clean_cache' from command line to 'False'
[10.208s] Level 5:colcon.colcon_core.verb:set package 'keyboard_control' build argument 'cmake_clean_first' from command line to 'False'
[10.208s] Level 5:colcon.colcon_core.verb:set package 'keyboard_control' build argument 'cmake_force_configure' from command line to 'False'
[10.209s] Level 5:colcon.colcon_core.verb:set package 'keyboard_control' build argument 'ament_cmake_args' from command line to 'None'
[10.209s] Level 5:colcon.colcon_core.verb:set package 'keyboard_control' build argument 'catkin_cmake_args' from command line to 'None'
[10.209s] Level 5:colcon.colcon_core.verb:set package 'keyboard_control' build argument 'catkin_skip_building_tests' from command line to 'False'
[10.209s] DEBUG:colcon.colcon_core.verb:Building package 'keyboard_control' with the following arguments: {'ament_cmake_args': None, 'build_base': '/home/zheng/carerobot_slam_ros2/build/keyboard_control', 'catkin_cmake_args': None, 'catkin_skip_building_tests': False, 'cmake_args': None, 'cmake_clean_cache': False, 'cmake_clean_first': False, 'cmake_force_configure': False, 'cmake_target': None, 'cmake_target_skip_unavailable': False, 'install_base': '/home/zheng/carerobot_slam_ros2/install/keyboard_control', 'merge_install': False, 'path': '/home/zheng/carerobot_slam_ros2/src/keyboard_control', 'symlink_install': False, 'test_result_base': None}
[10.209s] Level 5:colcon.colcon_core.verb:set package 'openslam_gmapping' build argument 'cmake_args' from command line to 'None'
[10.209s] Level 5:colcon.colcon_core.verb:set package 'openslam_gmapping' build argument 'cmake_target' from command line to 'None'
[10.209s] Level 5:colcon.colcon_core.verb:set package 'openslam_gmapping' build argument 'cmake_target_skip_unavailable' from command line to 'False'
[10.209s] Level 5:colcon.colcon_core.verb:set package 'openslam_gmapping' build argument 'cmake_clean_cache' from command line to 'False'
[10.210s] Level 5:colcon.colcon_core.verb:set package 'openslam_gmapping' build argument 'cmake_clean_first' from command line to 'False'
[10.210s] Level 5:colcon.colcon_core.verb:set package 'openslam_gmapping' build argument 'cmake_force_configure' from command line to 'False'
[10.210s] Level 5:colcon.colcon_core.verb:set package 'openslam_gmapping' build argument 'ament_cmake_args' from command line to 'None'
[10.210s] Level 5:colcon.colcon_core.verb:set package 'openslam_gmapping' build argument 'catkin_cmake_args' from command line to 'None'
[10.210s] Level 5:colcon.colcon_core.verb:set package 'openslam_gmapping' build argument 'catkin_skip_building_tests' from command line to 'False'
[10.210s] DEBUG:colcon.colcon_core.verb:Building package 'openslam_gmapping' with the following arguments: {'ament_cmake_args': None, 'build_base': '/home/zheng/carerobot_slam_ros2/build/openslam_gmapping', 'catkin_cmake_args': None, 'catkin_skip_building_tests': False, 'cmake_args': None, 'cmake_clean_cache': False, 'cmake_clean_first': False, 'cmake_force_configure': False, 'cmake_target': None, 'cmake_target_skip_unavailable': False, 'install_base': '/home/zheng/carerobot_slam_ros2/install/openslam_gmapping', 'merge_install': False, 'path': '/home/zheng/carerobot_slam_ros2/src/openslam_gmapping', 'symlink_install': False, 'test_result_base': None}
[10.210s] Level 5:colcon.colcon_core.verb:set package 'read_laser_data' build argument 'cmake_args' from command line to 'None'
[10.211s] Level 5:colcon.colcon_core.verb:set package 'read_laser_data' build argument 'cmake_target' from command line to 'None'
[10.211s] Level 5:colcon.colcon_core.verb:set package 'read_laser_data' build argument 'cmake_target_skip_unavailable' from command line to 'False'
[10.211s] Level 5:colcon.colcon_core.verb:set package 'read_laser_data' build argument 'cmake_clean_cache' from command line to 'False'
[10.211s] Level 5:colcon.colcon_core.verb:set package 'read_laser_data' build argument 'cmake_clean_first' from command line to 'False'
[10.211s] Level 5:colcon.colcon_core.verb:set package 'read_laser_data' build argument 'cmake_force_configure' from command line to 'False'
[10.211s] Level 5:colcon.colcon_core.verb:set package 'read_laser_data' build argument 'ament_cmake_args' from command line to 'None'
[10.211s] Level 5:colcon.colcon_core.verb:set package 'read_laser_data' build argument 'catkin_cmake_args' from command line to 'None'
[10.211s] Level 5:colcon.colcon_core.verb:set package 'read_laser_data' build argument 'catkin_skip_building_tests' from command line to 'False'
[10.211s] DEBUG:colcon.colcon_core.verb:Building package 'read_laser_data' with the following arguments: {'ament_cmake_args': None, 'build_base': '/home/zheng/carerobot_slam_ros2/build/read_laser_data', 'catkin_cmake_args': None, 'catkin_skip_building_tests': False, 'cmake_args': None, 'cmake_clean_cache': False, 'cmake_clean_first': False, 'cmake_force_configure': False, 'cmake_target': None, 'cmake_target_skip_unavailable': False, 'install_base': '/home/zheng/carerobot_slam_ros2/install/read_laser_data', 'merge_install': False, 'path': '/home/zheng/carerobot_slam_ros2/src/read_laser_data', 'symlink_install': False, 'test_result_base': None}
[10.212s] Level 5:colcon.colcon_core.verb:set package 'robot_communication' build argument 'cmake_args' from command line to 'None'
[10.212s] Level 5:colcon.colcon_core.verb:set package 'robot_communication' build argument 'cmake_target' from command line to 'None'
[10.212s] Level 5:colcon.colcon_core.verb:set package 'robot_communication' build argument 'cmake_target_skip_unavailable' from command line to 'False'
[10.212s] Level 5:colcon.colcon_core.verb:set package 'robot_communication' build argument 'cmake_clean_cache' from command line to 'False'
[10.212s] Level 5:colcon.colcon_core.verb:set package 'robot_communication' build argument 'cmake_clean_first' from command line to 'False'
[10.212s] Level 5:colcon.colcon_core.verb:set package 'robot_communication' build argument 'cmake_force_configure' from command line to 'False'
[10.212s] Level 5:colcon.colcon_core.verb:set package 'robot_communication' build argument 'ament_cmake_args' from command line to 'None'
[10.212s] Level 5:colcon.colcon_core.verb:set package 'robot_communication' build argument 'catkin_cmake_args' from command line to 'None'
[10.212s] Level 5:colcon.colcon_core.verb:set package 'robot_communication' build argument 'catkin_skip_building_tests' from command line to 'False'
[10.212s] DEBUG:colcon.colcon_core.verb:Building package 'robot_communication' with the following arguments: {'ament_cmake_args': None, 'build_base': '/home/zheng/carerobot_slam_ros2/build/robot_communication', 'catkin_cmake_args': None, 'catkin_skip_building_tests': False, 'cmake_args': None, 'cmake_clean_cache': False, 'cmake_clean_first': False, 'cmake_force_configure': False, 'cmake_target': None, 'cmake_target_skip_unavailable': False, 'install_base': '/home/zheng/carerobot_slam_ros2/install/robot_communication', 'merge_install': False, 'path': '/home/zheng/carerobot_slam_ros2/src/robot_communication', 'symlink_install': False, 'test_result_base': None}
[10.213s] Level 5:colcon.colcon_core.verb:set package 'robot_costmap' build argument 'cmake_args' from command line to 'None'
[10.213s] Level 5:colcon.colcon_core.verb:set package 'robot_costmap' build argument 'cmake_target' from command line to 'None'
[10.213s] Level 5:colcon.colcon_core.verb:set package 'robot_costmap' build argument 'cmake_target_skip_unavailable' from command line to 'False'
[10.213s] Level 5:colcon.colcon_core.verb:set package 'robot_costmap' build argument 'cmake_clean_cache' from command line to 'False'
[10.213s] Level 5:colcon.colcon_core.verb:set package 'robot_costmap' build argument 'cmake_clean_first' from command line to 'False'
[10.213s] Level 5:colcon.colcon_core.verb:set package 'robot_costmap' build argument 'cmake_force_configure' from command line to 'False'
[10.213s] Level 5:colcon.colcon_core.verb:set package 'robot_costmap' build argument 'ament_cmake_args' from command line to 'None'
[10.213s] Level 5:colcon.colcon_core.verb:set package 'robot_costmap' build argument 'catkin_cmake_args' from command line to 'None'
[10.213s] Level 5:colcon.colcon_core.verb:set package 'robot_costmap' build argument 'catkin_skip_building_tests' from command line to 'False'
[10.213s] DEBUG:colcon.colcon_core.verb:Building package 'robot_costmap' with the following arguments: {'ament_cmake_args': None, 'build_base': '/home/zheng/carerobot_slam_ros2/build/robot_costmap', 'catkin_cmake_args': None, 'catkin_skip_building_tests': False, 'cmake_args': None, 'cmake_clean_cache': False, 'cmake_clean_first': False, 'cmake_force_configure': False, 'cmake_target': None, 'cmake_target_skip_unavailable': False, 'install_base': '/home/zheng/carerobot_slam_ros2/install/robot_costmap', 'merge_install': False, 'path': '/home/zheng/carerobot_slam_ros2/src/robot_costmap', 'symlink_install': False, 'test_result_base': None}
[10.214s] Level 5:colcon.colcon_core.verb:set package 'robot_pid_local_planner' build argument 'cmake_args' from command line to 'None'
[10.214s] Level 5:colcon.colcon_core.verb:set package 'robot_pid_local_planner' build argument 'cmake_target' from command line to 'None'
[10.214s] Level 5:colcon.colcon_core.verb:set package 'robot_pid_local_planner' build argument 'cmake_target_skip_unavailable' from command line to 'False'
[10.214s] Level 5:colcon.colcon_core.verb:set package 'robot_pid_local_planner' build argument 'cmake_clean_cache' from command line to 'False'
[10.214s] Level 5:colcon.colcon_core.verb:set package 'robot_pid_local_planner' build argument 'cmake_clean_first' from command line to 'False'
[10.214s] Level 5:colcon.colcon_core.verb:set package 'robot_pid_local_planner' build argument 'cmake_force_configure' from command line to 'False'
[10.214s] Level 5:colcon.colcon_core.verb:set package 'robot_pid_local_planner' build argument 'ament_cmake_args' from command line to 'None'
[10.214s] Level 5:colcon.colcon_core.verb:set package 'robot_pid_local_planner' build argument 'catkin_cmake_args' from command line to 'None'
[10.214s] Level 5:colcon.colcon_core.verb:set package 'robot_pid_local_planner' build argument 'catkin_skip_building_tests' from command line to 'False'
[10.214s] DEBUG:colcon.colcon_core.verb:Building package 'robot_pid_local_planner' with the following arguments: {'ament_cmake_args': None, 'build_base': '/home/zheng/carerobot_slam_ros2/build/robot_pid_local_planner', 'catkin_cmake_args': None, 'catkin_skip_building_tests': False, 'cmake_args': None, 'cmake_clean_cache': False, 'cmake_clean_first': False, 'cmake_force_configure': False, 'cmake_target': None, 'cmake_target_skip_unavailable': False, 'install_base': '/home/zheng/carerobot_slam_ros2/install/robot_pid_local_planner', 'merge_install': False, 'path': '/home/zheng/carerobot_slam_ros2/src/robot_pid_local_planner', 'symlink_install': False, 'test_result_base': None}
[10.215s] Level 5:colcon.colcon_core.verb:set package 'slam_gmapping' build argument 'cmake_args' from command line to 'None'
[10.215s] Level 5:colcon.colcon_core.verb:set package 'slam_gmapping' build argument 'cmake_target' from command line to 'None'
[10.215s] Level 5:colcon.colcon_core.verb:set package 'slam_gmapping' build argument 'cmake_target_skip_unavailable' from command line to 'False'
[10.215s] Level 5:colcon.colcon_core.verb:set package 'slam_gmapping' build argument 'cmake_clean_cache' from command line to 'False'
[10.215s] Level 5:colcon.colcon_core.verb:set package 'slam_gmapping' build argument 'cmake_clean_first' from command line to 'False'
[10.215s] Level 5:colcon.colcon_core.verb:set package 'slam_gmapping' build argument 'cmake_force_configure' from command line to 'False'
[10.215s] Level 5:colcon.colcon_core.verb:set package 'slam_gmapping' build argument 'ament_cmake_args' from command line to 'None'
[10.215s] Level 5:colcon.colcon_core.verb:set package 'slam_gmapping' build argument 'catkin_cmake_args' from command line to 'None'
[10.215s] Level 5:colcon.colcon_core.verb:set package 'slam_gmapping' build argument 'catkin_skip_building_tests' from command line to 'False'
[10.215s] DEBUG:colcon.colcon_core.verb:Building package 'slam_gmapping' with the following arguments: {'ament_cmake_args': None, 'build_base': '/home/zheng/carerobot_slam_ros2/build/slam_gmapping', 'catkin_cmake_args': None, 'catkin_skip_building_tests': False, 'cmake_args': None, 'cmake_clean_cache': False, 'cmake_clean_first': False, 'cmake_force_configure': False, 'cmake_target': None, 'cmake_target_skip_unavailable': False, 'install_base': '/home/zheng/carerobot_slam_ros2/install/slam_gmapping', 'merge_install': False, 'path': '/home/zheng/carerobot_slam_ros2/src/slam_gmapping', 'symlink_install': False, 'test_result_base': None}
[10.216s] Level 5:colcon.colcon_core.verb:set package 'robot_navigation' build argument 'cmake_args' from command line to 'None'
[10.216s] Level 5:colcon.colcon_core.verb:set package 'robot_navigation' build argument 'cmake_target' from command line to 'None'
[10.216s] Level 5:colcon.colcon_core.verb:set package 'robot_navigation' build argument 'cmake_target_skip_unavailable' from command line to 'False'
[10.216s] Level 5:colcon.colcon_core.verb:set package 'robot_navigation' build argument 'cmake_clean_cache' from command line to 'False'
[10.216s] Level 5:colcon.colcon_core.verb:set package 'robot_navigation' build argument 'cmake_clean_first' from command line to 'False'
[10.216s] Level 5:colcon.colcon_core.verb:set package 'robot_navigation' build argument 'cmake_force_configure' from command line to 'False'
[10.216s] Level 5:colcon.colcon_core.verb:set package 'robot_navigation' build argument 'ament_cmake_args' from command line to 'None'
[10.216s] Level 5:colcon.colcon_core.verb:set package 'robot_navigation' build argument 'catkin_cmake_args' from command line to 'None'
[10.216s] Level 5:colcon.colcon_core.verb:set package 'robot_navigation' build argument 'catkin_skip_building_tests' from command line to 'False'
[10.216s] DEBUG:colcon.colcon_core.verb:Building package 'robot_navigation' with the following arguments: {'ament_cmake_args': None, 'build_base': '/home/zheng/carerobot_slam_ros2/build/robot_navigation', 'catkin_cmake_args': None, 'catkin_skip_building_tests': False, 'cmake_args': None, 'cmake_clean_cache': False, 'cmake_clean_first': False, 'cmake_force_configure': False, 'cmake_target': None, 'cmake_target_skip_unavailable': False, 'install_base': '/home/zheng/carerobot_slam_ros2/install/robot_navigation', 'merge_install': False, 'path': '/home/zheng/carerobot_slam_ros2/src/robot_navigation', 'symlink_install': False, 'test_result_base': None}
[10.216s] INFO:colcon.colcon_core.executor:Executing jobs using 'parallel' executor
[10.217s] DEBUG:colcon.colcon_parallel_executor.executor.parallel:run_until_complete
[10.217s] INFO:colcon.colcon_ros.task.ament_cmake.build:Building ROS package in '/home/zheng/carerobot_slam_ros2/src/robot_communication' with build type 'ament_cmake'
[10.218s] INFO:colcon.colcon_cmake.task.cmake.build:Building CMake package in '/home/zheng/carerobot_slam_ros2/src/robot_communication'
[10.225s] INFO:colcon.colcon_core.plugin_system:Skipping extension 'colcon_core.shell.bat': Not used on non-Windows systems
[10.225s] INFO:colcon.colcon_core.shell:Skip shell extension 'powershell' for command environment: Not usable outside of PowerShell
[10.225s] DEBUG:colcon.colcon_core.shell:Skip shell extension 'dsv' for command environment
[10.258s] INFO:colcon.colcon_ros.task.ament_cmake.build:Building ROS package in '/home/zheng/carerobot_slam_ros2/src/openslam_gmapping' with build type 'ament_cmake'
[10.258s] INFO:colcon.colcon_cmake.task.cmake.build:Building CMake package in '/home/zheng/carerobot_slam_ros2/src/openslam_gmapping'
[10.259s] INFO:colcon.colcon_core.shell:Skip shell extension 'powershell' for command environment: Not usable outside of PowerShell
[10.259s] DEBUG:colcon.colcon_core.shell:Skip shell extension 'dsv' for command environment
[10.263s] INFO:colcon.colcon_ros.task.ament_cmake.build:Building ROS package in '/home/zheng/carerobot_slam_ros2/src/diff_drive_gazebo' with build type 'ament_cmake'
[10.263s] INFO:colcon.colcon_cmake.task.cmake.build:Building CMake package in '/home/zheng/carerobot_slam_ros2/src/diff_drive_gazebo'
[10.263s] INFO:colcon.colcon_core.shell:Skip shell extension 'powershell' for command environment: Not usable outside of PowerShell
[10.263s] DEBUG:colcon.colcon_core.shell:Skip shell extension 'dsv' for command environment
[10.267s] INFO:colcon.colcon_ros.task.ament_cmake.build:Building ROS package in '/home/zheng/carerobot_slam_ros2/src/explore_lite' with build type 'ament_cmake'
[10.267s] INFO:colcon.colcon_cmake.task.cmake.build:Building CMake package in '/home/zheng/carerobot_slam_ros2/src/explore_lite'
[10.268s] INFO:colcon.colcon_core.shell:Skip shell extension 'powershell' for command environment: Not usable outside of PowerShell
[10.268s] DEBUG:colcon.colcon_core.shell:Skip shell extension 'dsv' for command environment
[10.271s] INFO:colcon.colcon_ros.task.ament_cmake.build:Building ROS package in '/home/zheng/carerobot_slam_ros2/src/keyboard_control' with build type 'ament_cmake'
[10.272s] INFO:colcon.colcon_cmake.task.cmake.build:Building CMake package in '/home/zheng/carerobot_slam_ros2/src/keyboard_control'
[10.272s] INFO:colcon.colcon_core.shell:Skip shell extension 'powershell' for command environment: Not usable outside of PowerShell
[10.272s] DEBUG:colcon.colcon_core.shell:Skip shell extension 'dsv' for command environment
[10.280s] INFO:colcon.colcon_ros.task.ament_cmake.build:Building ROS package in '/home/zheng/carerobot_slam_ros2/src/read_laser_data' with build type 'ament_cmake'
[10.280s] INFO:colcon.colcon_cmake.task.cmake.build:Building CMake package in '/home/zheng/carerobot_slam_ros2/src/read_laser_data'
[10.281s] INFO:colcon.colcon_core.shell:Skip shell extension 'powershell' for command environment: Not usable outside of PowerShell
[10.281s] DEBUG:colcon.colcon_core.shell:Skip shell extension 'dsv' for command environment
[10.308s] DEBUG:colcon.colcon_core.event_handler.log_command:Invoking command in '/home/zheng/carerobot_slam_ros2/build/robot_communication': CMAKE_PREFIX_PATH=/opt/ros/humble /usr/bin/cmake --build /home/zheng/carerobot_slam_ros2/build/robot_communication -- -j8 -l8
[10.381s] DEBUG:colcon.colcon_core.event_handler.log_command:Invoking command in '/home/zheng/carerobot_slam_ros2/build/openslam_gmapping': CMAKE_PREFIX_PATH=/opt/ros/humble /usr/bin/cmake --build /home/zheng/carerobot_slam_ros2/build/openslam_gmapping -- -j8 -l8
[10.468s] DEBUG:colcon.colcon_core.event_handler.log_command:Invoking command in '/home/zheng/carerobot_slam_ros2/build/diff_drive_gazebo': CMAKE_PREFIX_PATH=/opt/ros/humble /usr/bin/cmake --build /home/zheng/carerobot_slam_ros2/build/diff_drive_gazebo -- -j8 -l8
[10.475s] DEBUG:colcon.colcon_core.event_handler.log_command:Invoking command in '/home/zheng/carerobot_slam_ros2/build/explore_lite': CMAKE_PREFIX_PATH=/opt/ros/humble /usr/bin/cmake --build /home/zheng/carerobot_slam_ros2/build/explore_lite -- -j8 -l8
[10.492s] DEBUG:colcon.colcon_core.event_handler.log_command:Invoking command in '/home/zheng/carerobot_slam_ros2/build/keyboard_control': CMAKE_PREFIX_PATH=/opt/ros/humble /usr/bin/cmake --build /home/zheng/carerobot_slam_ros2/build/keyboard_control -- -j8 -l8
[10.548s] DEBUG:colcon.colcon_core.event_handler.log_command:Invoking command in '/home/zheng/carerobot_slam_ros2/build/read_laser_data': CMAKE_PREFIX_PATH=/opt/ros/humble /usr/bin/cmake --build /home/zheng/carerobot_slam_ros2/build/read_laser_data -- -j8 -l8
[11.232s] DEBUG:colcon.colcon_core.event_handler.log_command:Invoked command in '/home/zheng/carerobot_slam_ros2/build/diff_drive_gazebo' returned '0': CMAKE_PREFIX_PATH=/opt/ros/humble /usr/bin/cmake --build /home/zheng/carerobot_slam_ros2/build/diff_drive_gazebo -- -j8 -l8
[11.246s] DEBUG:colcon.colcon_core.event_handler.log_command:Invoking command in '/home/zheng/carerobot_slam_ros2/build/diff_drive_gazebo': CMAKE_PREFIX_PATH=/opt/ros/humble /usr/bin/cmake --install /home/zheng/carerobot_slam_ros2/build/diff_drive_gazebo
[11.307s] Level 1:colcon.colcon_core.environment:create_environment_scripts_only(diff_drive_gazebo)
[11.307s] DEBUG:colcon.colcon_core.event_handler.log_command:Invoked command in '/home/zheng/carerobot_slam_ros2/build/diff_drive_gazebo' returned '0': CMAKE_PREFIX_PATH=/opt/ros/humble /usr/bin/cmake --install /home/zheng/carerobot_slam_ros2/build/diff_drive_gazebo
[11.332s] Level 1:colcon.colcon_core.environment:checking '/home/zheng/carerobot_slam_ros2/install/diff_drive_gazebo' for CMake module files
[11.332s] Level 1:colcon.colcon_core.environment:checking '/home/zheng/carerobot_slam_ros2/install/diff_drive_gazebo' for CMake config files
[11.333s] Level 1:colcon.colcon_core.shell:create_environment_hook('diff_drive_gazebo', 'cmake_prefix_path')
[11.333s] INFO:colcon.colcon_core.shell:Creating environment hook '/home/zheng/carerobot_slam_ros2/install/diff_drive_gazebo/share/diff_drive_gazebo/hook/cmake_prefix_path.ps1'
[11.340s] INFO:colcon.colcon_core.shell:Creating environment descriptor '/home/zheng/carerobot_slam_ros2/install/diff_drive_gazebo/share/diff_drive_gazebo/hook/cmake_prefix_path.dsv'
[11.342s] INFO:colcon.colcon_core.shell:Creating environment hook '/home/zheng/carerobot_slam_ros2/install/diff_drive_gazebo/share/diff_drive_gazebo/hook/cmake_prefix_path.sh'
[11.344s] Level 1:colcon.colcon_core.environment:checking '/home/zheng/carerobot_slam_ros2/install/diff_drive_gazebo/bin'
[11.344s] Level 1:colcon.colcon_core.environment:checking '/home/zheng/carerobot_slam_ros2/install/diff_drive_gazebo/lib/pkgconfig/diff_drive_gazebo.pc'
[11.344s] Level 1:colcon.colcon_core.environment:checking '/home/zheng/carerobot_slam_ros2/install/diff_drive_gazebo/lib/python3.10/site-packages'
[11.345s] Level 1:colcon.colcon_core.environment:checking '/home/zheng/carerobot_slam_ros2/install/diff_drive_gazebo/bin'
[11.346s] INFO:colcon.colcon_core.shell:Creating package script '/home/zheng/carerobot_slam_ros2/install/diff_drive_gazebo/share/diff_drive_gazebo/package.ps1'
[11.416s] INFO:colcon.colcon_core.shell:Creating package descriptor '/home/zheng/carerobot_slam_ros2/install/diff_drive_gazebo/share/diff_drive_gazebo/package.dsv'
[11.417s] INFO:colcon.colcon_core.shell:Creating package script '/home/zheng/carerobot_slam_ros2/install/diff_drive_gazebo/share/diff_drive_gazebo/package.sh'
[11.418s] INFO:colcon.colcon_core.shell:Creating package script '/home/zheng/carerobot_slam_ros2/install/diff_drive_gazebo/share/diff_drive_gazebo/package.bash'
[11.433s] INFO:colcon.colcon_core.shell:Creating package script '/home/zheng/carerobot_slam_ros2/install/diff_drive_gazebo/share/diff_drive_gazebo/package.zsh'
[11.633s] Level 1:colcon.colcon_core.environment:create_file_with_runtime_dependencies(/home/zheng/carerobot_slam_ros2/install/diff_drive_gazebo/share/colcon-core/packages/diff_drive_gazebo)
[11.634s] Level 1:colcon.colcon_core.environment:create_environment_scripts_only(diff_drive_gazebo)
[11.635s] Level 1:colcon.colcon_core.environment:checking '/home/zheng/carerobot_slam_ros2/install/diff_drive_gazebo' for CMake module files
[11.635s] Level 1:colcon.colcon_core.environment:checking '/home/zheng/carerobot_slam_ros2/install/diff_drive_gazebo' for CMake config files
[11.636s] Level 1:colcon.colcon_core.shell:create_environment_hook('diff_drive_gazebo', 'cmake_prefix_path')
[11.636s] INFO:colcon.colcon_core.shell:Creating environment hook '/home/zheng/carerobot_slam_ros2/install/diff_drive_gazebo/share/diff_drive_gazebo/hook/cmake_prefix_path.ps1'
[11.637s] INFO:colcon.colcon_core.shell:Creating environment descriptor '/home/zheng/carerobot_slam_ros2/install/diff_drive_gazebo/share/diff_drive_gazebo/hook/cmake_prefix_path.dsv'
[11.637s] INFO:colcon.colcon_core.shell:Creating environment hook '/home/zheng/carerobot_slam_ros2/install/diff_drive_gazebo/share/diff_drive_gazebo/hook/cmake_prefix_path.sh'
[11.639s] Level 1:colcon.colcon_core.environment:checking '/home/zheng/carerobot_slam_ros2/install/diff_drive_gazebo/bin'
[11.639s] Level 1:colcon.colcon_core.environment:checking '/home/zheng/carerobot_slam_ros2/install/diff_drive_gazebo/lib/pkgconfig/diff_drive_gazebo.pc'
[11.640s] Level 1:colcon.colcon_core.environment:checking '/home/zheng/carerobot_slam_ros2/install/diff_drive_gazebo/lib/python3.10/site-packages'
[11.640s] Level 1:colcon.colcon_core.environment:checking '/home/zheng/carerobot_slam_ros2/install/diff_drive_gazebo/bin'
[11.641s] INFO:colcon.colcon_core.shell:Creating package script '/home/zheng/carerobot_slam_ros2/install/diff_drive_gazebo/share/diff_drive_gazebo/package.ps1'
[11.643s] INFO:colcon.colcon_core.shell:Creating package descriptor '/home/zheng/carerobot_slam_ros2/install/diff_drive_gazebo/share/diff_drive_gazebo/package.dsv'
[11.644s] INFO:colcon.colcon_core.shell:Creating package script '/home/zheng/carerobot_slam_ros2/install/diff_drive_gazebo/share/diff_drive_gazebo/package.sh'
[11.645s] INFO:colcon.colcon_core.shell:Creating package script '/home/zheng/carerobot_slam_ros2/install/diff_drive_gazebo/share/diff_drive_gazebo/package.bash'
[11.646s] INFO:colcon.colcon_core.shell:Creating package script '/home/zheng/carerobot_slam_ros2/install/diff_drive_gazebo/share/diff_drive_gazebo/package.zsh'
[11.646s] Level 1:colcon.colcon_core.environment:create_file_with_runtime_dependencies(/home/zheng/carerobot_slam_ros2/install/diff_drive_gazebo/share/colcon-core/packages/diff_drive_gazebo)
[12.136s] DEBUG:colcon.colcon_core.event_handler.log_command:Invoked command in '/home/zheng/carerobot_slam_ros2/build/keyboard_control' returned '0': CMAKE_PREFIX_PATH=/opt/ros/humble /usr/bin/cmake --build /home/zheng/carerobot_slam_ros2/build/keyboard_control -- -j8 -l8
[12.138s] DEBUG:colcon.colcon_core.event_handler.log_command:Invoking command in '/home/zheng/carerobot_slam_ros2/build/keyboard_control': CMAKE_PREFIX_PATH=/opt/ros/humble /usr/bin/cmake --install /home/zheng/carerobot_slam_ros2/build/keyboard_control
[12.182s] DEBUG:colcon.colcon_core.event_handler.log_command:Invoked command in '/home/zheng/carerobot_slam_ros2/build/openslam_gmapping' returned '0': CMAKE_PREFIX_PATH=/opt/ros/humble /usr/bin/cmake --build /home/zheng/carerobot_slam_ros2/build/openslam_gmapping -- -j8 -l8
[12.224s] DEBUG:colcon.colcon_core.event_handler.log_command:Invoking command in '/home/zheng/carerobot_slam_ros2/build/openslam_gmapping': CMAKE_PREFIX_PATH=/opt/ros/humble /usr/bin/cmake --install /home/zheng/carerobot_slam_ros2/build/openslam_gmapping
[12.225s] DEBUG:colcon.colcon_core.event_handler.log_command:Invoked command in '/home/zheng/carerobot_slam_ros2/build/explore_lite' returned '0': CMAKE_PREFIX_PATH=/opt/ros/humble /usr/bin/cmake --build /home/zheng/carerobot_slam_ros2/build/explore_lite -- -j8 -l8
[12.318s] DEBUG:colcon.colcon_core.event_handler.log_command:Invoking command in '/home/zheng/carerobot_slam_ros2/build/explore_lite': CMAKE_PREFIX_PATH=/opt/ros/humble /usr/bin/cmake --install /home/zheng/carerobot_slam_ros2/build/explore_lite
[12.318s] Level 1:colcon.colcon_core.environment:create_environment_scripts_only(keyboard_control)
[12.319s] Level 1:colcon.colcon_core.environment:checking '/home/zheng/carerobot_slam_ros2/install/keyboard_control' for CMake module files
[12.320s] DEBUG:colcon.colcon_core.event_handler.log_command:Invoked command in '/home/zheng/carerobot_slam_ros2/build/keyboard_control' returned '0': CMAKE_PREFIX_PATH=/opt/ros/humble /usr/bin/cmake --install /home/zheng/carerobot_slam_ros2/build/keyboard_control
[12.321s] Level 1:colcon.colcon_core.environment:checking '/home/zheng/carerobot_slam_ros2/install/keyboard_control' for CMake config files
[12.322s] Level 1:colcon.colcon_core.shell:create_environment_hook('keyboard_control', 'cmake_prefix_path')
[12.322s] INFO:colcon.colcon_core.shell:Creating environment hook '/home/zheng/carerobot_slam_ros2/install/keyboard_control/share/keyboard_control/hook/cmake_prefix_path.ps1'
[12.326s] INFO:colcon.colcon_core.shell:Creating environment descriptor '/home/zheng/carerobot_slam_ros2/install/keyboard_control/share/keyboard_control/hook/cmake_prefix_path.dsv'
[12.348s] INFO:colcon.colcon_core.shell:Creating environment hook '/home/zheng/carerobot_slam_ros2/install/keyboard_control/share/keyboard_control/hook/cmake_prefix_path.sh'
[12.427s] Level 1:colcon.colcon_core.environment:checking '/home/zheng/carerobot_slam_ros2/install/keyboard_control/lib'
[12.428s] Level 1:colcon.colcon_core.environment:checking '/home/zheng/carerobot_slam_ros2/install/keyboard_control/bin'
[12.428s] Level 1:colcon.colcon_core.environment:checking '/home/zheng/carerobot_slam_ros2/install/keyboard_control/lib/pkgconfig/keyboard_control.pc'
[12.428s] Level 1:colcon.colcon_core.environment:checking '/home/zheng/carerobot_slam_ros2/install/keyboard_control/lib/python3.10/site-packages'
[12.429s] Level 1:colcon.colcon_core.environment:checking '/home/zheng/carerobot_slam_ros2/install/keyboard_control/bin'
[12.429s] INFO:colcon.colcon_core.shell:Creating package script '/home/zheng/carerobot_slam_ros2/install/keyboard_control/share/keyboard_control/package.ps1'
[12.498s] INFO:colcon.colcon_core.shell:Creating package descriptor '/home/zheng/carerobot_slam_ros2/install/keyboard_control/share/keyboard_control/package.dsv'
[12.499s] INFO:colcon.colcon_core.shell:Creating package script '/home/zheng/carerobot_slam_ros2/install/keyboard_control/share/keyboard_control/package.sh'
[12.500s] INFO:colcon.colcon_core.shell:Creating package script '/home/zheng/carerobot_slam_ros2/install/keyboard_control/share/keyboard_control/package.bash'
[12.528s] INFO:colcon.colcon_core.shell:Creating package script '/home/zheng/carerobot_slam_ros2/install/keyboard_control/share/keyboard_control/package.zsh'
[12.529s] Level 1:colcon.colcon_core.environment:create_file_with_runtime_dependencies(/home/zheng/carerobot_slam_ros2/install/keyboard_control/share/colcon-core/packages/keyboard_control)
[12.530s] Level 1:colcon.colcon_core.environment:create_environment_scripts_only(keyboard_control)
[12.530s] Level 1:colcon.colcon_core.environment:checking '/home/zheng/carerobot_slam_ros2/install/keyboard_control' for CMake module files
[12.531s] Level 1:colcon.colcon_core.environment:checking '/home/zheng/carerobot_slam_ros2/install/keyboard_control' for CMake config files
[12.531s] Level 1:colcon.colcon_core.shell:create_environment_hook('keyboard_control', 'cmake_prefix_path')
[12.532s] INFO:colcon.colcon_core.shell:Creating environment hook '/home/zheng/carerobot_slam_ros2/install/keyboard_control/share/keyboard_control/hook/cmake_prefix_path.ps1'
[12.533s] INFO:colcon.colcon_core.shell:Creating environment descriptor '/home/zheng/carerobot_slam_ros2/install/keyboard_control/share/keyboard_control/hook/cmake_prefix_path.dsv'
[12.533s] INFO:colcon.colcon_core.shell:Creating environment hook '/home/zheng/carerobot_slam_ros2/install/keyboard_control/share/keyboard_control/hook/cmake_prefix_path.sh'
[12.535s] Level 1:colcon.colcon_core.environment:checking '/home/zheng/carerobot_slam_ros2/install/keyboard_control/lib'
[12.535s] Level 1:colcon.colcon_core.environment:checking '/home/zheng/carerobot_slam_ros2/install/keyboard_control/bin'
[12.535s] Level 1:colcon.colcon_core.environment:checking '/home/zheng/carerobot_slam_ros2/install/keyboard_control/lib/pkgconfig/keyboard_control.pc'
[12.535s] Level 1:colcon.colcon_core.environment:checking '/home/zheng/carerobot_slam_ros2/install/keyboard_control/lib/python3.10/site-packages'
[12.536s] Level 1:colcon.colcon_core.environment:checking '/home/zheng/carerobot_slam_ros2/install/keyboard_control/bin'
[12.536s] INFO:colcon.colcon_core.shell:Creating package script '/home/zheng/carerobot_slam_ros2/install/keyboard_control/share/keyboard_control/package.ps1'
[12.538s] INFO:colcon.colcon_core.shell:Creating package descriptor '/home/zheng/carerobot_slam_ros2/install/keyboard_control/share/keyboard_control/package.dsv'
[12.539s] INFO:colcon.colcon_core.shell:Creating package script '/home/zheng/carerobot_slam_ros2/install/keyboard_control/share/keyboard_control/package.sh'
[12.551s] INFO:colcon.colcon_core.shell:Creating package script '/home/zheng/carerobot_slam_ros2/install/keyboard_control/share/keyboard_control/package.bash'
[12.552s] INFO:colcon.colcon_core.shell:Creating package script '/home/zheng/carerobot_slam_ros2/install/keyboard_control/share/keyboard_control/package.zsh'
[12.552s] Level 1:colcon.colcon_core.environment:create_file_with_runtime_dependencies(/home/zheng/carerobot_slam_ros2/install/keyboard_control/share/colcon-core/packages/keyboard_control)
[12.554s] Level 1:colcon.colcon_core.environment:create_environment_scripts_only(openslam_gmapping)
[12.554s] Level 1:colcon.colcon_core.environment:checking '/home/zheng/carerobot_slam_ros2/install/openslam_gmapping' for CMake module files
[12.555s] DEBUG:colcon.colcon_core.event_handler.log_command:Invoked command in '/home/zheng/carerobot_slam_ros2/build/openslam_gmapping' returned '0': CMAKE_PREFIX_PATH=/opt/ros/humble /usr/bin/cmake --install /home/zheng/carerobot_slam_ros2/build/openslam_gmapping
[12.556s] Level 1:colcon.colcon_core.environment:checking '/home/zheng/carerobot_slam_ros2/install/openslam_gmapping' for CMake config files
[12.556s] Level 1:colcon.colcon_core.shell:create_environment_hook('openslam_gmapping', 'cmake_prefix_path')
[12.556s] INFO:colcon.colcon_core.shell:Creating environment hook '/home/zheng/carerobot_slam_ros2/install/openslam_gmapping/share/openslam_gmapping/hook/cmake_prefix_path.ps1'
[12.557s] INFO:colcon.colcon_core.shell:Creating environment descriptor '/home/zheng/carerobot_slam_ros2/install/openslam_gmapping/share/openslam_gmapping/hook/cmake_prefix_path.dsv'
[12.557s] INFO:colcon.colcon_core.shell:Creating environment hook '/home/zheng/carerobot_slam_ros2/install/openslam_gmapping/share/openslam_gmapping/hook/cmake_prefix_path.sh'
[12.558s] Level 1:colcon.colcon_core.environment:checking '/home/zheng/carerobot_slam_ros2/install/openslam_gmapping/lib'
[12.558s] Level 1:colcon.colcon_core.environment:checking '/home/zheng/carerobot_slam_ros2/install/openslam_gmapping/bin'
[12.558s] Level 1:colcon.colcon_core.environment:checking '/home/zheng/carerobot_slam_ros2/install/openslam_gmapping/lib/pkgconfig/openslam_gmapping.pc'
[12.558s] Level 1:colcon.colcon_core.environment:checking '/home/zheng/carerobot_slam_ros2/install/openslam_gmapping/lib/python3.10/site-packages'
[12.558s] Level 1:colcon.colcon_core.environment:checking '/home/zheng/carerobot_slam_ros2/install/openslam_gmapping/bin'
[12.559s] INFO:colcon.colcon_core.shell:Creating package script '/home/zheng/carerobot_slam_ros2/install/openslam_gmapping/share/openslam_gmapping/package.ps1'
[12.559s] INFO:colcon.colcon_core.shell:Creating package descriptor '/home/zheng/carerobot_slam_ros2/install/openslam_gmapping/share/openslam_gmapping/package.dsv'
[12.560s] INFO:colcon.colcon_core.shell:Creating package script '/home/zheng/carerobot_slam_ros2/install/openslam_gmapping/share/openslam_gmapping/package.sh'
[12.560s] INFO:colcon.colcon_core.shell:Creating package script '/home/zheng/carerobot_slam_ros2/install/openslam_gmapping/share/openslam_gmapping/package.bash'
[12.561s] INFO:colcon.colcon_core.shell:Creating package script '/home/zheng/carerobot_slam_ros2/install/openslam_gmapping/share/openslam_gmapping/package.zsh'
[12.561s] Level 1:colcon.colcon_core.environment:create_file_with_runtime_dependencies(/home/zheng/carerobot_slam_ros2/install/openslam_gmapping/share/colcon-core/packages/openslam_gmapping)
[12.562s] Level 1:colcon.colcon_core.environment:create_environment_scripts_only(openslam_gmapping)
[12.562s] Level 1:colcon.colcon_core.environment:checking '/home/zheng/carerobot_slam_ros2/install/openslam_gmapping' for CMake module files
[12.562s] Level 1:colcon.colcon_core.environment:checking '/home/zheng/carerobot_slam_ros2/install/openslam_gmapping' for CMake config files
[12.563s] Level 1:colcon.colcon_core.shell:create_environment_hook('openslam_gmapping', 'cmake_prefix_path')
[12.563s] INFO:colcon.colcon_core.shell:Creating environment hook '/home/zheng/carerobot_slam_ros2/install/openslam_gmapping/share/openslam_gmapping/hook/cmake_prefix_path.ps1'
[12.564s] INFO:colcon.colcon_core.shell:Creating environment descriptor '/home/zheng/carerobot_slam_ros2/install/openslam_gmapping/share/openslam_gmapping/hook/cmake_prefix_path.dsv'
[12.564s] INFO:colcon.colcon_core.shell:Creating environment hook '/home/zheng/carerobot_slam_ros2/install/openslam_gmapping/share/openslam_gmapping/hook/cmake_prefix_path.sh'
[12.564s] Level 1:colcon.colcon_core.environment:checking '/home/zheng/carerobot_slam_ros2/install/openslam_gmapping/lib'
[12.564s] Level 1:colcon.colcon_core.environment:checking '/home/zheng/carerobot_slam_ros2/install/openslam_gmapping/bin'
[12.565s] Level 1:colcon.colcon_core.environment:checking '/home/zheng/carerobot_slam_ros2/install/openslam_gmapping/lib/pkgconfig/openslam_gmapping.pc'
[12.565s] Level 1:colcon.colcon_core.environment:checking '/home/zheng/carerobot_slam_ros2/install/openslam_gmapping/lib/python3.10/site-packages'
[12.565s] Level 1:colcon.colcon_core.environment:checking '/home/zheng/carerobot_slam_ros2/install/openslam_gmapping/bin'
[12.566s] INFO:colcon.colcon_core.shell:Creating package script '/home/zheng/carerobot_slam_ros2/install/openslam_gmapping/share/openslam_gmapping/package.ps1'
[12.567s] INFO:colcon.colcon_core.shell:Creating package descriptor '/home/zheng/carerobot_slam_ros2/install/openslam_gmapping/share/openslam_gmapping/package.dsv'
[12.568s] INFO:colcon.colcon_core.shell:Creating package script '/home/zheng/carerobot_slam_ros2/install/openslam_gmapping/share/openslam_gmapping/package.sh'
[12.569s] INFO:colcon.colcon_core.shell:Creating package script '/home/zheng/carerobot_slam_ros2/install/openslam_gmapping/share/openslam_gmapping/package.bash'
[12.569s] INFO:colcon.colcon_core.shell:Creating package script '/home/zheng/carerobot_slam_ros2/install/openslam_gmapping/share/openslam_gmapping/package.zsh'
[12.570s] Level 1:colcon.colcon_core.environment:create_file_with_runtime_dependencies(/home/zheng/carerobot_slam_ros2/install/openslam_gmapping/share/colcon-core/packages/openslam_gmapping)
[12.570s] Level 1:colcon.colcon_core.environment:create_environment_scripts_only(explore_lite)
[12.570s] Level 1:colcon.colcon_core.environment:checking '/home/zheng/carerobot_slam_ros2/install/explore_lite' for CMake module files
[12.572s] DEBUG:colcon.colcon_core.event_handler.log_command:Invoked command in '/home/zheng/carerobot_slam_ros2/build/explore_lite' returned '0': CMAKE_PREFIX_PATH=/opt/ros/humble /usr/bin/cmake --install /home/zheng/carerobot_slam_ros2/build/explore_lite
[12.573s] Level 1:colcon.colcon_core.environment:checking '/home/zheng/carerobot_slam_ros2/install/explore_lite' for CMake config files
[12.573s] Level 1:colcon.colcon_core.shell:create_environment_hook('explore_lite', 'cmake_prefix_path')
[12.574s] INFO:colcon.colcon_core.shell:Creating environment hook '/home/zheng/carerobot_slam_ros2/install/explore_lite/share/explore_lite/hook/cmake_prefix_path.ps1'
[12.574s] INFO:colcon.colcon_core.shell:Creating environment descriptor '/home/zheng/carerobot_slam_ros2/install/explore_lite/share/explore_lite/hook/cmake_prefix_path.dsv'
[12.575s] INFO:colcon.colcon_core.shell:Creating environment hook '/home/zheng/carerobot_slam_ros2/install/explore_lite/share/explore_lite/hook/cmake_prefix_path.sh'
[12.576s] Level 1:colcon.colcon_core.environment:checking '/home/zheng/carerobot_slam_ros2/install/explore_lite/lib'
[12.576s] Level 1:colcon.colcon_core.environment:checking '/home/zheng/carerobot_slam_ros2/install/explore_lite/bin'
[12.576s] Level 1:colcon.colcon_core.environment:checking '/home/zheng/carerobot_slam_ros2/install/explore_lite/lib/pkgconfig/explore_lite.pc'
[12.576s] Level 1:colcon.colcon_core.environment:checking '/home/zheng/carerobot_slam_ros2/install/explore_lite/lib/python3.10/site-packages'
[12.577s] Level 1:colcon.colcon_core.environment:checking '/home/zheng/carerobot_slam_ros2/install/explore_lite/bin'
[12.577s] INFO:colcon.colcon_core.shell:Creating package script '/home/zheng/carerobot_slam_ros2/install/explore_lite/share/explore_lite/package.ps1'
[12.578s] INFO:colcon.colcon_core.shell:Creating package descriptor '/home/zheng/carerobot_slam_ros2/install/explore_lite/share/explore_lite/package.dsv'
[12.578s] INFO:colcon.colcon_core.shell:Creating package script '/home/zheng/carerobot_slam_ros2/install/explore_lite/share/explore_lite/package.sh'
[12.579s] INFO:colcon.colcon_core.shell:Creating package script '/home/zheng/carerobot_slam_ros2/install/explore_lite/share/explore_lite/package.bash'
[12.579s] INFO:colcon.colcon_core.shell:Creating package script '/home/zheng/carerobot_slam_ros2/install/explore_lite/share/explore_lite/package.zsh'
[12.580s] Level 1:colcon.colcon_core.environment:create_file_with_runtime_dependencies(/home/zheng/carerobot_slam_ros2/install/explore_lite/share/colcon-core/packages/explore_lite)
[12.580s] Level 1:colcon.colcon_core.environment:create_environment_scripts_only(explore_lite)
[12.581s] Level 1:colcon.colcon_core.environment:checking '/home/zheng/carerobot_slam_ros2/install/explore_lite' for CMake module files
[12.581s] Level 1:colcon.colcon_core.environment:checking '/home/zheng/carerobot_slam_ros2/install/explore_lite' for CMake config files
[12.582s] Level 1:colcon.colcon_core.shell:create_environment_hook('explore_lite', 'cmake_prefix_path')
[12.582s] INFO:colcon.colcon_core.shell:Creating environment hook '/home/zheng/carerobot_slam_ros2/install/explore_lite/share/explore_lite/hook/cmake_prefix_path.ps1'
[12.583s] INFO:colcon.colcon_core.shell:Creating environment descriptor '/home/zheng/carerobot_slam_ros2/install/explore_lite/share/explore_lite/hook/cmake_prefix_path.dsv'
[12.583s] INFO:colcon.colcon_core.shell:Creating environment hook '/home/zheng/carerobot_slam_ros2/install/explore_lite/share/explore_lite/hook/cmake_prefix_path.sh'
[12.584s] Level 1:colcon.colcon_core.environment:checking '/home/zheng/carerobot_slam_ros2/install/explore_lite/lib'
[12.584s] Level 1:colcon.colcon_core.environment:checking '/home/zheng/carerobot_slam_ros2/install/explore_lite/bin'
[12.584s] Level 1:colcon.colcon_core.environment:checking '/home/zheng/carerobot_slam_ros2/install/explore_lite/lib/pkgconfig/explore_lite.pc'
[12.585s] Level 1:colcon.colcon_core.environment:checking '/home/zheng/carerobot_slam_ros2/install/explore_lite/lib/python3.10/site-packages'
[12.585s] Level 1:colcon.colcon_core.environment:checking '/home/zheng/carerobot_slam_ros2/install/explore_lite/bin'
[12.585s] INFO:colcon.colcon_core.shell:Creating package script '/home/zheng/carerobot_slam_ros2/install/explore_lite/share/explore_lite/package.ps1'
[12.586s] INFO:colcon.colcon_core.shell:Creating package descriptor '/home/zheng/carerobot_slam_ros2/install/explore_lite/share/explore_lite/package.dsv'
[12.586s] INFO:colcon.colcon_core.shell:Creating package script '/home/zheng/carerobot_slam_ros2/install/explore_lite/share/explore_lite/package.sh'
[12.586s] INFO:colcon.colcon_core.shell:Creating package script '/home/zheng/carerobot_slam_ros2/install/explore_lite/share/explore_lite/package.bash'
[12.587s] INFO:colcon.colcon_core.shell:Creating package script '/home/zheng/carerobot_slam_ros2/install/explore_lite/share/explore_lite/package.zsh'
[12.587s] Level 1:colcon.colcon_core.environment:create_file_with_runtime_dependencies(/home/zheng/carerobot_slam_ros2/install/explore_lite/share/colcon-core/packages/explore_lite)
[12.588s] INFO:colcon.colcon_ros.task.ament_cmake.build:Building ROS package in '/home/zheng/carerobot_slam_ros2/src/slam_gmapping' with build type 'ament_cmake'
[12.588s] INFO:colcon.colcon_cmake.task.cmake.build:Building CMake package in '/home/zheng/carerobot_slam_ros2/src/slam_gmapping'
[12.589s] INFO:colcon.colcon_core.shell:Skip shell extension 'powershell' for command environment: Not usable outside of PowerShell
[12.589s] DEBUG:colcon.colcon_core.shell:Skip shell extension 'dsv' for command environment
[12.739s] DEBUG:colcon.colcon_core.event_handler.log_command:Invoking command in '/home/zheng/carerobot_slam_ros2/build/slam_gmapping': AMENT_PREFIX_PATH=/home/zheng/carerobot_slam_ros2/install/openslam_gmapping:${AMENT_PREFIX_PATH} CMAKE_PREFIX_PATH=/home/zheng/carerobot_slam_ros2/install/openslam_gmapping:/opt/ros/humble LD_LIBRARY_PATH=/home/zheng/carerobot_slam_ros2/install/openslam_gmapping/lib:${LD_LIBRARY_PATH} /usr/bin/cmake --build /home/zheng/carerobot_slam_ros2/build/slam_gmapping -- -j8 -l8
[12.816s] DEBUG:colcon.colcon_core.event_handler.log_command:Invoked command in '/home/zheng/carerobot_slam_ros2/build/robot_communication' returned '0': CMAKE_PREFIX_PATH=/opt/ros/humble /usr/bin/cmake --build /home/zheng/carerobot_slam_ros2/build/robot_communication -- -j8 -l8
[12.878s] DEBUG:colcon.colcon_core.event_handler.log_command:Invoking command in '/home/zheng/carerobot_slam_ros2/build/robot_communication': CMAKE_PREFIX_PATH=/opt/ros/humble /usr/bin/cmake --install /home/zheng/carerobot_slam_ros2/build/robot_communication
[13.885s] DEBUG:colcon.colcon_core.event_handler.log_command:Invoked command in '/home/zheng/carerobot_slam_ros2/build/slam_gmapping' returned '0': AMENT_PREFIX_PATH=/home/zheng/carerobot_slam_ros2/install/openslam_gmapping:${AMENT_PREFIX_PATH} CMAKE_PREFIX_PATH=/home/zheng/carerobot_slam_ros2/install/openslam_gmapping:/opt/ros/humble LD_LIBRARY_PATH=/home/zheng/carerobot_slam_ros2/install/openslam_gmapping/lib:${LD_LIBRARY_PATH} /usr/bin/cmake --build /home/zheng/carerobot_slam_ros2/build/slam_gmapping -- -j8 -l8
[13.889s] DEBUG:colcon.colcon_core.event_handler.log_command:Invoking command in '/home/zheng/carerobot_slam_ros2/build/slam_gmapping': AMENT_PREFIX_PATH=/home/zheng/carerobot_slam_ros2/install/openslam_gmapping:${AMENT_PREFIX_PATH} CMAKE_PREFIX_PATH=/home/zheng/carerobot_slam_ros2/install/openslam_gmapping:/opt/ros/humble LD_LIBRARY_PATH=/home/zheng/carerobot_slam_ros2/install/openslam_gmapping/lib:${LD_LIBRARY_PATH} /usr/bin/cmake --install /home/zheng/carerobot_slam_ros2/build/slam_gmapping
[13.901s] Level 1:colcon.colcon_core.environment:create_environment_scripts_only(slam_gmapping)
[13.901s] Level 1:colcon.colcon_core.environment:checking '/home/zheng/carerobot_slam_ros2/install/slam_gmapping' for CMake module files
[13.902s] DEBUG:colcon.colcon_core.event_handler.log_command:Invoked command in '/home/zheng/carerobot_slam_ros2/build/slam_gmapping' returned '0': AMENT_PREFIX_PATH=/home/zheng/carerobot_slam_ros2/install/openslam_gmapping:${AMENT_PREFIX_PATH} CMAKE_PREFIX_PATH=/home/zheng/carerobot_slam_ros2/install/openslam_gmapping:/opt/ros/humble LD_LIBRARY_PATH=/home/zheng/carerobot_slam_ros2/install/openslam_gmapping/lib:${LD_LIBRARY_PATH} /usr/bin/cmake --install /home/zheng/carerobot_slam_ros2/build/slam_gmapping
[13.903s] Level 1:colcon.colcon_core.environment:checking '/home/zheng/carerobot_slam_ros2/install/slam_gmapping' for CMake config files
[13.903s] Level 1:colcon.colcon_core.shell:create_environment_hook('slam_gmapping', 'cmake_prefix_path')
[13.903s] INFO:colcon.colcon_core.shell:Creating environment hook '/home/zheng/carerobot_slam_ros2/install/slam_gmapping/share/slam_gmapping/hook/cmake_prefix_path.ps1'
[13.904s] INFO:colcon.colcon_core.shell:Creating environment descriptor '/home/zheng/carerobot_slam_ros2/install/slam_gmapping/share/slam_gmapping/hook/cmake_prefix_path.dsv'
[13.904s] INFO:colcon.colcon_core.shell:Creating environment hook '/home/zheng/carerobot_slam_ros2/install/slam_gmapping/share/slam_gmapping/hook/cmake_prefix_path.sh'
[13.905s] Level 1:colcon.colcon_core.environment:checking '/home/zheng/carerobot_slam_ros2/install/slam_gmapping/lib'
[13.905s] Level 1:colcon.colcon_core.environment:checking '/home/zheng/carerobot_slam_ros2/install/slam_gmapping/bin'
[13.905s] Level 1:colcon.colcon_core.environment:checking '/home/zheng/carerobot_slam_ros2/install/slam_gmapping/lib/pkgconfig/slam_gmapping.pc'
[13.905s] Level 1:colcon.colcon_core.environment:checking '/home/zheng/carerobot_slam_ros2/install/slam_gmapping/lib/python3.10/site-packages'
[13.905s] Level 1:colcon.colcon_core.environment:checking '/home/zheng/carerobot_slam_ros2/install/slam_gmapping/bin'
[13.906s] INFO:colcon.colcon_core.shell:Creating package script '/home/zheng/carerobot_slam_ros2/install/slam_gmapping/share/slam_gmapping/package.ps1'
[13.907s] INFO:colcon.colcon_core.shell:Creating package descriptor '/home/zheng/carerobot_slam_ros2/install/slam_gmapping/share/slam_gmapping/package.dsv'
[13.908s] INFO:colcon.colcon_core.shell:Creating package script '/home/zheng/carerobot_slam_ros2/install/slam_gmapping/share/slam_gmapping/package.sh'
[13.909s] INFO:colcon.colcon_core.shell:Creating package script '/home/zheng/carerobot_slam_ros2/install/slam_gmapping/share/slam_gmapping/package.bash'
[13.909s] INFO:colcon.colcon_core.shell:Creating package script '/home/zheng/carerobot_slam_ros2/install/slam_gmapping/share/slam_gmapping/package.zsh'
[13.910s] Level 1:colcon.colcon_core.environment:create_file_with_runtime_dependencies(/home/zheng/carerobot_slam_ros2/install/slam_gmapping/share/colcon-core/packages/slam_gmapping)
[13.913s] Level 1:colcon.colcon_core.environment:create_environment_scripts_only(slam_gmapping)
[13.913s] Level 1:colcon.colcon_core.environment:checking '/home/zheng/carerobot_slam_ros2/install/slam_gmapping' for CMake module files
[13.914s] Level 1:colcon.colcon_core.environment:checking '/home/zheng/carerobot_slam_ros2/install/slam_gmapping' for CMake config files
[13.914s] Level 1:colcon.colcon_core.shell:create_environment_hook('slam_gmapping', 'cmake_prefix_path')
[13.915s] INFO:colcon.colcon_core.shell:Creating environment hook '/home/zheng/carerobot_slam_ros2/install/slam_gmapping/share/slam_gmapping/hook/cmake_prefix_path.ps1'
[13.915s] INFO:colcon.colcon_core.shell:Creating environment descriptor '/home/zheng/carerobot_slam_ros2/install/slam_gmapping/share/slam_gmapping/hook/cmake_prefix_path.dsv'
[13.916s] INFO:colcon.colcon_core.shell:Creating environment hook '/home/zheng/carerobot_slam_ros2/install/slam_gmapping/share/slam_gmapping/hook/cmake_prefix_path.sh'
[13.917s] Level 1:colcon.colcon_core.environment:checking '/home/zheng/carerobot_slam_ros2/install/slam_gmapping/lib'
[13.917s] Level 1:colcon.colcon_core.environment:checking '/home/zheng/carerobot_slam_ros2/install/slam_gmapping/bin'
[13.917s] Level 1:colcon.colcon_core.environment:checking '/home/zheng/carerobot_slam_ros2/install/slam_gmapping/lib/pkgconfig/slam_gmapping.pc'
[13.917s] Level 1:colcon.colcon_core.environment:checking '/home/zheng/carerobot_slam_ros2/install/slam_gmapping/lib/python3.10/site-packages'
[13.918s] Level 1:colcon.colcon_core.environment:checking '/home/zheng/carerobot_slam_ros2/install/slam_gmapping/bin'
[13.919s] INFO:colcon.colcon_core.shell:Creating package script '/home/zheng/carerobot_slam_ros2/install/slam_gmapping/share/slam_gmapping/package.ps1'
[13.919s] INFO:colcon.colcon_core.shell:Creating package descriptor '/home/zheng/carerobot_slam_ros2/install/slam_gmapping/share/slam_gmapping/package.dsv'
[13.920s] INFO:colcon.colcon_core.shell:Creating package script '/home/zheng/carerobot_slam_ros2/install/slam_gmapping/share/slam_gmapping/package.sh'
[13.921s] INFO:colcon.colcon_core.shell:Creating package script '/home/zheng/carerobot_slam_ros2/install/slam_gmapping/share/slam_gmapping/package.bash'
[13.921s] INFO:colcon.colcon_core.shell:Creating package script '/home/zheng/carerobot_slam_ros2/install/slam_gmapping/share/slam_gmapping/package.zsh'
[13.922s] Level 1:colcon.colcon_core.environment:create_file_with_runtime_dependencies(/home/zheng/carerobot_slam_ros2/install/slam_gmapping/share/colcon-core/packages/slam_gmapping)
[13.923s] Level 1:colcon.colcon_core.environment:create_environment_scripts_only(robot_communication)
[13.923s] Level 1:colcon.colcon_core.environment:checking '/home/zheng/carerobot_slam_ros2/install/robot_communication' for CMake module files
[13.924s] DEBUG:colcon.colcon_core.event_handler.log_command:Invoked command in '/home/zheng/carerobot_slam_ros2/build/robot_communication' returned '0': CMAKE_PREFIX_PATH=/opt/ros/humble /usr/bin/cmake --install /home/zheng/carerobot_slam_ros2/build/robot_communication
[13.925s] Level 1:colcon.colcon_core.environment:checking '/home/zheng/carerobot_slam_ros2/install/robot_communication' for CMake config files
[13.926s] Level 1:colcon.colcon_core.shell:create_environment_hook('robot_communication', 'cmake_prefix_path')
[13.926s] INFO:colcon.colcon_core.shell:Creating environment hook '/home/zheng/carerobot_slam_ros2/install/robot_communication/share/robot_communication/hook/cmake_prefix_path.ps1'
[13.927s] INFO:colcon.colcon_core.shell:Creating environment descriptor '/home/zheng/carerobot_slam_ros2/install/robot_communication/share/robot_communication/hook/cmake_prefix_path.dsv'
[13.927s] INFO:colcon.colcon_core.shell:Creating environment hook '/home/zheng/carerobot_slam_ros2/install/robot_communication/share/robot_communication/hook/cmake_prefix_path.sh'
[13.928s] Level 1:colcon.colcon_core.environment:checking '/home/zheng/carerobot_slam_ros2/install/robot_communication/lib'
[13.928s] Level 1:colcon.colcon_core.shell:create_environment_hook('robot_communication', 'ld_library_path_lib')
[13.928s] INFO:colcon.colcon_core.shell:Creating environment hook '/home/zheng/carerobot_slam_ros2/install/robot_communication/share/robot_communication/hook/ld_library_path_lib.ps1'
[13.929s] INFO:colcon.colcon_core.shell:Creating environment descriptor '/home/zheng/carerobot_slam_ros2/install/robot_communication/share/robot_communication/hook/ld_library_path_lib.dsv'
[13.929s] INFO:colcon.colcon_core.shell:Creating environment hook '/home/zheng/carerobot_slam_ros2/install/robot_communication/share/robot_communication/hook/ld_library_path_lib.sh'
[13.930s] Level 1:colcon.colcon_core.environment:checking '/home/zheng/carerobot_slam_ros2/install/robot_communication/bin'
[13.930s] Level 1:colcon.colcon_core.environment:checking '/home/zheng/carerobot_slam_ros2/install/robot_communication/lib/pkgconfig/robot_communication.pc'
[13.930s] Level 1:colcon.colcon_core.environment:checking '/home/zheng/carerobot_slam_ros2/install/robot_communication/lib/python3.10/site-packages'
[13.931s] Level 1:colcon.colcon_core.environment:checking '/home/zheng/carerobot_slam_ros2/install/robot_communication/bin'
[13.932s] INFO:colcon.colcon_core.shell:Creating package script '/home/zheng/carerobot_slam_ros2/install/robot_communication/share/robot_communication/package.ps1'
[13.933s] INFO:colcon.colcon_core.shell:Creating package descriptor '/home/zheng/carerobot_slam_ros2/install/robot_communication/share/robot_communication/package.dsv'
[13.933s] INFO:colcon.colcon_core.shell:Creating package script '/home/zheng/carerobot_slam_ros2/install/robot_communication/share/robot_communication/package.sh'
[13.934s] INFO:colcon.colcon_core.shell:Creating package script '/home/zheng/carerobot_slam_ros2/install/robot_communication/share/robot_communication/package.bash'
[13.934s] INFO:colcon.colcon_core.shell:Creating package script '/home/zheng/carerobot_slam_ros2/install/robot_communication/share/robot_communication/package.zsh'
[13.935s] Level 1:colcon.colcon_core.environment:create_file_with_runtime_dependencies(/home/zheng/carerobot_slam_ros2/install/robot_communication/share/colcon-core/packages/robot_communication)
[13.936s] Level 1:colcon.colcon_core.environment:create_environment_scripts_only(robot_communication)
[13.936s] Level 1:colcon.colcon_core.environment:checking '/home/zheng/carerobot_slam_ros2/install/robot_communication' for CMake module files
[13.937s] Level 1:colcon.colcon_core.environment:checking '/home/zheng/carerobot_slam_ros2/install/robot_communication' for CMake config files
[13.939s] Level 1:colcon.colcon_core.shell:create_environment_hook('robot_communication', 'cmake_prefix_path')
[13.939s] INFO:colcon.colcon_core.shell:Creating environment hook '/home/zheng/carerobot_slam_ros2/install/robot_communication/share/robot_communication/hook/cmake_prefix_path.ps1'
[13.940s] INFO:colcon.colcon_core.shell:Creating environment descriptor '/home/zheng/carerobot_slam_ros2/install/robot_communication/share/robot_communication/hook/cmake_prefix_path.dsv'
[13.940s] INFO:colcon.colcon_core.shell:Creating environment hook '/home/zheng/carerobot_slam_ros2/install/robot_communication/share/robot_communication/hook/cmake_prefix_path.sh'
[13.941s] Level 1:colcon.colcon_core.environment:checking '/home/zheng/carerobot_slam_ros2/install/robot_communication/lib'
[13.941s] Level 1:colcon.colcon_core.shell:create_environment_hook('robot_communication', 'ld_library_path_lib')
[13.941s] INFO:colcon.colcon_core.shell:Creating environment hook '/home/zheng/carerobot_slam_ros2/install/robot_communication/share/robot_communication/hook/ld_library_path_lib.ps1'
[13.942s] INFO:colcon.colcon_core.shell:Creating environment descriptor '/home/zheng/carerobot_slam_ros2/install/robot_communication/share/robot_communication/hook/ld_library_path_lib.dsv'
[13.943s] INFO:colcon.colcon_core.shell:Creating environment hook '/home/zheng/carerobot_slam_ros2/install/robot_communication/share/robot_communication/hook/ld_library_path_lib.sh'
[13.943s] Level 1:colcon.colcon_core.environment:checking '/home/zheng/carerobot_slam_ros2/install/robot_communication/bin'
[13.943s] Level 1:colcon.colcon_core.environment:checking '/home/zheng/carerobot_slam_ros2/install/robot_communication/lib/pkgconfig/robot_communication.pc'
[13.944s] Level 1:colcon.colcon_core.environment:checking '/home/zheng/carerobot_slam_ros2/install/robot_communication/lib/python3.10/site-packages'
[13.944s] Level 1:colcon.colcon_core.environment:checking '/home/zheng/carerobot_slam_ros2/install/robot_communication/bin'
[13.945s] INFO:colcon.colcon_core.shell:Creating package script '/home/zheng/carerobot_slam_ros2/install/robot_communication/share/robot_communication/package.ps1'
[13.946s] INFO:colcon.colcon_core.shell:Creating package descriptor '/home/zheng/carerobot_slam_ros2/install/robot_communication/share/robot_communication/package.dsv'
[13.947s] INFO:colcon.colcon_core.shell:Creating package script '/home/zheng/carerobot_slam_ros2/install/robot_communication/share/robot_communication/package.sh'
[13.948s] INFO:colcon.colcon_core.shell:Creating package script '/home/zheng/carerobot_slam_ros2/install/robot_communication/share/robot_communication/package.bash'
[13.948s] INFO:colcon.colcon_core.shell:Creating package script '/home/zheng/carerobot_slam_ros2/install/robot_communication/share/robot_communication/package.zsh'
[13.949s] Level 1:colcon.colcon_core.environment:create_file_with_runtime_dependencies(/home/zheng/carerobot_slam_ros2/install/robot_communication/share/colcon-core/packages/robot_communication)
[13.949s] INFO:colcon.colcon_ros.task.ament_cmake.build:Building ROS package in '/home/zheng/carerobot_slam_ros2/src/robot_costmap' with build type 'ament_cmake'
[13.950s] INFO:colcon.colcon_cmake.task.cmake.build:Building CMake package in '/home/zheng/carerobot_slam_ros2/src/robot_costmap'
[13.950s] INFO:colcon.colcon_core.shell:Skip shell extension 'powershell' for command environment: Not usable outside of PowerShell
[13.950s] DEBUG:colcon.colcon_core.shell:Skip shell extension 'dsv' for command environment
[13.955s] INFO:colcon.colcon_ros.task.ament_cmake.build:Building ROS package in '/home/zheng/carerobot_slam_ros2/src/robot_pid_local_planner' with build type 'ament_cmake'
[13.955s] INFO:colcon.colcon_cmake.task.cmake.build:Building CMake package in '/home/zheng/carerobot_slam_ros2/src/robot_pid_local_planner'
[13.956s] INFO:colcon.colcon_core.shell:Skip shell extension 'powershell' for command environment: Not usable outside of PowerShell
[13.956s] DEBUG:colcon.colcon_core.shell:Skip shell extension 'dsv' for command environment
[14.124s] DEBUG:colcon.colcon_core.event_handler.log_command:Invoking command in '/home/zheng/carerobot_slam_ros2/build/robot_costmap': AMENT_PREFIX_PATH=/home/zheng/carerobot_slam_ros2/install/robot_communication:${AMENT_PREFIX_PATH} CMAKE_PREFIX_PATH=/home/zheng/carerobot_slam_ros2/install/robot_communication:/opt/ros/humble LD_LIBRARY_PATH=/home/zheng/carerobot_slam_ros2/install/robot_communication/lib:${LD_LIBRARY_PATH} PYTHONPATH=/home/zheng/carerobot_slam_ros2/install/robot_communication/local/lib/python3.10/dist-packages:${PYTHONPATH} /usr/bin/cmake --build /home/zheng/carerobot_slam_ros2/build/robot_costmap -- -j8 -l8
[14.144s] DEBUG:colcon.colcon_core.event_handler.log_command:Invoking command in '/home/zheng/carerobot_slam_ros2/build/robot_pid_local_planner': AMENT_PREFIX_PATH=/home/zheng/carerobot_slam_ros2/install/robot_communication:${AMENT_PREFIX_PATH} CMAKE_PREFIX_PATH=/home/zheng/carerobot_slam_ros2/install/robot_communication:/opt/ros/humble LD_LIBRARY_PATH=/home/zheng/carerobot_slam_ros2/install/robot_communication/lib:${LD_LIBRARY_PATH} PYTHONPATH=/home/zheng/carerobot_slam_ros2/install/robot_communication/local/lib/python3.10/dist-packages:${PYTHONPATH} /usr/bin/cmake --build /home/zheng/carerobot_slam_ros2/build/robot_pid_local_planner -- -j8 -l8
[14.939s] DEBUG:colcon.colcon_core.event_handler.log_command:Invoked command in '/home/zheng/carerobot_slam_ros2/build/robot_pid_local_planner' returned '0': AMENT_PREFIX_PATH=/home/zheng/carerobot_slam_ros2/install/robot_communication:${AMENT_PREFIX_PATH} CMAKE_PREFIX_PATH=/home/zheng/carerobot_slam_ros2/install/robot_communication:/opt/ros/humble LD_LIBRARY_PATH=/home/zheng/carerobot_slam_ros2/install/robot_communication/lib:${LD_LIBRARY_PATH} PYTHONPATH=/home/zheng/carerobot_slam_ros2/install/robot_communication/local/lib/python3.10/dist-packages:${PYTHONPATH} /usr/bin/cmake --build /home/zheng/carerobot_slam_ros2/build/robot_pid_local_planner -- -j8 -l8
[14.992s] DEBUG:colcon.colcon_core.event_handler.log_command:Invoking command in '/home/zheng/carerobot_slam_ros2/build/robot_pid_local_planner': AMENT_PREFIX_PATH=/home/zheng/carerobot_slam_ros2/install/robot_communication:${AMENT_PREFIX_PATH} CMAKE_PREFIX_PATH=/home/zheng/carerobot_slam_ros2/install/robot_communication:/opt/ros/humble LD_LIBRARY_PATH=/home/zheng/carerobot_slam_ros2/install/robot_communication/lib:${LD_LIBRARY_PATH} PYTHONPATH=/home/zheng/carerobot_slam_ros2/install/robot_communication/local/lib/python3.10/dist-packages:${PYTHONPATH} /usr/bin/cmake --install /home/zheng/carerobot_slam_ros2/build/robot_pid_local_planner
[15.009s] Level 1:colcon.colcon_core.environment:create_environment_scripts_only(robot_pid_local_planner)
[15.009s] Level 1:colcon.colcon_core.environment:checking '/home/zheng/carerobot_slam_ros2/install/robot_pid_local_planner' for CMake module files
[15.010s] Level 1:colcon.colcon_core.environment:checking '/home/zheng/carerobot_slam_ros2/install/robot_pid_local_planner' for CMake config files
[15.010s] Level 1:colcon.colcon_core.shell:create_environment_hook('robot_pid_local_planner', 'cmake_prefix_path')
[15.010s] INFO:colcon.colcon_core.shell:Creating environment hook '/home/zheng/carerobot_slam_ros2/install/robot_pid_local_planner/share/robot_pid_local_planner/hook/cmake_prefix_path.ps1'
[15.011s] DEBUG:colcon.colcon_core.event_handler.log_command:Invoked command in '/home/zheng/carerobot_slam_ros2/build/robot_pid_local_planner' returned '0': AMENT_PREFIX_PATH=/home/zheng/carerobot_slam_ros2/install/robot_communication:${AMENT_PREFIX_PATH} CMAKE_PREFIX_PATH=/home/zheng/carerobot_slam_ros2/install/robot_communication:/opt/ros/humble LD_LIBRARY_PATH=/home/zheng/carerobot_slam_ros2/install/robot_communication/lib:${LD_LIBRARY_PATH} PYTHONPATH=/home/zheng/carerobot_slam_ros2/install/robot_communication/local/lib/python3.10/dist-packages:${PYTHONPATH} /usr/bin/cmake --install /home/zheng/carerobot_slam_ros2/build/robot_pid_local_planner
[15.011s] INFO:colcon.colcon_core.shell:Creating environment descriptor '/home/zheng/carerobot_slam_ros2/install/robot_pid_local_planner/share/robot_pid_local_planner/hook/cmake_prefix_path.dsv'
[15.012s] INFO:colcon.colcon_core.shell:Creating environment hook '/home/zheng/carerobot_slam_ros2/install/robot_pid_local_planner/share/robot_pid_local_planner/hook/cmake_prefix_path.sh'
[15.013s] Level 1:colcon.colcon_core.environment:checking '/home/zheng/carerobot_slam_ros2/install/robot_pid_local_planner/lib'
[15.013s] Level 1:colcon.colcon_core.environment:checking '/home/zheng/carerobot_slam_ros2/install/robot_pid_local_planner/bin'
[15.013s] Level 1:colcon.colcon_core.environment:checking '/home/zheng/carerobot_slam_ros2/install/robot_pid_local_planner/lib/pkgconfig/robot_pid_local_planner.pc'
[15.013s] Level 1:colcon.colcon_core.environment:checking '/home/zheng/carerobot_slam_ros2/install/robot_pid_local_planner/lib/python3.10/site-packages'
[15.014s] Level 1:colcon.colcon_core.environment:checking '/home/zheng/carerobot_slam_ros2/install/robot_pid_local_planner/bin'
[15.014s] INFO:colcon.colcon_core.shell:Creating package script '/home/zheng/carerobot_slam_ros2/install/robot_pid_local_planner/share/robot_pid_local_planner/package.ps1'
[15.015s] INFO:colcon.colcon_core.shell:Creating package descriptor '/home/zheng/carerobot_slam_ros2/install/robot_pid_local_planner/share/robot_pid_local_planner/package.dsv'
[15.015s] INFO:colcon.colcon_core.shell:Creating package script '/home/zheng/carerobot_slam_ros2/install/robot_pid_local_planner/share/robot_pid_local_planner/package.sh'
[15.016s] INFO:colcon.colcon_core.shell:Creating package script '/home/zheng/carerobot_slam_ros2/install/robot_pid_local_planner/share/robot_pid_local_planner/package.bash'
[15.016s] INFO:colcon.colcon_core.shell:Creating package script '/home/zheng/carerobot_slam_ros2/install/robot_pid_local_planner/share/robot_pid_local_planner/package.zsh'
[15.017s] Level 1:colcon.colcon_core.environment:create_file_with_runtime_dependencies(/home/zheng/carerobot_slam_ros2/install/robot_pid_local_planner/share/colcon-core/packages/robot_pid_local_planner)
[15.018s] Level 1:colcon.colcon_core.environment:create_environment_scripts_only(robot_pid_local_planner)
[15.018s] Level 1:colcon.colcon_core.environment:checking '/home/zheng/carerobot_slam_ros2/install/robot_pid_local_planner' for CMake module files
[15.019s] Level 1:colcon.colcon_core.environment:checking '/home/zheng/carerobot_slam_ros2/install/robot_pid_local_planner' for CMake config files
[15.019s] Level 1:colcon.colcon_core.shell:create_environment_hook('robot_pid_local_planner', 'cmake_prefix_path')
[15.019s] INFO:colcon.colcon_core.shell:Creating environment hook '/home/zheng/carerobot_slam_ros2/install/robot_pid_local_planner/share/robot_pid_local_planner/hook/cmake_prefix_path.ps1'
[15.020s] INFO:colcon.colcon_core.shell:Creating environment descriptor '/home/zheng/carerobot_slam_ros2/install/robot_pid_local_planner/share/robot_pid_local_planner/hook/cmake_prefix_path.dsv'
[15.021s] INFO:colcon.colcon_core.shell:Creating environment hook '/home/zheng/carerobot_slam_ros2/install/robot_pid_local_planner/share/robot_pid_local_planner/hook/cmake_prefix_path.sh'
[15.021s] Level 1:colcon.colcon_core.environment:checking '/home/zheng/carerobot_slam_ros2/install/robot_pid_local_planner/lib'
[15.021s] Level 1:colcon.colcon_core.environment:checking '/home/zheng/carerobot_slam_ros2/install/robot_pid_local_planner/bin'
[15.022s] Level 1:colcon.colcon_core.environment:checking '/home/zheng/carerobot_slam_ros2/install/robot_pid_local_planner/lib/pkgconfig/robot_pid_local_planner.pc'
[15.022s] Level 1:colcon.colcon_core.environment:checking '/home/zheng/carerobot_slam_ros2/install/robot_pid_local_planner/lib/python3.10/site-packages'
[15.023s] Level 1:colcon.colcon_core.environment:checking '/home/zheng/carerobot_slam_ros2/install/robot_pid_local_planner/bin'
[15.023s] INFO:colcon.colcon_core.shell:Creating package script '/home/zheng/carerobot_slam_ros2/install/robot_pid_local_planner/share/robot_pid_local_planner/package.ps1'
[15.025s] INFO:colcon.colcon_core.shell:Creating package descriptor '/home/zheng/carerobot_slam_ros2/install/robot_pid_local_planner/share/robot_pid_local_planner/package.dsv'
[15.025s] INFO:colcon.colcon_core.shell:Creating package script '/home/zheng/carerobot_slam_ros2/install/robot_pid_local_planner/share/robot_pid_local_planner/package.sh'
[15.026s] INFO:colcon.colcon_core.shell:Creating package script '/home/zheng/carerobot_slam_ros2/install/robot_pid_local_planner/share/robot_pid_local_planner/package.bash'
[15.027s] INFO:colcon.colcon_core.shell:Creating package script '/home/zheng/carerobot_slam_ros2/install/robot_pid_local_planner/share/robot_pid_local_planner/package.zsh'
[15.028s] Level 1:colcon.colcon_core.environment:create_file_with_runtime_dependencies(/home/zheng/carerobot_slam_ros2/install/robot_pid_local_planner/share/colcon-core/packages/robot_pid_local_planner)
[15.369s] DEBUG:colcon.colcon_core.event_handler.log_command:Invoked command in '/home/zheng/carerobot_slam_ros2/build/read_laser_data' returned '0': CMAKE_PREFIX_PATH=/opt/ros/humble /usr/bin/cmake --build /home/zheng/carerobot_slam_ros2/build/read_laser_data -- -j8 -l8
[15.431s] DEBUG:colcon.colcon_core.event_handler.log_command:Invoking command in '/home/zheng/carerobot_slam_ros2/build/read_laser_data': CMAKE_PREFIX_PATH=/opt/ros/humble /usr/bin/cmake --install /home/zheng/carerobot_slam_ros2/build/read_laser_data
[15.517s] Level 1:colcon.colcon_core.environment:create_environment_scripts_only(read_laser_data)
[15.518s] Level 1:colcon.colcon_core.environment:checking '/home/zheng/carerobot_slam_ros2/install/read_laser_data' for CMake module files
[15.518s] DEBUG:colcon.colcon_core.event_handler.log_command:Invoked command in '/home/zheng/carerobot_slam_ros2/build/read_laser_data' returned '0': CMAKE_PREFIX_PATH=/opt/ros/humble /usr/bin/cmake --install /home/zheng/carerobot_slam_ros2/build/read_laser_data
[15.519s] Level 1:colcon.colcon_core.environment:checking '/home/zheng/carerobot_slam_ros2/install/read_laser_data' for CMake config files
[15.519s] Level 1:colcon.colcon_core.shell:create_environment_hook('read_laser_data', 'cmake_prefix_path')
[15.519s] INFO:colcon.colcon_core.shell:Creating environment hook '/home/zheng/carerobot_slam_ros2/install/read_laser_data/share/read_laser_data/hook/cmake_prefix_path.ps1'
[15.520s] INFO:colcon.colcon_core.shell:Creating environment descriptor '/home/zheng/carerobot_slam_ros2/install/read_laser_data/share/read_laser_data/hook/cmake_prefix_path.dsv'
[15.520s] INFO:colcon.colcon_core.shell:Creating environment hook '/home/zheng/carerobot_slam_ros2/install/read_laser_data/share/read_laser_data/hook/cmake_prefix_path.sh'
[15.521s] Level 1:colcon.colcon_core.environment:checking '/home/zheng/carerobot_slam_ros2/install/read_laser_data/lib'
[15.521s] Level 1:colcon.colcon_core.environment:checking '/home/zheng/carerobot_slam_ros2/install/read_laser_data/bin'
[15.521s] Level 1:colcon.colcon_core.environment:checking '/home/zheng/carerobot_slam_ros2/install/read_laser_data/lib/pkgconfig/read_laser_data.pc'
[15.521s] Level 1:colcon.colcon_core.environment:checking '/home/zheng/carerobot_slam_ros2/install/read_laser_data/lib/python3.10/site-packages'
[15.522s] Level 1:colcon.colcon_core.environment:checking '/home/zheng/carerobot_slam_ros2/install/read_laser_data/bin'
[15.523s] INFO:colcon.colcon_core.shell:Creating package script '/home/zheng/carerobot_slam_ros2/install/read_laser_data/share/read_laser_data/package.ps1'
[15.524s] INFO:colcon.colcon_core.shell:Creating package descriptor '/home/zheng/carerobot_slam_ros2/install/read_laser_data/share/read_laser_data/package.dsv'
[15.525s] INFO:colcon.colcon_core.shell:Creating package script '/home/zheng/carerobot_slam_ros2/install/read_laser_data/share/read_laser_data/package.sh'
[15.527s] INFO:colcon.colcon_core.shell:Creating package script '/home/zheng/carerobot_slam_ros2/install/read_laser_data/share/read_laser_data/package.bash'
[15.528s] INFO:colcon.colcon_core.shell:Creating package script '/home/zheng/carerobot_slam_ros2/install/read_laser_data/share/read_laser_data/package.zsh'
[15.528s] Level 1:colcon.colcon_core.environment:create_file_with_runtime_dependencies(/home/zheng/carerobot_slam_ros2/install/read_laser_data/share/colcon-core/packages/read_laser_data)
[15.529s] Level 1:colcon.colcon_core.environment:create_environment_scripts_only(read_laser_data)
[15.530s] Level 1:colcon.colcon_core.environment:checking '/home/zheng/carerobot_slam_ros2/install/read_laser_data' for CMake module files
[15.530s] Level 1:colcon.colcon_core.environment:checking '/home/zheng/carerobot_slam_ros2/install/read_laser_data' for CMake config files
[15.530s] Level 1:colcon.colcon_core.shell:create_environment_hook('read_laser_data', 'cmake_prefix_path')
[15.531s] INFO:colcon.colcon_core.shell:Creating environment hook '/home/zheng/carerobot_slam_ros2/install/read_laser_data/share/read_laser_data/hook/cmake_prefix_path.ps1'
[15.531s] INFO:colcon.colcon_core.shell:Creating environment descriptor '/home/zheng/carerobot_slam_ros2/install/read_laser_data/share/read_laser_data/hook/cmake_prefix_path.dsv'
[15.532s] INFO:colcon.colcon_core.shell:Creating environment hook '/home/zheng/carerobot_slam_ros2/install/read_laser_data/share/read_laser_data/hook/cmake_prefix_path.sh'
[15.532s] Level 1:colcon.colcon_core.environment:checking '/home/zheng/carerobot_slam_ros2/install/read_laser_data/lib'
[15.532s] Level 1:colcon.colcon_core.environment:checking '/home/zheng/carerobot_slam_ros2/install/read_laser_data/bin'
[15.532s] Level 1:colcon.colcon_core.environment:checking '/home/zheng/carerobot_slam_ros2/install/read_laser_data/lib/pkgconfig/read_laser_data.pc'
[15.533s] Level 1:colcon.colcon_core.environment:checking '/home/zheng/carerobot_slam_ros2/install/read_laser_data/lib/python3.10/site-packages'
[15.533s] Level 1:colcon.colcon_core.environment:checking '/home/zheng/carerobot_slam_ros2/install/read_laser_data/bin'
[15.533s] INFO:colcon.colcon_core.shell:Creating package script '/home/zheng/carerobot_slam_ros2/install/read_laser_data/share/read_laser_data/package.ps1'
[15.534s] INFO:colcon.colcon_core.shell:Creating package descriptor '/home/zheng/carerobot_slam_ros2/install/read_laser_data/share/read_laser_data/package.dsv'
[15.534s] INFO:colcon.colcon_core.shell:Creating package script '/home/zheng/carerobot_slam_ros2/install/read_laser_data/share/read_laser_data/package.sh'
[15.535s] INFO:colcon.colcon_core.shell:Creating package script '/home/zheng/carerobot_slam_ros2/install/read_laser_data/share/read_laser_data/package.bash'
[15.535s] INFO:colcon.colcon_core.shell:Creating package script '/home/zheng/carerobot_slam_ros2/install/read_laser_data/share/read_laser_data/package.zsh'
[15.535s] Level 1:colcon.colcon_core.environment:create_file_with_runtime_dependencies(/home/zheng/carerobot_slam_ros2/install/read_laser_data/share/colcon-core/packages/read_laser_data)
[15.594s] DEBUG:colcon.colcon_core.event_handler.log_command:Invoked command in '/home/zheng/carerobot_slam_ros2/build/robot_costmap' returned '0': AMENT_PREFIX_PATH=/home/zheng/carerobot_slam_ros2/install/robot_communication:${AMENT_PREFIX_PATH} CMAKE_PREFIX_PATH=/home/zheng/carerobot_slam_ros2/install/robot_communication:/opt/ros/humble LD_LIBRARY_PATH=/home/zheng/carerobot_slam_ros2/install/robot_communication/lib:${LD_LIBRARY_PATH} PYTHONPATH=/home/zheng/carerobot_slam_ros2/install/robot_communication/local/lib/python3.10/dist-packages:${PYTHONPATH} /usr/bin/cmake --build /home/zheng/carerobot_slam_ros2/build/robot_costmap -- -j8 -l8
[15.637s] DEBUG:colcon.colcon_core.event_handler.log_command:Invoking command in '/home/zheng/carerobot_slam_ros2/build/robot_costmap': AMENT_PREFIX_PATH=/home/zheng/carerobot_slam_ros2/install/robot_communication:${AMENT_PREFIX_PATH} CMAKE_PREFIX_PATH=/home/zheng/carerobot_slam_ros2/install/robot_communication:/opt/ros/humble LD_LIBRARY_PATH=/home/zheng/carerobot_slam_ros2/install/robot_communication/lib:${LD_LIBRARY_PATH} PYTHONPATH=/home/zheng/carerobot_slam_ros2/install/robot_communication/local/lib/python3.10/dist-packages:${PYTHONPATH} /usr/bin/cmake --install /home/zheng/carerobot_slam_ros2/build/robot_costmap
[15.659s] Level 1:colcon.colcon_core.environment:create_environment_scripts_only(robot_costmap)
[15.659s] Level 1:colcon.colcon_core.environment:checking '/home/zheng/carerobot_slam_ros2/install/robot_costmap' for CMake module files
[15.660s] DEBUG:colcon.colcon_core.event_handler.log_command:Invoked command in '/home/zheng/carerobot_slam_ros2/build/robot_costmap' returned '0': AMENT_PREFIX_PATH=/home/zheng/carerobot_slam_ros2/install/robot_communication:${AMENT_PREFIX_PATH} CMAKE_PREFIX_PATH=/home/zheng/carerobot_slam_ros2/install/robot_communication:/opt/ros/humble LD_LIBRARY_PATH=/home/zheng/carerobot_slam_ros2/install/robot_communication/lib:${LD_LIBRARY_PATH} PYTHONPATH=/home/zheng/carerobot_slam_ros2/install/robot_communication/local/lib/python3.10/dist-packages:${PYTHONPATH} /usr/bin/cmake --install /home/zheng/carerobot_slam_ros2/build/robot_costmap
[15.660s] Level 1:colcon.colcon_core.environment:checking '/home/zheng/carerobot_slam_ros2/install/robot_costmap' for CMake config files
[15.661s] Level 1:colcon.colcon_core.shell:create_environment_hook('robot_costmap', 'cmake_prefix_path')
[15.661s] INFO:colcon.colcon_core.shell:Creating environment hook '/home/zheng/carerobot_slam_ros2/install/robot_costmap/share/robot_costmap/hook/cmake_prefix_path.ps1'
[15.662s] INFO:colcon.colcon_core.shell:Creating environment descriptor '/home/zheng/carerobot_slam_ros2/install/robot_costmap/share/robot_costmap/hook/cmake_prefix_path.dsv'
[15.662s] INFO:colcon.colcon_core.shell:Creating environment hook '/home/zheng/carerobot_slam_ros2/install/robot_costmap/share/robot_costmap/hook/cmake_prefix_path.sh'
[15.663s] Level 1:colcon.colcon_core.environment:checking '/home/zheng/carerobot_slam_ros2/install/robot_costmap/lib'
[15.663s] Level 1:colcon.colcon_core.environment:checking '/home/zheng/carerobot_slam_ros2/install/robot_costmap/bin'
[15.663s] Level 1:colcon.colcon_core.environment:checking '/home/zheng/carerobot_slam_ros2/install/robot_costmap/lib/pkgconfig/robot_costmap.pc'
[15.664s] Level 1:colcon.colcon_core.environment:checking '/home/zheng/carerobot_slam_ros2/install/robot_costmap/lib/python3.10/site-packages'
[15.664s] Level 1:colcon.colcon_core.environment:checking '/home/zheng/carerobot_slam_ros2/install/robot_costmap/bin'
[15.665s] INFO:colcon.colcon_core.shell:Creating package script '/home/zheng/carerobot_slam_ros2/install/robot_costmap/share/robot_costmap/package.ps1'
[15.666s] INFO:colcon.colcon_core.shell:Creating package descriptor '/home/zheng/carerobot_slam_ros2/install/robot_costmap/share/robot_costmap/package.dsv'
[15.666s] INFO:colcon.colcon_core.shell:Creating package script '/home/zheng/carerobot_slam_ros2/install/robot_costmap/share/robot_costmap/package.sh'
[15.667s] INFO:colcon.colcon_core.shell:Creating package script '/home/zheng/carerobot_slam_ros2/install/robot_costmap/share/robot_costmap/package.bash'
[15.669s] INFO:colcon.colcon_core.shell:Creating package script '/home/zheng/carerobot_slam_ros2/install/robot_costmap/share/robot_costmap/package.zsh'
[15.669s] Level 1:colcon.colcon_core.environment:create_file_with_runtime_dependencies(/home/zheng/carerobot_slam_ros2/install/robot_costmap/share/colcon-core/packages/robot_costmap)
[15.670s] Level 1:colcon.colcon_core.environment:create_environment_scripts_only(robot_costmap)
[15.670s] Level 1:colcon.colcon_core.environment:checking '/home/zheng/carerobot_slam_ros2/install/robot_costmap' for CMake module files
[15.671s] Level 1:colcon.colcon_core.environment:checking '/home/zheng/carerobot_slam_ros2/install/robot_costmap' for CMake config files
[15.672s] Level 1:colcon.colcon_core.shell:create_environment_hook('robot_costmap', 'cmake_prefix_path')
[15.672s] INFO:colcon.colcon_core.shell:Creating environment hook '/home/zheng/carerobot_slam_ros2/install/robot_costmap/share/robot_costmap/hook/cmake_prefix_path.ps1'
[15.672s] INFO:colcon.colcon_core.shell:Creating environment descriptor '/home/zheng/carerobot_slam_ros2/install/robot_costmap/share/robot_costmap/hook/cmake_prefix_path.dsv'
[15.673s] INFO:colcon.colcon_core.shell:Creating environment hook '/home/zheng/carerobot_slam_ros2/install/robot_costmap/share/robot_costmap/hook/cmake_prefix_path.sh'
[15.674s] Level 1:colcon.colcon_core.environment:checking '/home/zheng/carerobot_slam_ros2/install/robot_costmap/lib'
[15.674s] Level 1:colcon.colcon_core.environment:checking '/home/zheng/carerobot_slam_ros2/install/robot_costmap/bin'
[15.674s] Level 1:colcon.colcon_core.environment:checking '/home/zheng/carerobot_slam_ros2/install/robot_costmap/lib/pkgconfig/robot_costmap.pc'
[15.674s] Level 1:colcon.colcon_core.environment:checking '/home/zheng/carerobot_slam_ros2/install/robot_costmap/lib/python3.10/site-packages'
[15.675s] Level 1:colcon.colcon_core.environment:checking '/home/zheng/carerobot_slam_ros2/install/robot_costmap/bin'
[15.675s] INFO:colcon.colcon_core.shell:Creating package script '/home/zheng/carerobot_slam_ros2/install/robot_costmap/share/robot_costmap/package.ps1'
[15.676s] INFO:colcon.colcon_core.shell:Creating package descriptor '/home/zheng/carerobot_slam_ros2/install/robot_costmap/share/robot_costmap/package.dsv'
[15.677s] INFO:colcon.colcon_core.shell:Creating package script '/home/zheng/carerobot_slam_ros2/install/robot_costmap/share/robot_costmap/package.sh'
[15.677s] INFO:colcon.colcon_core.shell:Creating package script '/home/zheng/carerobot_slam_ros2/install/robot_costmap/share/robot_costmap/package.bash'
[15.678s] INFO:colcon.colcon_core.shell:Creating package script '/home/zheng/carerobot_slam_ros2/install/robot_costmap/share/robot_costmap/package.zsh'
[15.678s] Level 1:colcon.colcon_core.environment:create_file_with_runtime_dependencies(/home/zheng/carerobot_slam_ros2/install/robot_costmap/share/colcon-core/packages/robot_costmap)
[15.679s] INFO:colcon.colcon_ros.task.ament_cmake.build:Building ROS package in '/home/zheng/carerobot_slam_ros2/src/robot_navigation' with build type 'ament_cmake'
[15.679s] INFO:colcon.colcon_cmake.task.cmake.build:Building CMake package in '/home/zheng/carerobot_slam_ros2/src/robot_navigation'
[15.679s] INFO:colcon.colcon_core.shell:Skip shell extension 'powershell' for command environment: Not usable outside of PowerShell
[15.679s] DEBUG:colcon.colcon_core.shell:Skip shell extension 'dsv' for command environment
[15.703s] DEBUG:colcon.colcon_core.event_handler.log_command:Invoking command in '/home/zheng/carerobot_slam_ros2/build/robot_navigation': AMENT_PREFIX_PATH=/home/zheng/carerobot_slam_ros2/install/robot_costmap:/home/zheng/carerobot_slam_ros2/install/robot_communication:${AMENT_PREFIX_PATH} CMAKE_PREFIX_PATH=/home/zheng/carerobot_slam_ros2/install/robot_costmap:/home/zheng/carerobot_slam_ros2/install/robot_communication:/opt/ros/humble LD_LIBRARY_PATH=/home/zheng/carerobot_slam_ros2/install/robot_costmap/lib:/home/zheng/carerobot_slam_ros2/install/robot_communication/lib:${LD_LIBRARY_PATH} PYTHONPATH=/home/zheng/carerobot_slam_ros2/install/robot_communication/local/lib/python3.10/dist-packages:${PYTHONPATH} /usr/bin/cmake --build /home/zheng/carerobot_slam_ros2/build/robot_navigation -- -j8 -l8
[16.840s] DEBUG:colcon.colcon_core.event_handler.log_command:Invoked command in '/home/zheng/carerobot_slam_ros2/build/robot_navigation' returned '0': AMENT_PREFIX_PATH=/home/zheng/carerobot_slam_ros2/install/robot_costmap:/home/zheng/carerobot_slam_ros2/install/robot_communication:${AMENT_PREFIX_PATH} CMAKE_PREFIX_PATH=/home/zheng/carerobot_slam_ros2/install/robot_costmap:/home/zheng/carerobot_slam_ros2/install/robot_communication:/opt/ros/humble LD_LIBRARY_PATH=/home/zheng/carerobot_slam_ros2/install/robot_costmap/lib:/home/zheng/carerobot_slam_ros2/install/robot_communication/lib:${LD_LIBRARY_PATH} PYTHONPATH=/home/zheng/carerobot_slam_ros2/install/robot_communication/local/lib/python3.10/dist-packages:${PYTHONPATH} /usr/bin/cmake --build /home/zheng/carerobot_slam_ros2/build/robot_navigation -- -j8 -l8
[16.913s] DEBUG:colcon.colcon_core.event_handler.log_command:Invoking command in '/home/zheng/carerobot_slam_ros2/build/robot_navigation': AMENT_PREFIX_PATH=/home/zheng/carerobot_slam_ros2/install/robot_costmap:/home/zheng/carerobot_slam_ros2/install/robot_communication:${AMENT_PREFIX_PATH} CMAKE_PREFIX_PATH=/home/zheng/carerobot_slam_ros2/install/robot_costmap:/home/zheng/carerobot_slam_ros2/install/robot_communication:/opt/ros/humble LD_LIBRARY_PATH=/home/zheng/carerobot_slam_ros2/install/robot_costmap/lib:/home/zheng/carerobot_slam_ros2/install/robot_communication/lib:${LD_LIBRARY_PATH} PYTHONPATH=/home/zheng/carerobot_slam_ros2/install/robot_communication/local/lib/python3.10/dist-packages:${PYTHONPATH} /usr/bin/cmake --install /home/zheng/carerobot_slam_ros2/build/robot_navigation
[17.126s] Level 1:colcon.colcon_core.environment:create_environment_scripts_only(robot_navigation)
[17.127s] Level 1:colcon.colcon_core.environment:checking '/home/zheng/carerobot_slam_ros2/install/robot_navigation' for CMake module files
[17.127s] DEBUG:colcon.colcon_core.event_handler.log_command:Invoked command in '/home/zheng/carerobot_slam_ros2/build/robot_navigation' returned '0': AMENT_PREFIX_PATH=/home/zheng/carerobot_slam_ros2/install/robot_costmap:/home/zheng/carerobot_slam_ros2/install/robot_communication:${AMENT_PREFIX_PATH} CMAKE_PREFIX_PATH=/home/zheng/carerobot_slam_ros2/install/robot_costmap:/home/zheng/carerobot_slam_ros2/install/robot_communication:/opt/ros/humble LD_LIBRARY_PATH=/home/zheng/carerobot_slam_ros2/install/robot_costmap/lib:/home/zheng/carerobot_slam_ros2/install/robot_communication/lib:${LD_LIBRARY_PATH} PYTHONPATH=/home/zheng/carerobot_slam_ros2/install/robot_communication/local/lib/python3.10/dist-packages:${PYTHONPATH} /usr/bin/cmake --install /home/zheng/carerobot_slam_ros2/build/robot_navigation
[17.128s] Level 1:colcon.colcon_core.environment:checking '/home/zheng/carerobot_slam_ros2/install/robot_navigation' for CMake config files
[17.128s] Level 1:colcon.colcon_core.shell:create_environment_hook('robot_navigation', 'cmake_prefix_path')
[17.128s] INFO:colcon.colcon_core.shell:Creating environment hook '/home/zheng/carerobot_slam_ros2/install/robot_navigation/share/robot_navigation/hook/cmake_prefix_path.ps1'
[17.129s] INFO:colcon.colcon_core.shell:Creating environment descriptor '/home/zheng/carerobot_slam_ros2/install/robot_navigation/share/robot_navigation/hook/cmake_prefix_path.dsv'
[17.129s] INFO:colcon.colcon_core.shell:Creating environment hook '/home/zheng/carerobot_slam_ros2/install/robot_navigation/share/robot_navigation/hook/cmake_prefix_path.sh'
[17.129s] Level 1:colcon.colcon_core.environment:checking '/home/zheng/carerobot_slam_ros2/install/robot_navigation/lib'
[17.130s] Level 1:colcon.colcon_core.environment:checking '/home/zheng/carerobot_slam_ros2/install/robot_navigation/bin'
[17.130s] Level 1:colcon.colcon_core.environment:checking '/home/zheng/carerobot_slam_ros2/install/robot_navigation/lib/pkgconfig/robot_navigation.pc'
[17.130s] Level 1:colcon.colcon_core.environment:checking '/home/zheng/carerobot_slam_ros2/install/robot_navigation/lib/python3.10/site-packages'
[17.130s] Level 1:colcon.colcon_core.environment:checking '/home/zheng/carerobot_slam_ros2/install/robot_navigation/bin'
[17.130s] INFO:colcon.colcon_core.shell:Creating package script '/home/zheng/carerobot_slam_ros2/install/robot_navigation/share/robot_navigation/package.ps1'
[17.131s] INFO:colcon.colcon_core.shell:Creating package descriptor '/home/zheng/carerobot_slam_ros2/install/robot_navigation/share/robot_navigation/package.dsv'
[17.131s] INFO:colcon.colcon_core.shell:Creating package script '/home/zheng/carerobot_slam_ros2/install/robot_navigation/share/robot_navigation/package.sh'
[17.132s] INFO:colcon.colcon_core.shell:Creating package script '/home/zheng/carerobot_slam_ros2/install/robot_navigation/share/robot_navigation/package.bash'
[17.132s] INFO:colcon.colcon_core.shell:Creating package script '/home/zheng/carerobot_slam_ros2/install/robot_navigation/share/robot_navigation/package.zsh'
[17.133s] Level 1:colcon.colcon_core.environment:create_file_with_runtime_dependencies(/home/zheng/carerobot_slam_ros2/install/robot_navigation/share/colcon-core/packages/robot_navigation)
[17.133s] Level 1:colcon.colcon_core.environment:create_environment_scripts_only(robot_navigation)
[17.134s] Level 1:colcon.colcon_core.environment:checking '/home/zheng/carerobot_slam_ros2/install/robot_navigation' for CMake module files
[17.134s] Level 1:colcon.colcon_core.environment:checking '/home/zheng/carerobot_slam_ros2/install/robot_navigation' for CMake config files
[17.135s] Level 1:colcon.colcon_core.shell:create_environment_hook('robot_navigation', 'cmake_prefix_path')
[17.135s] INFO:colcon.colcon_core.shell:Creating environment hook '/home/zheng/carerobot_slam_ros2/install/robot_navigation/share/robot_navigation/hook/cmake_prefix_path.ps1'
[17.135s] INFO:colcon.colcon_core.shell:Creating environment descriptor '/home/zheng/carerobot_slam_ros2/install/robot_navigation/share/robot_navigation/hook/cmake_prefix_path.dsv'
[17.136s] INFO:colcon.colcon_core.shell:Creating environment hook '/home/zheng/carerobot_slam_ros2/install/robot_navigation/share/robot_navigation/hook/cmake_prefix_path.sh'
[17.136s] Level 1:colcon.colcon_core.environment:checking '/home/zheng/carerobot_slam_ros2/install/robot_navigation/lib'
[17.136s] Level 1:colcon.colcon_core.environment:checking '/home/zheng/carerobot_slam_ros2/install/robot_navigation/bin'
[17.136s] Level 1:colcon.colcon_core.environment:checking '/home/zheng/carerobot_slam_ros2/install/robot_navigation/lib/pkgconfig/robot_navigation.pc'
[17.137s] Level 1:colcon.colcon_core.environment:checking '/home/zheng/carerobot_slam_ros2/install/robot_navigation/lib/python3.10/site-packages'
[17.137s] Level 1:colcon.colcon_core.environment:checking '/home/zheng/carerobot_slam_ros2/install/robot_navigation/bin'
[17.137s] INFO:colcon.colcon_core.shell:Creating package script '/home/zheng/carerobot_slam_ros2/install/robot_navigation/share/robot_navigation/package.ps1'
[17.138s] INFO:colcon.colcon_core.shell:Creating package descriptor '/home/zheng/carerobot_slam_ros2/install/robot_navigation/share/robot_navigation/package.dsv'
[17.138s] INFO:colcon.colcon_core.shell:Creating package script '/home/zheng/carerobot_slam_ros2/install/robot_navigation/share/robot_navigation/package.sh'
[17.138s] INFO:colcon.colcon_core.shell:Creating package script '/home/zheng/carerobot_slam_ros2/install/robot_navigation/share/robot_navigation/package.bash'
[17.139s] INFO:colcon.colcon_core.shell:Creating package script '/home/zheng/carerobot_slam_ros2/install/robot_navigation/share/robot_navigation/package.zsh'
[17.139s] Level 1:colcon.colcon_core.environment:create_file_with_runtime_dependencies(/home/zheng/carerobot_slam_ros2/install/robot_navigation/share/colcon-core/packages/robot_navigation)
[17.139s] DEBUG:colcon.colcon_parallel_executor.executor.parallel:closing loop
[17.140s] DEBUG:colcon.colcon_parallel_executor.executor.parallel:loop closed
[17.140s] DEBUG:colcon.colcon_parallel_executor.executor.parallel:run_until_complete finished with '0'
[17.140s] DEBUG:colcon.colcon_core.event_reactor:joining thread
[17.194s] INFO:colcon.colcon_core.plugin_system:Skipping extension 'colcon_notification.desktop_notification.terminal_notifier': Not used on non-Darwin systems
[17.194s] INFO:colcon.colcon_core.plugin_system:Skipping extension 'colcon_notification.desktop_notification.win32': Not used on non-Windows systems
[17.194s] INFO:colcon.colcon_notification.desktop_notification:Sending desktop notification using 'notify2'
[17.212s] DEBUG:colcon.colcon_core.event_reactor:joined thread
[17.213s] INFO:colcon.colcon_core.shell:Creating prefix script '/home/zheng/carerobot_slam_ros2/install/local_setup.ps1'
[17.226s] INFO:colcon.colcon_core.shell:Creating prefix util module '/home/zheng/carerobot_slam_ros2/install/_local_setup_util_ps1.py'
[17.236s] INFO:colcon.colcon_core.shell:Creating prefix chain script '/home/zheng/carerobot_slam_ros2/install/setup.ps1'
[17.239s] INFO:colcon.colcon_core.shell:Creating prefix script '/home/zheng/carerobot_slam_ros2/install/local_setup.sh'
[17.252s] INFO:colcon.colcon_core.shell:Creating prefix util module '/home/zheng/carerobot_slam_ros2/install/_local_setup_util_sh.py'
[17.252s] INFO:colcon.colcon_core.shell:Creating prefix chain script '/home/zheng/carerobot_slam_ros2/install/setup.sh'
[17.261s] INFO:colcon.colcon_core.shell:Creating prefix script '/home/zheng/carerobot_slam_ros2/install/local_setup.bash'
[17.293s] INFO:colcon.colcon_core.shell:Creating prefix chain script '/home/zheng/carerobot_slam_ros2/install/setup.bash'
[17.335s] INFO:colcon.colcon_core.shell:Creating prefix script '/home/zheng/carerobot_slam_ros2/install/local_setup.zsh'
[17.377s] INFO:colcon.colcon_core.shell:Creating prefix chain script '/home/zheng/carerobot_slam_ros2/install/setup.zsh'
