[0.000000] (-) TimerEvent: {}
[0.000410] (-) JobUnselected: {'identifier': 'diff_drive_gazebo'}
[0.000455] (-) JobUnselected: {'identifier': 'openslam_gmapping'}
[0.000473] (-) JobUnselected: {'identifier': 'robot_costmap'}
[0.000488] (-) JobUnselected: {'identifier': 'robot_navigation'}
[0.000502] (-) JobUnselected: {'identifier': 'robot_pid_local_planner'}
[0.000516] (-) JobUnselected: {'identifier': 'slam_gmapping'}
[0.000532] (robot_communication) JobQueued: {'identifier': 'robot_communication', 'dependencies': OrderedDict()}
[0.000549] (robot_communication) JobStarted: {'identifier': 'robot_communication'}
[0.008118] (robot_communication) JobProgress: {'identifier': 'robot_communication', 'progress': 'cmake'}
[0.008661] (robot_communication) Command: {'cmd': ['/usr/bin/cmake', '/home/zheng/carerobot_slam_ros2/src/robot_communication', '-DCMAKE_INSTALL_PREFIX=/home/zheng/carerobot_slam_ros2/install/robot_communication'], 'cwd': '/home/zheng/carerobot_slam_ros2/build/robot_communication', 'env': OrderedDict([('GJS_DEBUG_TOPICS', 'JS ERROR;JS LOG'), ('PYTHON_BASIC_REPL', '1'), ('LESSOPEN', '| /usr/bin/lesspipe %s'), ('LANGUAGE', 'zh_CN:zh'), ('USER', 'zheng'), ('XDG_SESSION_TYPE', 'x11'), ('GIT_ASKPASS', '/usr/share/code/resources/app/extensions/git/dist/askpass.sh'), ('SHLVL', '1'), ('LD_LIBRARY_PATH', '/home/zheng/carerobot_slam_ros2/install/robot_costmap/lib:/home/zheng/carerobot_slam_ros2/install/robot_communication/lib:/usr/lib/x86_64-linux-gnu/gazebo-11/plugins:/opt/ros/humble/opt/rviz_ogre_vendor/lib:/opt/ros/humble/lib/x86_64-linux-gnu:/opt/ros/humble/lib'), ('HOME', '/home/zheng'), ('CHROME_DESKTOP', 'code.desktop'), ('OLDPWD', '/home/zheng/carerobot_slam_ros2/src/robot_navigation/launch'), ('TERM_PROGRAM_VERSION', '1.135.0'), ('DESKTOP_SESSION', 'ubuntu-xorg'), ('GIO_LAUNCHED_DESKTOP_FILE', '/usr/share/applications/code.desktop'), ('ROS_PYTHON_VERSION', '3'), ('GNOME_SHELL_SESSION_MODE', 'ubuntu'), ('GTK_MODULES', 'gail:atk-bridge'), ('VSCODE_GIT_ASKPASS_MAIN', '/usr/share/code/resources/app/extensions/git/dist/askpass-main.js'), ('VSCODE_GIT_ASKPASS_NODE', '/usr/share/code/code'), ('MANAGERPID', '1464'), ('PYDEVD_DISABLE_FILE_VALIDATION', '1'), ('SYSTEMD_EXEC_PID', '1760'), ('BUNDLED_DEBUGPY_PATH', '/home/zheng/.vscode/extensions/ms-python.debugpy-2026.6.0-linux-x64/bundled/libs/debugpy'), ('VSCODE_PYTHON_AUTOACTIVATE_GUARD', '1'), ('DBUS_SESSION_BUS_ADDRESS', 'unix:path=/run/user/1000/bus'), ('COLORTERM', 'truecolor'), ('GIO_LAUNCHED_DESKTOP_FILE_PID', '5794'), ('COLCON_PREFIX_PATH', '/home/zheng/carerobot_slam_ros2/install'), ('ROS_DISTRO', 'humble'), ('GTK_IM_MODULE', 'ibus'), ('LOGNAME', 'zheng'), ('JOURNAL_STREAM', '8:16477'), ('_', '/usr/bin/colcon'), ('ROS_VERSION', '2'), ('XDG_SESSION_CLASS', 'user'), ('USERNAME', 'zheng'), ('TERM', 'xterm-256color'), ('GNOME_DESKTOP_SESSION_ID', 'this-is-deprecated'), ('FC_FONTATIONS', '1'), ('ROS_LOCALHOST_ONLY', '0'), ('WINDOWPATH', '2'), ('PATH', '/home/zheng/.config/Code/User/globalStorage/github.copilot-chat/debugCommand:/home/zheng/.config/Code/User/globalStorage/github.copilot-chat/copilotCli:/opt/ros/humble/bin:/usr/local/sbin:/usr/local/bin:/usr/sbin:/usr/bin:/sbin:/bin:/usr/games:/usr/local/games:/snap/bin:/snap/bin:/home/zheng/.vscode/extensions/ms-python.debugpy-2026.6.0-linux-x64/bundled/scripts/noConfigScripts'), ('SESSION_MANAGER', 'local/zheng-Lenovo-Product:@/tmp/.ICE-unix/1737,unix/zheng-Lenovo-Product:/tmp/.ICE-unix/1737'), ('INVOCATION_ID', '8935ecd327cf4a71bfa53fb844917c45'), ('XDG_MENU_PREFIX', 'gnome-'), ('XDG_RUNTIME_DIR', '/run/user/1000'), ('GDK_BACKEND', 'x11'), ('DISPLAY', ':0'), ('VSCODE_DEBUGPY_ADAPTER_ENDPOINTS', '/home/zheng/.vscode/extensions/ms-python.debugpy-2026.6.0-linux-x64/.noConfigDebugAdapterEndpoints/endpoint-4fa3cbc6bbf5905f.txt'), ('LANG', 'zh_CN.UTF-8'), ('XDG_CURRENT_DESKTOP', 'ubuntu:GNOME'), ('PYTHONSTARTUP', '/home/zheng/.config/Code/User/workspaceStorage/7c1638c18d6b6e2173098eecef125327/ms-python.python/pythonrc.py'), ('XMODIFIERS', '@im=ibus'), ('XDG_SESSION_DESKTOP', 'ubuntu-xorg'), ('XAUTHORITY', '/run/user/1000/gdm/Xauthority'), ('LS_COLORS', 'rs=0:di=01;34:ln=01;36:mh=00:pi=40;33:so=01;35:do=01;35:bd=40;33;01:cd=40;33;01:or=40;31;01:mi=00:su=37;41:sg=30;43:ca=30;41:tw=30;42:ow=34;42:st=37;44:ex=01;32:*.tar=01;31:*.tgz=01;31:*.arc=01;31:*.arj=01;31:*.taz=01;31:*.lha=01;31:*.lz4=01;31:*.lzh=01;31:*.lzma=01;31:*.tlz=01;31:*.txz=01;31:*.tzo=01;31:*.t7z=01;31:*.zip=01;31:*.z=01;31:*.dz=01;31:*.gz=01;31:*.lrz=01;31:*.lz=01;31:*.lzo=01;31:*.xz=01;31:*.zst=01;31:*.tzst=01;31:*.bz2=01;31:*.bz=01;31:*.tbz=01;31:*.tbz2=01;31:*.tz=01;31:*.deb=01;31:*.rpm=01;31:*.jar=01;31:*.war=01;31:*.ear=01;31:*.sar=01;31:*.rar=01;31:*.alz=01;31:*.ace=01;31:*.zoo=01;31:*.cpio=01;31:*.7z=01;31:*.rz=01;31:*.cab=01;31:*.wim=01;31:*.swm=01;31:*.dwm=01;31:*.esd=01;31:*.jpg=01;35:*.jpeg=01;35:*.mjpg=01;35:*.mjpeg=01;35:*.gif=01;35:*.bmp=01;35:*.pbm=01;35:*.pgm=01;35:*.ppm=01;35:*.tga=01;35:*.xbm=01;35:*.xpm=01;35:*.tif=01;35:*.tiff=01;35:*.png=01;35:*.svg=01;35:*.svgz=01;35:*.mng=01;35:*.pcx=01;35:*.mov=01;35:*.mpg=01;35:*.mpeg=01;35:*.m2v=01;35:*.mkv=01;35:*.webm=01;35:*.webp=01;35:*.ogm=01;35:*.mp4=01;35:*.m4v=01;35:*.mp4v=01;35:*.vob=01;35:*.qt=01;35:*.nuv=01;35:*.wmv=01;35:*.asf=01;35:*.rm=01;35:*.rmvb=01;35:*.flc=01;35:*.avi=01;35:*.fli=01;35:*.flv=01;35:*.gl=01;35:*.dl=01;35:*.xcf=01;35:*.xwd=01;35:*.yuv=01;35:*.cgm=01;35:*.emf=01;35:*.ogv=01;35:*.ogx=01;35:*.aac=00;36:*.au=00;36:*.flac=00;36:*.m4a=00;36:*.mid=00;36:*.midi=00;36:*.mka=00;36:*.mp3=00;36:*.mpc=00;36:*.ogg=00;36:*.ra=00;36:*.wav=00;36:*.oga=00;36:*.opus=00;36:*.spx=00;36:*.xspf=00;36:'), ('VSCODE_GIT_IPC_HANDLE', '/run/user/1000/vscode-git-f64114791b.sock'), ('TERM_PROGRAM', 'vscode'), ('SSH_AGENT_LAUNCHER', 'gnome-keyring'), ('SSH_AUTH_SOCK', '/run/user/1000/keyring/ssh'), ('AMENT_PREFIX_PATH', '/home/zheng/carerobot_slam_ros2/install/robot_pid_local_planner:/home/zheng/carerobot_slam_ros2/install/robot_navigation:/home/zheng/carerobot_slam_ros2/install/robot_costmap:/home/zheng/carerobot_slam_ros2/install/robot_communication:/home/zheng/carerobot_slam_ros2/install/diff_drive_gazebo:/opt/ros/humble'), ('SHELL', '/bin/bash'), ('QT_ACCESSIBILITY', '1'), ('GDMSESSION', 'ubuntu-xorg'), ('LESSCLOSE', '/usr/bin/lesspipe %s %s'), ('GPG_AGENT_INFO', '/run/user/1000/gnupg/S.gpg-agent:0:1'), ('GJS_DEBUG_OUTPUT', 'stderr'), ('GAZEBO_MODEL_DATABASE_URI', ''), ('VSCODE_GIT_ASKPASS_EXTRA_ARGS', ''), ('QT_IM_MODULE', 'ibus'), ('PWD', '/home/zheng/carerobot_slam_ros2/build/robot_communication'), ('XDG_CONFIG_DIRS', '/etc/xdg/xdg-ubuntu-xorg:/etc/xdg'), ('COPILOT_DEBUG_NONCE', 'b2678e8931ad5b1b6842b5b0f9197177'), ('XDG_DATA_DIRS', '/usr/share/ubuntu-xorg:/usr/share/gnome:/usr/local/share/:/usr/share/:/var/lib/snapd/desktop'), ('PYTHONPATH', '/home/zheng/carerobot_slam_ros2/install/robot_communication/local/lib/python3.10/dist-packages:/opt/ros/humble/lib/python3.10/site-packages:/opt/ros/humble/local/lib/python3.10/dist-packages'), ('COLCON', '1'), ('CMAKE_PREFIX_PATH', '/home/zheng/carerobot_slam_ros2/install/robot_pid_local_planner:/home/zheng/carerobot_slam_ros2/install/robot_navigation:/home/zheng/carerobot_slam_ros2/install/robot_costmap:/home/zheng/carerobot_slam_ros2/install/robot_communication:/home/zheng/carerobot_slam_ros2/install/diff_drive_gazebo:/opt/ros/humble')]), 'shell': False}
[0.074381] (robot_communication) StdoutLine: {'line': b'-- The C compiler identification is GNU 11.4.0\n'}
[0.099744] (-) TimerEvent: {}
[0.130866] (robot_communication) StdoutLine: {'line': b'-- The CXX compiler identification is GNU 11.4.0\n'}
[0.137480] (robot_communication) StdoutLine: {'line': b'-- Detecting C compiler ABI info\n'}
[0.199826] (-) TimerEvent: {}
[0.204548] (robot_communication) StdoutLine: {'line': b'-- Detecting C compiler ABI info - done\n'}
[0.213339] (robot_communication) StdoutLine: {'line': b'-- Check for working C compiler: /usr/bin/cc - skipped\n'}
[0.213638] (robot_communication) StdoutLine: {'line': b'-- Detecting C compile features\n'}
[0.214012] (robot_communication) StdoutLine: {'line': b'-- Detecting C compile features - done\n'}
[0.217037] (robot_communication) StdoutLine: {'line': b'-- Detecting CXX compiler ABI info\n'}
[0.299985] (-) TimerEvent: {}
[0.310045] (robot_communication) StdoutLine: {'line': b'-- Detecting CXX compiler ABI info - done\n'}
[0.318037] (robot_communication) StdoutLine: {'line': b'-- Check for working CXX compiler: /usr/bin/c++ - skipped\n'}
[0.318382] (robot_communication) StdoutLine: {'line': b'-- Detecting CXX compile features\n'}
[0.318846] (robot_communication) StdoutLine: {'line': b'-- Detecting CXX compile features - done\n'}
[0.320977] (robot_communication) StdoutLine: {'line': b'-- Found ament_cmake: 1.3.14 (/opt/ros/humble/share/ament_cmake/cmake)\n'}
[0.400090] (-) TimerEvent: {}
[0.470290] (robot_communication) StdoutLine: {'line': b'-- Found Python3: /usr/bin/python3 (found version "3.10.12") found components: Interpreter \n'}
[0.500175] (-) TimerEvent: {}
[0.600480] (-) TimerEvent: {}
[0.605102] (robot_communication) StdoutLine: {'line': b'-- Found rosidl_default_generators: 1.2.1 (/opt/ros/humble/share/rosidl_default_generators/cmake)\n'}
[0.628299] (robot_communication) StdoutLine: {'line': b'-- Using all available rosidl_typesupport_c: rosidl_typesupport_fastrtps_c;rosidl_typesupport_introspection_c\n'}
[0.634566] (robot_communication) StdoutLine: {'line': b'-- Found rosidl_adapter: 3.1.9 (/opt/ros/humble/share/rosidl_adapter/cmake)\n'}
[0.674026] (robot_communication) StdoutLine: {'line': b'-- Using all available rosidl_typesupport_cpp: rosidl_typesupport_fastrtps_cpp;rosidl_typesupport_introspection_cpp\n'}
[0.700580] (-) TimerEvent: {}
[0.748433] (robot_communication) StdoutLine: {'line': b'-- Found std_msgs: 4.9.2 (/opt/ros/humble/share/std_msgs/cmake)\n'}
[0.775817] (robot_communication) StdoutLine: {'line': b'-- Found geometry_msgs: 4.9.2 (/opt/ros/humble/share/geometry_msgs/cmake)\n'}
[0.789149] (robot_communication) StdoutLine: {'line': b'-- Found nav_msgs: 4.9.2 (/opt/ros/humble/share/nav_msgs/cmake)\n'}
[0.800677] (-) TimerEvent: {}
[0.809163] (robot_communication) StdoutLine: {'line': b'-- Found action_msgs: 1.2.3 (/opt/ros/humble/share/action_msgs/cmake)\n'}
[0.900781] (-) TimerEvent: {}
[1.001136] (-) TimerEvent: {}
[1.101434] (-) TimerEvent: {}
[1.202098] (-) TimerEvent: {}
[1.302388] (-) TimerEvent: {}
[1.390357] (robot_communication) StdoutLine: {'line': b'-- Found ament_cmake_ros: 0.10.0 (/opt/ros/humble/share/ament_cmake_ros/cmake)\n'}
[1.402501] (-) TimerEvent: {}
[1.504244] (-) TimerEvent: {}
[1.604508] (-) TimerEvent: {}
[1.704796] (-) TimerEvent: {}
[1.757883] (robot_communication) StdoutLine: {'line': b'-- Using all available rosidl_typesupport_c: rosidl_typesupport_fastrtps_c;rosidl_typesupport_introspection_c\n'}
[1.804896] (-) TimerEvent: {}
[1.905193] (-) TimerEvent: {}
[2.005494] (-) TimerEvent: {}
[2.105762] (-) TimerEvent: {}
[2.138828] (robot_communication) StdoutLine: {'line': b'-- Using all available rosidl_typesupport_cpp: rosidl_typesupport_fastrtps_cpp;rosidl_typesupport_introspection_cpp\n'}
[2.177020] (robot_communication) StdoutLine: {'line': b'-- Found PythonInterp: /usr/bin/python3 (found suitable version "3.10.12", minimum required is "3.6") \n'}
[2.191725] (robot_communication) StdoutLine: {'line': b'-- Found python_cmake_module: 0.10.0 (/opt/ros/humble/share/python_cmake_module/cmake)\n'}
[2.205848] (-) TimerEvent: {}
[2.243751] (robot_communication) StdoutLine: {'line': b'-- Found PythonLibs: /usr/lib/x86_64-linux-gnu/libpython3.10.so (found suitable version "3.10.12", minimum required is "3.5") \n'}
[2.243988] (robot_communication) StdoutLine: {'line': b'-- Using PYTHON_EXECUTABLE: /usr/bin/python3\n'}
[2.244102] (robot_communication) StdoutLine: {'line': b'-- Using PYTHON_INCLUDE_DIRS: /usr/include/python3.10\n'}
[2.244218] (robot_communication) StdoutLine: {'line': b'-- Using PYTHON_LIBRARIES: /usr/lib/x86_64-linux-gnu/libpython3.10.so\n'}
[2.265238] (robot_communication) StdoutLine: {'line': b'-- Found PythonExtra: .so  \n'}
[2.305961] (-) TimerEvent: {}
[2.406184] (-) TimerEvent: {}
[2.475053] (robot_communication) StdoutLine: {'line': b'-- Configuring done\n'}
[2.506308] (-) TimerEvent: {}
[2.539153] (robot_communication) StdoutLine: {'line': b'-- Generating done\n'}
[2.557904] (robot_communication) StdoutLine: {'line': b'-- Build files have been written to: /home/zheng/carerobot_slam_ros2/build/robot_communication\n'}
[2.566357] (robot_communication) CommandEnded: {'returncode': 0}
[2.566909] (robot_communication) JobProgress: {'identifier': 'robot_communication', 'progress': 'build'}
[2.567596] (robot_communication) Command: {'cmd': ['/usr/bin/cmake', '--build', '/home/zheng/carerobot_slam_ros2/build/robot_communication', '--', '-j8', '-l8'], 'cwd': '/home/zheng/carerobot_slam_ros2/build/robot_communication', 'env': OrderedDict([('GJS_DEBUG_TOPICS', 'JS ERROR;JS LOG'), ('PYTHON_BASIC_REPL', '1'), ('LESSOPEN', '| /usr/bin/lesspipe %s'), ('LANGUAGE', 'zh_CN:zh'), ('USER', 'zheng'), ('XDG_SESSION_TYPE', 'x11'), ('GIT_ASKPASS', '/usr/share/code/resources/app/extensions/git/dist/askpass.sh'), ('SHLVL', '1'), ('LD_LIBRARY_PATH', '/home/zheng/carerobot_slam_ros2/install/robot_costmap/lib:/home/zheng/carerobot_slam_ros2/install/robot_communication/lib:/usr/lib/x86_64-linux-gnu/gazebo-11/plugins:/opt/ros/humble/opt/rviz_ogre_vendor/lib:/opt/ros/humble/lib/x86_64-linux-gnu:/opt/ros/humble/lib'), ('HOME', '/home/zheng'), ('CHROME_DESKTOP', 'code.desktop'), ('OLDPWD', '/home/zheng/carerobot_slam_ros2/src/robot_navigation/launch'), ('TERM_PROGRAM_VERSION', '1.135.0'), ('DESKTOP_SESSION', 'ubuntu-xorg'), ('GIO_LAUNCHED_DESKTOP_FILE', '/usr/share/applications/code.desktop'), ('ROS_PYTHON_VERSION', '3'), ('GNOME_SHELL_SESSION_MODE', 'ubuntu'), ('GTK_MODULES', 'gail:atk-bridge'), ('VSCODE_GIT_ASKPASS_MAIN', '/usr/share/code/resources/app/extensions/git/dist/askpass-main.js'), ('VSCODE_GIT_ASKPASS_NODE', '/usr/share/code/code'), ('MANAGERPID', '1464'), ('PYDEVD_DISABLE_FILE_VALIDATION', '1'), ('SYSTEMD_EXEC_PID', '1760'), ('BUNDLED_DEBUGPY_PATH', '/home/zheng/.vscode/extensions/ms-python.debugpy-2026.6.0-linux-x64/bundled/libs/debugpy'), ('VSCODE_PYTHON_AUTOACTIVATE_GUARD', '1'), ('DBUS_SESSION_BUS_ADDRESS', 'unix:path=/run/user/1000/bus'), ('COLORTERM', 'truecolor'), ('GIO_LAUNCHED_DESKTOP_FILE_PID', '5794'), ('COLCON_PREFIX_PATH', '/home/zheng/carerobot_slam_ros2/install'), ('ROS_DISTRO', 'humble'), ('GTK_IM_MODULE', 'ibus'), ('LOGNAME', 'zheng'), ('JOURNAL_STREAM', '8:16477'), ('_', '/usr/bin/colcon'), ('ROS_VERSION', '2'), ('XDG_SESSION_CLASS', 'user'), ('USERNAME', 'zheng'), ('TERM', 'xterm-256color'), ('GNOME_DESKTOP_SESSION_ID', 'this-is-deprecated'), ('FC_FONTATIONS', '1'), ('ROS_LOCALHOST_ONLY', '0'), ('WINDOWPATH', '2'), ('PATH', '/home/zheng/.config/Code/User/globalStorage/github.copilot-chat/debugCommand:/home/zheng/.config/Code/User/globalStorage/github.copilot-chat/copilotCli:/opt/ros/humble/bin:/usr/local/sbin:/usr/local/bin:/usr/sbin:/usr/bin:/sbin:/bin:/usr/games:/usr/local/games:/snap/bin:/snap/bin:/home/zheng/.vscode/extensions/ms-python.debugpy-2026.6.0-linux-x64/bundled/scripts/noConfigScripts'), ('SESSION_MANAGER', 'local/zheng-Lenovo-Product:@/tmp/.ICE-unix/1737,unix/zheng-Lenovo-Product:/tmp/.ICE-unix/1737'), ('INVOCATION_ID', '8935ecd327cf4a71bfa53fb844917c45'), ('XDG_MENU_PREFIX', 'gnome-'), ('XDG_RUNTIME_DIR', '/run/user/1000'), ('GDK_BACKEND', 'x11'), ('DISPLAY', ':0'), ('VSCODE_DEBUGPY_ADAPTER_ENDPOINTS', '/home/zheng/.vscode/extensions/ms-python.debugpy-2026.6.0-linux-x64/.noConfigDebugAdapterEndpoints/endpoint-4fa3cbc6bbf5905f.txt'), ('LANG', 'zh_CN.UTF-8'), ('XDG_CURRENT_DESKTOP', 'ubuntu:GNOME'), ('PYTHONSTARTUP', '/home/zheng/.config/Code/User/workspaceStorage/7c1638c18d6b6e2173098eecef125327/ms-python.python/pythonrc.py'), ('XMODIFIERS', '@im=ibus'), ('XDG_SESSION_DESKTOP', 'ubuntu-xorg'), ('XAUTHORITY', '/run/user/1000/gdm/Xauthority'), ('LS_COLORS', 'rs=0:di=01;34:ln=01;36:mh=00:pi=40;33:so=01;35:do=01;35:bd=40;33;01:cd=40;33;01:or=40;31;01:mi=00:su=37;41:sg=30;43:ca=30;41:tw=30;42:ow=34;42:st=37;44:ex=01;32:*.tar=01;31:*.tgz=01;31:*.arc=01;31:*.arj=01;31:*.taz=01;31:*.lha=01;31:*.lz4=01;31:*.lzh=01;31:*.lzma=01;31:*.tlz=01;31:*.txz=01;31:*.tzo=01;31:*.t7z=01;31:*.zip=01;31:*.z=01;31:*.dz=01;31:*.gz=01;31:*.lrz=01;31:*.lz=01;31:*.lzo=01;31:*.xz=01;31:*.zst=01;31:*.tzst=01;31:*.bz2=01;31:*.bz=01;31:*.tbz=01;31:*.tbz2=01;31:*.tz=01;31:*.deb=01;31:*.rpm=01;31:*.jar=01;31:*.war=01;31:*.ear=01;31:*.sar=01;31:*.rar=01;31:*.alz=01;31:*.ace=01;31:*.zoo=01;31:*.cpio=01;31:*.7z=01;31:*.rz=01;31:*.cab=01;31:*.wim=01;31:*.swm=01;31:*.dwm=01;31:*.esd=01;31:*.jpg=01;35:*.jpeg=01;35:*.mjpg=01;35:*.mjpeg=01;35:*.gif=01;35:*.bmp=01;35:*.pbm=01;35:*.pgm=01;35:*.ppm=01;35:*.tga=01;35:*.xbm=01;35:*.xpm=01;35:*.tif=01;35:*.tiff=01;35:*.png=01;35:*.svg=01;35:*.svgz=01;35:*.mng=01;35:*.pcx=01;35:*.mov=01;35:*.mpg=01;35:*.mpeg=01;35:*.m2v=01;35:*.mkv=01;35:*.webm=01;35:*.webp=01;35:*.ogm=01;35:*.mp4=01;35:*.m4v=01;35:*.mp4v=01;35:*.vob=01;35:*.qt=01;35:*.nuv=01;35:*.wmv=01;35:*.asf=01;35:*.rm=01;35:*.rmvb=01;35:*.flc=01;35:*.avi=01;35:*.fli=01;35:*.flv=01;35:*.gl=01;35:*.dl=01;35:*.xcf=01;35:*.xwd=01;35:*.yuv=01;35:*.cgm=01;35:*.emf=01;35:*.ogv=01;35:*.ogx=01;35:*.aac=00;36:*.au=00;36:*.flac=00;36:*.m4a=00;36:*.mid=00;36:*.midi=00;36:*.mka=00;36:*.mp3=00;36:*.mpc=00;36:*.ogg=00;36:*.ra=00;36:*.wav=00;36:*.oga=00;36:*.opus=00;36:*.spx=00;36:*.xspf=00;36:'), ('VSCODE_GIT_IPC_HANDLE', '/run/user/1000/vscode-git-f64114791b.sock'), ('TERM_PROGRAM', 'vscode'), ('SSH_AGENT_LAUNCHER', 'gnome-keyring'), ('SSH_AUTH_SOCK', '/run/user/1000/keyring/ssh'), ('AMENT_PREFIX_PATH', '/home/zheng/carerobot_slam_ros2/install/robot_pid_local_planner:/home/zheng/carerobot_slam_ros2/install/robot_navigation:/home/zheng/carerobot_slam_ros2/install/robot_costmap:/home/zheng/carerobot_slam_ros2/install/robot_communication:/home/zheng/carerobot_slam_ros2/install/diff_drive_gazebo:/opt/ros/humble'), ('SHELL', '/bin/bash'), ('QT_ACCESSIBILITY', '1'), ('GDMSESSION', 'ubuntu-xorg'), ('LESSCLOSE', '/usr/bin/lesspipe %s %s'), ('GPG_AGENT_INFO', '/run/user/1000/gnupg/S.gpg-agent:0:1'), ('GJS_DEBUG_OUTPUT', 'stderr'), ('GAZEBO_MODEL_DATABASE_URI', ''), ('VSCODE_GIT_ASKPASS_EXTRA_ARGS', ''), ('QT_IM_MODULE', 'ibus'), ('PWD', '/home/zheng/carerobot_slam_ros2/build/robot_communication'), ('XDG_CONFIG_DIRS', '/etc/xdg/xdg-ubuntu-xorg:/etc/xdg'), ('COPILOT_DEBUG_NONCE', 'b2678e8931ad5b1b6842b5b0f9197177'), ('XDG_DATA_DIRS', '/usr/share/ubuntu-xorg:/usr/share/gnome:/usr/local/share/:/usr/share/:/var/lib/snapd/desktop'), ('PYTHONPATH', '/home/zheng/carerobot_slam_ros2/install/robot_communication/local/lib/python3.10/dist-packages:/opt/ros/humble/lib/python3.10/site-packages:/opt/ros/humble/local/lib/python3.10/dist-packages'), ('COLCON', '1'), ('CMAKE_PREFIX_PATH', '/home/zheng/carerobot_slam_ros2/install/robot_pid_local_planner:/home/zheng/carerobot_slam_ros2/install/robot_navigation:/home/zheng/carerobot_slam_ros2/install/robot_costmap:/home/zheng/carerobot_slam_ros2/install/robot_communication:/home/zheng/carerobot_slam_ros2/install/diff_drive_gazebo:/opt/ros/humble')]), 'shell': False}
[2.604055] (robot_communication) StdoutLine: {'line': b'[  1%] \x1b[34m\x1b[1mGenerating C code for ROS interfaces\x1b[0m\n'}
[2.606404] (-) TimerEvent: {}
[2.613900] (robot_communication) StdoutLine: {'line': b'[  3%] \x1b[34m\x1b[1mGenerating Rust code for ROS interfaces\x1b[0m\n'}
[2.614117] (robot_communication) StdoutLine: {'line': b'[  3%] \x1b[34m\x1b[1mGenerating C++ code for ROS interfaces\x1b[0m\n'}
[2.623260] (robot_communication) StdoutLine: {'line': b'[  3%] Built target ament_cmake_python_copy_robot_communication\n'}
[2.706495] (-) TimerEvent: {}
[2.806753] (-) TimerEvent: {}
[2.898104] (robot_communication) StdoutLine: {'line': b'running egg_info\n'}
[2.898801] (robot_communication) StdoutLine: {'line': b'creating robot_communication.egg-info\n'}
[2.899013] (robot_communication) StdoutLine: {'line': b'writing robot_communication.egg-info/PKG-INFO\n'}
[2.899204] (robot_communication) StdoutLine: {'line': b'writing dependency_links to robot_communication.egg-info/dependency_links.txt\n'}
[2.899402] (robot_communication) StdoutLine: {'line': b'writing top-level names to robot_communication.egg-info/top_level.txt\n'}
[2.899657] (robot_communication) StdoutLine: {'line': b"writing manifest file 'robot_communication.egg-info/SOURCES.txt'\n"}
[2.901736] (robot_communication) StdoutLine: {'line': b"reading manifest file 'robot_communication.egg-info/SOURCES.txt'\n"}
[2.902236] (robot_communication) StdoutLine: {'line': b"writing manifest file 'robot_communication.egg-info/SOURCES.txt'\n"}
[2.906844] (-) TimerEvent: {}
[2.932945] (robot_communication) StdoutLine: {'line': b'[  3%] Built target ament_cmake_python_build_robot_communication_egg\n'}
[3.006949] (-) TimerEvent: {}
[3.107177] (-) TimerEvent: {}
[3.207391] (-) TimerEvent: {}
[3.307605] (-) TimerEvent: {}
[3.358245] (robot_communication) StdoutLine: {'line': b'[  3%] Built target robot_communication__rs\n'}
[3.407717] (-) TimerEvent: {}
[3.507977] (-) TimerEvent: {}
[3.608232] (-) TimerEvent: {}
[3.709273] (-) TimerEvent: {}
[3.753020] (robot_communication) StdoutLine: {'line': b'[  3%] Built target robot_communication__cpp\n'}
[3.765014] (robot_communication) StdoutLine: {'line': b'[  5%] \x1b[34m\x1b[1mGenerating C++ introspection for ROS interfaces\x1b[0m\n'}
[3.765288] (robot_communication) StdoutLine: {'line': b'[  6%] \x1b[34m\x1b[1mGenerating C++ type support dispatch for ROS interfaces\x1b[0m\n'}
[3.765520] (robot_communication) StdoutLine: {'line': b'[  7%] \x1b[34m\x1b[1mGenerating C++ type support for eProsima Fast-RTPS\x1b[0m\n'}
[3.779385] (robot_communication) StdoutLine: {'line': b'[  8%] \x1b[32mBuilding C object CMakeFiles/robot_communication__rosidl_generator_c.dir/rosidl_generator_c/robot_communication/msg/detail/localization_info_broadcast__functions.c.o\x1b[0m\n'}
[3.779642] (robot_communication) StdoutLine: {'line': b'[ 10%] \x1b[32mBuilding C object CMakeFiles/robot_communication__rosidl_generator_c.dir/rosidl_generator_c/robot_communication/msg/detail/chassis_control__functions.c.o\x1b[0m\n'}
[3.780646] (robot_communication) StdoutLine: {'line': b'[ 11%] \x1b[32mBuilding C object CMakeFiles/robot_communication__rosidl_generator_c.dir/rosidl_generator_c/robot_communication/msg/detail/bspline__functions.c.o\x1b[0m\n'}
[3.782058] (robot_communication) StdoutLine: {'line': b'[ 13%] \x1b[32mBuilding C object CMakeFiles/robot_communication__rosidl_generator_c.dir/rosidl_generator_c/robot_communication/msg/detail/sensor_data__functions.c.o\x1b[0m\n'}
[3.782203] (robot_communication) StdoutLine: {'line': b'[ 13%] \x1b[32mBuilding C object CMakeFiles/robot_communication__rosidl_generator_c.dir/rosidl_generator_c/robot_communication/msg/detail/esdf_map__functions.c.o\x1b[0m\n'}
[3.811247] (-) TimerEvent: {}
[3.897147] (robot_communication) StdoutLine: {'line': b'[ 15%] \x1b[32mBuilding C object CMakeFiles/robot_communication__rosidl_generator_c.dir/rosidl_generator_c/robot_communication/msg/detail/goal__functions.c.o\x1b[0m\n'}
[3.905725] (robot_communication) StdoutLine: {'line': b'[ 16%] \x1b[32mBuilding C object CMakeFiles/robot_communication__rosidl_generator_c.dir/rosidl_generator_c/robot_communication/action/detail/do_dishes__functions.c.o\x1b[0m\n'}
[3.911529] (-) TimerEvent: {}
[4.011886] (-) TimerEvent: {}
[4.064407] (robot_communication) StdoutLine: {'line': b'[ 17%] \x1b[32m\x1b[1mLinking C shared library librobot_communication__rosidl_generator_c.so\x1b[0m\n'}
[4.102172] (robot_communication) StdoutLine: {'line': b'[ 17%] Built target robot_communication__rosidl_generator_c\n'}
[4.111976] (-) TimerEvent: {}
[4.114295] (robot_communication) StdoutLine: {'line': b'[ 18%] \x1b[34m\x1b[1mGenerating C type support dispatch for ROS interfaces\x1b[0m\n'}
[4.114637] (robot_communication) StdoutLine: {'line': b'[ 20%] \x1b[34m\x1b[1mGenerating C introspection for ROS interfaces\x1b[0m\n'}
[4.115485] (robot_communication) StdoutLine: {'line': b'[ 21%] \x1b[34m\x1b[1mGenerating C type support for eProsima Fast-RTPS\x1b[0m\n'}
[4.212079] (-) TimerEvent: {}
[4.312352] (-) TimerEvent: {}
[4.412692] (-) TimerEvent: {}
[4.514083] (-) TimerEvent: {}
[4.614359] (-) TimerEvent: {}
[4.716021] (-) TimerEvent: {}
[4.816246] (-) TimerEvent: {}
[4.917252] (-) TimerEvent: {}
[4.938281] (robot_communication) StdoutLine: {'line': b'[ 22%] \x1b[32mBuilding CXX object CMakeFiles/robot_communication__rosidl_typesupport_cpp.dir/rosidl_typesupport_cpp/robot_communication/msg/localization_info_broadcast__type_support.cpp.o\x1b[0m\n'}
[4.949427] (robot_communication) StdoutLine: {'line': b'[ 23%] \x1b[32mBuilding CXX object CMakeFiles/robot_communication__rosidl_typesupport_cpp.dir/rosidl_typesupport_cpp/robot_communication/msg/chassis_control__type_support.cpp.o\x1b[0m\n'}
[4.950239] (robot_communication) StdoutLine: {'line': b'[ 25%] \x1b[32mBuilding CXX object CMakeFiles/robot_communication__rosidl_typesupport_cpp.dir/rosidl_typesupport_cpp/robot_communication/msg/sensor_data__type_support.cpp.o\x1b[0m\n'}
[5.026264] (-) TimerEvent: {}
[5.126539] (-) TimerEvent: {}
[5.226825] (-) TimerEvent: {}
[5.249972] (robot_communication) StdoutLine: {'line': b'[ 26%] \x1b[32mBuilding CXX object CMakeFiles/robot_communication__rosidl_typesupport_introspection_cpp.dir/rosidl_typesupport_introspection_cpp/robot_communication/msg/detail/localization_info_broadcast__type_support.cpp.o\x1b[0m\n'}
[5.326926] (-) TimerEvent: {}
[5.427516] (-) TimerEvent: {}
[5.472009] (robot_communication) StdoutLine: {'line': b'[ 27%] \x1b[32mBuilding CXX object CMakeFiles/robot_communication__rosidl_typesupport_c.dir/rosidl_typesupport_c/robot_communication/msg/localization_info_broadcast__type_support.cpp.o\x1b[0m\n'}
[5.482525] (robot_communication) StdoutLine: {'line': b'[ 28%] \x1b[32mBuilding CXX object CMakeFiles/robot_communication__rosidl_typesupport_cpp.dir/rosidl_typesupport_cpp/robot_communication/msg/bspline__type_support.cpp.o\x1b[0m\n'}
[5.486290] (robot_communication) StdoutLine: {'line': b'[ 30%] \x1b[32mBuilding CXX object CMakeFiles/robot_communication__rosidl_typesupport_introspection_cpp.dir/rosidl_typesupport_introspection_cpp/robot_communication/msg/detail/chassis_control__type_support.cpp.o\x1b[0m\n'}
[5.495271] (robot_communication) StdoutLine: {'line': b'[ 31%] \x1b[32mBuilding CXX object CMakeFiles/robot_communication__rosidl_typesupport_c.dir/rosidl_typesupport_c/robot_communication/msg/chassis_control__type_support.cpp.o\x1b[0m\n'}
[5.523243] (robot_communication) StdoutLine: {'line': b'[ 32%] \x1b[32mBuilding CXX object CMakeFiles/robot_communication__rosidl_typesupport_introspection_cpp.dir/rosidl_typesupport_introspection_cpp/robot_communication/msg/detail/sensor_data__type_support.cpp.o\x1b[0m\n'}
[5.527611] (-) TimerEvent: {}
[5.529124] (robot_communication) StdoutLine: {'line': b'[ 33%] \x1b[32mBuilding C object CMakeFiles/robot_communication__rosidl_typesupport_introspection_c.dir/rosidl_typesupport_introspection_c/robot_communication/msg/detail/localization_info_broadcast__type_support.c.o\x1b[0m\n'}
[5.541251] (robot_communication) StdoutLine: {'line': b'[ 35%] \x1b[32mBuilding CXX object CMakeFiles/robot_communication__rosidl_typesupport_c.dir/rosidl_typesupport_c/robot_communication/msg/sensor_data__type_support.cpp.o\x1b[0m\n'}
[5.542977] (robot_communication) StdoutLine: {'line': b'[ 36%] \x1b[32mBuilding CXX object CMakeFiles/robot_communication__rosidl_typesupport_fastrtps_cpp.dir/rosidl_typesupport_fastrtps_cpp/robot_communication/msg/detail/dds_fastrtps/localization_info_broadcast__type_support.cpp.o\x1b[0m\n'}
[5.587248] (robot_communication) StdoutLine: {'line': b'[ 37%] \x1b[32mBuilding C object CMakeFiles/robot_communication__rosidl_typesupport_introspection_c.dir/rosidl_typesupport_introspection_c/robot_communication/msg/detail/chassis_control__type_support.c.o\x1b[0m\n'}
[5.590327] (robot_communication) StdoutLine: {'line': b'[ 38%] \x1b[32mBuilding CXX object CMakeFiles/robot_communication__rosidl_typesupport_c.dir/rosidl_typesupport_c/robot_communication/msg/bspline__type_support.cpp.o\x1b[0m\n'}
[5.627712] (-) TimerEvent: {}
[5.635249] (robot_communication) StdoutLine: {'line': b'[ 40%] \x1b[32mBuilding CXX object CMakeFiles/robot_communication__rosidl_typesupport_c.dir/rosidl_typesupport_c/robot_communication/msg/esdf_map__type_support.cpp.o\x1b[0m\n'}
[5.639334] (robot_communication) StdoutLine: {'line': b'[ 41%] \x1b[32mBuilding C object CMakeFiles/robot_communication__rosidl_typesupport_introspection_c.dir/rosidl_typesupport_introspection_c/robot_communication/msg/detail/sensor_data__type_support.c.o\x1b[0m\n'}
[5.681737] (robot_communication) StdoutLine: {'line': b'[ 42%] \x1b[32mBuilding CXX object CMakeFiles/robot_communication__rosidl_typesupport_c.dir/rosidl_typesupport_c/robot_communication/msg/goal__type_support.cpp.o\x1b[0m\n'}
[5.690881] (robot_communication) StdoutLine: {'line': b'[ 43%] \x1b[32mBuilding C object CMakeFiles/robot_communication__rosidl_typesupport_introspection_c.dir/rosidl_typesupport_introspection_c/robot_communication/msg/detail/bspline__type_support.c.o\x1b[0m\n'}
[5.727824] (-) TimerEvent: {}
[5.731791] (robot_communication) StdoutLine: {'line': b'[ 45%] \x1b[32mBuilding CXX object CMakeFiles/robot_communication__rosidl_typesupport_c.dir/rosidl_typesupport_c/robot_communication/action/do_dishes__type_support.cpp.o\x1b[0m\n'}
[5.811261] (robot_communication) StdoutLine: {'line': b'[ 46%] \x1b[32mBuilding C object CMakeFiles/robot_communication__rosidl_typesupport_introspection_c.dir/rosidl_typesupport_introspection_c/robot_communication/msg/detail/esdf_map__type_support.c.o\x1b[0m\n'}
[5.827923] (-) TimerEvent: {}
[5.875942] (robot_communication) StdoutLine: {'line': b'[ 47%] \x1b[32m\x1b[1mLinking CXX shared library librobot_communication__rosidl_typesupport_c.so\x1b[0m\n'}
[5.893433] (robot_communication) StdoutLine: {'line': b'[ 48%] \x1b[32mBuilding C object CMakeFiles/robot_communication__rosidl_typesupport_introspection_c.dir/rosidl_typesupport_introspection_c/robot_communication/msg/detail/goal__type_support.c.o\x1b[0m\n'}
[5.901393] (robot_communication) StdoutLine: {'line': b'[ 50%] \x1b[32mBuilding CXX object CMakeFiles/robot_communication__rosidl_typesupport_cpp.dir/rosidl_typesupport_cpp/robot_communication/msg/esdf_map__type_support.cpp.o\x1b[0m\n'}
[5.917003] (robot_communication) StdoutLine: {'line': b'[ 51%] \x1b[32mBuilding C object CMakeFiles/robot_communication__rosidl_typesupport_introspection_c.dir/rosidl_typesupport_introspection_c/robot_communication/action/detail/do_dishes__type_support.c.o\x1b[0m\n'}
[5.928030] (-) TimerEvent: {}
[5.946831] (robot_communication) StdoutLine: {'line': b'[ 52%] \x1b[32mBuilding CXX object CMakeFiles/robot_communication__rosidl_typesupport_fastrtps_cpp.dir/rosidl_typesupport_fastrtps_cpp/robot_communication/msg/detail/dds_fastrtps/chassis_control__type_support.cpp.o\x1b[0m\n'}
[5.950703] (robot_communication) StdoutLine: {'line': b'[ 52%] Built target robot_communication__rosidl_typesupport_c\n'}
[5.952231] (robot_communication) StdoutLine: {'line': b'[ 53%] \x1b[32mBuilding CXX object CMakeFiles/robot_communication__rosidl_typesupport_fastrtps_c.dir/rosidl_typesupport_fastrtps_c/robot_communication/msg/detail/localization_info_broadcast__type_support_c.cpp.o\x1b[0m\n'}
[5.968574] (robot_communication) StdoutLine: {'line': b'[ 55%] \x1b[32mBuilding CXX object CMakeFiles/robot_communication__rosidl_typesupport_fastrtps_cpp.dir/rosidl_typesupport_fastrtps_cpp/robot_communication/msg/detail/dds_fastrtps/sensor_data__type_support.cpp.o\x1b[0m\n'}
[5.991003] (robot_communication) StdoutLine: {'line': b'[ 56%] \x1b[32m\x1b[1mLinking C shared library librobot_communication__rosidl_typesupport_introspection_c.so\x1b[0m\n'}
[6.028138] (-) TimerEvent: {}
[6.080155] (robot_communication) StdoutLine: {'line': b'[ 56%] Built target robot_communication__rosidl_typesupport_introspection_c\n'}
[6.108120] (robot_communication) StdoutLine: {'line': b'[ 57%] \x1b[32mBuilding CXX object CMakeFiles/robot_communication__rosidl_typesupport_fastrtps_cpp.dir/rosidl_typesupport_fastrtps_cpp/robot_communication/msg/detail/dds_fastrtps/bspline__type_support.cpp.o\x1b[0m\n'}
[6.128282] (robot_communication) StdoutLine: {'line': b'[ 58%] \x1b[32mBuilding CXX object CMakeFiles/robot_communication__rosidl_typesupport_fastrtps_cpp.dir/rosidl_typesupport_fastrtps_cpp/robot_communication/msg/detail/dds_fastrtps/esdf_map__type_support.cpp.o\x1b[0m\n'}
[6.128480] (-) TimerEvent: {}
[6.149622] (robot_communication) StdoutLine: {'line': b'[ 60%] \x1b[32mBuilding CXX object CMakeFiles/robot_communication__rosidl_typesupport_introspection_cpp.dir/rosidl_typesupport_introspection_cpp/robot_communication/msg/detail/bspline__type_support.cpp.o\x1b[0m\n'}
[6.228600] (-) TimerEvent: {}
[6.292961] (robot_communication) StdoutLine: {'line': b'[ 61%] \x1b[32mBuilding CXX object CMakeFiles/robot_communication__rosidl_typesupport_introspection_cpp.dir/rosidl_typesupport_introspection_cpp/robot_communication/msg/detail/esdf_map__type_support.cpp.o\x1b[0m\n'}
[6.328792] (-) TimerEvent: {}
[6.381735] (robot_communication) StdoutLine: {'line': b'[ 62%] \x1b[32mBuilding CXX object CMakeFiles/robot_communication__rosidl_typesupport_cpp.dir/rosidl_typesupport_cpp/robot_communication/msg/goal__type_support.cpp.o\x1b[0m\n'}
[6.428890] (-) TimerEvent: {}
[6.529205] (-) TimerEvent: {}
[6.570253] (robot_communication) StdoutLine: {'line': b'[ 63%] \x1b[32mBuilding CXX object CMakeFiles/robot_communication__rosidl_typesupport_fastrtps_c.dir/rosidl_typesupport_fastrtps_c/robot_communication/msg/detail/chassis_control__type_support_c.cpp.o\x1b[0m\n'}
[6.629335] (-) TimerEvent: {}
[6.676117] (robot_communication) StdoutLine: {'line': b'[ 65%] \x1b[32mBuilding CXX object CMakeFiles/robot_communication__rosidl_typesupport_introspection_cpp.dir/rosidl_typesupport_introspection_cpp/robot_communication/msg/detail/goal__type_support.cpp.o\x1b[0m\n'}
[6.729439] (-) TimerEvent: {}
[6.732771] (robot_communication) StdoutLine: {'line': b'[ 66%] \x1b[32mBuilding CXX object CMakeFiles/robot_communication__rosidl_typesupport_cpp.dir/rosidl_typesupport_cpp/robot_communication/action/do_dishes__type_support.cpp.o\x1b[0m\n'}
[6.829544] (-) TimerEvent: {}
[6.864259] (robot_communication) StdoutLine: {'line': b'[ 67%] \x1b[32mBuilding CXX object CMakeFiles/robot_communication__rosidl_typesupport_introspection_cpp.dir/rosidl_typesupport_introspection_cpp/robot_communication/action/detail/do_dishes__type_support.cpp.o\x1b[0m\n'}
[6.912266] (robot_communication) StdoutLine: {'line': b'[ 68%] \x1b[32mBuilding CXX object CMakeFiles/robot_communication__rosidl_typesupport_fastrtps_cpp.dir/rosidl_typesupport_fastrtps_cpp/robot_communication/msg/detail/dds_fastrtps/goal__type_support.cpp.o\x1b[0m\n'}
[6.929644] (-) TimerEvent: {}
[7.004382] (robot_communication) StdoutLine: {'line': b'[ 70%] \x1b[32mBuilding CXX object CMakeFiles/robot_communication__rosidl_typesupport_fastrtps_c.dir/rosidl_typesupport_fastrtps_c/robot_communication/msg/detail/sensor_data__type_support_c.cpp.o\x1b[0m\n'}
[7.029747] (-) TimerEvent: {}
[7.091123] (robot_communication) StdoutLine: {'line': b'[ 71%] \x1b[32mBuilding CXX object CMakeFiles/robot_communication__rosidl_typesupport_fastrtps_c.dir/rosidl_typesupport_fastrtps_c/robot_communication/msg/detail/bspline__type_support_c.cpp.o\x1b[0m\n'}
[7.127731] (robot_communication) StdoutLine: {'line': b'[ 72%] \x1b[32mBuilding CXX object CMakeFiles/robot_communication__rosidl_typesupport_fastrtps_c.dir/rosidl_typesupport_fastrtps_c/robot_communication/msg/detail/esdf_map__type_support_c.cpp.o\x1b[0m\n'}
[7.129845] (-) TimerEvent: {}
[7.180571] (robot_communication) StdoutLine: {'line': b'[ 73%] \x1b[32mBuilding CXX object CMakeFiles/robot_communication__rosidl_typesupport_fastrtps_c.dir/rosidl_typesupport_fastrtps_c/robot_communication/msg/detail/goal__type_support_c.cpp.o\x1b[0m\n'}
[7.230267] (-) TimerEvent: {}
[7.288264] (robot_communication) StdoutLine: {'line': b'[ 75%] \x1b[32mBuilding CXX object CMakeFiles/robot_communication__rosidl_typesupport_fastrtps_cpp.dir/rosidl_typesupport_fastrtps_cpp/robot_communication/action/detail/dds_fastrtps/do_dishes__type_support.cpp.o\x1b[0m\n'}
[7.330368] (-) TimerEvent: {}
[7.430693] (-) TimerEvent: {}
[7.531000] (-) TimerEvent: {}
[7.540327] (robot_communication) StdoutLine: {'line': b'[ 76%] \x1b[32mBuilding CXX object CMakeFiles/robot_communication__rosidl_typesupport_fastrtps_c.dir/rosidl_typesupport_fastrtps_c/robot_communication/action/detail/do_dishes__type_support_c.cpp.o\x1b[0m\n'}
[7.562505] (robot_communication) StdoutLine: {'line': b'[ 77%] \x1b[32m\x1b[1mLinking CXX shared library librobot_communication__rosidl_typesupport_cpp.so\x1b[0m\n'}
[7.626615] (robot_communication) StdoutLine: {'line': b'[ 77%] Built target robot_communication__rosidl_typesupport_cpp\n'}
[7.631103] (-) TimerEvent: {}
[7.731415] (-) TimerEvent: {}
[7.790369] (robot_communication) StdoutLine: {'line': b'[ 78%] \x1b[32m\x1b[1mLinking CXX shared library librobot_communication__rosidl_typesupport_introspection_cpp.so\x1b[0m\n'}
[7.831539] (-) TimerEvent: {}
[7.886061] (robot_communication) StdoutLine: {'line': b'[ 78%] Built target robot_communication__rosidl_typesupport_introspection_cpp\n'}
[7.931670] (-) TimerEvent: {}
[8.032029] (-) TimerEvent: {}
[8.034959] (robot_communication) StdoutLine: {'line': b'[ 80%] \x1b[32m\x1b[1mLinking CXX shared library librobot_communication__rosidl_typesupport_fastrtps_c.so\x1b[0m\n'}
[8.052134] (robot_communication) StdoutLine: {'line': b'[ 81%] \x1b[32m\x1b[1mLinking CXX shared library librobot_communication__rosidl_typesupport_fastrtps_cpp.so\x1b[0m\n'}
[8.125954] (robot_communication) StdoutLine: {'line': b'[ 81%] Built target robot_communication__rosidl_typesupport_fastrtps_c\n'}
[8.132125] (-) TimerEvent: {}
[8.143018] (robot_communication) StdoutLine: {'line': b'[ 81%] Built target robot_communication__rosidl_typesupport_fastrtps_cpp\n'}
[8.163991] (robot_communication) StdoutLine: {'line': b'[ 81%] Built target robot_communication\n'}
[8.184945] (robot_communication) StdoutLine: {'line': b'[ 82%] \x1b[34m\x1b[1mGenerating Python code for ROS interfaces\x1b[0m\n'}
[8.233247] (-) TimerEvent: {}
[8.333514] (-) TimerEvent: {}
[8.433782] (-) TimerEvent: {}
[8.534049] (-) TimerEvent: {}
[8.634348] (-) TimerEvent: {}
[8.734592] (-) TimerEvent: {}
[8.834828] (-) TimerEvent: {}
[8.935087] (-) TimerEvent: {}
[9.035338] (-) TimerEvent: {}
[9.135604] (-) TimerEvent: {}
[9.235889] (-) TimerEvent: {}
[9.336091] (-) TimerEvent: {}
[9.436377] (-) TimerEvent: {}
[9.536686] (-) TimerEvent: {}
[9.636929] (-) TimerEvent: {}
[9.737193] (-) TimerEvent: {}
[9.837432] (-) TimerEvent: {}
[9.937676] (-) TimerEvent: {}
[10.035337] (robot_communication) StdoutLine: {'line': b'[ 82%] Built target robot_communication__py\n'}
[10.037797] (-) TimerEvent: {}
[10.062064] (robot_communication) StdoutLine: {'line': b'[ 85%] \x1b[32mBuilding C object CMakeFiles/robot_communication__rosidl_generator_py.dir/rosidl_generator_py/robot_communication/msg/_localization_info_broadcast_s.c.o\x1b[0m\n'}
[10.064409] (robot_communication) StdoutLine: {'line': b'[ 85%] \x1b[32mBuilding C object CMakeFiles/robot_communication__rosidl_generator_py.dir/rosidl_generator_py/robot_communication/msg/_sensor_data_s.c.o\x1b[0m\n'}
[10.064704] (robot_communication) StdoutLine: {'line': b'[ 86%] \x1b[32mBuilding C object CMakeFiles/robot_communication__rosidl_generator_py.dir/rosidl_generator_py/robot_communication/action/_do_dishes_s.c.o\x1b[0m\n'}
[10.064869] (robot_communication) StdoutLine: {'line': b'[ 87%] \x1b[32mBuilding C object CMakeFiles/robot_communication__rosidl_generator_py.dir/rosidl_generator_py/robot_communication/msg/_chassis_control_s.c.o\x1b[0m\n'}
[10.065000] (robot_communication) StdoutLine: {'line': b'[ 90%] \x1b[32mBuilding C object CMakeFiles/robot_communication__rosidl_generator_py.dir/rosidl_generator_py/robot_communication/msg/_goal_s.c.o\x1b[0m\n'}
[10.066288] (robot_communication) StdoutLine: {'line': b'[ 90%] \x1b[32mBuilding C object CMakeFiles/robot_communication__rosidl_generator_py.dir/rosidl_generator_py/robot_communication/msg/_esdf_map_s.c.o\x1b[0m\n'}
[10.066471] (robot_communication) StdoutLine: {'line': b'[ 91%] \x1b[32mBuilding C object CMakeFiles/robot_communication__rosidl_generator_py.dir/rosidl_generator_py/robot_communication/msg/_bspline_s.c.o\x1b[0m\n'}
[10.137905] (-) TimerEvent: {}
[10.238155] (-) TimerEvent: {}
[10.338587] (-) TimerEvent: {}
[10.395266] (robot_communication) StdoutLine: {'line': b'[ 92%] \x1b[32m\x1b[1mLinking C shared library rosidl_generator_py/robot_communication/librobot_communication__rosidl_generator_py.so\x1b[0m\n'}
[10.438680] (-) TimerEvent: {}
[10.439190] (robot_communication) StdoutLine: {'line': b'[ 92%] Built target robot_communication__rosidl_generator_py\n'}
[10.461616] (robot_communication) StdoutLine: {'line': b'[ 96%] \x1b[32mBuilding C object CMakeFiles/robot_communication__rosidl_typesupport_fastrtps_c__pyext.dir/rosidl_generator_py/robot_communication/_robot_communication_s.ep.rosidl_typesupport_fastrtps_c.c.o\x1b[0m\n'}
[10.461829] (robot_communication) StdoutLine: {'line': b'[ 96%] \x1b[32mBuilding C object CMakeFiles/robot_communication__rosidl_typesupport_introspection_c__pyext.dir/rosidl_generator_py/robot_communication/_robot_communication_s.ep.rosidl_typesupport_introspection_c.c.o\x1b[0m\n'}
[10.461958] (robot_communication) StdoutLine: {'line': b'[ 96%] \x1b[32mBuilding C object CMakeFiles/robot_communication__rosidl_typesupport_c__pyext.dir/rosidl_generator_py/robot_communication/_robot_communication_s.ep.rosidl_typesupport_c.c.o\x1b[0m\n'}
[10.538787] (-) TimerEvent: {}
[10.600404] (robot_communication) StdoutLine: {'line': b'[ 97%] \x1b[32m\x1b[1mLinking C shared library rosidl_generator_py/robot_communication/robot_communication_s__rosidl_typesupport_c.cpython-310-x86_64-linux-gnu.so\x1b[0m\n'}
[10.602581] (robot_communication) StdoutLine: {'line': b'[ 98%] \x1b[32m\x1b[1mLinking C shared library rosidl_generator_py/robot_communication/robot_communication_s__rosidl_typesupport_introspection_c.cpython-310-x86_64-linux-gnu.so\x1b[0m\n'}
[10.604957] (robot_communication) StdoutLine: {'line': b'[100%] \x1b[32m\x1b[1mLinking C shared library rosidl_generator_py/robot_communication/robot_communication_s__rosidl_typesupport_fastrtps_c.cpython-310-x86_64-linux-gnu.so\x1b[0m\n'}
[10.638904] (-) TimerEvent: {}
[10.647413] (robot_communication) StdoutLine: {'line': b'[100%] Built target robot_communication__rosidl_typesupport_c__pyext\n'}
[10.649037] (robot_communication) StdoutLine: {'line': b'[100%] Built target robot_communication__rosidl_typesupport_introspection_c__pyext\n'}
[10.652004] (robot_communication) StdoutLine: {'line': b'[100%] Built target robot_communication__rosidl_typesupport_fastrtps_c__pyext\n'}
[10.665478] (robot_communication) CommandEnded: {'returncode': 0}
[10.666238] (robot_communication) JobProgress: {'identifier': 'robot_communication', 'progress': 'install'}
[10.674642] (robot_communication) Command: {'cmd': ['/usr/bin/cmake', '--install', '/home/zheng/carerobot_slam_ros2/build/robot_communication'], 'cwd': '/home/zheng/carerobot_slam_ros2/build/robot_communication', 'env': OrderedDict([('GJS_DEBUG_TOPICS', 'JS ERROR;JS LOG'), ('PYTHON_BASIC_REPL', '1'), ('LESSOPEN', '| /usr/bin/lesspipe %s'), ('LANGUAGE', 'zh_CN:zh'), ('USER', 'zheng'), ('XDG_SESSION_TYPE', 'x11'), ('GIT_ASKPASS', '/usr/share/code/resources/app/extensions/git/dist/askpass.sh'), ('SHLVL', '1'), ('LD_LIBRARY_PATH', '/home/zheng/carerobot_slam_ros2/install/robot_costmap/lib:/home/zheng/carerobot_slam_ros2/install/robot_communication/lib:/usr/lib/x86_64-linux-gnu/gazebo-11/plugins:/opt/ros/humble/opt/rviz_ogre_vendor/lib:/opt/ros/humble/lib/x86_64-linux-gnu:/opt/ros/humble/lib'), ('HOME', '/home/zheng'), ('CHROME_DESKTOP', 'code.desktop'), ('OLDPWD', '/home/zheng/carerobot_slam_ros2/src/robot_navigation/launch'), ('TERM_PROGRAM_VERSION', '1.135.0'), ('DESKTOP_SESSION', 'ubuntu-xorg'), ('GIO_LAUNCHED_DESKTOP_FILE', '/usr/share/applications/code.desktop'), ('ROS_PYTHON_VERSION', '3'), ('GNOME_SHELL_SESSION_MODE', 'ubuntu'), ('GTK_MODULES', 'gail:atk-bridge'), ('VSCODE_GIT_ASKPASS_MAIN', '/usr/share/code/resources/app/extensions/git/dist/askpass-main.js'), ('VSCODE_GIT_ASKPASS_NODE', '/usr/share/code/code'), ('MANAGERPID', '1464'), ('PYDEVD_DISABLE_FILE_VALIDATION', '1'), ('SYSTEMD_EXEC_PID', '1760'), ('BUNDLED_DEBUGPY_PATH', '/home/zheng/.vscode/extensions/ms-python.debugpy-2026.6.0-linux-x64/bundled/libs/debugpy'), ('VSCODE_PYTHON_AUTOACTIVATE_GUARD', '1'), ('DBUS_SESSION_BUS_ADDRESS', 'unix:path=/run/user/1000/bus'), ('COLORTERM', 'truecolor'), ('GIO_LAUNCHED_DESKTOP_FILE_PID', '5794'), ('COLCON_PREFIX_PATH', '/home/zheng/carerobot_slam_ros2/install'), ('ROS_DISTRO', 'humble'), ('GTK_IM_MODULE', 'ibus'), ('LOGNAME', 'zheng'), ('JOURNAL_STREAM', '8:16477'), ('_', '/usr/bin/colcon'), ('ROS_VERSION', '2'), ('XDG_SESSION_CLASS', 'user'), ('USERNAME', 'zheng'), ('TERM', 'xterm-256color'), ('GNOME_DESKTOP_SESSION_ID', 'this-is-deprecated'), ('FC_FONTATIONS', '1'), ('ROS_LOCALHOST_ONLY', '0'), ('WINDOWPATH', '2'), ('PATH', '/home/zheng/.config/Code/User/globalStorage/github.copilot-chat/debugCommand:/home/zheng/.config/Code/User/globalStorage/github.copilot-chat/copilotCli:/opt/ros/humble/bin:/usr/local/sbin:/usr/local/bin:/usr/sbin:/usr/bin:/sbin:/bin:/usr/games:/usr/local/games:/snap/bin:/snap/bin:/home/zheng/.vscode/extensions/ms-python.debugpy-2026.6.0-linux-x64/bundled/scripts/noConfigScripts'), ('SESSION_MANAGER', 'local/zheng-Lenovo-Product:@/tmp/.ICE-unix/1737,unix/zheng-Lenovo-Product:/tmp/.ICE-unix/1737'), ('INVOCATION_ID', '8935ecd327cf4a71bfa53fb844917c45'), ('XDG_MENU_PREFIX', 'gnome-'), ('XDG_RUNTIME_DIR', '/run/user/1000'), ('GDK_BACKEND', 'x11'), ('DISPLAY', ':0'), ('VSCODE_DEBUGPY_ADAPTER_ENDPOINTS', '/home/zheng/.vscode/extensions/ms-python.debugpy-2026.6.0-linux-x64/.noConfigDebugAdapterEndpoints/endpoint-4fa3cbc6bbf5905f.txt'), ('LANG', 'zh_CN.UTF-8'), ('XDG_CURRENT_DESKTOP', 'ubuntu:GNOME'), ('PYTHONSTARTUP', '/home/zheng/.config/Code/User/workspaceStorage/7c1638c18d6b6e2173098eecef125327/ms-python.python/pythonrc.py'), ('XMODIFIERS', '@im=ibus'), ('XDG_SESSION_DESKTOP', 'ubuntu-xorg'), ('XAUTHORITY', '/run/user/1000/gdm/Xauthority'), ('LS_COLORS', 'rs=0:di=01;34:ln=01;36:mh=00:pi=40;33:so=01;35:do=01;35:bd=40;33;01:cd=40;33;01:or=40;31;01:mi=00:su=37;41:sg=30;43:ca=30;41:tw=30;42:ow=34;42:st=37;44:ex=01;32:*.tar=01;31:*.tgz=01;31:*.arc=01;31:*.arj=01;31:*.taz=01;31:*.lha=01;31:*.lz4=01;31:*.lzh=01;31:*.lzma=01;31:*.tlz=01;31:*.txz=01;31:*.tzo=01;31:*.t7z=01;31:*.zip=01;31:*.z=01;31:*.dz=01;31:*.gz=01;31:*.lrz=01;31:*.lz=01;31:*.lzo=01;31:*.xz=01;31:*.zst=01;31:*.tzst=01;31:*.bz2=01;31:*.bz=01;31:*.tbz=01;31:*.tbz2=01;31:*.tz=01;31:*.deb=01;31:*.rpm=01;31:*.jar=01;31:*.war=01;31:*.ear=01;31:*.sar=01;31:*.rar=01;31:*.alz=01;31:*.ace=01;31:*.zoo=01;31:*.cpio=01;31:*.7z=01;31:*.rz=01;31:*.cab=01;31:*.wim=01;31:*.swm=01;31:*.dwm=01;31:*.esd=01;31:*.jpg=01;35:*.jpeg=01;35:*.mjpg=01;35:*.mjpeg=01;35:*.gif=01;35:*.bmp=01;35:*.pbm=01;35:*.pgm=01;35:*.ppm=01;35:*.tga=01;35:*.xbm=01;35:*.xpm=01;35:*.tif=01;35:*.tiff=01;35:*.png=01;35:*.svg=01;35:*.svgz=01;35:*.mng=01;35:*.pcx=01;35:*.mov=01;35:*.mpg=01;35:*.mpeg=01;35:*.m2v=01;35:*.mkv=01;35:*.webm=01;35:*.webp=01;35:*.ogm=01;35:*.mp4=01;35:*.m4v=01;35:*.mp4v=01;35:*.vob=01;35:*.qt=01;35:*.nuv=01;35:*.wmv=01;35:*.asf=01;35:*.rm=01;35:*.rmvb=01;35:*.flc=01;35:*.avi=01;35:*.fli=01;35:*.flv=01;35:*.gl=01;35:*.dl=01;35:*.xcf=01;35:*.xwd=01;35:*.yuv=01;35:*.cgm=01;35:*.emf=01;35:*.ogv=01;35:*.ogx=01;35:*.aac=00;36:*.au=00;36:*.flac=00;36:*.m4a=00;36:*.mid=00;36:*.midi=00;36:*.mka=00;36:*.mp3=00;36:*.mpc=00;36:*.ogg=00;36:*.ra=00;36:*.wav=00;36:*.oga=00;36:*.opus=00;36:*.spx=00;36:*.xspf=00;36:'), ('VSCODE_GIT_IPC_HANDLE', '/run/user/1000/vscode-git-f64114791b.sock'), ('TERM_PROGRAM', 'vscode'), ('SSH_AGENT_LAUNCHER', 'gnome-keyring'), ('SSH_AUTH_SOCK', '/run/user/1000/keyring/ssh'), ('AMENT_PREFIX_PATH', '/home/zheng/carerobot_slam_ros2/install/robot_pid_local_planner:/home/zheng/carerobot_slam_ros2/install/robot_navigation:/home/zheng/carerobot_slam_ros2/install/robot_costmap:/home/zheng/carerobot_slam_ros2/install/robot_communication:/home/zheng/carerobot_slam_ros2/install/diff_drive_gazebo:/opt/ros/humble'), ('SHELL', '/bin/bash'), ('QT_ACCESSIBILITY', '1'), ('GDMSESSION', 'ubuntu-xorg'), ('LESSCLOSE', '/usr/bin/lesspipe %s %s'), ('GPG_AGENT_INFO', '/run/user/1000/gnupg/S.gpg-agent:0:1'), ('GJS_DEBUG_OUTPUT', 'stderr'), ('GAZEBO_MODEL_DATABASE_URI', ''), ('VSCODE_GIT_ASKPASS_EXTRA_ARGS', ''), ('QT_IM_MODULE', 'ibus'), ('PWD', '/home/zheng/carerobot_slam_ros2/build/robot_communication'), ('XDG_CONFIG_DIRS', '/etc/xdg/xdg-ubuntu-xorg:/etc/xdg'), ('COPILOT_DEBUG_NONCE', 'b2678e8931ad5b1b6842b5b0f9197177'), ('XDG_DATA_DIRS', '/usr/share/ubuntu-xorg:/usr/share/gnome:/usr/local/share/:/usr/share/:/var/lib/snapd/desktop'), ('PYTHONPATH', '/home/zheng/carerobot_slam_ros2/install/robot_communication/local/lib/python3.10/dist-packages:/opt/ros/humble/lib/python3.10/site-packages:/opt/ros/humble/local/lib/python3.10/dist-packages'), ('COLCON', '1'), ('CMAKE_PREFIX_PATH', '/home/zheng/carerobot_slam_ros2/install/robot_pid_local_planner:/home/zheng/carerobot_slam_ros2/install/robot_navigation:/home/zheng/carerobot_slam_ros2/install/robot_costmap:/home/zheng/carerobot_slam_ros2/install/robot_communication:/home/zheng/carerobot_slam_ros2/install/diff_drive_gazebo:/opt/ros/humble')]), 'shell': False}
[10.682889] (robot_communication) StdoutLine: {'line': b'-- Install configuration: ""\n'}
[10.683128] (robot_communication) StdoutLine: {'line': b'-- Installing: /home/zheng/carerobot_slam_ros2/install/robot_communication/share/ament_index/resource_index/rosidl_interfaces/robot_communication\n'}
[10.683239] (robot_communication) StdoutLine: {'line': b'-- Installing: /home/zheng/carerobot_slam_ros2/install/robot_communication/include/robot_communication/robot_communication\n'}
[10.683371] (robot_communication) StdoutLine: {'line': b'-- Installing: /home/zheng/carerobot_slam_ros2/install/robot_communication/include/robot_communication/robot_communication/action\n'}
[10.683455] (robot_communication) StdoutLine: {'line': b'-- Installing: /home/zheng/carerobot_slam_ros2/install/robot_communication/include/robot_communication/robot_communication/action/do_dishes.h\n'}
[10.683605] (robot_communication) StdoutLine: {'line': b'-- Installing: /home/zheng/carerobot_slam_ros2/install/robot_communication/include/robot_communication/robot_communication/action/detail\n'}
[10.683756] (robot_communication) StdoutLine: {'line': b'-- Installing: /home/zheng/carerobot_slam_ros2/install/robot_communication/include/robot_communication/robot_communication/action/detail/do_dishes__functions.c\n'}
[10.683847] (robot_communication) StdoutLine: {'line': b'-- Installing: /home/zheng/carerobot_slam_ros2/install/robot_communication/include/robot_communication/robot_communication/action/detail/do_dishes__functions.h\n'}
[10.683951] (robot_communication) StdoutLine: {'line': b'-- Installing: /home/zheng/carerobot_slam_ros2/install/robot_communication/include/robot_communication/robot_communication/action/detail/do_dishes__type_support.h\n'}
[10.684061] (robot_communication) StdoutLine: {'line': b'-- Installing: /home/zheng/carerobot_slam_ros2/install/robot_communication/include/robot_communication/robot_communication/action/detail/do_dishes__struct.h\n'}
[10.684155] (robot_communication) StdoutLine: {'line': b'-- Installing: /home/zheng/carerobot_slam_ros2/install/robot_communication/include/robot_communication/robot_communication/msg\n'}
[10.684229] (robot_communication) StdoutLine: {'line': b'-- Installing: /home/zheng/carerobot_slam_ros2/install/robot_communication/include/robot_communication/robot_communication/msg/localization_info_broadcast.h\n'}
[10.684317] (robot_communication) StdoutLine: {'line': b'-- Installing: /home/zheng/carerobot_slam_ros2/install/robot_communication/include/robot_communication/robot_communication/msg/chassis_control.h\n'}
[10.684408] (robot_communication) StdoutLine: {'line': b'-- Installing: /home/zheng/carerobot_slam_ros2/install/robot_communication/include/robot_communication/robot_communication/msg/goal.h\n'}
[10.684500] (robot_communication) StdoutLine: {'line': b'-- Installing: /home/zheng/carerobot_slam_ros2/install/robot_communication/include/robot_communication/robot_communication/msg/bspline.h\n'}
[10.684591] (robot_communication) StdoutLine: {'line': b'-- Installing: /home/zheng/carerobot_slam_ros2/install/robot_communication/include/robot_communication/robot_communication/msg/rosidl_generator_c__visibility_control.h\n'}
[10.684682] (robot_communication) StdoutLine: {'line': b'-- Installing: /home/zheng/carerobot_slam_ros2/install/robot_communication/include/robot_communication/robot_communication/msg/sensor_data.h\n'}
[10.684773] (robot_communication) StdoutLine: {'line': b'-- Installing: /home/zheng/carerobot_slam_ros2/install/robot_communication/include/robot_communication/robot_communication/msg/esdf_map.h\n'}
[10.684861] (robot_communication) StdoutLine: {'line': b'-- Installing: /home/zheng/carerobot_slam_ros2/install/robot_communication/include/robot_communication/robot_communication/msg/detail\n'}
[10.684937] (robot_communication) StdoutLine: {'line': b'-- Installing: /home/zheng/carerobot_slam_ros2/install/robot_communication/include/robot_communication/robot_communication/msg/detail/chassis_control__functions.c\n'}
[10.685037] (robot_communication) StdoutLine: {'line': b'-- Installing: /home/zheng/carerobot_slam_ros2/install/robot_communication/include/robot_communication/robot_communication/msg/detail/bspline__functions.c\n'}
[10.685141] (robot_communication) StdoutLine: {'line': b'-- Installing: /home/zheng/carerobot_slam_ros2/install/robot_communication/include/robot_communication/robot_communication/msg/detail/bspline__functions.h\n'}
[10.685260] (robot_communication) StdoutLine: {'line': b'-- Installing: /home/zheng/carerobot_slam_ros2/install/robot_communication/include/robot_communication/robot_communication/msg/detail/chassis_control__type_support.h\n'}
[10.685381] (robot_communication) StdoutLine: {'line': b'-- Installing: /home/zheng/carerobot_slam_ros2/install/robot_communication/include/robot_communication/robot_communication/msg/detail/esdf_map__functions.h\n'}
[10.685502] (robot_communication) StdoutLine: {'line': b'-- Installing: /home/zheng/carerobot_slam_ros2/install/robot_communication/include/robot_communication/robot_communication/msg/detail/esdf_map__type_support.h\n'}
[10.685668] (robot_communication) StdoutLine: {'line': b'-- Installing: /home/zheng/carerobot_slam_ros2/install/robot_communication/include/robot_communication/robot_communication/msg/detail/bspline__struct.h\n'}
[10.685829] (robot_communication) StdoutLine: {'line': b'-- Installing: /home/zheng/carerobot_slam_ros2/install/robot_communication/include/robot_communication/robot_communication/msg/detail/sensor_data__functions.h\n'}
[10.685970] (robot_communication) StdoutLine: {'line': b'-- Installing: /home/zheng/carerobot_slam_ros2/install/robot_communication/include/robot_communication/robot_communication/msg/detail/esdf_map__struct.h\n'}
[10.686057] (robot_communication) StdoutLine: {'line': b'-- Installing: /home/zheng/carerobot_slam_ros2/install/robot_communication/include/robot_communication/robot_communication/msg/detail/sensor_data__functions.c\n'}
[10.686122] (robot_communication) StdoutLine: {'line': b'-- Installing: /home/zheng/carerobot_slam_ros2/install/robot_communication/include/robot_communication/robot_communication/msg/detail/localization_info_broadcast__type_support.h\n'}
[10.686193] (robot_communication) StdoutLine: {'line': b'-- Installing: /home/zheng/carerobot_slam_ros2/install/robot_communication/include/robot_communication/robot_communication/msg/detail/localization_info_broadcast__functions.h\n'}
[10.686297] (robot_communication) StdoutLine: {'line': b'-- Installing: /home/zheng/carerobot_slam_ros2/install/robot_communication/include/robot_communication/robot_communication/msg/detail/chassis_control__functions.h\n'}
[10.686394] (robot_communication) StdoutLine: {'line': b'-- Installing: /home/zheng/carerobot_slam_ros2/install/robot_communication/include/robot_communication/robot_communication/msg/detail/goal__functions.h\n'}
[10.686540] (robot_communication) StdoutLine: {'line': b'-- Installing: /home/zheng/carerobot_slam_ros2/install/robot_communication/include/robot_communication/robot_communication/msg/detail/goal__type_support.h\n'}
[10.686660] (robot_communication) StdoutLine: {'line': b'-- Installing: /home/zheng/carerobot_slam_ros2/install/robot_communication/include/robot_communication/robot_communication/msg/detail/sensor_data__type_support.h\n'}
[10.686782] (robot_communication) StdoutLine: {'line': b'-- Installing: /home/zheng/carerobot_slam_ros2/install/robot_communication/include/robot_communication/robot_communication/msg/detail/localization_info_broadcast__functions.c\n'}
[10.686915] (robot_communication) StdoutLine: {'line': b'-- Installing: /home/zheng/carerobot_slam_ros2/install/robot_communication/include/robot_communication/robot_communication/msg/detail/esdf_map__functions.c\n'}
[10.687043] (robot_communication) StdoutLine: {'line': b'-- Installing: /home/zheng/carerobot_slam_ros2/install/robot_communication/include/robot_communication/robot_communication/msg/detail/bspline__type_support.h\n'}
[10.687144] (robot_communication) StdoutLine: {'line': b'-- Installing: /home/zheng/carerobot_slam_ros2/install/robot_communication/include/robot_communication/robot_communication/msg/detail/sensor_data__struct.h\n'}
[10.687287] (robot_communication) StdoutLine: {'line': b'-- Installing: /home/zheng/carerobot_slam_ros2/install/robot_communication/include/robot_communication/robot_communication/msg/detail/goal__functions.c\n'}
[10.687390] (robot_communication) StdoutLine: {'line': b'-- Installing: /home/zheng/carerobot_slam_ros2/install/robot_communication/include/robot_communication/robot_communication/msg/detail/chassis_control__struct.h\n'}
[10.687531] (robot_communication) StdoutLine: {'line': b'-- Installing: /home/zheng/carerobot_slam_ros2/install/robot_communication/include/robot_communication/robot_communication/msg/detail/goal__struct.h\n'}
[10.687603] (robot_communication) StdoutLine: {'line': b'-- Installing: /home/zheng/carerobot_slam_ros2/install/robot_communication/include/robot_communication/robot_communication/msg/detail/localization_info_broadcast__struct.h\n'}
[10.687830] (robot_communication) StdoutLine: {'line': b'-- Installing: /home/zheng/carerobot_slam_ros2/install/robot_communication/share/robot_communication/environment/library_path.sh\n'}
[10.688138] (robot_communication) StdoutLine: {'line': b'-- Installing: /home/zheng/carerobot_slam_ros2/install/robot_communication/share/robot_communication/environment/library_path.dsv\n'}
[10.688437] (robot_communication) StdoutLine: {'line': b'-- Installing: /home/zheng/carerobot_slam_ros2/install/robot_communication/lib/librobot_communication__rosidl_generator_c.so\n'}
[10.689000] (robot_communication) StdoutLine: {'line': b'-- Set runtime path of "/home/zheng/carerobot_slam_ros2/install/robot_communication/lib/librobot_communication__rosidl_generator_c.so" to ""\n'}
[10.689169] (robot_communication) StdoutLine: {'line': b'-- Up-to-date: /home/zheng/carerobot_slam_ros2/install/robot_communication/include/robot_communication/robot_communication\n'}
[10.689351] (robot_communication) StdoutLine: {'line': b'-- Up-to-date: /home/zheng/carerobot_slam_ros2/install/robot_communication/include/robot_communication/robot_communication/action\n'}
[10.689509] (robot_communication) StdoutLine: {'line': b'-- Up-to-date: /home/zheng/carerobot_slam_ros2/install/robot_communication/include/robot_communication/robot_communication/action/detail\n'}
[10.689669] (robot_communication) StdoutLine: {'line': b'-- Installing: /home/zheng/carerobot_slam_ros2/install/robot_communication/include/robot_communication/robot_communication/action/detail/do_dishes__rosidl_typesupport_fastrtps_c.h\n'}
[10.689805] (robot_communication) StdoutLine: {'line': b'-- Up-to-date: /home/zheng/carerobot_slam_ros2/install/robot_communication/include/robot_communication/robot_communication/msg\n'}
[10.689939] (robot_communication) StdoutLine: {'line': b'-- Installing: /home/zheng/carerobot_slam_ros2/install/robot_communication/include/robot_communication/robot_communication/msg/rosidl_typesupport_fastrtps_c__visibility_control.h\n'}
[10.690078] (robot_communication) StdoutLine: {'line': b'-- Up-to-date: /home/zheng/carerobot_slam_ros2/install/robot_communication/include/robot_communication/robot_communication/msg/detail\n'}
[10.690226] (robot_communication) StdoutLine: {'line': b'-- Installing: /home/zheng/carerobot_slam_ros2/install/robot_communication/include/robot_communication/robot_communication/msg/detail/bspline__rosidl_typesupport_fastrtps_c.h\n'}
[10.690366] (robot_communication) StdoutLine: {'line': b'-- Installing: /home/zheng/carerobot_slam_ros2/install/robot_communication/include/robot_communication/robot_communication/msg/detail/esdf_map__rosidl_typesupport_fastrtps_c.h\n'}
[10.690479] (robot_communication) StdoutLine: {'line': b'-- Installing: /home/zheng/carerobot_slam_ros2/install/robot_communication/include/robot_communication/robot_communication/msg/detail/localization_info_broadcast__rosidl_typesupport_fastrtps_c.h\n'}
[10.690599] (robot_communication) StdoutLine: {'line': b'-- Installing: /home/zheng/carerobot_slam_ros2/install/robot_communication/include/robot_communication/robot_communication/msg/detail/sensor_data__rosidl_typesupport_fastrtps_c.h\n'}
[10.690760] (robot_communication) StdoutLine: {'line': b'-- Installing: /home/zheng/carerobot_slam_ros2/install/robot_communication/include/robot_communication/robot_communication/msg/detail/goal__rosidl_typesupport_fastrtps_c.h\n'}
[10.690887] (robot_communication) StdoutLine: {'line': b'-- Installing: /home/zheng/carerobot_slam_ros2/install/robot_communication/include/robot_communication/robot_communication/msg/detail/chassis_control__rosidl_typesupport_fastrtps_c.h\n'}
[10.691009] (robot_communication) StdoutLine: {'line': b'-- Installing: /home/zheng/carerobot_slam_ros2/install/robot_communication/lib/librobot_communication__rosidl_typesupport_fastrtps_c.so\n'}
[10.691189] (robot_communication) StdoutLine: {'line': b'-- Set runtime path of "/home/zheng/carerobot_slam_ros2/install/robot_communication/lib/librobot_communication__rosidl_typesupport_fastrtps_c.so" to ""\n'}
[10.691458] (robot_communication) StdoutLine: {'line': b'-- Up-to-date: /home/zheng/carerobot_slam_ros2/install/robot_communication/include/robot_communication/robot_communication\n'}
[10.691586] (robot_communication) StdoutLine: {'line': b'-- Up-to-date: /home/zheng/carerobot_slam_ros2/install/robot_communication/include/robot_communication/robot_communication/action\n'}
[10.691742] (robot_communication) StdoutLine: {'line': b'-- Up-to-date: /home/zheng/carerobot_slam_ros2/install/robot_communication/include/robot_communication/robot_communication/action/detail\n'}
[10.691861] (robot_communication) StdoutLine: {'line': b'-- Installing: /home/zheng/carerobot_slam_ros2/install/robot_communication/include/robot_communication/robot_communication/action/detail/do_dishes__rosidl_typesupport_introspection_c.h\n'}
[10.692005] (robot_communication) StdoutLine: {'line': b'-- Installing: /home/zheng/carerobot_slam_ros2/install/robot_communication/include/robot_communication/robot_communication/action/detail/do_dishes__type_support.c\n'}
[10.692153] (robot_communication) StdoutLine: {'line': b'-- Up-to-date: /home/zheng/carerobot_slam_ros2/install/robot_communication/include/robot_communication/robot_communication/msg\n'}
[10.692325] (robot_communication) StdoutLine: {'line': b'-- Installing: /home/zheng/carerobot_slam_ros2/install/robot_communication/include/robot_communication/robot_communication/msg/rosidl_typesupport_introspection_c__visibility_control.h\n'}
[10.692461] (robot_communication) StdoutLine: {'line': b'-- Up-to-date: /home/zheng/carerobot_slam_ros2/install/robot_communication/include/robot_communication/robot_communication/msg/detail\n'}
[10.692577] (robot_communication) StdoutLine: {'line': b'-- Installing: /home/zheng/carerobot_slam_ros2/install/robot_communication/include/robot_communication/robot_communication/msg/detail/esdf_map__rosidl_typesupport_introspection_c.h\n'}
[10.692712] (robot_communication) StdoutLine: {'line': b'-- Installing: /home/zheng/carerobot_slam_ros2/install/robot_communication/include/robot_communication/robot_communication/msg/detail/bspline__type_support.c\n'}
[10.692843] (robot_communication) StdoutLine: {'line': b'-- Installing: /home/zheng/carerobot_slam_ros2/install/robot_communication/include/robot_communication/robot_communication/msg/detail/bspline__rosidl_typesupport_introspection_c.h\n'}
[10.692974] (robot_communication) StdoutLine: {'line': b'-- Installing: /home/zheng/carerobot_slam_ros2/install/robot_communication/include/robot_communication/robot_communication/msg/detail/chassis_control__rosidl_typesupport_introspection_c.h\n'}
[10.693110] (robot_communication) StdoutLine: {'line': b'-- Installing: /home/zheng/carerobot_slam_ros2/install/robot_communication/include/robot_communication/robot_communication/msg/detail/goal__rosidl_typesupport_introspection_c.h\n'}
[10.693280] (robot_communication) StdoutLine: {'line': b'-- Installing: /home/zheng/carerobot_slam_ros2/install/robot_communication/include/robot_communication/robot_communication/msg/detail/localization_info_broadcast__type_support.c\n'}
[10.693438] (robot_communication) StdoutLine: {'line': b'-- Installing: /home/zheng/carerobot_slam_ros2/install/robot_communication/include/robot_communication/robot_communication/msg/detail/chassis_control__type_support.c\n'}
[10.693572] (robot_communication) StdoutLine: {'line': b'-- Installing: /home/zheng/carerobot_slam_ros2/install/robot_communication/include/robot_communication/robot_communication/msg/detail/goal__type_support.c\n'}
[10.693752] (robot_communication) StdoutLine: {'line': b'-- Installing: /home/zheng/carerobot_slam_ros2/install/robot_communication/include/robot_communication/robot_communication/msg/detail/sensor_data__type_support.c\n'}
[10.693869] (robot_communication) StdoutLine: {'line': b'-- Installing: /home/zheng/carerobot_slam_ros2/install/robot_communication/include/robot_communication/robot_communication/msg/detail/sensor_data__rosidl_typesupport_introspection_c.h\n'}
[10.693988] (robot_communication) StdoutLine: {'line': b'-- Installing: /home/zheng/carerobot_slam_ros2/install/robot_communication/include/robot_communication/robot_communication/msg/detail/esdf_map__type_support.c\n'}
[10.694138] (robot_communication) StdoutLine: {'line': b'-- Installing: /home/zheng/carerobot_slam_ros2/install/robot_communication/include/robot_communication/robot_communication/msg/detail/localization_info_broadcast__rosidl_typesupport_introspection_c.h\n'}
[10.694287] (robot_communication) StdoutLine: {'line': b'-- Installing: /home/zheng/carerobot_slam_ros2/install/robot_communication/lib/librobot_communication__rosidl_typesupport_introspection_c.so\n'}
[10.694712] (robot_communication) StdoutLine: {'line': b'-- Set runtime path of "/home/zheng/carerobot_slam_ros2/install/robot_communication/lib/librobot_communication__rosidl_typesupport_introspection_c.so" to ""\n'}
[10.694897] (robot_communication) StdoutLine: {'line': b'-- Installing: /home/zheng/carerobot_slam_ros2/install/robot_communication/lib/librobot_communication__rosidl_typesupport_c.so\n'}
[10.695379] (robot_communication) StdoutLine: {'line': b'-- Set runtime path of "/home/zheng/carerobot_slam_ros2/install/robot_communication/lib/librobot_communication__rosidl_typesupport_c.so" to ""\n'}
[10.695588] (robot_communication) StdoutLine: {'line': b'-- Up-to-date: /home/zheng/carerobot_slam_ros2/install/robot_communication/include/robot_communication/robot_communication\n'}
[10.695649] (robot_communication) StdoutLine: {'line': b'-- Up-to-date: /home/zheng/carerobot_slam_ros2/install/robot_communication/include/robot_communication/robot_communication/action\n'}
[10.695809] (robot_communication) StdoutLine: {'line': b'-- Installing: /home/zheng/carerobot_slam_ros2/install/robot_communication/include/robot_communication/robot_communication/action/do_dishes.hpp\n'}
[10.695878] (robot_communication) StdoutLine: {'line': b'-- Up-to-date: /home/zheng/carerobot_slam_ros2/install/robot_communication/include/robot_communication/robot_communication/action/detail\n'}
[10.695931] (robot_communication) StdoutLine: {'line': b'-- Installing: /home/zheng/carerobot_slam_ros2/install/robot_communication/include/robot_communication/robot_communication/action/detail/do_dishes__type_support.hpp\n'}
[10.696006] (robot_communication) StdoutLine: {'line': b'-- Installing: /home/zheng/carerobot_slam_ros2/install/robot_communication/include/robot_communication/robot_communication/action/detail/do_dishes__builder.hpp\n'}
[10.696056] (robot_communication) StdoutLine: {'line': b'-- Installing: /home/zheng/carerobot_slam_ros2/install/robot_communication/include/robot_communication/robot_communication/action/detail/do_dishes__traits.hpp\n'}
[10.696121] (robot_communication) StdoutLine: {'line': b'-- Installing: /home/zheng/carerobot_slam_ros2/install/robot_communication/include/robot_communication/robot_communication/action/detail/do_dishes__struct.hpp\n'}
[10.696240] (robot_communication) StdoutLine: {'line': b'-- Up-to-date: /home/zheng/carerobot_slam_ros2/install/robot_communication/include/robot_communication/robot_communication/msg\n'}
[10.696331] (robot_communication) StdoutLine: {'line': b'-- Installing: /home/zheng/carerobot_slam_ros2/install/robot_communication/include/robot_communication/robot_communication/msg/bspline.hpp\n'}
[10.696460] (robot_communication) StdoutLine: {'line': b'-- Installing: /home/zheng/carerobot_slam_ros2/install/robot_communication/include/robot_communication/robot_communication/msg/chassis_control.hpp\n'}
[10.696576] (robot_communication) StdoutLine: {'line': b'-- Installing: /home/zheng/carerobot_slam_ros2/install/robot_communication/include/robot_communication/robot_communication/msg/sensor_data.hpp\n'}
[10.696690] (robot_communication) StdoutLine: {'line': b'-- Installing: /home/zheng/carerobot_slam_ros2/install/robot_communication/include/robot_communication/robot_communication/msg/localization_info_broadcast.hpp\n'}
[10.696813] (robot_communication) StdoutLine: {'line': b'-- Installing: /home/zheng/carerobot_slam_ros2/install/robot_communication/include/robot_communication/robot_communication/msg/rosidl_generator_cpp__visibility_control.hpp\n'}
[10.696930] (robot_communication) StdoutLine: {'line': b'-- Installing: /home/zheng/carerobot_slam_ros2/install/robot_communication/include/robot_communication/robot_communication/msg/goal.hpp\n'}
[10.696997] (robot_communication) StdoutLine: {'line': b'-- Installing: /home/zheng/carerobot_slam_ros2/install/robot_communication/include/robot_communication/robot_communication/msg/esdf_map.hpp\n'}
[10.697082] (robot_communication) StdoutLine: {'line': b'-- Up-to-date: /home/zheng/carerobot_slam_ros2/install/robot_communication/include/robot_communication/robot_communication/msg/detail\n'}
[10.697147] (robot_communication) StdoutLine: {'line': b'-- Installing: /home/zheng/carerobot_slam_ros2/install/robot_communication/include/robot_communication/robot_communication/msg/detail/goal__traits.hpp\n'}
[10.697282] (robot_communication) StdoutLine: {'line': b'-- Installing: /home/zheng/carerobot_slam_ros2/install/robot_communication/include/robot_communication/robot_communication/msg/detail/sensor_data__builder.hpp\n'}
[10.697423] (robot_communication) StdoutLine: {'line': b'-- Installing: /home/zheng/carerobot_slam_ros2/install/robot_communication/include/robot_communication/robot_communication/msg/detail/localization_info_broadcast__traits.hpp\n'}
[10.697549] (robot_communication) StdoutLine: {'line': b'-- Installing: /home/zheng/carerobot_slam_ros2/install/robot_communication/include/robot_communication/robot_communication/msg/detail/goal__builder.hpp\n'}
[10.697672] (robot_communication) StdoutLine: {'line': b'-- Installing: /home/zheng/carerobot_slam_ros2/install/robot_communication/include/robot_communication/robot_communication/msg/detail/localization_info_broadcast__type_support.hpp\n'}
[10.697782] (robot_communication) StdoutLine: {'line': b'-- Installing: /home/zheng/carerobot_slam_ros2/install/robot_communication/include/robot_communication/robot_communication/msg/detail/chassis_control__builder.hpp\n'}
[10.697951] (robot_communication) StdoutLine: {'line': b'-- Installing: /home/zheng/carerobot_slam_ros2/install/robot_communication/include/robot_communication/robot_communication/msg/detail/esdf_map__builder.hpp\n'}
[10.698012] (robot_communication) StdoutLine: {'line': b'-- Installing: /home/zheng/carerobot_slam_ros2/install/robot_communication/include/robot_communication/robot_communication/msg/detail/localization_info_broadcast__struct.hpp\n'}
[10.698074] (robot_communication) StdoutLine: {'line': b'-- Installing: /home/zheng/carerobot_slam_ros2/install/robot_communication/include/robot_communication/robot_communication/msg/detail/bspline__builder.hpp\n'}
[10.698174] (robot_communication) StdoutLine: {'line': b'-- Installing: /home/zheng/carerobot_slam_ros2/install/robot_communication/include/robot_communication/robot_communication/msg/detail/sensor_data__type_support.hpp\n'}
[10.698311] (robot_communication) StdoutLine: {'line': b'-- Installing: /home/zheng/carerobot_slam_ros2/install/robot_communication/include/robot_communication/robot_communication/msg/detail/chassis_control__struct.hpp\n'}
[10.698405] (robot_communication) StdoutLine: {'line': b'-- Installing: /home/zheng/carerobot_slam_ros2/install/robot_communication/include/robot_communication/robot_communication/msg/detail/chassis_control__traits.hpp\n'}
[10.698506] (robot_communication) StdoutLine: {'line': b'-- Installing: /home/zheng/carerobot_slam_ros2/install/robot_communication/include/robot_communication/robot_communication/msg/detail/bspline__type_support.hpp\n'}
[10.698605] (robot_communication) StdoutLine: {'line': b'-- Installing: /home/zheng/carerobot_slam_ros2/install/robot_communication/include/robot_communication/robot_communication/msg/detail/localization_info_broadcast__builder.hpp\n'}
[10.698706] (robot_communication) StdoutLine: {'line': b'-- Installing: /home/zheng/carerobot_slam_ros2/install/robot_communication/include/robot_communication/robot_communication/msg/detail/bspline__traits.hpp\n'}
[10.698807] (robot_communication) StdoutLine: {'line': b'-- Installing: /home/zheng/carerobot_slam_ros2/install/robot_communication/include/robot_communication/robot_communication/msg/detail/goal__type_support.hpp\n'}
[10.698914] (robot_communication) StdoutLine: {'line': b'-- Installing: /home/zheng/carerobot_slam_ros2/install/robot_communication/include/robot_communication/robot_communication/msg/detail/esdf_map__traits.hpp\n'}
[10.699014] (robot_communication) StdoutLine: {'line': b'-- Installing: /home/zheng/carerobot_slam_ros2/install/robot_communication/include/robot_communication/robot_communication/msg/detail/esdf_map__type_support.hpp\n'}
[10.699109] (robot_communication) StdoutLine: {'line': b'-- Installing: /home/zheng/carerobot_slam_ros2/install/robot_communication/include/robot_communication/robot_communication/msg/detail/goal__struct.hpp\n'}
[10.699217] (robot_communication) StdoutLine: {'line': b'-- Installing: /home/zheng/carerobot_slam_ros2/install/robot_communication/include/robot_communication/robot_communication/msg/detail/sensor_data__traits.hpp\n'}
[10.699320] (robot_communication) StdoutLine: {'line': b'-- Installing: /home/zheng/carerobot_slam_ros2/install/robot_communication/include/robot_communication/robot_communication/msg/detail/sensor_data__struct.hpp\n'}
[10.699421] (robot_communication) StdoutLine: {'line': b'-- Installing: /home/zheng/carerobot_slam_ros2/install/robot_communication/include/robot_communication/robot_communication/msg/detail/bspline__struct.hpp\n'}
[10.699528] (robot_communication) StdoutLine: {'line': b'-- Installing: /home/zheng/carerobot_slam_ros2/install/robot_communication/include/robot_communication/robot_communication/msg/detail/esdf_map__struct.hpp\n'}
[10.699631] (robot_communication) StdoutLine: {'line': b'-- Installing: /home/zheng/carerobot_slam_ros2/install/robot_communication/include/robot_communication/robot_communication/msg/detail/chassis_control__type_support.hpp\n'}
[10.699766] (robot_communication) StdoutLine: {'line': b'-- Up-to-date: /home/zheng/carerobot_slam_ros2/install/robot_communication/include/robot_communication/robot_communication\n'}
[10.699868] (robot_communication) StdoutLine: {'line': b'-- Up-to-date: /home/zheng/carerobot_slam_ros2/install/robot_communication/include/robot_communication/robot_communication/action\n'}
[10.699952] (robot_communication) StdoutLine: {'line': b'-- Up-to-date: /home/zheng/carerobot_slam_ros2/install/robot_communication/include/robot_communication/robot_communication/action/detail\n'}
[10.700038] (robot_communication) StdoutLine: {'line': b'-- Installing: /home/zheng/carerobot_slam_ros2/install/robot_communication/include/robot_communication/robot_communication/action/detail/do_dishes__rosidl_typesupport_fastrtps_cpp.hpp\n'}
[10.700110] (robot_communication) StdoutLine: {'line': b'-- Installing: /home/zheng/carerobot_slam_ros2/install/robot_communication/include/robot_communication/robot_communication/action/detail/dds_fastrtps\n'}
[10.700179] (robot_communication) StdoutLine: {'line': b'-- Up-to-date: /home/zheng/carerobot_slam_ros2/install/robot_communication/include/robot_communication/robot_communication/msg\n'}
[10.700238] (robot_communication) StdoutLine: {'line': b'-- Installing: /home/zheng/carerobot_slam_ros2/install/robot_communication/include/robot_communication/robot_communication/msg/rosidl_typesupport_fastrtps_cpp__visibility_control.h\n'}
[10.700308] (robot_communication) StdoutLine: {'line': b'-- Up-to-date: /home/zheng/carerobot_slam_ros2/install/robot_communication/include/robot_communication/robot_communication/msg/detail\n'}
[10.700355] (robot_communication) StdoutLine: {'line': b'-- Installing: /home/zheng/carerobot_slam_ros2/install/robot_communication/include/robot_communication/robot_communication/msg/detail/chassis_control__rosidl_typesupport_fastrtps_cpp.hpp\n'}
[10.700413] (robot_communication) StdoutLine: {'line': b'-- Installing: /home/zheng/carerobot_slam_ros2/install/robot_communication/include/robot_communication/robot_communication/msg/detail/bspline__rosidl_typesupport_fastrtps_cpp.hpp\n'}
[10.700500] (robot_communication) StdoutLine: {'line': b'-- Installing: /home/zheng/carerobot_slam_ros2/install/robot_communication/include/robot_communication/robot_communication/msg/detail/localization_info_broadcast__rosidl_typesupport_fastrtps_cpp.hpp\n'}
[10.700655] (robot_communication) StdoutLine: {'line': b'-- Installing: /home/zheng/carerobot_slam_ros2/install/robot_communication/include/robot_communication/robot_communication/msg/detail/dds_fastrtps\n'}
[10.700760] (robot_communication) StdoutLine: {'line': b'-- Installing: /home/zheng/carerobot_slam_ros2/install/robot_communication/include/robot_communication/robot_communication/msg/detail/esdf_map__rosidl_typesupport_fastrtps_cpp.hpp\n'}
[10.700894] (robot_communication) StdoutLine: {'line': b'-- Installing: /home/zheng/carerobot_slam_ros2/install/robot_communication/include/robot_communication/robot_communication/msg/detail/goal__rosidl_typesupport_fastrtps_cpp.hpp\n'}
[10.701001] (robot_communication) StdoutLine: {'line': b'-- Installing: /home/zheng/carerobot_slam_ros2/install/robot_communication/include/robot_communication/robot_communication/msg/detail/sensor_data__rosidl_typesupport_fastrtps_cpp.hpp\n'}
[10.701149] (robot_communication) StdoutLine: {'line': b'-- Installing: /home/zheng/carerobot_slam_ros2/install/robot_communication/lib/librobot_communication__rosidl_typesupport_fastrtps_cpp.so\n'}
[10.701786] (robot_communication) StdoutLine: {'line': b'-- Set runtime path of "/home/zheng/carerobot_slam_ros2/install/robot_communication/lib/librobot_communication__rosidl_typesupport_fastrtps_cpp.so" to ""\n'}
[10.701952] (robot_communication) StdoutLine: {'line': b'-- Up-to-date: /home/zheng/carerobot_slam_ros2/install/robot_communication/include/robot_communication/robot_communication\n'}
[10.702087] (robot_communication) StdoutLine: {'line': b'-- Up-to-date: /home/zheng/carerobot_slam_ros2/install/robot_communication/include/robot_communication/robot_communication/action\n'}
[10.702140] (robot_communication) StdoutLine: {'line': b'-- Up-to-date: /home/zheng/carerobot_slam_ros2/install/robot_communication/include/robot_communication/robot_communication/action/detail\n'}
[10.702217] (robot_communication) StdoutLine: {'line': b'-- Installing: /home/zheng/carerobot_slam_ros2/install/robot_communication/include/robot_communication/robot_communication/action/detail/do_dishes__rosidl_typesupport_introspection_cpp.hpp\n'}
[10.702351] (robot_communication) StdoutLine: {'line': b'-- Installing: /home/zheng/carerobot_slam_ros2/install/robot_communication/include/robot_communication/robot_communication/action/detail/do_dishes__type_support.cpp\n'}
[10.702408] (robot_communication) StdoutLine: {'line': b'-- Up-to-date: /home/zheng/carerobot_slam_ros2/install/robot_communication/include/robot_communication/robot_communication/msg\n'}
[10.702460] (robot_communication) StdoutLine: {'line': b'-- Up-to-date: /home/zheng/carerobot_slam_ros2/install/robot_communication/include/robot_communication/robot_communication/msg/detail\n'}
[10.702536] (robot_communication) StdoutLine: {'line': b'-- Installing: /home/zheng/carerobot_slam_ros2/install/robot_communication/include/robot_communication/robot_communication/msg/detail/goal__rosidl_typesupport_introspection_cpp.hpp\n'}
[10.702586] (robot_communication) StdoutLine: {'line': b'-- Installing: /home/zheng/carerobot_slam_ros2/install/robot_communication/include/robot_communication/robot_communication/msg/detail/esdf_map__rosidl_typesupport_introspection_cpp.hpp\n'}
[10.702662] (robot_communication) StdoutLine: {'line': b'-- Installing: /home/zheng/carerobot_slam_ros2/install/robot_communication/include/robot_communication/robot_communication/msg/detail/sensor_data__rosidl_typesupport_introspection_cpp.hpp\n'}
[10.702752] (robot_communication) StdoutLine: {'line': b'-- Installing: /home/zheng/carerobot_slam_ros2/install/robot_communication/include/robot_communication/robot_communication/msg/detail/chassis_control__type_support.cpp\n'}
[10.702882] (robot_communication) StdoutLine: {'line': b'-- Installing: /home/zheng/carerobot_slam_ros2/install/robot_communication/include/robot_communication/robot_communication/msg/detail/bspline__rosidl_typesupport_introspection_cpp.hpp\n'}
[10.703032] (robot_communication) StdoutLine: {'line': b'-- Installing: /home/zheng/carerobot_slam_ros2/install/robot_communication/include/robot_communication/robot_communication/msg/detail/bspline__type_support.cpp\n'}
[10.703141] (robot_communication) StdoutLine: {'line': b'-- Installing: /home/zheng/carerobot_slam_ros2/install/robot_communication/include/robot_communication/robot_communication/msg/detail/localization_info_broadcast__type_support.cpp\n'}
[10.703332] (robot_communication) StdoutLine: {'line': b'-- Installing: /home/zheng/carerobot_slam_ros2/install/robot_communication/include/robot_communication/robot_communication/msg/detail/sensor_data__type_support.cpp\n'}
[10.703522] (robot_communication) StdoutLine: {'line': b'-- Installing: /home/zheng/carerobot_slam_ros2/install/robot_communication/include/robot_communication/robot_communication/msg/detail/chassis_control__rosidl_typesupport_introspection_cpp.hpp\n'}
[10.703641] (robot_communication) StdoutLine: {'line': b'-- Installing: /home/zheng/carerobot_slam_ros2/install/robot_communication/include/robot_communication/robot_communication/msg/detail/esdf_map__type_support.cpp\n'}
[10.703728] (robot_communication) StdoutLine: {'line': b'-- Installing: /home/zheng/carerobot_slam_ros2/install/robot_communication/include/robot_communication/robot_communication/msg/detail/localization_info_broadcast__rosidl_typesupport_introspection_cpp.hpp\n'}
[10.703813] (robot_communication) StdoutLine: {'line': b'-- Installing: /home/zheng/carerobot_slam_ros2/install/robot_communication/include/robot_communication/robot_communication/msg/detail/goal__type_support.cpp\n'}
[10.703922] (robot_communication) StdoutLine: {'line': b'-- Installing: /home/zheng/carerobot_slam_ros2/install/robot_communication/lib/librobot_communication__rosidl_typesupport_introspection_cpp.so\n'}
[10.704530] (robot_communication) StdoutLine: {'line': b'-- Set runtime path of "/home/zheng/carerobot_slam_ros2/install/robot_communication/lib/librobot_communication__rosidl_typesupport_introspection_cpp.so" to ""\n'}
[10.704613] (robot_communication) StdoutLine: {'line': b'-- Installing: /home/zheng/carerobot_slam_ros2/install/robot_communication/lib/librobot_communication__rosidl_typesupport_cpp.so\n'}
[10.705040] (robot_communication) StdoutLine: {'line': b'-- Set runtime path of "/home/zheng/carerobot_slam_ros2/install/robot_communication/lib/librobot_communication__rosidl_typesupport_cpp.so" to ""\n'}
[10.705181] (robot_communication) StdoutLine: {'line': b'-- Installing: /home/zheng/carerobot_slam_ros2/install/robot_communication/share/robot_communication/environment/pythonpath.sh\n'}
[10.705358] (robot_communication) StdoutLine: {'line': b'-- Installing: /home/zheng/carerobot_slam_ros2/install/robot_communication/share/robot_communication/environment/pythonpath.dsv\n'}
[10.705463] (robot_communication) StdoutLine: {'line': b'-- Installing: /home/zheng/carerobot_slam_ros2/install/robot_communication/local/lib/python3.10/dist-packages/robot_communication-0.0.0-py3.10.egg-info\n'}
[10.705614] (robot_communication) StdoutLine: {'line': b'-- Installing: /home/zheng/carerobot_slam_ros2/install/robot_communication/local/lib/python3.10/dist-packages/robot_communication-0.0.0-py3.10.egg-info/dependency_links.txt\n'}
[10.705718] (robot_communication) StdoutLine: {'line': b'-- Installing: /home/zheng/carerobot_slam_ros2/install/robot_communication/local/lib/python3.10/dist-packages/robot_communication-0.0.0-py3.10.egg-info/PKG-INFO\n'}
[10.705800] (robot_communication) StdoutLine: {'line': b'-- Installing: /home/zheng/carerobot_slam_ros2/install/robot_communication/local/lib/python3.10/dist-packages/robot_communication-0.0.0-py3.10.egg-info/top_level.txt\n'}
[10.705867] (robot_communication) StdoutLine: {'line': b'-- Installing: /home/zheng/carerobot_slam_ros2/install/robot_communication/local/lib/python3.10/dist-packages/robot_communication-0.0.0-py3.10.egg-info/SOURCES.txt\n'}
[10.705949] (robot_communication) StdoutLine: {'line': b'-- Installing: /home/zheng/carerobot_slam_ros2/install/robot_communication/local/lib/python3.10/dist-packages/robot_communication\n'}
[10.706015] (robot_communication) StdoutLine: {'line': b'-- Installing: /home/zheng/carerobot_slam_ros2/install/robot_communication/local/lib/python3.10/dist-packages/robot_communication/action\n'}
[10.706077] (robot_communication) StdoutLine: {'line': b'-- Installing: /home/zheng/carerobot_slam_ros2/install/robot_communication/local/lib/python3.10/dist-packages/robot_communication/action/__init__.py\n'}
[10.706172] (robot_communication) StdoutLine: {'line': b'-- Installing: /home/zheng/carerobot_slam_ros2/install/robot_communication/local/lib/python3.10/dist-packages/robot_communication/action/_do_dishes_s.c\n'}
[10.706324] (robot_communication) StdoutLine: {'line': b'-- Installing: /home/zheng/carerobot_slam_ros2/install/robot_communication/local/lib/python3.10/dist-packages/robot_communication/action/_do_dishes.py\n'}
[10.706446] (robot_communication) StdoutLine: {'line': b'-- Installing: /home/zheng/carerobot_slam_ros2/install/robot_communication/local/lib/python3.10/dist-packages/robot_communication/_robot_communication_s.ep.rosidl_typesupport_fastrtps_c.c\n'}
[10.706621] (robot_communication) StdoutLine: {'line': b'-- Installing: /home/zheng/carerobot_slam_ros2/install/robot_communication/local/lib/python3.10/dist-packages/robot_communication/robot_communication_s__rosidl_typesupport_c.cpython-310-x86_64-linux-gnu.so\n'}
[10.706723] (robot_communication) StdoutLine: {'line': b'-- Installing: /home/zheng/carerobot_slam_ros2/install/robot_communication/local/lib/python3.10/dist-packages/robot_communication/__init__.py\n'}
[10.706805] (robot_communication) StdoutLine: {'line': b'-- Installing: /home/zheng/carerobot_slam_ros2/install/robot_communication/local/lib/python3.10/dist-packages/robot_communication/_robot_communication_s.ep.rosidl_typesupport_introspection_c.c\n'}
[10.706950] (robot_communication) StdoutLine: {'line': b'-- Installing: /home/zheng/carerobot_slam_ros2/install/robot_communication/local/lib/python3.10/dist-packages/robot_communication/robot_communication_s__rosidl_typesupport_fastrtps_c.cpython-310-x86_64-linux-gnu.so\n'}
[10.707116] (robot_communication) StdoutLine: {'line': b'-- Installing: /home/zheng/carerobot_slam_ros2/install/robot_communication/local/lib/python3.10/dist-packages/robot_communication/robot_communication_s__rosidl_typesupport_introspection_c.cpython-310-x86_64-linux-gnu.so\n'}
[10.707235] (robot_communication) StdoutLine: {'line': b'-- Installing: /home/zheng/carerobot_slam_ros2/install/robot_communication/local/lib/python3.10/dist-packages/robot_communication/librobot_communication__rosidl_generator_py.so\n'}
[10.707435] (robot_communication) StdoutLine: {'line': b'-- Installing: /home/zheng/carerobot_slam_ros2/install/robot_communication/local/lib/python3.10/dist-packages/robot_communication/_robot_communication_s.ep.rosidl_typesupport_c.c\n'}
[10.707606] (robot_communication) StdoutLine: {'line': b'-- Installing: /home/zheng/carerobot_slam_ros2/install/robot_communication/local/lib/python3.10/dist-packages/robot_communication/msg\n'}
[10.707695] (robot_communication) StdoutLine: {'line': b'-- Installing: /home/zheng/carerobot_slam_ros2/install/robot_communication/local/lib/python3.10/dist-packages/robot_communication/msg/_goal_s.c\n'}
[10.707817] (robot_communication) StdoutLine: {'line': b'-- Installing: /home/zheng/carerobot_slam_ros2/install/robot_communication/local/lib/python3.10/dist-packages/robot_communication/msg/_bspline.py\n'}
[10.707891] (robot_communication) StdoutLine: {'line': b'-- Installing: /home/zheng/carerobot_slam_ros2/install/robot_communication/local/lib/python3.10/dist-packages/robot_communication/msg/_localization_info_broadcast.py\n'}
[10.707969] (robot_communication) StdoutLine: {'line': b'-- Installing: /home/zheng/carerobot_slam_ros2/install/robot_communication/local/lib/python3.10/dist-packages/robot_communication/msg/_chassis_control.py\n'}
[10.708040] (robot_communication) StdoutLine: {'line': b'-- Installing: /home/zheng/carerobot_slam_ros2/install/robot_communication/local/lib/python3.10/dist-packages/robot_communication/msg/__init__.py\n'}
[10.708109] (robot_communication) StdoutLine: {'line': b'-- Installing: /home/zheng/carerobot_slam_ros2/install/robot_communication/local/lib/python3.10/dist-packages/robot_communication/msg/_localization_info_broadcast_s.c\n'}
[10.708189] (robot_communication) StdoutLine: {'line': b'-- Installing: /home/zheng/carerobot_slam_ros2/install/robot_communication/local/lib/python3.10/dist-packages/robot_communication/msg/_chassis_control_s.c\n'}
[10.708332] (robot_communication) StdoutLine: {'line': b'-- Installing: /home/zheng/carerobot_slam_ros2/install/robot_communication/local/lib/python3.10/dist-packages/robot_communication/msg/_sensor_data_s.c\n'}
[10.708428] (robot_communication) StdoutLine: {'line': b'-- Installing: /home/zheng/carerobot_slam_ros2/install/robot_communication/local/lib/python3.10/dist-packages/robot_communication/msg/_esdf_map_s.c\n'}
[10.708526] (robot_communication) StdoutLine: {'line': b'-- Installing: /home/zheng/carerobot_slam_ros2/install/robot_communication/local/lib/python3.10/dist-packages/robot_communication/msg/_sensor_data.py\n'}
[10.708622] (robot_communication) StdoutLine: {'line': b'-- Installing: /home/zheng/carerobot_slam_ros2/install/robot_communication/local/lib/python3.10/dist-packages/robot_communication/msg/_goal.py\n'}
[10.708719] (robot_communication) StdoutLine: {'line': b'-- Installing: /home/zheng/carerobot_slam_ros2/install/robot_communication/local/lib/python3.10/dist-packages/robot_communication/msg/_bspline_s.c\n'}
[10.708817] (robot_communication) StdoutLine: {'line': b'-- Installing: /home/zheng/carerobot_slam_ros2/install/robot_communication/local/lib/python3.10/dist-packages/robot_communication/msg/_esdf_map.py\n'}
[10.739006] (-) TimerEvent: {}
[10.751077] (robot_communication) StdoutLine: {'line': b"Listing '/home/zheng/carerobot_slam_ros2/install/robot_communication/local/lib/python3.10/dist-packages/robot_communication'...\n"}
[10.751346] (robot_communication) StdoutLine: {'line': b"Compiling '/home/zheng/carerobot_slam_ros2/install/robot_communication/local/lib/python3.10/dist-packages/robot_communication/__init__.py'...\n"}
[10.751408] (robot_communication) StdoutLine: {'line': b"Listing '/home/zheng/carerobot_slam_ros2/install/robot_communication/local/lib/python3.10/dist-packages/robot_communication/action'...\n"}
[10.751466] (robot_communication) StdoutLine: {'line': b"Compiling '/home/zheng/carerobot_slam_ros2/install/robot_communication/local/lib/python3.10/dist-packages/robot_communication/action/__init__.py'...\n"}
[10.751520] (robot_communication) StdoutLine: {'line': b"Compiling '/home/zheng/carerobot_slam_ros2/install/robot_communication/local/lib/python3.10/dist-packages/robot_communication/action/_do_dishes.py'...\n"}
[10.751566] (robot_communication) StdoutLine: {'line': b"Listing '/home/zheng/carerobot_slam_ros2/install/robot_communication/local/lib/python3.10/dist-packages/robot_communication/msg'...\n"}
[10.751612] (robot_communication) StdoutLine: {'line': b"Compiling '/home/zheng/carerobot_slam_ros2/install/robot_communication/local/lib/python3.10/dist-packages/robot_communication/msg/__init__.py'...\n"}
[10.751664] (robot_communication) StdoutLine: {'line': b"Compiling '/home/zheng/carerobot_slam_ros2/install/robot_communication/local/lib/python3.10/dist-packages/robot_communication/msg/_bspline.py'...\n"}
[10.751710] (robot_communication) StdoutLine: {'line': b"Compiling '/home/zheng/carerobot_slam_ros2/install/robot_communication/local/lib/python3.10/dist-packages/robot_communication/msg/_chassis_control.py'...\n"}
[10.751755] (robot_communication) StdoutLine: {'line': b"Compiling '/home/zheng/carerobot_slam_ros2/install/robot_communication/local/lib/python3.10/dist-packages/robot_communication/msg/_esdf_map.py'...\n"}
[10.751800] (robot_communication) StdoutLine: {'line': b"Compiling '/home/zheng/carerobot_slam_ros2/install/robot_communication/local/lib/python3.10/dist-packages/robot_communication/msg/_goal.py'...\n"}
[10.751845] (robot_communication) StdoutLine: {'line': b"Compiling '/home/zheng/carerobot_slam_ros2/install/robot_communication/local/lib/python3.10/dist-packages/robot_communication/msg/_localization_info_broadcast.py'...\n"}
[10.751891] (robot_communication) StdoutLine: {'line': b"Compiling '/home/zheng/carerobot_slam_ros2/install/robot_communication/local/lib/python3.10/dist-packages/robot_communication/msg/_sensor_data.py'...\n"}
[10.757145] (robot_communication) StdoutLine: {'line': b'-- Installing: /home/zheng/carerobot_slam_ros2/install/robot_communication/local/lib/python3.10/dist-packages/robot_communication/robot_communication_s__rosidl_typesupport_fastrtps_c.cpython-310-x86_64-linux-gnu.so\n'}
[10.757805] (robot_communication) StdoutLine: {'line': b'-- Set runtime path of "/home/zheng/carerobot_slam_ros2/install/robot_communication/local/lib/python3.10/dist-packages/robot_communication/robot_communication_s__rosidl_typesupport_fastrtps_c.cpython-310-x86_64-linux-gnu.so" to ""\n'}
[10.758351] (robot_communication) StdoutLine: {'line': b'-- Installing: /home/zheng/carerobot_slam_ros2/install/robot_communication/local/lib/python3.10/dist-packages/robot_communication/robot_communication_s__rosidl_typesupport_introspection_c.cpython-310-x86_64-linux-gnu.so\n'}
[10.758966] (robot_communication) StdoutLine: {'line': b'-- Set runtime path of "/home/zheng/carerobot_slam_ros2/install/robot_communication/local/lib/python3.10/dist-packages/robot_communication/robot_communication_s__rosidl_typesupport_introspection_c.cpython-310-x86_64-linux-gnu.so" to ""\n'}
[10.759516] (robot_communication) StdoutLine: {'line': b'-- Installing: /home/zheng/carerobot_slam_ros2/install/robot_communication/local/lib/python3.10/dist-packages/robot_communication/robot_communication_s__rosidl_typesupport_c.cpython-310-x86_64-linux-gnu.so\n'}
[10.759883] (robot_communication) StdoutLine: {'line': b'-- Set runtime path of "/home/zheng/carerobot_slam_ros2/install/robot_communication/local/lib/python3.10/dist-packages/robot_communication/robot_communication_s__rosidl_typesupport_c.cpython-310-x86_64-linux-gnu.so" to ""\n'}
[10.760088] (robot_communication) StdoutLine: {'line': b'-- Installing: /home/zheng/carerobot_slam_ros2/install/robot_communication/lib/librobot_communication__rosidl_generator_py.so\n'}
[10.760541] (robot_communication) StdoutLine: {'line': b'-- Set runtime path of "/home/zheng/carerobot_slam_ros2/install/robot_communication/lib/librobot_communication__rosidl_generator_py.so" to ""\n'}
[10.760752] (robot_communication) StdoutLine: {'line': b'-- Installing: /home/zheng/carerobot_slam_ros2/install/robot_communication/share/ament_index/resource_index/rust_packages/robot_communication\n'}
[10.760924] (robot_communication) StdoutLine: {'line': b'-- Installing: /home/zheng/carerobot_slam_ros2/install/robot_communication/share/robot_communication/rust\n'}
[10.761115] (robot_communication) StdoutLine: {'line': b'-- Installing: /home/zheng/carerobot_slam_ros2/install/robot_communication/share/robot_communication/rust/src\n'}
[10.761294] (robot_communication) StdoutLine: {'line': b'-- Installing: /home/zheng/carerobot_slam_ros2/install/robot_communication/share/robot_communication/rust/src/action\n'}
[10.761459] (robot_communication) StdoutLine: {'line': b'-- Installing: /home/zheng/carerobot_slam_ros2/install/robot_communication/share/robot_communication/rust/src/action/rmw.rs\n'}
[10.761593] (robot_communication) StdoutLine: {'line': b'-- Installing: /home/zheng/carerobot_slam_ros2/install/robot_communication/share/robot_communication/rust/src/action.rs\n'}
[10.761763] (robot_communication) StdoutLine: {'line': b'-- Installing: /home/zheng/carerobot_slam_ros2/install/robot_communication/share/robot_communication/rust/src/msg.rs\n'}
[10.761949] (robot_communication) StdoutLine: {'line': b'-- Installing: /home/zheng/carerobot_slam_ros2/install/robot_communication/share/robot_communication/rust/src/lib.rs\n'}
[10.762111] (robot_communication) StdoutLine: {'line': b'-- Installing: /home/zheng/carerobot_slam_ros2/install/robot_communication/share/robot_communication/rust/src/msg\n'}
[10.762254] (robot_communication) StdoutLine: {'line': b'-- Installing: /home/zheng/carerobot_slam_ros2/install/robot_communication/share/robot_communication/rust/src/msg/rmw.rs\n'}
[10.762453] (robot_communication) StdoutLine: {'line': b'-- Installing: /home/zheng/carerobot_slam_ros2/install/robot_communication/share/robot_communication/rust/build.rs\n'}
[10.762557] (robot_communication) StdoutLine: {'line': b'-- Installing: /home/zheng/carerobot_slam_ros2/install/robot_communication/share/robot_communication/rust/Cargo.toml\n'}
[10.762727] (robot_communication) StdoutLine: {'line': b'-- Installing: /home/zheng/carerobot_slam_ros2/install/robot_communication/share/robot_communication/msg/LocalizationInfoBroadcast.idl\n'}
[10.762892] (robot_communication) StdoutLine: {'line': b'-- Installing: /home/zheng/carerobot_slam_ros2/install/robot_communication/share/robot_communication/msg/ChassisControl.idl\n'}
[10.763057] (robot_communication) StdoutLine: {'line': b'-- Installing: /home/zheng/carerobot_slam_ros2/install/robot_communication/share/robot_communication/msg/SensorData.idl\n'}
[10.763360] (robot_communication) StdoutLine: {'line': b'-- Installing: /home/zheng/carerobot_slam_ros2/install/robot_communication/share/robot_communication/msg/Bspline.idl\n'}
[10.763576] (robot_communication) StdoutLine: {'line': b'-- Installing: /home/zheng/carerobot_slam_ros2/install/robot_communication/share/robot_communication/msg/EsdfMap.idl\n'}
[10.763759] (robot_communication) StdoutLine: {'line': b'-- Installing: /home/zheng/carerobot_slam_ros2/install/robot_communication/share/robot_communication/msg/Goal.idl\n'}
[10.763938] (robot_communication) StdoutLine: {'line': b'-- Installing: /home/zheng/carerobot_slam_ros2/install/robot_communication/share/robot_communication/action/DoDishes.idl\n'}
[10.764128] (robot_communication) StdoutLine: {'line': b'-- Installing: /home/zheng/carerobot_slam_ros2/install/robot_communication/share/robot_communication/msg/LocalizationInfoBroadcast.msg\n'}
[10.764388] (robot_communication) StdoutLine: {'line': b'-- Installing: /home/zheng/carerobot_slam_ros2/install/robot_communication/share/robot_communication/msg/ChassisControl.msg\n'}
[10.764572] (robot_communication) StdoutLine: {'line': b'-- Installing: /home/zheng/carerobot_slam_ros2/install/robot_communication/share/robot_communication/msg/SensorData.msg\n'}
[10.764742] (robot_communication) StdoutLine: {'line': b'-- Installing: /home/zheng/carerobot_slam_ros2/install/robot_communication/share/robot_communication/msg/Bspline.msg\n'}
[10.764897] (robot_communication) StdoutLine: {'line': b'-- Installing: /home/zheng/carerobot_slam_ros2/install/robot_communication/share/robot_communication/msg/EsdfMap.msg\n'}
[10.765092] (robot_communication) StdoutLine: {'line': b'-- Installing: /home/zheng/carerobot_slam_ros2/install/robot_communication/share/robot_communication/msg/Goal.msg\n'}
[10.765372] (robot_communication) StdoutLine: {'line': b'-- Installing: /home/zheng/carerobot_slam_ros2/install/robot_communication/share/robot_communication/action/DoDishes.action\n'}
[10.765594] (robot_communication) StdoutLine: {'line': b'-- Installing: /home/zheng/carerobot_slam_ros2/install/robot_communication/share/ament_index/resource_index/package_run_dependencies/robot_communication\n'}
[10.765820] (robot_communication) StdoutLine: {'line': b'-- Installing: /home/zheng/carerobot_slam_ros2/install/robot_communication/share/ament_index/resource_index/parent_prefix_path/robot_communication\n'}
[10.766013] (robot_communication) StdoutLine: {'line': b'-- Installing: /home/zheng/carerobot_slam_ros2/install/robot_communication/share/robot_communication/environment/ament_prefix_path.sh\n'}
[10.766181] (robot_communication) StdoutLine: {'line': b'-- Installing: /home/zheng/carerobot_slam_ros2/install/robot_communication/share/robot_communication/environment/ament_prefix_path.dsv\n'}
[10.766421] (robot_communication) StdoutLine: {'line': b'-- Installing: /home/zheng/carerobot_slam_ros2/install/robot_communication/share/robot_communication/environment/path.sh\n'}
[10.766585] (robot_communication) StdoutLine: {'line': b'-- Installing: /home/zheng/carerobot_slam_ros2/install/robot_communication/share/robot_communication/environment/path.dsv\n'}
[10.766800] (robot_communication) StdoutLine: {'line': b'-- Installing: /home/zheng/carerobot_slam_ros2/install/robot_communication/share/robot_communication/local_setup.bash\n'}
[10.766963] (robot_communication) StdoutLine: {'line': b'-- Installing: /home/zheng/carerobot_slam_ros2/install/robot_communication/share/robot_communication/local_setup.sh\n'}
[10.767160] (robot_communication) StdoutLine: {'line': b'-- Installing: /home/zheng/carerobot_slam_ros2/install/robot_communication/share/robot_communication/local_setup.zsh\n'}
[10.767365] (robot_communication) StdoutLine: {'line': b'-- Installing: /home/zheng/carerobot_slam_ros2/install/robot_communication/share/robot_communication/local_setup.dsv\n'}
[10.767553] (robot_communication) StdoutLine: {'line': b'-- Installing: /home/zheng/carerobot_slam_ros2/install/robot_communication/share/robot_communication/package.dsv\n'}
[10.767776] (robot_communication) StdoutLine: {'line': b'-- Installing: /home/zheng/carerobot_slam_ros2/install/robot_communication/share/ament_index/resource_index/packages/robot_communication\n'}
[10.768024] (robot_communication) StdoutLine: {'line': b'-- Installing: /home/zheng/carerobot_slam_ros2/install/robot_communication/share/robot_communication/cmake/export_robot_communication__rosidl_generator_cExport.cmake\n'}
[10.768202] (robot_communication) StdoutLine: {'line': b'-- Installing: /home/zheng/carerobot_slam_ros2/install/robot_communication/share/robot_communication/cmake/export_robot_communication__rosidl_generator_cExport-noconfig.cmake\n'}
[10.768425] (robot_communication) StdoutLine: {'line': b'-- Installing: /home/zheng/carerobot_slam_ros2/install/robot_communication/share/robot_communication/cmake/export_robot_communication__rosidl_typesupport_fastrtps_cExport.cmake\n'}
[10.768626] (robot_communication) StdoutLine: {'line': b'-- Installing: /home/zheng/carerobot_slam_ros2/install/robot_communication/share/robot_communication/cmake/export_robot_communication__rosidl_typesupport_fastrtps_cExport-noconfig.cmake\n'}
[10.768845] (robot_communication) StdoutLine: {'line': b'-- Installing: /home/zheng/carerobot_slam_ros2/install/robot_communication/share/robot_communication/cmake/robot_communication__rosidl_typesupport_introspection_cExport.cmake\n'}
[10.769068] (robot_communication) StdoutLine: {'line': b'-- Installing: /home/zheng/carerobot_slam_ros2/install/robot_communication/share/robot_communication/cmake/robot_communication__rosidl_typesupport_introspection_cExport-noconfig.cmake\n'}
[10.769292] (robot_communication) StdoutLine: {'line': b'-- Installing: /home/zheng/carerobot_slam_ros2/install/robot_communication/share/robot_communication/cmake/robot_communication__rosidl_typesupport_cExport.cmake\n'}
[10.769510] (robot_communication) StdoutLine: {'line': b'-- Installing: /home/zheng/carerobot_slam_ros2/install/robot_communication/share/robot_communication/cmake/robot_communication__rosidl_typesupport_cExport-noconfig.cmake\n'}
[10.769728] (robot_communication) StdoutLine: {'line': b'-- Installing: /home/zheng/carerobot_slam_ros2/install/robot_communication/share/robot_communication/cmake/export_robot_communication__rosidl_generator_cppExport.cmake\n'}
[10.769956] (robot_communication) StdoutLine: {'line': b'-- Installing: /home/zheng/carerobot_slam_ros2/install/robot_communication/share/robot_communication/cmake/export_robot_communication__rosidl_typesupport_fastrtps_cppExport.cmake\n'}
[10.770144] (robot_communication) StdoutLine: {'line': b'-- Installing: /home/zheng/carerobot_slam_ros2/install/robot_communication/share/robot_communication/cmake/export_robot_communication__rosidl_typesupport_fastrtps_cppExport-noconfig.cmake\n'}
[10.770397] (robot_communication) StdoutLine: {'line': b'-- Installing: /home/zheng/carerobot_slam_ros2/install/robot_communication/share/robot_communication/cmake/robot_communication__rosidl_typesupport_introspection_cppExport.cmake\n'}
[10.770597] (robot_communication) StdoutLine: {'line': b'-- Installing: /home/zheng/carerobot_slam_ros2/install/robot_communication/share/robot_communication/cmake/robot_communication__rosidl_typesupport_introspection_cppExport-noconfig.cmake\n'}
[10.770860] (robot_communication) StdoutLine: {'line': b'-- Installing: /home/zheng/carerobot_slam_ros2/install/robot_communication/share/robot_communication/cmake/robot_communication__rosidl_typesupport_cppExport.cmake\n'}
[10.771224] (robot_communication) StdoutLine: {'line': b'-- Installing: /home/zheng/carerobot_slam_ros2/install/robot_communication/share/robot_communication/cmake/robot_communication__rosidl_typesupport_cppExport-noconfig.cmake\n'}
[10.771743] (robot_communication) StdoutLine: {'line': b'-- Installing: /home/zheng/carerobot_slam_ros2/install/robot_communication/share/robot_communication/cmake/export_robot_communication__rosidl_generator_pyExport.cmake\n'}
[10.771965] (robot_communication) StdoutLine: {'line': b'-- Installing: /home/zheng/carerobot_slam_ros2/install/robot_communication/share/robot_communication/cmake/export_robot_communication__rosidl_generator_pyExport-noconfig.cmake\n'}
[10.772139] (robot_communication) StdoutLine: {'line': b'-- Installing: /home/zheng/carerobot_slam_ros2/install/robot_communication/share/robot_communication/cmake/rosidl_cmake-extras.cmake\n'}
[10.772358] (robot_communication) StdoutLine: {'line': b'-- Installing: /home/zheng/carerobot_slam_ros2/install/robot_communication/share/robot_communication/cmake/ament_cmake_export_dependencies-extras.cmake\n'}
[10.772554] (robot_communication) StdoutLine: {'line': b'-- Installing: /home/zheng/carerobot_slam_ros2/install/robot_communication/share/robot_communication/cmake/ament_cmake_export_include_directories-extras.cmake\n'}
[10.772784] (robot_communication) StdoutLine: {'line': b'-- Installing: /home/zheng/carerobot_slam_ros2/install/robot_communication/share/robot_communication/cmake/ament_cmake_export_libraries-extras.cmake\n'}
[10.773001] (robot_communication) StdoutLine: {'line': b'-- Installing: /home/zheng/carerobot_slam_ros2/install/robot_communication/share/robot_communication/cmake/ament_cmake_export_targets-extras.cmake\n'}
[10.773162] (robot_communication) StdoutLine: {'line': b'-- Installing: /home/zheng/carerobot_slam_ros2/install/robot_communication/share/robot_communication/cmake/rosidl_cmake_export_typesupport_targets-extras.cmake\n'}
[10.773400] (robot_communication) StdoutLine: {'line': b'-- Installing: /home/zheng/carerobot_slam_ros2/install/robot_communication/share/robot_communication/cmake/rosidl_cmake_export_typesupport_libraries-extras.cmake\n'}
[10.773600] (robot_communication) StdoutLine: {'line': b'-- Installing: /home/zheng/carerobot_slam_ros2/install/robot_communication/share/robot_communication/cmake/rosidl_cmake_aggregate_target-extras.cmake\n'}
[10.773824] (robot_communication) StdoutLine: {'line': b'-- Installing: /home/zheng/carerobot_slam_ros2/install/robot_communication/share/robot_communication/cmake/robot_communicationConfig.cmake\n'}
[10.774024] (robot_communication) StdoutLine: {'line': b'-- Installing: /home/zheng/carerobot_slam_ros2/install/robot_communication/share/robot_communication/cmake/robot_communicationConfig-version.cmake\n'}
[10.774176] (robot_communication) StdoutLine: {'line': b'-- Installing: /home/zheng/carerobot_slam_ros2/install/robot_communication/share/robot_communication/package.xml\n'}
[10.776969] (robot_communication) CommandEnded: {'returncode': 0}
[10.803817] (robot_communication) JobEnded: {'identifier': 'robot_communication', 'rc': 0}
[10.804413] (-) EventReactorShutdown: {}
