[0.156s] DEBUG:colcon:Command line arguments: ['/usr/bin/colcon', 'build']
[0.156s] DEBUG:colcon:Parsed command line arguments: Namespace(log_base=None, log_level=None, verb_name='build', build_base='build', install_base='install', merge_install=False, symlink_install=False, test_result_base=None, continue_on_error=False, executor='parallel', parallel_workers=8, event_handlers=None, ignore_user_meta=False, metas=['./colcon.meta'], base_paths=['.'], packages_ignore=None, packages_ignore_regex=None, paths=None, packages_up_to=None, packages_up_to_regex=None, packages_above=None, packages_above_and_dependencies=None, packages_above_depth=None, packages_select_by_dep=None, packages_skip_by_dep=None, packages_skip_up_to=None, packages_select_build_failed=False, packages_skip_build_finished=False, packages_select_test_failures=False, packages_skip_test_passed=False, packages_select=None, packages_skip=None, packages_select_regex=None, packages_skip_regex=None, packages_start=None, packages_end=None, allow_overriding=[], cmake_args=None, cmake_target=None, cmake_target_skip_unavailable=False, cmake_clean_cache=False, cmake_clean_first=False, cmake_force_configure=False, ament_cmake_args=None, catkin_cmake_args=None, catkin_skip_building_tests=False, verb_parser=<colcon_defaults.argument_parser.defaults.DefaultArgumentsDecorator object at 0x7ef1455cbbb0>, verb_extension=<colcon_core.verb.build.BuildVerb object at 0x7ef145755240>, main=<bound method BuildVerb.main of <colcon_core.verb.build.BuildVerb object at 0x7ef145755240>>)
[0.341s] Level 1:colcon.colcon_core.package_discovery:discover_packages(colcon_meta) check parameters
[0.341s] Level 1:colcon.colcon_core.package_discovery:discover_packages(recursive) check parameters
[0.341s] Level 1:colcon.colcon_core.package_discovery:discover_packages(ignore) check parameters
[0.341s] Level 1:colcon.colcon_core.package_discovery:discover_packages(path) check parameters
[0.341s] Level 1:colcon.colcon_core.package_discovery:discover_packages(colcon_meta) discover
[0.341s] Level 1:colcon.colcon_core.package_discovery:discover_packages(recursive) discover
[0.341s] INFO:colcon.colcon_core.package_discovery:Crawling recursively for packages in '/home/zheng/carerobot_slam_ros2'
[0.341s] Level 1:colcon.colcon_core.package_identification:_identify(.) by extensions ['ignore', 'ignore_ament_install']
[0.342s] Level 1:colcon.colcon_core.package_identification:_identify(.) by extension 'ignore'
[0.342s] Level 1:colcon.colcon_core.package_identification:_identify(.) by extension 'ignore_ament_install'
[0.342s] Level 1:colcon.colcon_core.package_identification:_identify(.) by extensions ['colcon_pkg']
[0.342s] Level 1:colcon.colcon_core.package_identification:_identify(.) by extension 'colcon_pkg'
[0.342s] Level 1:colcon.colcon_core.package_identification:_identify(.) by extensions ['colcon_meta']
[0.342s] Level 1:colcon.colcon_core.package_identification:_identify(.) by extension 'colcon_meta'
[0.342s] Level 1:colcon.colcon_core.package_identification:_identify(.) by extensions ['ros']
[0.342s] Level 1:colcon.colcon_core.package_identification:_identify(.) by extension 'ros'
[0.353s] Level 1:colcon.colcon_core.package_identification:_identify(.) by extensions ['cmake', 'python']
[0.353s] Level 1:colcon.colcon_core.package_identification:_identify(.) by extension 'cmake'
[0.353s] Level 1:colcon.colcon_core.package_identification:_identify(.) by extension 'python'
[0.353s] Level 1:colcon.colcon_core.package_identification:_identify(.) by extensions ['python_setup_py']
[0.353s] Level 1:colcon.colcon_core.package_identification:_identify(.) by extension 'python_setup_py'
[0.353s] Level 1:colcon.colcon_core.package_identification:_identify(__pycache__) by extensions ['ignore', 'ignore_ament_install']
[0.353s] Level 1:colcon.colcon_core.package_identification:_identify(__pycache__) by extension 'ignore'
[0.353s] Level 1:colcon.colcon_core.package_identification:_identify(__pycache__) by extension 'ignore_ament_install'
[0.354s] Level 1:colcon.colcon_core.package_identification:_identify(__pycache__) by extensions ['colcon_pkg']
[0.354s] Level 1:colcon.colcon_core.package_identification:_identify(__pycache__) by extension 'colcon_pkg'
[0.354s] Level 1:colcon.colcon_core.package_identification:_identify(__pycache__) by extensions ['colcon_meta']
[0.354s] Level 1:colcon.colcon_core.package_identification:_identify(__pycache__) by extension 'colcon_meta'
[0.354s] Level 1:colcon.colcon_core.package_identification:_identify(__pycache__) by extensions ['ros']
[0.354s] Level 1:colcon.colcon_core.package_identification:_identify(__pycache__) by extension 'ros'
[0.354s] Level 1:colcon.colcon_core.package_identification:_identify(__pycache__) by extensions ['cmake', 'python']
[0.354s] Level 1:colcon.colcon_core.package_identification:_identify(__pycache__) by extension 'cmake'
[0.354s] Level 1:colcon.colcon_core.package_identification:_identify(__pycache__) by extension 'python'
[0.354s] Level 1:colcon.colcon_core.package_identification:_identify(__pycache__) by extensions ['python_setup_py']
[0.354s] Level 1:colcon.colcon_core.package_identification:_identify(__pycache__) by extension 'python_setup_py'
[0.354s] Level 1:colcon.colcon_core.package_identification:_identify(build) by extensions ['ignore', 'ignore_ament_install']
[0.354s] Level 1:colcon.colcon_core.package_identification:_identify(build) by extension 'ignore'
[0.354s] Level 1:colcon.colcon_core.package_identification:_identify(build) ignored
[0.355s] Level 1:colcon.colcon_core.package_identification:_identify(install) by extensions ['ignore', 'ignore_ament_install']
[0.355s] Level 1:colcon.colcon_core.package_identification:_identify(install) by extension 'ignore'
[0.355s] Level 1:colcon.colcon_core.package_identification:_identify(install) ignored
[0.355s] Level 1:colcon.colcon_core.package_identification:_identify(log) by extensions ['ignore', 'ignore_ament_install']
[0.355s] Level 1:colcon.colcon_core.package_identification:_identify(log) by extension 'ignore'
[0.355s] Level 1:colcon.colcon_core.package_identification:_identify(log) ignored
[0.355s] Level 1:colcon.colcon_core.package_identification:_identify(src) by extensions ['ignore', 'ignore_ament_install']
[0.355s] Level 1:colcon.colcon_core.package_identification:_identify(src) by extension 'ignore'
[0.355s] Level 1:colcon.colcon_core.package_identification:_identify(src) by extension 'ignore_ament_install'
[0.356s] Level 1:colcon.colcon_core.package_identification:_identify(src) by extensions ['colcon_pkg']
[0.356s] Level 1:colcon.colcon_core.package_identification:_identify(src) by extension 'colcon_pkg'
[0.356s] Level 1:colcon.colcon_core.package_identification:_identify(src) by extensions ['colcon_meta']
[0.356s] Level 1:colcon.colcon_core.package_identification:_identify(src) by extension 'colcon_meta'
[0.356s] Level 1:colcon.colcon_core.package_identification:_identify(src) by extensions ['ros']
[0.356s] Level 1:colcon.colcon_core.package_identification:_identify(src) by extension 'ros'
[0.356s] Level 1:colcon.colcon_core.package_identification:_identify(src) by extensions ['cmake', 'python']
[0.356s] Level 1:colcon.colcon_core.package_identification:_identify(src) by extension 'cmake'
[0.356s] Level 1:colcon.colcon_core.package_identification:_identify(src) by extension 'python'
[0.356s] Level 1:colcon.colcon_core.package_identification:_identify(src) by extensions ['python_setup_py']
[0.356s] Level 1:colcon.colcon_core.package_identification:_identify(src) by extension 'python_setup_py'
[0.356s] Level 1:colcon.colcon_core.package_identification:_identify(src/diff_drive_gazebo) by extensions ['ignore', 'ignore_ament_install']
[0.356s] Level 1:colcon.colcon_core.package_identification:_identify(src/diff_drive_gazebo) by extension 'ignore'
[0.356s] Level 1:colcon.colcon_core.package_identification:_identify(src/diff_drive_gazebo) by extension 'ignore_ament_install'
[0.357s] Level 1:colcon.colcon_core.package_identification:_identify(src/diff_drive_gazebo) by extensions ['colcon_pkg']
[0.357s] Level 1:colcon.colcon_core.package_identification:_identify(src/diff_drive_gazebo) by extension 'colcon_pkg'
[0.357s] Level 1:colcon.colcon_core.package_identification:_identify(src/diff_drive_gazebo) by extensions ['colcon_meta']
[0.357s] Level 1:colcon.colcon_core.package_identification:_identify(src/diff_drive_gazebo) by extension 'colcon_meta'
[0.357s] Level 1:colcon.colcon_core.package_identification:_identify(src/diff_drive_gazebo) by extensions ['ros']
[0.357s] Level 1:colcon.colcon_core.package_identification:_identify(src/diff_drive_gazebo) by extension 'ros'
[0.362s] DEBUG:colcon.colcon_core.package_identification:Package 'src/diff_drive_gazebo' with type 'ros.ament_cmake' and name 'diff_drive_gazebo'
[0.362s] Level 1:colcon.colcon_core.package_identification:_identify(src/keyboard_control) by extensions ['ignore', 'ignore_ament_install']
[0.362s] Level 1:colcon.colcon_core.package_identification:_identify(src/keyboard_control) by extension 'ignore'
[0.362s] Level 1:colcon.colcon_core.package_identification:_identify(src/keyboard_control) by extension 'ignore_ament_install'
[0.362s] Level 1:colcon.colcon_core.package_identification:_identify(src/keyboard_control) by extensions ['colcon_pkg']
[0.362s] Level 1:colcon.colcon_core.package_identification:_identify(src/keyboard_control) by extension 'colcon_pkg'
[0.362s] Level 1:colcon.colcon_core.package_identification:_identify(src/keyboard_control) by extensions ['colcon_meta']
[0.362s] Level 1:colcon.colcon_core.package_identification:_identify(src/keyboard_control) by extension 'colcon_meta'
[0.362s] Level 1:colcon.colcon_core.package_identification:_identify(src/keyboard_control) by extensions ['ros']
[0.362s] Level 1:colcon.colcon_core.package_identification:_identify(src/keyboard_control) by extension 'ros'
[0.363s] DEBUG:colcon.colcon_core.package_identification:Package 'src/keyboard_control' with type 'ros.ament_cmake' and name 'keyboard_control'
[0.364s] Level 1:colcon.colcon_core.package_identification:_identify(src/openslam_gmapping) by extensions ['ignore', 'ignore_ament_install']
[0.364s] Level 1:colcon.colcon_core.package_identification:_identify(src/openslam_gmapping) by extension 'ignore'
[0.364s] Level 1:colcon.colcon_core.package_identification:_identify(src/openslam_gmapping) by extension 'ignore_ament_install'
[0.364s] Level 1:colcon.colcon_core.package_identification:_identify(src/openslam_gmapping) by extensions ['colcon_pkg']
[0.364s] Level 1:colcon.colcon_core.package_identification:_identify(src/openslam_gmapping) by extension 'colcon_pkg'
[0.364s] Level 1:colcon.colcon_core.package_identification:_identify(src/openslam_gmapping) by extensions ['colcon_meta']
[0.364s] Level 1:colcon.colcon_core.package_identification:_identify(src/openslam_gmapping) by extension 'colcon_meta'
[0.364s] Level 1:colcon.colcon_core.package_identification:_identify(src/openslam_gmapping) by extensions ['ros']
[0.364s] Level 1:colcon.colcon_core.package_identification:_identify(src/openslam_gmapping) by extension 'ros'
[0.365s] DEBUG:colcon.colcon_core.package_identification:Package 'src/openslam_gmapping' with type 'ros.ament_cmake' and name 'openslam_gmapping'
[0.365s] Level 1:colcon.colcon_core.package_identification:_identify(src/robot_communication) by extensions ['ignore', 'ignore_ament_install']
[0.365s] Level 1:colcon.colcon_core.package_identification:_identify(src/robot_communication) by extension 'ignore'
[0.365s] Level 1:colcon.colcon_core.package_identification:_identify(src/robot_communication) by extension 'ignore_ament_install'
[0.366s] Level 1:colcon.colcon_core.package_identification:_identify(src/robot_communication) by extensions ['colcon_pkg']
[0.366s] Level 1:colcon.colcon_core.package_identification:_identify(src/robot_communication) by extension 'colcon_pkg'
[0.366s] Level 1:colcon.colcon_core.package_identification:_identify(src/robot_communication) by extensions ['colcon_meta']
[0.366s] Level 1:colcon.colcon_core.package_identification:_identify(src/robot_communication) by extension 'colcon_meta'
[0.366s] Level 1:colcon.colcon_core.package_identification:_identify(src/robot_communication) by extensions ['ros']
[0.366s] Level 1:colcon.colcon_core.package_identification:_identify(src/robot_communication) by extension 'ros'
[0.368s] DEBUG:colcon.colcon_core.package_identification:Package 'src/robot_communication' with type 'ros.ament_cmake' and name 'robot_communication'
[0.368s] Level 1:colcon.colcon_core.package_identification:_identify(src/robot_costmap) by extensions ['ignore', 'ignore_ament_install']
[0.368s] Level 1:colcon.colcon_core.package_identification:_identify(src/robot_costmap) by extension 'ignore'
[0.368s] Level 1:colcon.colcon_core.package_identification:_identify(src/robot_costmap) by extension 'ignore_ament_install'
[0.368s] Level 1:colcon.colcon_core.package_identification:_identify(src/robot_costmap) by extensions ['colcon_pkg']
[0.368s] Level 1:colcon.colcon_core.package_identification:_identify(src/robot_costmap) by extension 'colcon_pkg'
[0.368s] Level 1:colcon.colcon_core.package_identification:_identify(src/robot_costmap) by extensions ['colcon_meta']
[0.368s] Level 1:colcon.colcon_core.package_identification:_identify(src/robot_costmap) by extension 'colcon_meta'
[0.369s] Level 1:colcon.colcon_core.package_identification:_identify(src/robot_costmap) by extensions ['ros']
[0.369s] Level 1:colcon.colcon_core.package_identification:_identify(src/robot_costmap) by extension 'ros'
[0.370s] DEBUG:colcon.colcon_core.package_identification:Package 'src/robot_costmap' with type 'ros.ament_cmake' and name 'robot_costmap'
[0.370s] Level 1:colcon.colcon_core.package_identification:_identify(src/robot_navigation) by extensions ['ignore', 'ignore_ament_install']
[0.370s] Level 1:colcon.colcon_core.package_identification:_identify(src/robot_navigation) by extension 'ignore'
[0.370s] Level 1:colcon.colcon_core.package_identification:_identify(src/robot_navigation) by extension 'ignore_ament_install'
[0.370s] Level 1:colcon.colcon_core.package_identification:_identify(src/robot_navigation) by extensions ['colcon_pkg']
[0.370s] Level 1:colcon.colcon_core.package_identification:_identify(src/robot_navigation) by extension 'colcon_pkg'
[0.370s] Level 1:colcon.colcon_core.package_identification:_identify(src/robot_navigation) by extensions ['colcon_meta']
[0.370s] Level 1:colcon.colcon_core.package_identification:_identify(src/robot_navigation) by extension 'colcon_meta'
[0.370s] Level 1:colcon.colcon_core.package_identification:_identify(src/robot_navigation) by extensions ['ros']
[0.370s] Level 1:colcon.colcon_core.package_identification:_identify(src/robot_navigation) by extension 'ros'
[0.372s] DEBUG:colcon.colcon_core.package_identification:Package 'src/robot_navigation' with type 'ros.ament_cmake' and name 'robot_navigation'
[0.372s] Level 1:colcon.colcon_core.package_identification:_identify(src/robot_pid_local_planner) by extensions ['ignore', 'ignore_ament_install']
[0.372s] Level 1:colcon.colcon_core.package_identification:_identify(src/robot_pid_local_planner) by extension 'ignore'
[0.372s] Level 1:colcon.colcon_core.package_identification:_identify(src/robot_pid_local_planner) by extension 'ignore_ament_install'
[0.372s] Level 1:colcon.colcon_core.package_identification:_identify(src/robot_pid_local_planner) by extensions ['colcon_pkg']
[0.373s] Level 1:colcon.colcon_core.package_identification:_identify(src/robot_pid_local_planner) by extension 'colcon_pkg'
[0.373s] Level 1:colcon.colcon_core.package_identification:_identify(src/robot_pid_local_planner) by extensions ['colcon_meta']
[0.373s] Level 1:colcon.colcon_core.package_identification:_identify(src/robot_pid_local_planner) by extension 'colcon_meta'
[0.373s] Level 1:colcon.colcon_core.package_identification:_identify(src/robot_pid_local_planner) by extensions ['ros']
[0.373s] Level 1:colcon.colcon_core.package_identification:_identify(src/robot_pid_local_planner) by extension 'ros'
[0.375s] DEBUG:colcon.colcon_core.package_identification:Package 'src/robot_pid_local_planner' with type 'ros.ament_cmake' and name 'robot_pid_local_planner'
[0.375s] Level 1:colcon.colcon_core.package_identification:_identify(src/slam_gmapping) by extensions ['ignore', 'ignore_ament_install']
[0.375s] Level 1:colcon.colcon_core.package_identification:_identify(src/slam_gmapping) by extension 'ignore'
[0.375s] Level 1:colcon.colcon_core.package_identification:_identify(src/slam_gmapping) by extension 'ignore_ament_install'
[0.375s] Level 1:colcon.colcon_core.package_identification:_identify(src/slam_gmapping) by extensions ['colcon_pkg']
[0.375s] Level 1:colcon.colcon_core.package_identification:_identify(src/slam_gmapping) by extension 'colcon_pkg'
[0.375s] Level 1:colcon.colcon_core.package_identification:_identify(src/slam_gmapping) by extensions ['colcon_meta']
[0.376s] Level 1:colcon.colcon_core.package_identification:_identify(src/slam_gmapping) by extension 'colcon_meta'
[0.376s] Level 1:colcon.colcon_core.package_identification:_identify(src/slam_gmapping) by extensions ['ros']
[0.376s] Level 1:colcon.colcon_core.package_identification:_identify(src/slam_gmapping) by extension 'ros'
[0.378s] DEBUG:colcon.colcon_core.package_identification:Package 'src/slam_gmapping' with type 'ros.ament_cmake' and name 'slam_gmapping'
[0.378s] Level 1:colcon.colcon_core.package_discovery:discover_packages(recursive) using defaults
[0.378s] Level 1:colcon.colcon_core.package_discovery:discover_packages(ignore) discover
[0.378s] Level 1:colcon.colcon_core.package_discovery:discover_packages(ignore) using defaults
[0.378s] Level 1:colcon.colcon_core.package_discovery:discover_packages(path) discover
[0.379s] Level 1:colcon.colcon_core.package_discovery:discover_packages(path) using defaults
[0.432s] Level 1:colcon.colcon_core.package_discovery:discover_packages(prefix_path) check parameters
[0.432s] Level 1:colcon.colcon_core.package_discovery:discover_packages(prefix_path) discover
[0.435s] DEBUG:colcon.colcon_installed_package_information.package_discovery:Found 8 installed packages in /home/zheng/carerobot_slam_ros2/install
[0.438s] DEBUG:colcon.colcon_installed_package_information.package_discovery:Found 329 installed packages in /opt/ros/humble
[0.441s] Level 1:colcon.colcon_core.package_discovery:discover_packages(prefix_path) using defaults
[0.514s] Level 5:colcon.colcon_core.verb:set package 'diff_drive_gazebo' build argument 'cmake_args' from command line to 'None'
[0.514s] Level 5:colcon.colcon_core.verb:set package 'diff_drive_gazebo' build argument 'cmake_target' from command line to 'None'
[0.514s] Level 5:colcon.colcon_core.verb:set package 'diff_drive_gazebo' build argument 'cmake_target_skip_unavailable' from command line to 'False'
[0.514s] Level 5:colcon.colcon_core.verb:set package 'diff_drive_gazebo' build argument 'cmake_clean_cache' from command line to 'False'
[0.514s] Level 5:colcon.colcon_core.verb:set package 'diff_drive_gazebo' build argument 'cmake_clean_first' from command line to 'False'
[0.514s] Level 5:colcon.colcon_core.verb:set package 'diff_drive_gazebo' build argument 'cmake_force_configure' from command line to 'False'
[0.514s] Level 5:colcon.colcon_core.verb:set package 'diff_drive_gazebo' build argument 'ament_cmake_args' from command line to 'None'
[0.514s] Level 5:colcon.colcon_core.verb:set package 'diff_drive_gazebo' build argument 'catkin_cmake_args' from command line to 'None'
[0.514s] Level 5:colcon.colcon_core.verb:set package 'diff_drive_gazebo' build argument 'catkin_skip_building_tests' from command line to 'False'
[0.514s] DEBUG:colcon.colcon_core.verb:Building package 'diff_drive_gazebo' with the following arguments: {'ament_cmake_args': None, 'build_base': '/home/zheng/carerobot_slam_ros2/build/diff_drive_gazebo', 'catkin_cmake_args': None, 'catkin_skip_building_tests': False, 'cmake_args': None, 'cmake_clean_cache': False, 'cmake_clean_first': False, 'cmake_force_configure': False, 'cmake_target': None, 'cmake_target_skip_unavailable': False, 'install_base': '/home/zheng/carerobot_slam_ros2/install/diff_drive_gazebo', 'merge_install': False, 'path': '/home/zheng/carerobot_slam_ros2/src/diff_drive_gazebo', 'symlink_install': False, 'test_result_base': None}
[0.515s] Level 5:colcon.colcon_core.verb:set package 'keyboard_control' build argument 'cmake_args' from command line to 'None'
[0.515s] Level 5:colcon.colcon_core.verb:set package 'keyboard_control' build argument 'cmake_target' from command line to 'None'
[0.515s] Level 5:colcon.colcon_core.verb:set package 'keyboard_control' build argument 'cmake_target_skip_unavailable' from command line to 'False'
[0.515s] Level 5:colcon.colcon_core.verb:set package 'keyboard_control' build argument 'cmake_clean_cache' from command line to 'False'
[0.515s] Level 5:colcon.colcon_core.verb:set package 'keyboard_control' build argument 'cmake_clean_first' from command line to 'False'
[0.515s] Level 5:colcon.colcon_core.verb:set package 'keyboard_control' build argument 'cmake_force_configure' from command line to 'False'
[0.515s] Level 5:colcon.colcon_core.verb:set package 'keyboard_control' build argument 'ament_cmake_args' from command line to 'None'
[0.515s] Level 5:colcon.colcon_core.verb:set package 'keyboard_control' build argument 'catkin_cmake_args' from command line to 'None'
[0.515s] Level 5:colcon.colcon_core.verb:set package 'keyboard_control' build argument 'catkin_skip_building_tests' from command line to 'False'
[0.515s] DEBUG:colcon.colcon_core.verb:Building package 'keyboard_control' with the following arguments: {'ament_cmake_args': None, 'build_base': '/home/zheng/carerobot_slam_ros2/build/keyboard_control', 'catkin_cmake_args': None, 'catkin_skip_building_tests': False, 'cmake_args': None, 'cmake_clean_cache': False, 'cmake_clean_first': False, 'cmake_force_configure': False, 'cmake_target': None, 'cmake_target_skip_unavailable': False, 'install_base': '/home/zheng/carerobot_slam_ros2/install/keyboard_control', 'merge_install': False, 'path': '/home/zheng/carerobot_slam_ros2/src/keyboard_control', 'symlink_install': False, 'test_result_base': None}
[0.516s] Level 5:colcon.colcon_core.verb:set package 'openslam_gmapping' build argument 'cmake_args' from command line to 'None'
[0.516s] Level 5:colcon.colcon_core.verb:set package 'openslam_gmapping' build argument 'cmake_target' from command line to 'None'
[0.516s] Level 5:colcon.colcon_core.verb:set package 'openslam_gmapping' build argument 'cmake_target_skip_unavailable' from command line to 'False'
[0.516s] Level 5:colcon.colcon_core.verb:set package 'openslam_gmapping' build argument 'cmake_clean_cache' from command line to 'False'
[0.516s] Level 5:colcon.colcon_core.verb:set package 'openslam_gmapping' build argument 'cmake_clean_first' from command line to 'False'
[0.516s] Level 5:colcon.colcon_core.verb:set package 'openslam_gmapping' build argument 'cmake_force_configure' from command line to 'False'
[0.516s] Level 5:colcon.colcon_core.verb:set package 'openslam_gmapping' build argument 'ament_cmake_args' from command line to 'None'
[0.516s] Level 5:colcon.colcon_core.verb:set package 'openslam_gmapping' build argument 'catkin_cmake_args' from command line to 'None'
[0.516s] Level 5:colcon.colcon_core.verb:set package 'openslam_gmapping' build argument 'catkin_skip_building_tests' from command line to 'False'
[0.516s] DEBUG:colcon.colcon_core.verb:Building package 'openslam_gmapping' with the following arguments: {'ament_cmake_args': None, 'build_base': '/home/zheng/carerobot_slam_ros2/build/openslam_gmapping', 'catkin_cmake_args': None, 'catkin_skip_building_tests': False, 'cmake_args': None, 'cmake_clean_cache': False, 'cmake_clean_first': False, 'cmake_force_configure': False, 'cmake_target': None, 'cmake_target_skip_unavailable': False, 'install_base': '/home/zheng/carerobot_slam_ros2/install/openslam_gmapping', 'merge_install': False, 'path': '/home/zheng/carerobot_slam_ros2/src/openslam_gmapping', 'symlink_install': False, 'test_result_base': None}
[0.517s] Level 5:colcon.colcon_core.verb:set package 'robot_communication' build argument 'cmake_args' from command line to 'None'
[0.517s] Level 5:colcon.colcon_core.verb:set package 'robot_communication' build argument 'cmake_target' from command line to 'None'
[0.517s] Level 5:colcon.colcon_core.verb:set package 'robot_communication' build argument 'cmake_target_skip_unavailable' from command line to 'False'
[0.517s] Level 5:colcon.colcon_core.verb:set package 'robot_communication' build argument 'cmake_clean_cache' from command line to 'False'
[0.517s] Level 5:colcon.colcon_core.verb:set package 'robot_communication' build argument 'cmake_clean_first' from command line to 'False'
[0.517s] Level 5:colcon.colcon_core.verb:set package 'robot_communication' build argument 'cmake_force_configure' from command line to 'False'
[0.517s] Level 5:colcon.colcon_core.verb:set package 'robot_communication' build argument 'ament_cmake_args' from command line to 'None'
[0.517s] Level 5:colcon.colcon_core.verb:set package 'robot_communication' build argument 'catkin_cmake_args' from command line to 'None'
[0.517s] Level 5:colcon.colcon_core.verb:set package 'robot_communication' build argument 'catkin_skip_building_tests' from command line to 'False'
[0.517s] DEBUG:colcon.colcon_core.verb:Building package 'robot_communication' with the following arguments: {'ament_cmake_args': None, 'build_base': '/home/zheng/carerobot_slam_ros2/build/robot_communication', 'catkin_cmake_args': None, 'catkin_skip_building_tests': False, 'cmake_args': None, 'cmake_clean_cache': False, 'cmake_clean_first': False, 'cmake_force_configure': False, 'cmake_target': None, 'cmake_target_skip_unavailable': False, 'install_base': '/home/zheng/carerobot_slam_ros2/install/robot_communication', 'merge_install': False, 'path': '/home/zheng/carerobot_slam_ros2/src/robot_communication', 'symlink_install': False, 'test_result_base': None}
[0.518s] Level 5:colcon.colcon_core.verb:set package 'robot_costmap' build argument 'cmake_args' from command line to 'None'
[0.518s] Level 5:colcon.colcon_core.verb:set package 'robot_costmap' build argument 'cmake_target' from command line to 'None'
[0.518s] Level 5:colcon.colcon_core.verb:set package 'robot_costmap' build argument 'cmake_target_skip_unavailable' from command line to 'False'
[0.518s] Level 5:colcon.colcon_core.verb:set package 'robot_costmap' build argument 'cmake_clean_cache' from command line to 'False'
[0.518s] Level 5:colcon.colcon_core.verb:set package 'robot_costmap' build argument 'cmake_clean_first' from command line to 'False'
[0.518s] Level 5:colcon.colcon_core.verb:set package 'robot_costmap' build argument 'cmake_force_configure' from command line to 'False'
[0.518s] Level 5:colcon.colcon_core.verb:set package 'robot_costmap' build argument 'ament_cmake_args' from command line to 'None'
[0.518s] Level 5:colcon.colcon_core.verb:set package 'robot_costmap' build argument 'catkin_cmake_args' from command line to 'None'
[0.518s] Level 5:colcon.colcon_core.verb:set package 'robot_costmap' build argument 'catkin_skip_building_tests' from command line to 'False'
[0.519s] DEBUG:colcon.colcon_core.verb:Building package 'robot_costmap' with the following arguments: {'ament_cmake_args': None, 'build_base': '/home/zheng/carerobot_slam_ros2/build/robot_costmap', 'catkin_cmake_args': None, 'catkin_skip_building_tests': False, 'cmake_args': None, 'cmake_clean_cache': False, 'cmake_clean_first': False, 'cmake_force_configure': False, 'cmake_target': None, 'cmake_target_skip_unavailable': False, 'install_base': '/home/zheng/carerobot_slam_ros2/install/robot_costmap', 'merge_install': False, 'path': '/home/zheng/carerobot_slam_ros2/src/robot_costmap', 'symlink_install': False, 'test_result_base': None}
[0.519s] Level 5:colcon.colcon_core.verb:set package 'robot_pid_local_planner' build argument 'cmake_args' from command line to 'None'
[0.519s] Level 5:colcon.colcon_core.verb:set package 'robot_pid_local_planner' build argument 'cmake_target' from command line to 'None'
[0.519s] Level 5:colcon.colcon_core.verb:set package 'robot_pid_local_planner' build argument 'cmake_target_skip_unavailable' from command line to 'False'
[0.519s] Level 5:colcon.colcon_core.verb:set package 'robot_pid_local_planner' build argument 'cmake_clean_cache' from command line to 'False'
[0.519s] Level 5:colcon.colcon_core.verb:set package 'robot_pid_local_planner' build argument 'cmake_clean_first' from command line to 'False'
[0.519s] Level 5:colcon.colcon_core.verb:set package 'robot_pid_local_planner' build argument 'cmake_force_configure' from command line to 'False'
[0.520s] Level 5:colcon.colcon_core.verb:set package 'robot_pid_local_planner' build argument 'ament_cmake_args' from command line to 'None'
[0.520s] Level 5:colcon.colcon_core.verb:set package 'robot_pid_local_planner' build argument 'catkin_cmake_args' from command line to 'None'
[0.520s] Level 5:colcon.colcon_core.verb:set package 'robot_pid_local_planner' build argument 'catkin_skip_building_tests' from command line to 'False'
[0.520s] DEBUG:colcon.colcon_core.verb:Building package 'robot_pid_local_planner' with the following arguments: {'ament_cmake_args': None, 'build_base': '/home/zheng/carerobot_slam_ros2/build/robot_pid_local_planner', 'catkin_cmake_args': None, 'catkin_skip_building_tests': False, 'cmake_args': None, 'cmake_clean_cache': False, 'cmake_clean_first': False, 'cmake_force_configure': False, 'cmake_target': None, 'cmake_target_skip_unavailable': False, 'install_base': '/home/zheng/carerobot_slam_ros2/install/robot_pid_local_planner', 'merge_install': False, 'path': '/home/zheng/carerobot_slam_ros2/src/robot_pid_local_planner', 'symlink_install': False, 'test_result_base': None}
[0.520s] Level 5:colcon.colcon_core.verb:set package 'slam_gmapping' build argument 'cmake_args' from command line to 'None'
[0.520s] Level 5:colcon.colcon_core.verb:set package 'slam_gmapping' build argument 'cmake_target' from command line to 'None'
[0.520s] Level 5:colcon.colcon_core.verb:set package 'slam_gmapping' build argument 'cmake_target_skip_unavailable' from command line to 'False'
[0.520s] Level 5:colcon.colcon_core.verb:set package 'slam_gmapping' build argument 'cmake_clean_cache' from command line to 'False'
[0.521s] Level 5:colcon.colcon_core.verb:set package 'slam_gmapping' build argument 'cmake_clean_first' from command line to 'False'
[0.521s] Level 5:colcon.colcon_core.verb:set package 'slam_gmapping' build argument 'cmake_force_configure' from command line to 'False'
[0.521s] Level 5:colcon.colcon_core.verb:set package 'slam_gmapping' build argument 'ament_cmake_args' from command line to 'None'
[0.521s] Level 5:colcon.colcon_core.verb:set package 'slam_gmapping' build argument 'catkin_cmake_args' from command line to 'None'
[0.521s] Level 5:colcon.colcon_core.verb:set package 'slam_gmapping' build argument 'catkin_skip_building_tests' from command line to 'False'
[0.521s] DEBUG:colcon.colcon_core.verb:Building package 'slam_gmapping' with the following arguments: {'ament_cmake_args': None, 'build_base': '/home/zheng/carerobot_slam_ros2/build/slam_gmapping', 'catkin_cmake_args': None, 'catkin_skip_building_tests': False, 'cmake_args': None, 'cmake_clean_cache': False, 'cmake_clean_first': False, 'cmake_force_configure': False, 'cmake_target': None, 'cmake_target_skip_unavailable': False, 'install_base': '/home/zheng/carerobot_slam_ros2/install/slam_gmapping', 'merge_install': False, 'path': '/home/zheng/carerobot_slam_ros2/src/slam_gmapping', 'symlink_install': False, 'test_result_base': None}
[0.521s] Level 5:colcon.colcon_core.verb:set package 'robot_navigation' build argument 'cmake_args' from command line to 'None'
[0.521s] Level 5:colcon.colcon_core.verb:set package 'robot_navigation' build argument 'cmake_target' from command line to 'None'
[0.522s] Level 5:colcon.colcon_core.verb:set package 'robot_navigation' build argument 'cmake_target_skip_unavailable' from command line to 'False'
[0.522s] Level 5:colcon.colcon_core.verb:set package 'robot_navigation' build argument 'cmake_clean_cache' from command line to 'False'
[0.522s] Level 5:colcon.colcon_core.verb:set package 'robot_navigation' build argument 'cmake_clean_first' from command line to 'False'
[0.522s] Level 5:colcon.colcon_core.verb:set package 'robot_navigation' build argument 'cmake_force_configure' from command line to 'False'
[0.522s] Level 5:colcon.colcon_core.verb:set package 'robot_navigation' build argument 'ament_cmake_args' from command line to 'None'
[0.522s] Level 5:colcon.colcon_core.verb:set package 'robot_navigation' build argument 'catkin_cmake_args' from command line to 'None'
[0.522s] Level 5:colcon.colcon_core.verb:set package 'robot_navigation' build argument 'catkin_skip_building_tests' from command line to 'False'
[0.522s] DEBUG:colcon.colcon_core.verb:Building package 'robot_navigation' with the following arguments: {'ament_cmake_args': None, 'build_base': '/home/zheng/carerobot_slam_ros2/build/robot_navigation', 'catkin_cmake_args': None, 'catkin_skip_building_tests': False, 'cmake_args': None, 'cmake_clean_cache': False, 'cmake_clean_first': False, 'cmake_force_configure': False, 'cmake_target': None, 'cmake_target_skip_unavailable': False, 'install_base': '/home/zheng/carerobot_slam_ros2/install/robot_navigation', 'merge_install': False, 'path': '/home/zheng/carerobot_slam_ros2/src/robot_navigation', 'symlink_install': False, 'test_result_base': None}
[0.522s] INFO:colcon.colcon_core.executor:Executing jobs using 'parallel' executor
[0.523s] DEBUG:colcon.colcon_parallel_executor.executor.parallel:run_until_complete
[0.524s] INFO:colcon.colcon_ros.task.ament_cmake.build:Building ROS package in '/home/zheng/carerobot_slam_ros2/src/robot_communication' with build type 'ament_cmake'
[0.524s] INFO:colcon.colcon_cmake.task.cmake.build:Building CMake package in '/home/zheng/carerobot_slam_ros2/src/robot_communication'
[0.526s] INFO:colcon.colcon_core.plugin_system:Skipping extension 'colcon_core.shell.bat': Not used on non-Windows systems
[0.527s] INFO:colcon.colcon_core.shell:Skip shell extension 'powershell' for command environment: Not usable outside of PowerShell
[0.527s] DEBUG:colcon.colcon_core.shell:Skip shell extension 'dsv' for command environment
[0.531s] INFO:colcon.colcon_ros.task.ament_cmake.build:Building ROS package in '/home/zheng/carerobot_slam_ros2/src/openslam_gmapping' with build type 'ament_cmake'
[0.531s] INFO:colcon.colcon_cmake.task.cmake.build:Building CMake package in '/home/zheng/carerobot_slam_ros2/src/openslam_gmapping'
[0.531s] INFO:colcon.colcon_core.shell:Skip shell extension 'powershell' for command environment: Not usable outside of PowerShell
[0.531s] DEBUG:colcon.colcon_core.shell:Skip shell extension 'dsv' for command environment
[0.537s] INFO:colcon.colcon_ros.task.ament_cmake.build:Building ROS package in '/home/zheng/carerobot_slam_ros2/src/diff_drive_gazebo' with build type 'ament_cmake'
[0.538s] INFO:colcon.colcon_cmake.task.cmake.build:Building CMake package in '/home/zheng/carerobot_slam_ros2/src/diff_drive_gazebo'
[0.538s] INFO:colcon.colcon_core.shell:Skip shell extension 'powershell' for command environment: Not usable outside of PowerShell
[0.538s] DEBUG:colcon.colcon_core.shell:Skip shell extension 'dsv' for command environment
[0.544s] INFO:colcon.colcon_ros.task.ament_cmake.build:Building ROS package in '/home/zheng/carerobot_slam_ros2/src/keyboard_control' with build type 'ament_cmake'
[0.544s] INFO:colcon.colcon_cmake.task.cmake.build:Building CMake package in '/home/zheng/carerobot_slam_ros2/src/keyboard_control'
[0.544s] INFO:colcon.colcon_core.shell:Skip shell extension 'powershell' for command environment: Not usable outside of PowerShell
[0.545s] DEBUG:colcon.colcon_core.shell:Skip shell extension 'dsv' for command environment
[0.554s] DEBUG:colcon.colcon_core.event_handler.log_command:Invoking command in '/home/zheng/carerobot_slam_ros2/build/robot_communication': CMAKE_PREFIX_PATH=${CMAKE_PREFIX_PATH}:/opt/ros/humble /usr/bin/cmake --build /home/zheng/carerobot_slam_ros2/build/robot_communication -- -j8 -l8
[0.560s] DEBUG:colcon.colcon_core.event_handler.log_command:Invoking command in '/home/zheng/carerobot_slam_ros2/build/openslam_gmapping': CMAKE_PREFIX_PATH=${CMAKE_PREFIX_PATH}:/opt/ros/humble /usr/bin/cmake --build /home/zheng/carerobot_slam_ros2/build/openslam_gmapping -- -j8 -l8
[0.561s] DEBUG:colcon.colcon_core.event_handler.log_command:Invoking command in '/home/zheng/carerobot_slam_ros2/build/diff_drive_gazebo': CMAKE_PREFIX_PATH=${CMAKE_PREFIX_PATH}:/opt/ros/humble /usr/bin/cmake --build /home/zheng/carerobot_slam_ros2/build/diff_drive_gazebo -- -j8 -l8
[0.567s] DEBUG:colcon.colcon_core.event_handler.log_command:Invoking command in '/home/zheng/carerobot_slam_ros2/build/keyboard_control': CMAKE_PREFIX_PATH=${CMAKE_PREFIX_PATH}:/opt/ros/humble /usr/bin/cmake --build /home/zheng/carerobot_slam_ros2/build/keyboard_control -- -j8 -l8
[0.618s] DEBUG:colcon.colcon_core.event_handler.log_command:Invoked command in '/home/zheng/carerobot_slam_ros2/build/diff_drive_gazebo' returned '0': CMAKE_PREFIX_PATH=${CMAKE_PREFIX_PATH}:/opt/ros/humble /usr/bin/cmake --build /home/zheng/carerobot_slam_ros2/build/diff_drive_gazebo -- -j8 -l8
[0.648s] DEBUG:colcon.colcon_core.event_handler.log_command:Invoking command in '/home/zheng/carerobot_slam_ros2/build/diff_drive_gazebo': CMAKE_PREFIX_PATH=${CMAKE_PREFIX_PATH}:/opt/ros/humble /usr/bin/cmake --install /home/zheng/carerobot_slam_ros2/build/diff_drive_gazebo
[0.662s] Level 1:colcon.colcon_core.environment:create_environment_scripts_only(diff_drive_gazebo)
[0.675s] DEBUG:colcon.colcon_core.event_handler.log_command:Invoked command in '/home/zheng/carerobot_slam_ros2/build/diff_drive_gazebo' returned '0': CMAKE_PREFIX_PATH=${CMAKE_PREFIX_PATH}:/opt/ros/humble /usr/bin/cmake --install /home/zheng/carerobot_slam_ros2/build/diff_drive_gazebo
[0.676s] Level 1:colcon.colcon_core.environment:checking '/home/zheng/carerobot_slam_ros2/install/diff_drive_gazebo' for CMake module files
[0.679s] Level 1:colcon.colcon_core.environment:checking '/home/zheng/carerobot_slam_ros2/install/diff_drive_gazebo' for CMake config files
[0.679s] Level 1:colcon.colcon_core.shell:create_environment_hook('diff_drive_gazebo', 'cmake_prefix_path')
[0.680s] INFO:colcon.colcon_core.shell:Creating environment hook '/home/zheng/carerobot_slam_ros2/install/diff_drive_gazebo/share/diff_drive_gazebo/hook/cmake_prefix_path.ps1'
[0.681s] INFO:colcon.colcon_core.shell:Creating environment descriptor '/home/zheng/carerobot_slam_ros2/install/diff_drive_gazebo/share/diff_drive_gazebo/hook/cmake_prefix_path.dsv'
[0.681s] INFO:colcon.colcon_core.shell:Creating environment hook '/home/zheng/carerobot_slam_ros2/install/diff_drive_gazebo/share/diff_drive_gazebo/hook/cmake_prefix_path.sh'
[0.683s] Level 1:colcon.colcon_core.environment:checking '/home/zheng/carerobot_slam_ros2/install/diff_drive_gazebo/bin'
[0.683s] Level 1:colcon.colcon_core.environment:checking '/home/zheng/carerobot_slam_ros2/install/diff_drive_gazebo/lib/pkgconfig/diff_drive_gazebo.pc'
[0.683s] Level 1:colcon.colcon_core.environment:checking '/home/zheng/carerobot_slam_ros2/install/diff_drive_gazebo/lib/python3.10/site-packages'
[0.684s] Level 1:colcon.colcon_core.environment:checking '/home/zheng/carerobot_slam_ros2/install/diff_drive_gazebo/bin'
[0.684s] INFO:colcon.colcon_core.shell:Creating package script '/home/zheng/carerobot_slam_ros2/install/diff_drive_gazebo/share/diff_drive_gazebo/package.ps1'
[0.687s] INFO:colcon.colcon_core.shell:Creating package descriptor '/home/zheng/carerobot_slam_ros2/install/diff_drive_gazebo/share/diff_drive_gazebo/package.dsv'
[0.688s] INFO:colcon.colcon_core.shell:Creating package script '/home/zheng/carerobot_slam_ros2/install/diff_drive_gazebo/share/diff_drive_gazebo/package.sh'
[0.689s] INFO:colcon.colcon_core.shell:Creating package script '/home/zheng/carerobot_slam_ros2/install/diff_drive_gazebo/share/diff_drive_gazebo/package.bash'
[0.692s] INFO:colcon.colcon_core.shell:Creating package script '/home/zheng/carerobot_slam_ros2/install/diff_drive_gazebo/share/diff_drive_gazebo/package.zsh'
[0.695s] Level 1:colcon.colcon_core.environment:create_file_with_runtime_dependencies(/home/zheng/carerobot_slam_ros2/install/diff_drive_gazebo/share/colcon-core/packages/diff_drive_gazebo)
[0.696s] Level 1:colcon.colcon_core.environment:create_environment_scripts_only(diff_drive_gazebo)
[0.696s] Level 1:colcon.colcon_core.environment:checking '/home/zheng/carerobot_slam_ros2/install/diff_drive_gazebo' for CMake module files
[0.697s] Level 1:colcon.colcon_core.environment:checking '/home/zheng/carerobot_slam_ros2/install/diff_drive_gazebo' for CMake config files
[0.698s] Level 1:colcon.colcon_core.shell:create_environment_hook('diff_drive_gazebo', 'cmake_prefix_path')
[0.699s] INFO:colcon.colcon_core.shell:Creating environment hook '/home/zheng/carerobot_slam_ros2/install/diff_drive_gazebo/share/diff_drive_gazebo/hook/cmake_prefix_path.ps1'
[0.699s] INFO:colcon.colcon_core.shell:Creating environment descriptor '/home/zheng/carerobot_slam_ros2/install/diff_drive_gazebo/share/diff_drive_gazebo/hook/cmake_prefix_path.dsv'
[0.700s] INFO:colcon.colcon_core.shell:Creating environment hook '/home/zheng/carerobot_slam_ros2/install/diff_drive_gazebo/share/diff_drive_gazebo/hook/cmake_prefix_path.sh'
[0.701s] Level 1:colcon.colcon_core.environment:checking '/home/zheng/carerobot_slam_ros2/install/diff_drive_gazebo/bin'
[0.702s] Level 1:colcon.colcon_core.environment:checking '/home/zheng/carerobot_slam_ros2/install/diff_drive_gazebo/lib/pkgconfig/diff_drive_gazebo.pc'
[0.702s] Level 1:colcon.colcon_core.environment:checking '/home/zheng/carerobot_slam_ros2/install/diff_drive_gazebo/lib/python3.10/site-packages'
[0.703s] Level 1:colcon.colcon_core.environment:checking '/home/zheng/carerobot_slam_ros2/install/diff_drive_gazebo/bin'
[0.704s] INFO:colcon.colcon_core.shell:Creating package script '/home/zheng/carerobot_slam_ros2/install/diff_drive_gazebo/share/diff_drive_gazebo/package.ps1'
[0.709s] INFO:colcon.colcon_core.shell:Creating package descriptor '/home/zheng/carerobot_slam_ros2/install/diff_drive_gazebo/share/diff_drive_gazebo/package.dsv'
[0.710s] INFO:colcon.colcon_core.shell:Creating package script '/home/zheng/carerobot_slam_ros2/install/diff_drive_gazebo/share/diff_drive_gazebo/package.sh'
[0.710s] INFO:colcon.colcon_core.shell:Creating package script '/home/zheng/carerobot_slam_ros2/install/diff_drive_gazebo/share/diff_drive_gazebo/package.bash'
[0.711s] INFO:colcon.colcon_core.shell:Creating package script '/home/zheng/carerobot_slam_ros2/install/diff_drive_gazebo/share/diff_drive_gazebo/package.zsh'
[0.712s] Level 1:colcon.colcon_core.environment:create_file_with_runtime_dependencies(/home/zheng/carerobot_slam_ros2/install/diff_drive_gazebo/share/colcon-core/packages/diff_drive_gazebo)
[0.715s] DEBUG:colcon.colcon_core.event_handler.log_command:Invoked command in '/home/zheng/carerobot_slam_ros2/build/keyboard_control' returned '0': CMAKE_PREFIX_PATH=${CMAKE_PREFIX_PATH}:/opt/ros/humble /usr/bin/cmake --build /home/zheng/carerobot_slam_ros2/build/keyboard_control -- -j8 -l8
[0.722s] DEBUG:colcon.colcon_core.event_handler.log_command:Invoking command in '/home/zheng/carerobot_slam_ros2/build/keyboard_control': CMAKE_PREFIX_PATH=${CMAKE_PREFIX_PATH}:/opt/ros/humble /usr/bin/cmake --install /home/zheng/carerobot_slam_ros2/build/keyboard_control
[0.734s] Level 1:colcon.colcon_core.environment:create_environment_scripts_only(keyboard_control)
[0.734s] Level 1:colcon.colcon_core.environment:checking '/home/zheng/carerobot_slam_ros2/install/keyboard_control' for CMake module files
[0.735s] DEBUG:colcon.colcon_core.event_handler.log_command:Invoked command in '/home/zheng/carerobot_slam_ros2/build/keyboard_control' returned '0': CMAKE_PREFIX_PATH=${CMAKE_PREFIX_PATH}:/opt/ros/humble /usr/bin/cmake --install /home/zheng/carerobot_slam_ros2/build/keyboard_control
[0.735s] Level 1:colcon.colcon_core.environment:checking '/home/zheng/carerobot_slam_ros2/install/keyboard_control' for CMake config files
[0.736s] Level 1:colcon.colcon_core.shell:create_environment_hook('keyboard_control', 'cmake_prefix_path')
[0.736s] INFO:colcon.colcon_core.shell:Creating environment hook '/home/zheng/carerobot_slam_ros2/install/keyboard_control/share/keyboard_control/hook/cmake_prefix_path.ps1'
[0.737s] INFO:colcon.colcon_core.shell:Creating environment descriptor '/home/zheng/carerobot_slam_ros2/install/keyboard_control/share/keyboard_control/hook/cmake_prefix_path.dsv'
[0.738s] INFO:colcon.colcon_core.shell:Creating environment hook '/home/zheng/carerobot_slam_ros2/install/keyboard_control/share/keyboard_control/hook/cmake_prefix_path.sh'
[0.738s] Level 1:colcon.colcon_core.environment:checking '/home/zheng/carerobot_slam_ros2/install/keyboard_control/lib'
[0.739s] Level 1:colcon.colcon_core.environment:checking '/home/zheng/carerobot_slam_ros2/install/keyboard_control/bin'
[0.739s] Level 1:colcon.colcon_core.environment:checking '/home/zheng/carerobot_slam_ros2/install/keyboard_control/lib/pkgconfig/keyboard_control.pc'
[0.739s] Level 1:colcon.colcon_core.environment:checking '/home/zheng/carerobot_slam_ros2/install/keyboard_control/lib/python3.10/site-packages'
[0.740s] Level 1:colcon.colcon_core.environment:checking '/home/zheng/carerobot_slam_ros2/install/keyboard_control/bin'
[0.740s] INFO:colcon.colcon_core.shell:Creating package script '/home/zheng/carerobot_slam_ros2/install/keyboard_control/share/keyboard_control/package.ps1'
[0.741s] INFO:colcon.colcon_core.shell:Creating package descriptor '/home/zheng/carerobot_slam_ros2/install/keyboard_control/share/keyboard_control/package.dsv'
[0.742s] INFO:colcon.colcon_core.shell:Creating package script '/home/zheng/carerobot_slam_ros2/install/keyboard_control/share/keyboard_control/package.sh'
[0.742s] INFO:colcon.colcon_core.shell:Creating package script '/home/zheng/carerobot_slam_ros2/install/keyboard_control/share/keyboard_control/package.bash'
[0.743s] INFO:colcon.colcon_core.shell:Creating package script '/home/zheng/carerobot_slam_ros2/install/keyboard_control/share/keyboard_control/package.zsh'
[0.743s] Level 1:colcon.colcon_core.environment:create_file_with_runtime_dependencies(/home/zheng/carerobot_slam_ros2/install/keyboard_control/share/colcon-core/packages/keyboard_control)
[0.744s] Level 1:colcon.colcon_core.environment:create_environment_scripts_only(keyboard_control)
[0.744s] Level 1:colcon.colcon_core.environment:checking '/home/zheng/carerobot_slam_ros2/install/keyboard_control' for CMake module files
[0.745s] Level 1:colcon.colcon_core.environment:checking '/home/zheng/carerobot_slam_ros2/install/keyboard_control' for CMake config files
[0.745s] Level 1:colcon.colcon_core.shell:create_environment_hook('keyboard_control', 'cmake_prefix_path')
[0.746s] INFO:colcon.colcon_core.shell:Creating environment hook '/home/zheng/carerobot_slam_ros2/install/keyboard_control/share/keyboard_control/hook/cmake_prefix_path.ps1'
[0.746s] INFO:colcon.colcon_core.shell:Creating environment descriptor '/home/zheng/carerobot_slam_ros2/install/keyboard_control/share/keyboard_control/hook/cmake_prefix_path.dsv'
[0.747s] INFO:colcon.colcon_core.shell:Creating environment hook '/home/zheng/carerobot_slam_ros2/install/keyboard_control/share/keyboard_control/hook/cmake_prefix_path.sh'
[0.747s] Level 1:colcon.colcon_core.environment:checking '/home/zheng/carerobot_slam_ros2/install/keyboard_control/lib'
[0.747s] Level 1:colcon.colcon_core.environment:checking '/home/zheng/carerobot_slam_ros2/install/keyboard_control/bin'
[0.747s] Level 1:colcon.colcon_core.environment:checking '/home/zheng/carerobot_slam_ros2/install/keyboard_control/lib/pkgconfig/keyboard_control.pc'
[0.748s] Level 1:colcon.colcon_core.environment:checking '/home/zheng/carerobot_slam_ros2/install/keyboard_control/lib/python3.10/site-packages'
[0.748s] Level 1:colcon.colcon_core.environment:checking '/home/zheng/carerobot_slam_ros2/install/keyboard_control/bin'
[0.749s] INFO:colcon.colcon_core.shell:Creating package script '/home/zheng/carerobot_slam_ros2/install/keyboard_control/share/keyboard_control/package.ps1'
[0.750s] INFO:colcon.colcon_core.shell:Creating package descriptor '/home/zheng/carerobot_slam_ros2/install/keyboard_control/share/keyboard_control/package.dsv'
[0.750s] INFO:colcon.colcon_core.shell:Creating package script '/home/zheng/carerobot_slam_ros2/install/keyboard_control/share/keyboard_control/package.sh'
[0.751s] INFO:colcon.colcon_core.shell:Creating package script '/home/zheng/carerobot_slam_ros2/install/keyboard_control/share/keyboard_control/package.bash'
[0.752s] INFO:colcon.colcon_core.shell:Creating package script '/home/zheng/carerobot_slam_ros2/install/keyboard_control/share/keyboard_control/package.zsh'
[0.752s] Level 1:colcon.colcon_core.environment:create_file_with_runtime_dependencies(/home/zheng/carerobot_slam_ros2/install/keyboard_control/share/colcon-core/packages/keyboard_control)
[0.789s] DEBUG:colcon.colcon_core.event_handler.log_command:Invoked command in '/home/zheng/carerobot_slam_ros2/build/openslam_gmapping' returned '0': CMAKE_PREFIX_PATH=${CMAKE_PREFIX_PATH}:/opt/ros/humble /usr/bin/cmake --build /home/zheng/carerobot_slam_ros2/build/openslam_gmapping -- -j8 -l8
[0.792s] DEBUG:colcon.colcon_core.event_handler.log_command:Invoking command in '/home/zheng/carerobot_slam_ros2/build/openslam_gmapping': CMAKE_PREFIX_PATH=${CMAKE_PREFIX_PATH}:/opt/ros/humble /usr/bin/cmake --install /home/zheng/carerobot_slam_ros2/build/openslam_gmapping
[0.806s] Level 1:colcon.colcon_core.environment:create_environment_scripts_only(openslam_gmapping)
[0.807s] Level 1:colcon.colcon_core.environment:checking '/home/zheng/carerobot_slam_ros2/install/openslam_gmapping' for CMake module files
[0.808s] Level 1:colcon.colcon_core.environment:checking '/home/zheng/carerobot_slam_ros2/install/openslam_gmapping' for CMake config files
[0.810s] DEBUG:colcon.colcon_core.event_handler.log_command:Invoked command in '/home/zheng/carerobot_slam_ros2/build/openslam_gmapping' returned '0': CMAKE_PREFIX_PATH=${CMAKE_PREFIX_PATH}:/opt/ros/humble /usr/bin/cmake --install /home/zheng/carerobot_slam_ros2/build/openslam_gmapping
[0.811s] Level 1:colcon.colcon_core.shell:create_environment_hook('openslam_gmapping', 'cmake_prefix_path')
[0.812s] INFO:colcon.colcon_core.shell:Creating environment hook '/home/zheng/carerobot_slam_ros2/install/openslam_gmapping/share/openslam_gmapping/hook/cmake_prefix_path.ps1'
[0.812s] INFO:colcon.colcon_core.shell:Creating environment descriptor '/home/zheng/carerobot_slam_ros2/install/openslam_gmapping/share/openslam_gmapping/hook/cmake_prefix_path.dsv'
[0.813s] INFO:colcon.colcon_core.shell:Creating environment hook '/home/zheng/carerobot_slam_ros2/install/openslam_gmapping/share/openslam_gmapping/hook/cmake_prefix_path.sh'
[0.814s] Level 1:colcon.colcon_core.environment:checking '/home/zheng/carerobot_slam_ros2/install/openslam_gmapping/lib'
[0.814s] Level 1:colcon.colcon_core.environment:checking '/home/zheng/carerobot_slam_ros2/install/openslam_gmapping/bin'
[0.814s] Level 1:colcon.colcon_core.environment:checking '/home/zheng/carerobot_slam_ros2/install/openslam_gmapping/lib/pkgconfig/openslam_gmapping.pc'
[0.814s] Level 1:colcon.colcon_core.environment:checking '/home/zheng/carerobot_slam_ros2/install/openslam_gmapping/lib/python3.10/site-packages'
[0.815s] Level 1:colcon.colcon_core.environment:checking '/home/zheng/carerobot_slam_ros2/install/openslam_gmapping/bin'
[0.816s] INFO:colcon.colcon_core.shell:Creating package script '/home/zheng/carerobot_slam_ros2/install/openslam_gmapping/share/openslam_gmapping/package.ps1'
[0.817s] INFO:colcon.colcon_core.shell:Creating package descriptor '/home/zheng/carerobot_slam_ros2/install/openslam_gmapping/share/openslam_gmapping/package.dsv'
[0.817s] INFO:colcon.colcon_core.shell:Creating package script '/home/zheng/carerobot_slam_ros2/install/openslam_gmapping/share/openslam_gmapping/package.sh'
[0.818s] INFO:colcon.colcon_core.shell:Creating package script '/home/zheng/carerobot_slam_ros2/install/openslam_gmapping/share/openslam_gmapping/package.bash'
[0.818s] INFO:colcon.colcon_core.shell:Creating package script '/home/zheng/carerobot_slam_ros2/install/openslam_gmapping/share/openslam_gmapping/package.zsh'
[0.819s] Level 1:colcon.colcon_core.environment:create_file_with_runtime_dependencies(/home/zheng/carerobot_slam_ros2/install/openslam_gmapping/share/colcon-core/packages/openslam_gmapping)
[0.820s] Level 1:colcon.colcon_core.environment:create_environment_scripts_only(openslam_gmapping)
[0.820s] Level 1:colcon.colcon_core.environment:checking '/home/zheng/carerobot_slam_ros2/install/openslam_gmapping' for CMake module files
[0.821s] Level 1:colcon.colcon_core.environment:checking '/home/zheng/carerobot_slam_ros2/install/openslam_gmapping' for CMake config files
[0.822s] Level 1:colcon.colcon_core.shell:create_environment_hook('openslam_gmapping', 'cmake_prefix_path')
[0.822s] INFO:colcon.colcon_core.shell:Creating environment hook '/home/zheng/carerobot_slam_ros2/install/openslam_gmapping/share/openslam_gmapping/hook/cmake_prefix_path.ps1'
[0.823s] INFO:colcon.colcon_core.shell:Creating environment descriptor '/home/zheng/carerobot_slam_ros2/install/openslam_gmapping/share/openslam_gmapping/hook/cmake_prefix_path.dsv'
[0.823s] INFO:colcon.colcon_core.shell:Creating environment hook '/home/zheng/carerobot_slam_ros2/install/openslam_gmapping/share/openslam_gmapping/hook/cmake_prefix_path.sh'
[0.824s] Level 1:colcon.colcon_core.environment:checking '/home/zheng/carerobot_slam_ros2/install/openslam_gmapping/lib'
[0.824s] Level 1:colcon.colcon_core.environment:checking '/home/zheng/carerobot_slam_ros2/install/openslam_gmapping/bin'
[0.824s] Level 1:colcon.colcon_core.environment:checking '/home/zheng/carerobot_slam_ros2/install/openslam_gmapping/lib/pkgconfig/openslam_gmapping.pc'
[0.824s] Level 1:colcon.colcon_core.environment:checking '/home/zheng/carerobot_slam_ros2/install/openslam_gmapping/lib/python3.10/site-packages'
[0.825s] Level 1:colcon.colcon_core.environment:checking '/home/zheng/carerobot_slam_ros2/install/openslam_gmapping/bin'
[0.825s] INFO:colcon.colcon_core.shell:Creating package script '/home/zheng/carerobot_slam_ros2/install/openslam_gmapping/share/openslam_gmapping/package.ps1'
[0.826s] INFO:colcon.colcon_core.shell:Creating package descriptor '/home/zheng/carerobot_slam_ros2/install/openslam_gmapping/share/openslam_gmapping/package.dsv'
[0.827s] INFO:colcon.colcon_core.shell:Creating package script '/home/zheng/carerobot_slam_ros2/install/openslam_gmapping/share/openslam_gmapping/package.sh'
[0.827s] INFO:colcon.colcon_core.shell:Creating package script '/home/zheng/carerobot_slam_ros2/install/openslam_gmapping/share/openslam_gmapping/package.bash'
[0.828s] INFO:colcon.colcon_core.shell:Creating package script '/home/zheng/carerobot_slam_ros2/install/openslam_gmapping/share/openslam_gmapping/package.zsh'
[0.828s] Level 1:colcon.colcon_core.environment:create_file_with_runtime_dependencies(/home/zheng/carerobot_slam_ros2/install/openslam_gmapping/share/colcon-core/packages/openslam_gmapping)
[0.829s] INFO:colcon.colcon_ros.task.ament_cmake.build:Building ROS package in '/home/zheng/carerobot_slam_ros2/src/slam_gmapping' with build type 'ament_cmake'
[0.829s] INFO:colcon.colcon_cmake.task.cmake.build:Building CMake package in '/home/zheng/carerobot_slam_ros2/src/slam_gmapping'
[0.829s] INFO:colcon.colcon_core.shell:Skip shell extension 'powershell' for command environment: Not usable outside of PowerShell
[0.829s] DEBUG:colcon.colcon_core.shell:Skip shell extension 'dsv' for command environment
[0.869s] DEBUG:colcon.colcon_core.event_handler.log_command:Invoking command in '/home/zheng/carerobot_slam_ros2/build/slam_gmapping': CMAKE_PREFIX_PATH=/home/zheng/carerobot_slam_ros2/install/openslam_gmapping:/home/zheng/carerobot_slam_ros2/install/slam_gmapping:/home/zheng/carerobot_slam_ros2/install/robot_pid_local_planner:/home/zheng/carerobot_slam_ros2/install/robot_navigation:/home/zheng/carerobot_slam_ros2/install/robot_costmap:/home/zheng/carerobot_slam_ros2/install/robot_communication:/home/zheng/carerobot_slam_ros2/install/keyboard_control:/home/zheng/carerobot_slam_ros2/install/diff_drive_gazebo:/opt/ros/humble /usr/bin/cmake --build /home/zheng/carerobot_slam_ros2/build/slam_gmapping -- -j8 -l8
[0.983s] DEBUG:colcon.colcon_core.event_handler.log_command:Invoked command in '/home/zheng/carerobot_slam_ros2/build/slam_gmapping' returned '0': CMAKE_PREFIX_PATH=/home/zheng/carerobot_slam_ros2/install/openslam_gmapping:/home/zheng/carerobot_slam_ros2/install/slam_gmapping:/home/zheng/carerobot_slam_ros2/install/robot_pid_local_planner:/home/zheng/carerobot_slam_ros2/install/robot_navigation:/home/zheng/carerobot_slam_ros2/install/robot_costmap:/home/zheng/carerobot_slam_ros2/install/robot_communication:/home/zheng/carerobot_slam_ros2/install/keyboard_control:/home/zheng/carerobot_slam_ros2/install/diff_drive_gazebo:/opt/ros/humble /usr/bin/cmake --build /home/zheng/carerobot_slam_ros2/build/slam_gmapping -- -j8 -l8
[0.985s] DEBUG:colcon.colcon_core.event_handler.log_command:Invoking command in '/home/zheng/carerobot_slam_ros2/build/slam_gmapping': CMAKE_PREFIX_PATH=/home/zheng/carerobot_slam_ros2/install/openslam_gmapping:/home/zheng/carerobot_slam_ros2/install/slam_gmapping:/home/zheng/carerobot_slam_ros2/install/robot_pid_local_planner:/home/zheng/carerobot_slam_ros2/install/robot_navigation:/home/zheng/carerobot_slam_ros2/install/robot_costmap:/home/zheng/carerobot_slam_ros2/install/robot_communication:/home/zheng/carerobot_slam_ros2/install/keyboard_control:/home/zheng/carerobot_slam_ros2/install/diff_drive_gazebo:/opt/ros/humble /usr/bin/cmake --install /home/zheng/carerobot_slam_ros2/build/slam_gmapping
[1.005s] Level 1:colcon.colcon_core.environment:create_environment_scripts_only(slam_gmapping)
[1.005s] Level 1:colcon.colcon_core.environment:checking '/home/zheng/carerobot_slam_ros2/install/slam_gmapping' for CMake module files
[1.006s] Level 1:colcon.colcon_core.environment:checking '/home/zheng/carerobot_slam_ros2/install/slam_gmapping' for CMake config files
[1.007s] Level 1:colcon.colcon_core.shell:create_environment_hook('slam_gmapping', 'cmake_prefix_path')
[1.007s] INFO:colcon.colcon_core.shell:Creating environment hook '/home/zheng/carerobot_slam_ros2/install/slam_gmapping/share/slam_gmapping/hook/cmake_prefix_path.ps1'
[1.008s] DEBUG:colcon.colcon_core.event_handler.log_command:Invoked command in '/home/zheng/carerobot_slam_ros2/build/slam_gmapping' returned '0': CMAKE_PREFIX_PATH=/home/zheng/carerobot_slam_ros2/install/openslam_gmapping:/home/zheng/carerobot_slam_ros2/install/slam_gmapping:/home/zheng/carerobot_slam_ros2/install/robot_pid_local_planner:/home/zheng/carerobot_slam_ros2/install/robot_navigation:/home/zheng/carerobot_slam_ros2/install/robot_costmap:/home/zheng/carerobot_slam_ros2/install/robot_communication:/home/zheng/carerobot_slam_ros2/install/keyboard_control:/home/zheng/carerobot_slam_ros2/install/diff_drive_gazebo:/opt/ros/humble /usr/bin/cmake --install /home/zheng/carerobot_slam_ros2/build/slam_gmapping
[1.009s] INFO:colcon.colcon_core.shell:Creating environment descriptor '/home/zheng/carerobot_slam_ros2/install/slam_gmapping/share/slam_gmapping/hook/cmake_prefix_path.dsv'
[1.009s] INFO:colcon.colcon_core.shell:Creating environment hook '/home/zheng/carerobot_slam_ros2/install/slam_gmapping/share/slam_gmapping/hook/cmake_prefix_path.sh'
[1.010s] Level 1:colcon.colcon_core.environment:checking '/home/zheng/carerobot_slam_ros2/install/slam_gmapping/lib'
[1.010s] Level 1:colcon.colcon_core.environment:checking '/home/zheng/carerobot_slam_ros2/install/slam_gmapping/bin'
[1.010s] Level 1:colcon.colcon_core.environment:checking '/home/zheng/carerobot_slam_ros2/install/slam_gmapping/lib/pkgconfig/slam_gmapping.pc'
[1.010s] Level 1:colcon.colcon_core.environment:checking '/home/zheng/carerobot_slam_ros2/install/slam_gmapping/lib/python3.10/site-packages'
[1.011s] Level 1:colcon.colcon_core.environment:checking '/home/zheng/carerobot_slam_ros2/install/slam_gmapping/bin'
[1.012s] INFO:colcon.colcon_core.shell:Creating package script '/home/zheng/carerobot_slam_ros2/install/slam_gmapping/share/slam_gmapping/package.ps1'
[1.013s] INFO:colcon.colcon_core.shell:Creating package descriptor '/home/zheng/carerobot_slam_ros2/install/slam_gmapping/share/slam_gmapping/package.dsv'
[1.013s] INFO:colcon.colcon_core.shell:Creating package script '/home/zheng/carerobot_slam_ros2/install/slam_gmapping/share/slam_gmapping/package.sh'
[1.014s] INFO:colcon.colcon_core.shell:Creating package script '/home/zheng/carerobot_slam_ros2/install/slam_gmapping/share/slam_gmapping/package.bash'
[1.015s] INFO:colcon.colcon_core.shell:Creating package script '/home/zheng/carerobot_slam_ros2/install/slam_gmapping/share/slam_gmapping/package.zsh'
[1.015s] Level 1:colcon.colcon_core.environment:create_file_with_runtime_dependencies(/home/zheng/carerobot_slam_ros2/install/slam_gmapping/share/colcon-core/packages/slam_gmapping)
[1.016s] Level 1:colcon.colcon_core.environment:create_environment_scripts_only(slam_gmapping)
[1.016s] Level 1:colcon.colcon_core.environment:checking '/home/zheng/carerobot_slam_ros2/install/slam_gmapping' for CMake module files
[1.017s] Level 1:colcon.colcon_core.environment:checking '/home/zheng/carerobot_slam_ros2/install/slam_gmapping' for CMake config files
[1.017s] Level 1:colcon.colcon_core.shell:create_environment_hook('slam_gmapping', 'cmake_prefix_path')
[1.018s] INFO:colcon.colcon_core.shell:Creating environment hook '/home/zheng/carerobot_slam_ros2/install/slam_gmapping/share/slam_gmapping/hook/cmake_prefix_path.ps1'
[1.018s] INFO:colcon.colcon_core.shell:Creating environment descriptor '/home/zheng/carerobot_slam_ros2/install/slam_gmapping/share/slam_gmapping/hook/cmake_prefix_path.dsv'
[1.019s] INFO:colcon.colcon_core.shell:Creating environment hook '/home/zheng/carerobot_slam_ros2/install/slam_gmapping/share/slam_gmapping/hook/cmake_prefix_path.sh'
[1.020s] Level 1:colcon.colcon_core.environment:checking '/home/zheng/carerobot_slam_ros2/install/slam_gmapping/lib'
[1.020s] Level 1:colcon.colcon_core.environment:checking '/home/zheng/carerobot_slam_ros2/install/slam_gmapping/bin'
[1.020s] Level 1:colcon.colcon_core.environment:checking '/home/zheng/carerobot_slam_ros2/install/slam_gmapping/lib/pkgconfig/slam_gmapping.pc'
[1.020s] Level 1:colcon.colcon_core.environment:checking '/home/zheng/carerobot_slam_ros2/install/slam_gmapping/lib/python3.10/site-packages'
[1.021s] Level 1:colcon.colcon_core.environment:checking '/home/zheng/carerobot_slam_ros2/install/slam_gmapping/bin'
[1.021s] INFO:colcon.colcon_core.shell:Creating package script '/home/zheng/carerobot_slam_ros2/install/slam_gmapping/share/slam_gmapping/package.ps1'
[1.022s] INFO:colcon.colcon_core.shell:Creating package descriptor '/home/zheng/carerobot_slam_ros2/install/slam_gmapping/share/slam_gmapping/package.dsv'
[1.023s] INFO:colcon.colcon_core.shell:Creating package script '/home/zheng/carerobot_slam_ros2/install/slam_gmapping/share/slam_gmapping/package.sh'
[1.024s] INFO:colcon.colcon_core.shell:Creating package script '/home/zheng/carerobot_slam_ros2/install/slam_gmapping/share/slam_gmapping/package.bash'
[1.025s] INFO:colcon.colcon_core.shell:Creating package script '/home/zheng/carerobot_slam_ros2/install/slam_gmapping/share/slam_gmapping/package.zsh'
[1.025s] Level 1:colcon.colcon_core.environment:create_file_with_runtime_dependencies(/home/zheng/carerobot_slam_ros2/install/slam_gmapping/share/colcon-core/packages/slam_gmapping)
[1.152s] DEBUG:colcon.colcon_core.event_handler.log_command:Invoked command in '/home/zheng/carerobot_slam_ros2/build/robot_communication' returned '0': CMAKE_PREFIX_PATH=${CMAKE_PREFIX_PATH}:/opt/ros/humble /usr/bin/cmake --build /home/zheng/carerobot_slam_ros2/build/robot_communication -- -j8 -l8
[1.154s] DEBUG:colcon.colcon_core.event_handler.log_command:Invoking command in '/home/zheng/carerobot_slam_ros2/build/robot_communication': CMAKE_PREFIX_PATH=${CMAKE_PREFIX_PATH}:/opt/ros/humble /usr/bin/cmake --install /home/zheng/carerobot_slam_ros2/build/robot_communication
[1.223s] Level 1:colcon.colcon_core.environment:create_environment_scripts_only(robot_communication)
[1.224s] Level 1:colcon.colcon_core.environment:checking '/home/zheng/carerobot_slam_ros2/install/robot_communication' for CMake module files
[1.225s] DEBUG:colcon.colcon_core.event_handler.log_command:Invoked command in '/home/zheng/carerobot_slam_ros2/build/robot_communication' returned '0': CMAKE_PREFIX_PATH=${CMAKE_PREFIX_PATH}:/opt/ros/humble /usr/bin/cmake --install /home/zheng/carerobot_slam_ros2/build/robot_communication
[1.226s] Level 1:colcon.colcon_core.environment:checking '/home/zheng/carerobot_slam_ros2/install/robot_communication' for CMake config files
[1.228s] Level 1:colcon.colcon_core.shell:create_environment_hook('robot_communication', 'cmake_prefix_path')
[1.228s] INFO:colcon.colcon_core.shell:Creating environment hook '/home/zheng/carerobot_slam_ros2/install/robot_communication/share/robot_communication/hook/cmake_prefix_path.ps1'
[1.229s] INFO:colcon.colcon_core.shell:Creating environment descriptor '/home/zheng/carerobot_slam_ros2/install/robot_communication/share/robot_communication/hook/cmake_prefix_path.dsv'
[1.229s] INFO:colcon.colcon_core.shell:Creating environment hook '/home/zheng/carerobot_slam_ros2/install/robot_communication/share/robot_communication/hook/cmake_prefix_path.sh'
[1.230s] Level 1:colcon.colcon_core.environment:checking '/home/zheng/carerobot_slam_ros2/install/robot_communication/lib'
[1.230s] Level 1:colcon.colcon_core.shell:create_environment_hook('robot_communication', 'ld_library_path_lib')
[1.230s] INFO:colcon.colcon_core.shell:Creating environment hook '/home/zheng/carerobot_slam_ros2/install/robot_communication/share/robot_communication/hook/ld_library_path_lib.ps1'
[1.231s] INFO:colcon.colcon_core.shell:Creating environment descriptor '/home/zheng/carerobot_slam_ros2/install/robot_communication/share/robot_communication/hook/ld_library_path_lib.dsv'
[1.232s] INFO:colcon.colcon_core.shell:Creating environment hook '/home/zheng/carerobot_slam_ros2/install/robot_communication/share/robot_communication/hook/ld_library_path_lib.sh'
[1.232s] Level 1:colcon.colcon_core.environment:checking '/home/zheng/carerobot_slam_ros2/install/robot_communication/bin'
[1.232s] Level 1:colcon.colcon_core.environment:checking '/home/zheng/carerobot_slam_ros2/install/robot_communication/lib/pkgconfig/robot_communication.pc'
[1.233s] Level 1:colcon.colcon_core.environment:checking '/home/zheng/carerobot_slam_ros2/install/robot_communication/lib/python3.10/site-packages'
[1.233s] Level 1:colcon.colcon_core.environment:checking '/home/zheng/carerobot_slam_ros2/install/robot_communication/bin'
[1.234s] INFO:colcon.colcon_core.shell:Creating package script '/home/zheng/carerobot_slam_ros2/install/robot_communication/share/robot_communication/package.ps1'
[1.235s] INFO:colcon.colcon_core.shell:Creating package descriptor '/home/zheng/carerobot_slam_ros2/install/robot_communication/share/robot_communication/package.dsv'
[1.235s] INFO:colcon.colcon_core.shell:Creating package script '/home/zheng/carerobot_slam_ros2/install/robot_communication/share/robot_communication/package.sh'
[1.236s] INFO:colcon.colcon_core.shell:Creating package script '/home/zheng/carerobot_slam_ros2/install/robot_communication/share/robot_communication/package.bash'
[1.237s] INFO:colcon.colcon_core.shell:Creating package script '/home/zheng/carerobot_slam_ros2/install/robot_communication/share/robot_communication/package.zsh'
[1.237s] Level 1:colcon.colcon_core.environment:create_file_with_runtime_dependencies(/home/zheng/carerobot_slam_ros2/install/robot_communication/share/colcon-core/packages/robot_communication)
[1.238s] Level 1:colcon.colcon_core.environment:create_environment_scripts_only(robot_communication)
[1.239s] Level 1:colcon.colcon_core.environment:checking '/home/zheng/carerobot_slam_ros2/install/robot_communication' for CMake module files
[1.240s] Level 1:colcon.colcon_core.environment:checking '/home/zheng/carerobot_slam_ros2/install/robot_communication' for CMake config files
[1.241s] Level 1:colcon.colcon_core.shell:create_environment_hook('robot_communication', 'cmake_prefix_path')
[1.242s] INFO:colcon.colcon_core.shell:Creating environment hook '/home/zheng/carerobot_slam_ros2/install/robot_communication/share/robot_communication/hook/cmake_prefix_path.ps1'
[1.242s] INFO:colcon.colcon_core.shell:Creating environment descriptor '/home/zheng/carerobot_slam_ros2/install/robot_communication/share/robot_communication/hook/cmake_prefix_path.dsv'
[1.243s] INFO:colcon.colcon_core.shell:Creating environment hook '/home/zheng/carerobot_slam_ros2/install/robot_communication/share/robot_communication/hook/cmake_prefix_path.sh'
[1.243s] Level 1:colcon.colcon_core.environment:checking '/home/zheng/carerobot_slam_ros2/install/robot_communication/lib'
[1.244s] Level 1:colcon.colcon_core.shell:create_environment_hook('robot_communication', 'ld_library_path_lib')
[1.244s] INFO:colcon.colcon_core.shell:Creating environment hook '/home/zheng/carerobot_slam_ros2/install/robot_communication/share/robot_communication/hook/ld_library_path_lib.ps1'
[1.245s] INFO:colcon.colcon_core.shell:Creating environment descriptor '/home/zheng/carerobot_slam_ros2/install/robot_communication/share/robot_communication/hook/ld_library_path_lib.dsv'
[1.245s] INFO:colcon.colcon_core.shell:Creating environment hook '/home/zheng/carerobot_slam_ros2/install/robot_communication/share/robot_communication/hook/ld_library_path_lib.sh'
[1.246s] Level 1:colcon.colcon_core.environment:checking '/home/zheng/carerobot_slam_ros2/install/robot_communication/bin'
[1.246s] Level 1:colcon.colcon_core.environment:checking '/home/zheng/carerobot_slam_ros2/install/robot_communication/lib/pkgconfig/robot_communication.pc'
[1.246s] Level 1:colcon.colcon_core.environment:checking '/home/zheng/carerobot_slam_ros2/install/robot_communication/lib/python3.10/site-packages'
[1.247s] Level 1:colcon.colcon_core.environment:checking '/home/zheng/carerobot_slam_ros2/install/robot_communication/bin'
[1.248s] INFO:colcon.colcon_core.shell:Creating package script '/home/zheng/carerobot_slam_ros2/install/robot_communication/share/robot_communication/package.ps1'
[1.249s] INFO:colcon.colcon_core.shell:Creating package descriptor '/home/zheng/carerobot_slam_ros2/install/robot_communication/share/robot_communication/package.dsv'
[1.250s] INFO:colcon.colcon_core.shell:Creating package script '/home/zheng/carerobot_slam_ros2/install/robot_communication/share/robot_communication/package.sh'
[1.250s] INFO:colcon.colcon_core.shell:Creating package script '/home/zheng/carerobot_slam_ros2/install/robot_communication/share/robot_communication/package.bash'
[1.251s] INFO:colcon.colcon_core.shell:Creating package script '/home/zheng/carerobot_slam_ros2/install/robot_communication/share/robot_communication/package.zsh'
[1.251s] Level 1:colcon.colcon_core.environment:create_file_with_runtime_dependencies(/home/zheng/carerobot_slam_ros2/install/robot_communication/share/colcon-core/packages/robot_communication)
[1.252s] INFO:colcon.colcon_ros.task.ament_cmake.build:Building ROS package in '/home/zheng/carerobot_slam_ros2/src/robot_costmap' with build type 'ament_cmake'
[1.252s] INFO:colcon.colcon_cmake.task.cmake.build:Building CMake package in '/home/zheng/carerobot_slam_ros2/src/robot_costmap'
[1.252s] INFO:colcon.colcon_core.shell:Skip shell extension 'powershell' for command environment: Not usable outside of PowerShell
[1.253s] DEBUG:colcon.colcon_core.shell:Skip shell extension 'dsv' for command environment
[1.259s] INFO:colcon.colcon_ros.task.ament_cmake.build:Building ROS package in '/home/zheng/carerobot_slam_ros2/src/robot_pid_local_planner' with build type 'ament_cmake'
[1.259s] INFO:colcon.colcon_cmake.task.cmake.build:Building CMake package in '/home/zheng/carerobot_slam_ros2/src/robot_pid_local_planner'
[1.259s] INFO:colcon.colcon_core.shell:Skip shell extension 'powershell' for command environment: Not usable outside of PowerShell
[1.259s] DEBUG:colcon.colcon_core.shell:Skip shell extension 'dsv' for command environment
[1.270s] DEBUG:colcon.colcon_core.event_handler.log_command:Invoking command in '/home/zheng/carerobot_slam_ros2/build/robot_costmap': CMAKE_PREFIX_PATH=/home/zheng/carerobot_slam_ros2/install/robot_communication:/home/zheng/carerobot_slam_ros2/install/slam_gmapping:/home/zheng/carerobot_slam_ros2/install/robot_pid_local_planner:/home/zheng/carerobot_slam_ros2/install/robot_navigation:/home/zheng/carerobot_slam_ros2/install/robot_costmap:/home/zheng/carerobot_slam_ros2/install/openslam_gmapping:/home/zheng/carerobot_slam_ros2/install/keyboard_control:/home/zheng/carerobot_slam_ros2/install/diff_drive_gazebo:/opt/ros/humble LD_LIBRARY_PATH=/home/zheng/carerobot_slam_ros2/install/robot_communication/lib:/home/zheng/carerobot_slam_ros2/install/robot_costmap/lib:/home/zheng/carerobot_slam_ros2/install/openslam_gmapping/lib:/usr/lib/x86_64-linux-gnu/gazebo-11/plugins:/opt/ros/humble/opt/rviz_ogre_vendor/lib:/opt/ros/humble/lib/x86_64-linux-gnu:/opt/ros/humble/lib /usr/bin/cmake --build /home/zheng/carerobot_slam_ros2/build/robot_costmap -- -j8 -l8
[1.274s] DEBUG:colcon.colcon_core.event_handler.log_command:Invoking command in '/home/zheng/carerobot_slam_ros2/build/robot_pid_local_planner': CMAKE_PREFIX_PATH=/home/zheng/carerobot_slam_ros2/install/robot_communication:/home/zheng/carerobot_slam_ros2/install/slam_gmapping:/home/zheng/carerobot_slam_ros2/install/robot_pid_local_planner:/home/zheng/carerobot_slam_ros2/install/robot_navigation:/home/zheng/carerobot_slam_ros2/install/robot_costmap:/home/zheng/carerobot_slam_ros2/install/openslam_gmapping:/home/zheng/carerobot_slam_ros2/install/keyboard_control:/home/zheng/carerobot_slam_ros2/install/diff_drive_gazebo:/opt/ros/humble LD_LIBRARY_PATH=/home/zheng/carerobot_slam_ros2/install/robot_communication/lib:/home/zheng/carerobot_slam_ros2/install/robot_costmap/lib:/home/zheng/carerobot_slam_ros2/install/openslam_gmapping/lib:/usr/lib/x86_64-linux-gnu/gazebo-11/plugins:/opt/ros/humble/opt/rviz_ogre_vendor/lib:/opt/ros/humble/lib/x86_64-linux-gnu:/opt/ros/humble/lib /usr/bin/cmake --build /home/zheng/carerobot_slam_ros2/build/robot_pid_local_planner -- -j8 -l8
[1.346s] DEBUG:colcon.colcon_core.event_handler.log_command:Invoked command in '/home/zheng/carerobot_slam_ros2/build/robot_pid_local_planner' returned '0': CMAKE_PREFIX_PATH=/home/zheng/carerobot_slam_ros2/install/robot_communication:/home/zheng/carerobot_slam_ros2/install/slam_gmapping:/home/zheng/carerobot_slam_ros2/install/robot_pid_local_planner:/home/zheng/carerobot_slam_ros2/install/robot_navigation:/home/zheng/carerobot_slam_ros2/install/robot_costmap:/home/zheng/carerobot_slam_ros2/install/openslam_gmapping:/home/zheng/carerobot_slam_ros2/install/keyboard_control:/home/zheng/carerobot_slam_ros2/install/diff_drive_gazebo:/opt/ros/humble LD_LIBRARY_PATH=/home/zheng/carerobot_slam_ros2/install/robot_communication/lib:/home/zheng/carerobot_slam_ros2/install/robot_costmap/lib:/home/zheng/carerobot_slam_ros2/install/openslam_gmapping/lib:/usr/lib/x86_64-linux-gnu/gazebo-11/plugins:/opt/ros/humble/opt/rviz_ogre_vendor/lib:/opt/ros/humble/lib/x86_64-linux-gnu:/opt/ros/humble/lib /usr/bin/cmake --build /home/zheng/carerobot_slam_ros2/build/robot_pid_local_planner -- -j8 -l8
[1.348s] DEBUG:colcon.colcon_core.event_handler.log_command:Invoking command in '/home/zheng/carerobot_slam_ros2/build/robot_pid_local_planner': CMAKE_PREFIX_PATH=/home/zheng/carerobot_slam_ros2/install/robot_communication:/home/zheng/carerobot_slam_ros2/install/slam_gmapping:/home/zheng/carerobot_slam_ros2/install/robot_pid_local_planner:/home/zheng/carerobot_slam_ros2/install/robot_navigation:/home/zheng/carerobot_slam_ros2/install/robot_costmap:/home/zheng/carerobot_slam_ros2/install/openslam_gmapping:/home/zheng/carerobot_slam_ros2/install/keyboard_control:/home/zheng/carerobot_slam_ros2/install/diff_drive_gazebo:/opt/ros/humble LD_LIBRARY_PATH=/home/zheng/carerobot_slam_ros2/install/robot_communication/lib:/home/zheng/carerobot_slam_ros2/install/robot_costmap/lib:/home/zheng/carerobot_slam_ros2/install/openslam_gmapping/lib:/usr/lib/x86_64-linux-gnu/gazebo-11/plugins:/opt/ros/humble/opt/rviz_ogre_vendor/lib:/opt/ros/humble/lib/x86_64-linux-gnu:/opt/ros/humble/lib /usr/bin/cmake --install /home/zheng/carerobot_slam_ros2/build/robot_pid_local_planner
[1.359s] Level 1:colcon.colcon_core.environment:create_environment_scripts_only(robot_pid_local_planner)
[1.359s] Level 1:colcon.colcon_core.environment:checking '/home/zheng/carerobot_slam_ros2/install/robot_pid_local_planner' for CMake module files
[1.360s] DEBUG:colcon.colcon_core.event_handler.log_command:Invoked command in '/home/zheng/carerobot_slam_ros2/build/robot_pid_local_planner' returned '0': CMAKE_PREFIX_PATH=/home/zheng/carerobot_slam_ros2/install/robot_communication:/home/zheng/carerobot_slam_ros2/install/slam_gmapping:/home/zheng/carerobot_slam_ros2/install/robot_pid_local_planner:/home/zheng/carerobot_slam_ros2/install/robot_navigation:/home/zheng/carerobot_slam_ros2/install/robot_costmap:/home/zheng/carerobot_slam_ros2/install/openslam_gmapping:/home/zheng/carerobot_slam_ros2/install/keyboard_control:/home/zheng/carerobot_slam_ros2/install/diff_drive_gazebo:/opt/ros/humble LD_LIBRARY_PATH=/home/zheng/carerobot_slam_ros2/install/robot_communication/lib:/home/zheng/carerobot_slam_ros2/install/robot_costmap/lib:/home/zheng/carerobot_slam_ros2/install/openslam_gmapping/lib:/usr/lib/x86_64-linux-gnu/gazebo-11/plugins:/opt/ros/humble/opt/rviz_ogre_vendor/lib:/opt/ros/humble/lib/x86_64-linux-gnu:/opt/ros/humble/lib /usr/bin/cmake --install /home/zheng/carerobot_slam_ros2/build/robot_pid_local_planner
[1.360s] Level 1:colcon.colcon_core.environment:checking '/home/zheng/carerobot_slam_ros2/install/robot_pid_local_planner' for CMake config files
[1.361s] Level 1:colcon.colcon_core.shell:create_environment_hook('robot_pid_local_planner', 'cmake_prefix_path')
[1.361s] INFO:colcon.colcon_core.shell:Creating environment hook '/home/zheng/carerobot_slam_ros2/install/robot_pid_local_planner/share/robot_pid_local_planner/hook/cmake_prefix_path.ps1'
[1.361s] INFO:colcon.colcon_core.shell:Creating environment descriptor '/home/zheng/carerobot_slam_ros2/install/robot_pid_local_planner/share/robot_pid_local_planner/hook/cmake_prefix_path.dsv'
[1.362s] INFO:colcon.colcon_core.shell:Creating environment hook '/home/zheng/carerobot_slam_ros2/install/robot_pid_local_planner/share/robot_pid_local_planner/hook/cmake_prefix_path.sh'
[1.362s] Level 1:colcon.colcon_core.environment:checking '/home/zheng/carerobot_slam_ros2/install/robot_pid_local_planner/lib'
[1.362s] Level 1:colcon.colcon_core.environment:checking '/home/zheng/carerobot_slam_ros2/install/robot_pid_local_planner/bin'
[1.362s] Level 1:colcon.colcon_core.environment:checking '/home/zheng/carerobot_slam_ros2/install/robot_pid_local_planner/lib/pkgconfig/robot_pid_local_planner.pc'
[1.363s] Level 1:colcon.colcon_core.environment:checking '/home/zheng/carerobot_slam_ros2/install/robot_pid_local_planner/lib/python3.10/site-packages'
[1.363s] Level 1:colcon.colcon_core.environment:checking '/home/zheng/carerobot_slam_ros2/install/robot_pid_local_planner/bin'
[1.363s] INFO:colcon.colcon_core.shell:Creating package script '/home/zheng/carerobot_slam_ros2/install/robot_pid_local_planner/share/robot_pid_local_planner/package.ps1'
[1.364s] INFO:colcon.colcon_core.shell:Creating package descriptor '/home/zheng/carerobot_slam_ros2/install/robot_pid_local_planner/share/robot_pid_local_planner/package.dsv'
[1.364s] INFO:colcon.colcon_core.shell:Creating package script '/home/zheng/carerobot_slam_ros2/install/robot_pid_local_planner/share/robot_pid_local_planner/package.sh'
[1.364s] INFO:colcon.colcon_core.shell:Creating package script '/home/zheng/carerobot_slam_ros2/install/robot_pid_local_planner/share/robot_pid_local_planner/package.bash'
[1.365s] INFO:colcon.colcon_core.shell:Creating package script '/home/zheng/carerobot_slam_ros2/install/robot_pid_local_planner/share/robot_pid_local_planner/package.zsh'
[1.365s] Level 1:colcon.colcon_core.environment:create_file_with_runtime_dependencies(/home/zheng/carerobot_slam_ros2/install/robot_pid_local_planner/share/colcon-core/packages/robot_pid_local_planner)
[1.366s] Level 1:colcon.colcon_core.environment:create_environment_scripts_only(robot_pid_local_planner)
[1.366s] Level 1:colcon.colcon_core.environment:checking '/home/zheng/carerobot_slam_ros2/install/robot_pid_local_planner' for CMake module files
[1.367s] Level 1:colcon.colcon_core.environment:checking '/home/zheng/carerobot_slam_ros2/install/robot_pid_local_planner' for CMake config files
[1.367s] Level 1:colcon.colcon_core.shell:create_environment_hook('robot_pid_local_planner', 'cmake_prefix_path')
[1.367s] INFO:colcon.colcon_core.shell:Creating environment hook '/home/zheng/carerobot_slam_ros2/install/robot_pid_local_planner/share/robot_pid_local_planner/hook/cmake_prefix_path.ps1'
[1.368s] INFO:colcon.colcon_core.shell:Creating environment descriptor '/home/zheng/carerobot_slam_ros2/install/robot_pid_local_planner/share/robot_pid_local_planner/hook/cmake_prefix_path.dsv'
[1.368s] INFO:colcon.colcon_core.shell:Creating environment hook '/home/zheng/carerobot_slam_ros2/install/robot_pid_local_planner/share/robot_pid_local_planner/hook/cmake_prefix_path.sh'
[1.369s] Level 1:colcon.colcon_core.environment:checking '/home/zheng/carerobot_slam_ros2/install/robot_pid_local_planner/lib'
[1.369s] Level 1:colcon.colcon_core.environment:checking '/home/zheng/carerobot_slam_ros2/install/robot_pid_local_planner/bin'
[1.369s] Level 1:colcon.colcon_core.environment:checking '/home/zheng/carerobot_slam_ros2/install/robot_pid_local_planner/lib/pkgconfig/robot_pid_local_planner.pc'
[1.369s] Level 1:colcon.colcon_core.environment:checking '/home/zheng/carerobot_slam_ros2/install/robot_pid_local_planner/lib/python3.10/site-packages'
[1.370s] Level 1:colcon.colcon_core.environment:checking '/home/zheng/carerobot_slam_ros2/install/robot_pid_local_planner/bin'
[1.370s] INFO:colcon.colcon_core.shell:Creating package script '/home/zheng/carerobot_slam_ros2/install/robot_pid_local_planner/share/robot_pid_local_planner/package.ps1'
[1.371s] INFO:colcon.colcon_core.shell:Creating package descriptor '/home/zheng/carerobot_slam_ros2/install/robot_pid_local_planner/share/robot_pid_local_planner/package.dsv'
[1.371s] INFO:colcon.colcon_core.shell:Creating package script '/home/zheng/carerobot_slam_ros2/install/robot_pid_local_planner/share/robot_pid_local_planner/package.sh'
[1.372s] INFO:colcon.colcon_core.shell:Creating package script '/home/zheng/carerobot_slam_ros2/install/robot_pid_local_planner/share/robot_pid_local_planner/package.bash'
[1.372s] INFO:colcon.colcon_core.shell:Creating package script '/home/zheng/carerobot_slam_ros2/install/robot_pid_local_planner/share/robot_pid_local_planner/package.zsh'
[1.373s] Level 1:colcon.colcon_core.environment:create_file_with_runtime_dependencies(/home/zheng/carerobot_slam_ros2/install/robot_pid_local_planner/share/colcon-core/packages/robot_pid_local_planner)
[1.411s] DEBUG:colcon.colcon_core.event_handler.log_command:Invoked command in '/home/zheng/carerobot_slam_ros2/build/robot_costmap' returned '0': CMAKE_PREFIX_PATH=/home/zheng/carerobot_slam_ros2/install/robot_communication:/home/zheng/carerobot_slam_ros2/install/slam_gmapping:/home/zheng/carerobot_slam_ros2/install/robot_pid_local_planner:/home/zheng/carerobot_slam_ros2/install/robot_navigation:/home/zheng/carerobot_slam_ros2/install/robot_costmap:/home/zheng/carerobot_slam_ros2/install/openslam_gmapping:/home/zheng/carerobot_slam_ros2/install/keyboard_control:/home/zheng/carerobot_slam_ros2/install/diff_drive_gazebo:/opt/ros/humble LD_LIBRARY_PATH=/home/zheng/carerobot_slam_ros2/install/robot_communication/lib:/home/zheng/carerobot_slam_ros2/install/robot_costmap/lib:/home/zheng/carerobot_slam_ros2/install/openslam_gmapping/lib:/usr/lib/x86_64-linux-gnu/gazebo-11/plugins:/opt/ros/humble/opt/rviz_ogre_vendor/lib:/opt/ros/humble/lib/x86_64-linux-gnu:/opt/ros/humble/lib /usr/bin/cmake --build /home/zheng/carerobot_slam_ros2/build/robot_costmap -- -j8 -l8
[1.413s] DEBUG:colcon.colcon_core.event_handler.log_command:Invoking command in '/home/zheng/carerobot_slam_ros2/build/robot_costmap': CMAKE_PREFIX_PATH=/home/zheng/carerobot_slam_ros2/install/robot_communication:/home/zheng/carerobot_slam_ros2/install/slam_gmapping:/home/zheng/carerobot_slam_ros2/install/robot_pid_local_planner:/home/zheng/carerobot_slam_ros2/install/robot_navigation:/home/zheng/carerobot_slam_ros2/install/robot_costmap:/home/zheng/carerobot_slam_ros2/install/openslam_gmapping:/home/zheng/carerobot_slam_ros2/install/keyboard_control:/home/zheng/carerobot_slam_ros2/install/diff_drive_gazebo:/opt/ros/humble LD_LIBRARY_PATH=/home/zheng/carerobot_slam_ros2/install/robot_communication/lib:/home/zheng/carerobot_slam_ros2/install/robot_costmap/lib:/home/zheng/carerobot_slam_ros2/install/openslam_gmapping/lib:/usr/lib/x86_64-linux-gnu/gazebo-11/plugins:/opt/ros/humble/opt/rviz_ogre_vendor/lib:/opt/ros/humble/lib/x86_64-linux-gnu:/opt/ros/humble/lib /usr/bin/cmake --install /home/zheng/carerobot_slam_ros2/build/robot_costmap
[1.425s] Level 1:colcon.colcon_core.environment:create_environment_scripts_only(robot_costmap)
[1.425s] Level 1:colcon.colcon_core.environment:checking '/home/zheng/carerobot_slam_ros2/install/robot_costmap' for CMake module files
[1.426s] DEBUG:colcon.colcon_core.event_handler.log_command:Invoked command in '/home/zheng/carerobot_slam_ros2/build/robot_costmap' returned '0': CMAKE_PREFIX_PATH=/home/zheng/carerobot_slam_ros2/install/robot_communication:/home/zheng/carerobot_slam_ros2/install/slam_gmapping:/home/zheng/carerobot_slam_ros2/install/robot_pid_local_planner:/home/zheng/carerobot_slam_ros2/install/robot_navigation:/home/zheng/carerobot_slam_ros2/install/robot_costmap:/home/zheng/carerobot_slam_ros2/install/openslam_gmapping:/home/zheng/carerobot_slam_ros2/install/keyboard_control:/home/zheng/carerobot_slam_ros2/install/diff_drive_gazebo:/opt/ros/humble LD_LIBRARY_PATH=/home/zheng/carerobot_slam_ros2/install/robot_communication/lib:/home/zheng/carerobot_slam_ros2/install/robot_costmap/lib:/home/zheng/carerobot_slam_ros2/install/openslam_gmapping/lib:/usr/lib/x86_64-linux-gnu/gazebo-11/plugins:/opt/ros/humble/opt/rviz_ogre_vendor/lib:/opt/ros/humble/lib/x86_64-linux-gnu:/opt/ros/humble/lib /usr/bin/cmake --install /home/zheng/carerobot_slam_ros2/build/robot_costmap
[1.427s] Level 1:colcon.colcon_core.environment:checking '/home/zheng/carerobot_slam_ros2/install/robot_costmap' for CMake config files
[1.427s] Level 1:colcon.colcon_core.shell:create_environment_hook('robot_costmap', 'cmake_prefix_path')
[1.427s] INFO:colcon.colcon_core.shell:Creating environment hook '/home/zheng/carerobot_slam_ros2/install/robot_costmap/share/robot_costmap/hook/cmake_prefix_path.ps1'
[1.428s] INFO:colcon.colcon_core.shell:Creating environment descriptor '/home/zheng/carerobot_slam_ros2/install/robot_costmap/share/robot_costmap/hook/cmake_prefix_path.dsv'
[1.429s] INFO:colcon.colcon_core.shell:Creating environment hook '/home/zheng/carerobot_slam_ros2/install/robot_costmap/share/robot_costmap/hook/cmake_prefix_path.sh'
[1.429s] Level 1:colcon.colcon_core.environment:checking '/home/zheng/carerobot_slam_ros2/install/robot_costmap/lib'
[1.429s] Level 1:colcon.colcon_core.environment:checking '/home/zheng/carerobot_slam_ros2/install/robot_costmap/bin'
[1.429s] Level 1:colcon.colcon_core.environment:checking '/home/zheng/carerobot_slam_ros2/install/robot_costmap/lib/pkgconfig/robot_costmap.pc'
[1.430s] Level 1:colcon.colcon_core.environment:checking '/home/zheng/carerobot_slam_ros2/install/robot_costmap/lib/python3.10/site-packages'
[1.430s] Level 1:colcon.colcon_core.environment:checking '/home/zheng/carerobot_slam_ros2/install/robot_costmap/bin'
[1.431s] INFO:colcon.colcon_core.shell:Creating package script '/home/zheng/carerobot_slam_ros2/install/robot_costmap/share/robot_costmap/package.ps1'
[1.431s] INFO:colcon.colcon_core.shell:Creating package descriptor '/home/zheng/carerobot_slam_ros2/install/robot_costmap/share/robot_costmap/package.dsv'
[1.432s] INFO:colcon.colcon_core.shell:Creating package script '/home/zheng/carerobot_slam_ros2/install/robot_costmap/share/robot_costmap/package.sh'
[1.432s] INFO:colcon.colcon_core.shell:Creating package script '/home/zheng/carerobot_slam_ros2/install/robot_costmap/share/robot_costmap/package.bash'
[1.433s] INFO:colcon.colcon_core.shell:Creating package script '/home/zheng/carerobot_slam_ros2/install/robot_costmap/share/robot_costmap/package.zsh'
[1.433s] Level 1:colcon.colcon_core.environment:create_file_with_runtime_dependencies(/home/zheng/carerobot_slam_ros2/install/robot_costmap/share/colcon-core/packages/robot_costmap)
[1.433s] Level 1:colcon.colcon_core.environment:create_environment_scripts_only(robot_costmap)
[1.434s] Level 1:colcon.colcon_core.environment:checking '/home/zheng/carerobot_slam_ros2/install/robot_costmap' for CMake module files
[1.434s] Level 1:colcon.colcon_core.environment:checking '/home/zheng/carerobot_slam_ros2/install/robot_costmap' for CMake config files
[1.435s] Level 1:colcon.colcon_core.shell:create_environment_hook('robot_costmap', 'cmake_prefix_path')
[1.435s] INFO:colcon.colcon_core.shell:Creating environment hook '/home/zheng/carerobot_slam_ros2/install/robot_costmap/share/robot_costmap/hook/cmake_prefix_path.ps1'
[1.435s] INFO:colcon.colcon_core.shell:Creating environment descriptor '/home/zheng/carerobot_slam_ros2/install/robot_costmap/share/robot_costmap/hook/cmake_prefix_path.dsv'
[1.436s] INFO:colcon.colcon_core.shell:Creating environment hook '/home/zheng/carerobot_slam_ros2/install/robot_costmap/share/robot_costmap/hook/cmake_prefix_path.sh'
[1.436s] Level 1:colcon.colcon_core.environment:checking '/home/zheng/carerobot_slam_ros2/install/robot_costmap/lib'
[1.436s] Level 1:colcon.colcon_core.environment:checking '/home/zheng/carerobot_slam_ros2/install/robot_costmap/bin'
[1.436s] Level 1:colcon.colcon_core.environment:checking '/home/zheng/carerobot_slam_ros2/install/robot_costmap/lib/pkgconfig/robot_costmap.pc'
[1.437s] Level 1:colcon.colcon_core.environment:checking '/home/zheng/carerobot_slam_ros2/install/robot_costmap/lib/python3.10/site-packages'
[1.437s] Level 1:colcon.colcon_core.environment:checking '/home/zheng/carerobot_slam_ros2/install/robot_costmap/bin'
[1.437s] INFO:colcon.colcon_core.shell:Creating package script '/home/zheng/carerobot_slam_ros2/install/robot_costmap/share/robot_costmap/package.ps1'
[1.438s] INFO:colcon.colcon_core.shell:Creating package descriptor '/home/zheng/carerobot_slam_ros2/install/robot_costmap/share/robot_costmap/package.dsv'
[1.439s] INFO:colcon.colcon_core.shell:Creating package script '/home/zheng/carerobot_slam_ros2/install/robot_costmap/share/robot_costmap/package.sh'
[1.439s] INFO:colcon.colcon_core.shell:Creating package script '/home/zheng/carerobot_slam_ros2/install/robot_costmap/share/robot_costmap/package.bash'
[1.440s] INFO:colcon.colcon_core.shell:Creating package script '/home/zheng/carerobot_slam_ros2/install/robot_costmap/share/robot_costmap/package.zsh'
[1.440s] Level 1:colcon.colcon_core.environment:create_file_with_runtime_dependencies(/home/zheng/carerobot_slam_ros2/install/robot_costmap/share/colcon-core/packages/robot_costmap)
[1.441s] INFO:colcon.colcon_ros.task.ament_cmake.build:Building ROS package in '/home/zheng/carerobot_slam_ros2/src/robot_navigation' with build type 'ament_cmake'
[1.441s] INFO:colcon.colcon_cmake.task.cmake.build:Building CMake package in '/home/zheng/carerobot_slam_ros2/src/robot_navigation'
[1.441s] INFO:colcon.colcon_core.shell:Skip shell extension 'powershell' for command environment: Not usable outside of PowerShell
[1.441s] DEBUG:colcon.colcon_core.shell:Skip shell extension 'dsv' for command environment
[1.455s] DEBUG:colcon.colcon_core.event_handler.log_command:Invoking command in '/home/zheng/carerobot_slam_ros2/build/robot_navigation': CMAKE_PREFIX_PATH=/home/zheng/carerobot_slam_ros2/install/robot_costmap:/home/zheng/carerobot_slam_ros2/install/robot_communication:/home/zheng/carerobot_slam_ros2/install/slam_gmapping:/home/zheng/carerobot_slam_ros2/install/robot_pid_local_planner:/home/zheng/carerobot_slam_ros2/install/robot_navigation:/home/zheng/carerobot_slam_ros2/install/openslam_gmapping:/home/zheng/carerobot_slam_ros2/install/keyboard_control:/home/zheng/carerobot_slam_ros2/install/diff_drive_gazebo:/opt/ros/humble LD_LIBRARY_PATH=/home/zheng/carerobot_slam_ros2/install/robot_communication/lib:/home/zheng/carerobot_slam_ros2/install/robot_costmap/lib:/home/zheng/carerobot_slam_ros2/install/openslam_gmapping/lib:/usr/lib/x86_64-linux-gnu/gazebo-11/plugins:/opt/ros/humble/opt/rviz_ogre_vendor/lib:/opt/ros/humble/lib/x86_64-linux-gnu:/opt/ros/humble/lib /usr/bin/cmake --build /home/zheng/carerobot_slam_ros2/build/robot_navigation -- -j8 -l8
[1.691s] DEBUG:colcon.colcon_core.event_handler.log_command:Invoked command in '/home/zheng/carerobot_slam_ros2/build/robot_navigation' returned '0': CMAKE_PREFIX_PATH=/home/zheng/carerobot_slam_ros2/install/robot_costmap:/home/zheng/carerobot_slam_ros2/install/robot_communication:/home/zheng/carerobot_slam_ros2/install/slam_gmapping:/home/zheng/carerobot_slam_ros2/install/robot_pid_local_planner:/home/zheng/carerobot_slam_ros2/install/robot_navigation:/home/zheng/carerobot_slam_ros2/install/openslam_gmapping:/home/zheng/carerobot_slam_ros2/install/keyboard_control:/home/zheng/carerobot_slam_ros2/install/diff_drive_gazebo:/opt/ros/humble LD_LIBRARY_PATH=/home/zheng/carerobot_slam_ros2/install/robot_communication/lib:/home/zheng/carerobot_slam_ros2/install/robot_costmap/lib:/home/zheng/carerobot_slam_ros2/install/openslam_gmapping/lib:/usr/lib/x86_64-linux-gnu/gazebo-11/plugins:/opt/ros/humble/opt/rviz_ogre_vendor/lib:/opt/ros/humble/lib/x86_64-linux-gnu:/opt/ros/humble/lib /usr/bin/cmake --build /home/zheng/carerobot_slam_ros2/build/robot_navigation -- -j8 -l8
[1.693s] DEBUG:colcon.colcon_core.event_handler.log_command:Invoking command in '/home/zheng/carerobot_slam_ros2/build/robot_navigation': CMAKE_PREFIX_PATH=/home/zheng/carerobot_slam_ros2/install/robot_costmap:/home/zheng/carerobot_slam_ros2/install/robot_communication:/home/zheng/carerobot_slam_ros2/install/slam_gmapping:/home/zheng/carerobot_slam_ros2/install/robot_pid_local_planner:/home/zheng/carerobot_slam_ros2/install/robot_navigation:/home/zheng/carerobot_slam_ros2/install/openslam_gmapping:/home/zheng/carerobot_slam_ros2/install/keyboard_control:/home/zheng/carerobot_slam_ros2/install/diff_drive_gazebo:/opt/ros/humble LD_LIBRARY_PATH=/home/zheng/carerobot_slam_ros2/install/robot_communication/lib:/home/zheng/carerobot_slam_ros2/install/robot_costmap/lib:/home/zheng/carerobot_slam_ros2/install/openslam_gmapping/lib:/usr/lib/x86_64-linux-gnu/gazebo-11/plugins:/opt/ros/humble/opt/rviz_ogre_vendor/lib:/opt/ros/humble/lib/x86_64-linux-gnu:/opt/ros/humble/lib /usr/bin/cmake --install /home/zheng/carerobot_slam_ros2/build/robot_navigation
[1.707s] Level 1:colcon.colcon_core.environment:create_environment_scripts_only(robot_navigation)
[1.707s] Level 1:colcon.colcon_core.environment:checking '/home/zheng/carerobot_slam_ros2/install/robot_navigation' for CMake module files
[1.709s] DEBUG:colcon.colcon_core.event_handler.log_command:Invoked command in '/home/zheng/carerobot_slam_ros2/build/robot_navigation' returned '0': CMAKE_PREFIX_PATH=/home/zheng/carerobot_slam_ros2/install/robot_costmap:/home/zheng/carerobot_slam_ros2/install/robot_communication:/home/zheng/carerobot_slam_ros2/install/slam_gmapping:/home/zheng/carerobot_slam_ros2/install/robot_pid_local_planner:/home/zheng/carerobot_slam_ros2/install/robot_navigation:/home/zheng/carerobot_slam_ros2/install/openslam_gmapping:/home/zheng/carerobot_slam_ros2/install/keyboard_control:/home/zheng/carerobot_slam_ros2/install/diff_drive_gazebo:/opt/ros/humble LD_LIBRARY_PATH=/home/zheng/carerobot_slam_ros2/install/robot_communication/lib:/home/zheng/carerobot_slam_ros2/install/robot_costmap/lib:/home/zheng/carerobot_slam_ros2/install/openslam_gmapping/lib:/usr/lib/x86_64-linux-gnu/gazebo-11/plugins:/opt/ros/humble/opt/rviz_ogre_vendor/lib:/opt/ros/humble/lib/x86_64-linux-gnu:/opt/ros/humble/lib /usr/bin/cmake --install /home/zheng/carerobot_slam_ros2/build/robot_navigation
[1.709s] Level 1:colcon.colcon_core.environment:checking '/home/zheng/carerobot_slam_ros2/install/robot_navigation' for CMake config files
[1.710s] Level 1:colcon.colcon_core.shell:create_environment_hook('robot_navigation', 'cmake_prefix_path')
[1.711s] INFO:colcon.colcon_core.shell:Creating environment hook '/home/zheng/carerobot_slam_ros2/install/robot_navigation/share/robot_navigation/hook/cmake_prefix_path.ps1'
[1.711s] INFO:colcon.colcon_core.shell:Creating environment descriptor '/home/zheng/carerobot_slam_ros2/install/robot_navigation/share/robot_navigation/hook/cmake_prefix_path.dsv'
[1.712s] INFO:colcon.colcon_core.shell:Creating environment hook '/home/zheng/carerobot_slam_ros2/install/robot_navigation/share/robot_navigation/hook/cmake_prefix_path.sh'
[1.712s] Level 1:colcon.colcon_core.environment:checking '/home/zheng/carerobot_slam_ros2/install/robot_navigation/lib'
[1.712s] Level 1:colcon.colcon_core.environment:checking '/home/zheng/carerobot_slam_ros2/install/robot_navigation/bin'
[1.712s] Level 1:colcon.colcon_core.environment:checking '/home/zheng/carerobot_slam_ros2/install/robot_navigation/lib/pkgconfig/robot_navigation.pc'
[1.713s] Level 1:colcon.colcon_core.environment:checking '/home/zheng/carerobot_slam_ros2/install/robot_navigation/lib/python3.10/site-packages'
[1.713s] Level 1:colcon.colcon_core.environment:checking '/home/zheng/carerobot_slam_ros2/install/robot_navigation/bin'
[1.714s] INFO:colcon.colcon_core.shell:Creating package script '/home/zheng/carerobot_slam_ros2/install/robot_navigation/share/robot_navigation/package.ps1'
[1.714s] INFO:colcon.colcon_core.shell:Creating package descriptor '/home/zheng/carerobot_slam_ros2/install/robot_navigation/share/robot_navigation/package.dsv'
[1.715s] INFO:colcon.colcon_core.shell:Creating package script '/home/zheng/carerobot_slam_ros2/install/robot_navigation/share/robot_navigation/package.sh'
[1.715s] INFO:colcon.colcon_core.shell:Creating package script '/home/zheng/carerobot_slam_ros2/install/robot_navigation/share/robot_navigation/package.bash'
[1.716s] INFO:colcon.colcon_core.shell:Creating package script '/home/zheng/carerobot_slam_ros2/install/robot_navigation/share/robot_navigation/package.zsh'
[1.716s] Level 1:colcon.colcon_core.environment:create_file_with_runtime_dependencies(/home/zheng/carerobot_slam_ros2/install/robot_navigation/share/colcon-core/packages/robot_navigation)
[1.717s] Level 1:colcon.colcon_core.environment:create_environment_scripts_only(robot_navigation)
[1.717s] Level 1:colcon.colcon_core.environment:checking '/home/zheng/carerobot_slam_ros2/install/robot_navigation' for CMake module files
[1.718s] Level 1:colcon.colcon_core.environment:checking '/home/zheng/carerobot_slam_ros2/install/robot_navigation' for CMake config files
[1.718s] Level 1:colcon.colcon_core.shell:create_environment_hook('robot_navigation', 'cmake_prefix_path')
[1.718s] INFO:colcon.colcon_core.shell:Creating environment hook '/home/zheng/carerobot_slam_ros2/install/robot_navigation/share/robot_navigation/hook/cmake_prefix_path.ps1'
[1.719s] INFO:colcon.colcon_core.shell:Creating environment descriptor '/home/zheng/carerobot_slam_ros2/install/robot_navigation/share/robot_navigation/hook/cmake_prefix_path.dsv'
[1.719s] INFO:colcon.colcon_core.shell:Creating environment hook '/home/zheng/carerobot_slam_ros2/install/robot_navigation/share/robot_navigation/hook/cmake_prefix_path.sh'
[1.720s] Level 1:colcon.colcon_core.environment:checking '/home/zheng/carerobot_slam_ros2/install/robot_navigation/lib'
[1.720s] Level 1:colcon.colcon_core.environment:checking '/home/zheng/carerobot_slam_ros2/install/robot_navigation/bin'
[1.720s] Level 1:colcon.colcon_core.environment:checking '/home/zheng/carerobot_slam_ros2/install/robot_navigation/lib/pkgconfig/robot_navigation.pc'
[1.720s] Level 1:colcon.colcon_core.environment:checking '/home/zheng/carerobot_slam_ros2/install/robot_navigation/lib/python3.10/site-packages'
[1.721s] Level 1:colcon.colcon_core.environment:checking '/home/zheng/carerobot_slam_ros2/install/robot_navigation/bin'
[1.721s] INFO:colcon.colcon_core.shell:Creating package script '/home/zheng/carerobot_slam_ros2/install/robot_navigation/share/robot_navigation/package.ps1'
[1.721s] INFO:colcon.colcon_core.shell:Creating package descriptor '/home/zheng/carerobot_slam_ros2/install/robot_navigation/share/robot_navigation/package.dsv'
[1.722s] INFO:colcon.colcon_core.shell:Creating package script '/home/zheng/carerobot_slam_ros2/install/robot_navigation/share/robot_navigation/package.sh'
[1.722s] INFO:colcon.colcon_core.shell:Creating package script '/home/zheng/carerobot_slam_ros2/install/robot_navigation/share/robot_navigation/package.bash'
[1.723s] INFO:colcon.colcon_core.shell:Creating package script '/home/zheng/carerobot_slam_ros2/install/robot_navigation/share/robot_navigation/package.zsh'
[1.723s] Level 1:colcon.colcon_core.environment:create_file_with_runtime_dependencies(/home/zheng/carerobot_slam_ros2/install/robot_navigation/share/colcon-core/packages/robot_navigation)
[1.723s] DEBUG:colcon.colcon_parallel_executor.executor.parallel:closing loop
[1.723s] DEBUG:colcon.colcon_parallel_executor.executor.parallel:loop closed
[1.723s] DEBUG:colcon.colcon_parallel_executor.executor.parallel:run_until_complete finished with '0'
[1.723s] DEBUG:colcon.colcon_core.event_reactor:joining thread
[1.729s] INFO:colcon.colcon_core.plugin_system:Skipping extension 'colcon_notification.desktop_notification.terminal_notifier': Not used on non-Darwin systems
[1.729s] INFO:colcon.colcon_core.plugin_system:Skipping extension 'colcon_notification.desktop_notification.win32': Not used on non-Windows systems
[1.729s] INFO:colcon.colcon_notification.desktop_notification:Sending desktop notification using 'notify2'
[1.742s] DEBUG:colcon.colcon_core.event_reactor:joined thread
[1.742s] INFO:colcon.colcon_core.shell:Creating prefix script '/home/zheng/carerobot_slam_ros2/install/local_setup.ps1'
[1.744s] INFO:colcon.colcon_core.shell:Creating prefix util module '/home/zheng/carerobot_slam_ros2/install/_local_setup_util_ps1.py'
[1.747s] INFO:colcon.colcon_core.shell:Creating prefix chain script '/home/zheng/carerobot_slam_ros2/install/setup.ps1'
[1.750s] INFO:colcon.colcon_core.shell:Creating prefix script '/home/zheng/carerobot_slam_ros2/install/local_setup.sh'
[1.751s] INFO:colcon.colcon_core.shell:Creating prefix util module '/home/zheng/carerobot_slam_ros2/install/_local_setup_util_sh.py'
[1.752s] INFO:colcon.colcon_core.shell:Creating prefix chain script '/home/zheng/carerobot_slam_ros2/install/setup.sh'
[1.754s] INFO:colcon.colcon_core.shell:Creating prefix script '/home/zheng/carerobot_slam_ros2/install/local_setup.bash'
[1.755s] INFO:colcon.colcon_core.shell:Creating prefix chain script '/home/zheng/carerobot_slam_ros2/install/setup.bash'
[1.758s] INFO:colcon.colcon_core.shell:Creating prefix script '/home/zheng/carerobot_slam_ros2/install/local_setup.zsh'
[1.759s] INFO:colcon.colcon_core.shell:Creating prefix chain script '/home/zheng/carerobot_slam_ros2/install/setup.zsh'
